:020000040800F2
:1000000040C70124E1020008A771000893670008B7
:10001000A57100087D1800081D850008000000007B
:10002000000000000000000000000000E176000871
:10003000F11C000800000000B97200082D770008CC
:10004000FB020008FB020008FB020008FB0200089C
:10005000FB020008FB020008FB020008FB0200088C
:10006000FB020008FB020008FB020008A1180008C0
:10007000AD180008FB020008FB020008FB020008A4
:10008000FB020008FB020008FB020008FB0200085C
:10009000FB020008FB020008FB020008FB0200084C
:1000A000FB020008FB020008FB020008FB0200083C
:1000B000FB020008FB020008FB020008FB0200082C
:1000C000FB020008FB020008FB020008FB0200081C
:1000D000FB020008FB020008FB020008FD8100088B
:1000E000FB020008FB02000800000000FB02000801
:1000F000FB020008FB020008FB020008FB020008EC
:10010000FB020008FB020008FB020008FB020008DB
:1001100089780008FB020008FB020008FB020008C7
:10012000FB020008FB020008FB020008FB020008BB
:10013000FB020008FB020008FB020008FB020008AB
:1001400000000000000000000000000000000000AF
:10015000FB020008FB020008FB020008FB0200088B
:10016000FB020008FB020008FB020008FB0200087B
:10017000FB020008FB020008FB0200080000000070
:10018000FB020008FB02000895780008FB0200084B
:10019000FB020008FB020008FB020008FB0200084B
:1001A000FB020008FB020008FB0200080000000040
:1001B000FB020008FB020008FB020008FB0200082B
:1001C000FB020008FB020008000000000000000025
:1001D0000000000000000000FB020008000000001A
:1001E000000000000000000000000000000000000F
:1001F0000000000000000000FB020008FB020008F5
:10020000FB020008FB02000800000000FB020008DF
:10021000FB020008FB020008FB020008FB020008CA
:10022000FB02000800000000FB02000800000000C4
:10023000FB020008FB02000800000000FB020008AF
:10024000FB020008FB020008FB020008FB0200089A
:10025000FB020008FB020008FB020008FB0200088A
:10026000FB020008FB020008FB020008FB0200087A
:10027000FB020008FB020008FB020008000000006F
:10028000FB020008FB020008FB020008FB0200085A
:1002900000000000FB020008FB0200080000000054
:1002A00000000000FB020008FB020008FB0200083F
:1002B000FB020008FB020008FB020008FB0200082A
:1002C000FB020008FB020008FB020008DFF80CD06C
:1002D00000F018F900480047D1D4000840C70124B5
:1002E0000648804706480047FEE7FEE7FEE7FEE7D0
:1002F000FEE7FEE7FEE7FEE7FEE7FEE7C977000858
:10030000CD0200082DE9F05F0546002092469B468D
:1003100088460646814640241BE02846414647461B
:10032000224600F0AAF853465A46C01A914110D30B
:1003300011461846224600F091F82D1A67EB010885
:100340004F4622460120002100F088F817EB0009F3
:100350004E41201EA4F10104DFDC484631462A4606
:100360004346BDE8F09F2DE9F0410024061B2546D9
:1003700071F1000605DA01240027D0EB070067EBD6
:100380000101161E73F1000605DA0027D2EB070201
:10039000012567EB0303FFF7B5FF86460E461746B8
:1003A0009C46AC4204D00025D0EB050E65EB01065F
:1003B00024B10020D2EB000760EB030C70463146FD
:1003C0003A466346BDE8F08140EA01039B0703D04B
:1003D00009E008C9121F08C0042AFAD203E011F884
:1003E000013B00F8013B521EF9D27047D2B201E046
:1003F00000F8012B491EFBD270470022F6E710B52A
:1004000013460A4604461946FFF7F0FF204610BD82
:1004100030B505462A460B4612F8010B13F8014B7E
:1004200008B1A042F8D01CB1002802D06D1CF1E741
:10043000284630BD421C10F8011B0029FBD1801A50
:10044000704730B504460020034600E05B1C934231
:1004500003D2E05CCD5C401BF8D030BD202A04DB29
:10046000203A00FA02F1002070479140C2F12003C7
:1004700020FA03F3194390407047202A04DB203A06
:1004800021FA02F00021704721FA02F3D040C2F1B4
:100490002002914008431946704710B541000CD026
:1004A000C0F3C751962908DC7E2909DC06DB41022E
:1004B00004D000F0004040F07E5010BD002010BD80
:1004C000C1F19604C4F1200100FA01F1E04000F00E
:1004D0002BF8A04010BD70B521F0004303430CD0B1
:1004E000C1F30A550024D5EB040564EB0403D617C9
:1004F000AD1AB34102DB0020014670BD201841EB6C
:10050000025170BD064C074D06E0E06840F0010363
:1005100094E8070098471034AC42F6D3FFF7DAFEB0
:100520006C8E04088C8E04080029A8BF7047401CFC
:10053000490008BF20F00100704710B4B0FA80FCF9
:1005400000FA0CF050EA010404BF10BC704749B136
:10055000CCF1200421FA04F411FA0CF118BF0121A6
:1005600021430843A3EB0C01CB1D4FEA00614FEA86
:10057000102042BF002010BC704700EBC350104455
:100580000029A4BF10BC7047401C490008BF20F0E0
:10059000010010BC704770B58C1810F8015B15F0A5
:1005A000070301D110F8013B2A1106D110F8012BE5
:1005B00003E010F8016B01F8016B5B1EF9D12B070A
:1005C00005D40023521E0DD401F8013BFAE710F8C0
:1005D000013BCB1A921C03E013F8015B01F8015BAD
:1005E000521EF9D5A142D8D3002070BD2DE9F04F9D
:1005F00086B09DF8587000910392002F059318BFA4
:100600000123109C04FB033304930F9D14BF2F465A
:1006100001270197BDF844305B0800F09F80DDF8AA
:1006200050B0139A02EB83030293DDF848E0039F76
:100630005FEA9E08DDF800C057F8046B57F8043BEA
:1006400003971A46314622D05CF81E705CF8049B72
:1006500050F804AB2AFB096650F8045B2AFB07112B
:1006600050F804AB25FB07225CF81E7025FB09330C
:100670005CF8049B2AFB09662AFB071150F8045B0F
:1006800025FB0933B8F1010825FB0722DCD10EF068
:1006900003078FB13CF91E803CF902AB30F9025BD5
:1006A0000AFB056630F9029B09FB0A3308FB0511BA
:1006B000013F09FB0822EDDCDDF84CA0159F3AF95B
:1006C000024B57F804CB5BF8045BC4F1150999EAB7
:1006D000040940F3C8804FEA46064FEA410156FB41
:1006E00005C651FB05C146FA04F641FA04F13AF990
:1006F000024B57F804CB5BF8045BC4F1150999EA87
:10070000040940F399804FEA43034FEA420253FB46
:1007100005C352FB05C243FA04F342FA04F206F39E
:100720000706DDF80490179CDDF810802670A044C1
:1007300001F3070188F8001003F3070304F80930F8
:1007400002F3070208F8092004EB49021792CDF8DA
:100750004CA0029C1597A2457FF467AF119B13F044
:10076000010354D0BDF848E0039BDDF800C01968D0
:100770005FEA9E070CEB4E040E4615D05CF81E5047
:100780005CF8048B50F804AB50F8043B2AFB086675
:100790002AFB05115CF81EA05CF8048B23FB08669D
:1007A00023FB0A11013FE9D11EF003070BD03CF8EF
:1007B0001E303CF8029B30F902AB19FB0A66013F80
:1007C00013FB0A11F3DCDDF84CA0159FBAF90040C9
:1007D000D7F800C0DBF80050C4F1150999EA040904
:1007E00058DD4FEA46064FEA410156FB05C651FB6C
:1007F00005C146FA04F641FA04F106F30706179A12
:10080000049C167001F307011155019B1A441199BC
:10081000169B109C33B10F9B04F1020003FB1100E7
:10082000104406E0A2EB0100059A04F1020402FB69
:10083000040006B0BDE8F08F002C42DD4FF0010946
:1008400009FA04F94FEAA90953FB05934FEA430358
:1008500043FA04F3634452FB05924FEA420242FA20
:1008600004F262445BE7002C3CDD4FF0010909FA19
:1008700004F94FEAA90956FB05964FEA460646FADF
:1008800004F6664451FB05914FEA410141FA04F137
:1008900061442CE7002C36DD4FF0010909FA04F918
:1008A0004FEAA90956FB05964FEA460646FA04F6B2
:1008B000664451FB05914FEA410141FA04F161445C
:1008C0009BE7C4F1010903FA09F303F31F0353FB88
:1008D00015F302FA09F202F31F0252FB15F2634408
:1008E00062441CE7C4F1010906FA09F606F31F0683
:1008F00056FB15F601FA09F101F31F0151FB15F141
:1009000066446144F3E6C4F1010906FA09F606F308
:100910001F0656FB15F601FA09F101F31F0151FB01
:1009200015F16644614468E7000000000000000023
:100930002DE9F04F99B014901391169212932998C3
:1009400000F00303032B0CBF012600261796032893
:100950000CBF01260026189610F00200259B0028E7
:1009600014BF18460120109026980CBF0646012699
:100970001196DDE92C04002C18BF20462C902698F7
:10098000012840F3BE814FEA4303299C14F0020F73
:1009900001D14FF0020315934FF00008CDF83480D9
:1009A000DDF834B0239A02EB8B02B2F90030B2F9D1
:1009B0000240CDE90434229A02EBCB02D2E90012C4
:1009C000CDE902122B9A02EBCB02D2E90012CDE95B
:1009D0000012002BCCBF00204FF0FF30152BC8BFFA
:1009E0000120002CCCBF00214FF0FF31152CC8BFD7
:1009F0000121CDE906012D9B002B00F09782289B59
:100A0000002B40F0BB821A461846169901EBCB0129
:100A1000D1E9003403441444CDE90934129A2498EE
:100A200018992A9B00291CBF0332D218DDF8509078
:100A30000B92401000F044810F930E900B9B279F68
:100A4000119A2C9EDDE909CEE246F34613440C933D
:100A50005FEA271800F0948059F807502FFA85F4C0
:100A600056F8040B2FFA95F556F8041B24FB00AA40
:100A700025FB01AA56F8042B56F8043B24FB02BBC5
:100A800059F8044B25FB03BB2FFA84F52FFA94F495
:100A900025FB00CC56F8040B25FB02EE59F8075055
:100AA00024FB01CC24FB03EE2FFA85F42FFA95F5F5
:100AB00056F8041B24FB00AA56F8042B25FB01AAB8
:100AC00056F8043B24FB02BB59F8044B25FB03BB3F
:100AD0002FFA84F52FFA94F425FB00CC25FB02EEC7
:100AE00059F8075024FB01CC56F8040B24FB03EE05
:100AF0002FFA85F42FFA95F556F8041B24FB00AA6B
:100B000056F8042B25FB01AA56F8043B24FB02BB34
:100B100059F8044B25FB03BB2FFA84F52FFA94F404
:100B200025FB00CC25FB02EE56F8040B24FB01CC80
:100B300059F8075024FB03EE2FFA85F42FFA95F5A8
:100B400056F8041B24FB00AA56F8042B25FB01AA27
:100B500056F8043B24FB02BB59F8044B25FB03BBAE
:100B60002FFA84F52FFA94F425FB00CC25FB02EE36
:100B7000B8F1010824FB01CC24FB03EE3FF76CAF76
:100B800017F00F0046D0C7F38108B8F1000F26D048
:100B900059F807502FFA85F42FFA95F556F8040BFB
:100BA00056F8041B24FB00AA56F8042B25FB01AAC7
:100BB00056F8043B24FB02BB59F8044B25FB03BB4E
:100BC0002FFA84F52FFA94F425FB00CC25FB02EED6
:100BD00024FB01CC24FB03EEB8F10108D8DC17F0AC
:100BE0000308B8F1000F15D0279836F9023B36F903
:100BF000025B99F9001013FB01CC15FB01EE19F90A
:100C0000001013FB01AA15FB01BB09F10109B8F1A2
:100C10000108EADC0B9D2E46179868B10F9A901ECA
:100C200009DC0C9CC2F1020204EB42020C922A9AEB
:100C3000104405F102050F9000980299049A069B52
:100C40000C9F002B40F0C9804FEA4C0C4FEA4A0A37
:100C50005CFB010C5AFB010A4CFA02FC4AFA02FA4C
:100C60000CF3070C0AF3070A86F800C087F800A007
:100C700001980399059A079BDDF84080002B40F00E
:100C8000D4804FEA4E0E4FEA4B0B5EFB010E5BFB2E
:100C9000010B4EFA02FE4BFA02FB0EF3070E0BF3AA
:100CA000070B06F808E007F808B0119B279A05EB38
:100CB00043030B9391440E9B013B0E937FF4BEAE16
:100CC000CDF82090249B13F0010F40F0D680139BA9
:100CD000279A03EB42031393129B159A1344129322
:100CE0002D9B23B12C9B279A03EB82032C930D9A07
:100CF000269B4FEA630302F101020D9293423FF7F4
:100D00004FAE269D15F0010560D0DDF8A880189D36
:100D1000129E002D1CBF033646442499002955DD40
:100D2000CDF83C80169D269FA7F1010705EB870CA7
:100D3000DCF800C0229B03EB870424682B9B03EBA9
:100D400087000068239B03EB4707B7F90070289AD8
:100D5000002FCCBF4FF000094FF0FF39152FC8BF4F
:100D60004FF00109149DDDF89CB0BBF1000FE64681
:100D70000CDDDDF84C8015F9013B18F901ABA3EB54
:100D800002030AFB03EEBBF1010BF4DCB9F1000F27
:100D900040F064814FEA4E0E5EFB040E4EFA07FEF1
:100DA0000EF3070E86F800E0299B13F0020F11D016
:100DB00013F0010F05D00F9B013B02D12A9B06F1D6
:100DC000020606F101060F930139CCDC002019B0B0
:100DD000BDE8F08F269B1E44F6E7013314D04FF098
:100DE000010303FA02F34FEAA3035CFB013C4FEA61
:100DF0004C0C4CFA02FC84445AFB013A4FEA4A0A72
:100E00004AFA02FA82442BE7C2F101030CFA03FC0E
:100E10000CF31F0C5CFB11FC0AFA03FA0AF31F0A1D
:100E20005AFB11FA844482441AE7013314D04FF07C
:100E3000010303FA02F34FEAA3035EFB013E4FEA0C
:100E40004E0E4EFA02FE86445BFB013B4FEA4B0B13
:100E50004BFA02FB834420E7C2F101030EFA03FEC2
:100E60000EF31F0E5EFB11FE0BFA03FB0BF31F0BC1
:100E70005BFB11FB864483440FE7279FDDF820903E
:100E80002C9EDDE909CE5FEAA70818D059F8044B7B
:100E900056F8040B56F8041B56F8042B56F8043B7E
:100EA0002FFA84F52FFA94F425FB00CC25FB02EEF3
:100EB00024FB01CC24FB03EEB8F10108E6DC17F0BB
:100EC0000308B8F1000F0CD036F9023B36F9025B8B
:100ED00019F9011B13FB01CC15FB01EEB8F1010858
:100EE000F2DC00980299049A069B109F0B9E3744EF
:100EF000002B40F099804FEA4C0C5CFB010C4CFA43
:100F000002FC0CF3070C86F800C001980399059ABF
:100F1000079B002B66D14FEA4E0E5EFB010E4EFA88
:100F200002FE0EF3070E87F800E0D0E61398279F25
:100F300000EB07092C9B032F11DD4FEAA70650F8A1
:100F4000041B59F8044B2FFA91F22FFA81F12FFA72
:100F500094F82FFA84F4A3E81601013EEFDC17F0B1
:100F600003067FF74CAD10F9011B23F8021B19F99A
:100F7000011B23F8021B013EF5DC40E5279E2C9A5D
:100F80004FF000031846B11017D0B2E8801600FAEF
:100F900087F000FAA7F000FA89F000FAA9F003FA46
:100FA0008AF303FAAAF303FA8CF303FAACF30139D8
:100FB000EBDCC0F10000C3F1000316F003010BD01D
:100FC000B2F90040A0EB0400B2F90240A3EB040325
:100FD000013902F10402F3DC289A02FB00F003FB62
:100FE00002F212E5013311D04FF0010303FA02F3CC
:100FF0004FEAA3035EFB013E4FEA4E0E4EFA02FE9D
:1010000086440EF3070E87F800E060E6C2F10103A4
:101010000EFA03FE0EF31F0E5EFB11FE86440EF366
:10102000070E87F800E052E601330DD04FF00103C0
:1010300003FA02F34FEAA3035CFB013C4FEA4C0CBA
:101040004CFA02FC84445CE7C2F101030CFA03FC95
:101050000CF31F0C5CFB11FC844452E77B1C0DD08D
:101060004FF0010303FA07F34FEAA3035EFB043ECC
:101070004FEA4E0E4EFA07FE864491E6C7F1010391
:101080000EFA03FE0EF31F0E5EFB14FE864487E687
:101090002DE9F04F99B000BF14901391169212935E
:1010A0004FF00008CDF83480DDF834B0239A02EB1D
:1010B0008B02B2F90030B2F90240CDE90434229A31
:1010C00002EBCB02D2E90012CDE902122B9A02EB1D
:1010D000CB02D2E90012CDE9001213982C9B4FF0FD
:1010E0001006046C50F8041B2FFA91F22FFA81F1CC
:1010F0002FFA94F82FFA84F4A3E81601013EF0DCED
:10110000289B2C9A4FF0000318464FF01001B2E8CC
:10111000001700FA88F000FAA8F000FA89F000FA47
:10112000A9F003FA8AF303FAAAF303FA8CF303FA99
:10113000ACF30139EBDCC0F10000C3F10003289AE5
:1011400002FB00F003FB02F2169901EBCB01D1E99F
:10115000003403441444CDE90934129A4FF00503D6
:1011600002F103021A44DDF850900B924FF03E0753
:101170000F930B9B2C9EDDE909CEE246F34603F16B
:1011800001030C934FF00408D9F840502FFA85F46E
:1011900056F8040B2FFA95F556F8041B24FB00AA09
:1011A00025FB01AA56F8042B56F8043B24FB02BB8E
:1011B00059F8044B25FB03BB2FFA84F52FFA94F45E
:1011C00025FB00CC56F8040B25FB02EED9F8405065
:1011D00024FB01CC24FB03EE2FFA85F42FFA95F5BE
:1011E00056F8041B24FB00AA56F8042B25FB01AA81
:1011F00056F8043B24FB02BB59F8044B25FB03BB08
:101200002FFA84F52FFA94F425FB00CC25FB02EE8F
:10121000D9F8405024FB01CC56F8040B24FB03EE14
:101220002FFA85F42FFA95F556F8041B24FB00AA33
:1012300056F8042B25FB01AA56F8043B24FB02BBFD
:1012400059F8044B25FB03BB2FFA84F52FFA94F4CD
:1012500025FB00CC25FB02EE56F8040B24FB01CC49
:10126000D9F8405024FB03EE2FFA85F42FFA95F5B8
:1012700056F8041B24FB00AA56F8042B25FB01AAF0
:1012800056F8043B24FB02BB59F8044B25FB03BB77
:101290002FFA84F52FFA94F425FB00CC25FB02EEFF
:1012A000B8F1010824FB01CC24FB03EE3FF76CAF3F
:1012B0000B9D2E460F9A901E09DC0C9CC2F1020277
:1012C00004EB42020C9200F1050005F102050F90BB
:1012D00000980299049A0C9C4FEA4C0C4FEA4A0A77
:1012E0005CFB010C5AFB010A4CFA02FC4AFA02FAB6
:1012F0000CF3070C0AF3070A86F800C084F800A074
:1013000001980399059A4FEA4E0E4FEA4B0B5EFB8C
:10131000010E5BFB010B4EFA02FE4BFA02FB0EF3D1
:10132000070E0BF3070B86F8BDE084F8BDB005F19E
:1013300002030B9309F14009013F7FF41AAFCDF886
:101340002090DDF820902C9EDDE909CE4FF01008AA
:1013500059F8044B56F8040B56F8041B56F8042BA6
:1013600056F8043B2FFA84F52FFA94F425FB00CCB1
:1013700025FB02EE24FB01CC24FB03EEB8F10108AF
:10138000E6DC00980299049A0B9E4FEA4C0C5CFB39
:10139000010C4CFA02FC0CF3070C86F800C0019813
:1013A0000399059A4FEA4E0E5EFB010E4EFA02FEBD
:1013B0000EF3070E86F8BDE0139B03F18003139331
:1013C000129B159A03F5BD7312930D9A02F1010257
:1013D0000D92202AFFF668AE002019B0BDE8F08F0C
:1013E0002DE9F74F06460D4600242DED020B2DED9D
:1013F0000C8B88B0B0EE608AF0EE40BAB0F882068E
:101400000290304605F072FCF0EE408A29463046E4
:1014100005F012FCB0EE409A9FEDFEAAB1EE001B63
:1014200039EE0A0AB7EEC00A07F0E2F8F7EEC09B01
:1014300038EE0A0AB1EE001BB7EEC00A07F0D8F882
:1014400095ED0B2AB7EE008ADFEDF32AB7EEC00B5D
:10145000F249F0EE480A30EE691ADFEDF1AAC1EE6A
:101460002B1AB0EE601A02EE221A80EE812A30EEBC
:1014700061BA8DED042ACDED050AB5F9400095ED70
:101480000D1A00EE100AF8EEC01AB0EE600A01EE76
:10149000210A8DED060AB5F94220D5ED0E1A101A73
:1014A00001EE100AB8EEC11A41EE810A20EE800A60
:1014B0008DED070AB6F8140600EE100AB8EE400AE1
:1014C00010EE100A884201DD30EE6A0AB6F81026E6
:1014D0008027B5F9140000EE902AB6F880366A46E7
:1014E000B8EE601A00EE900A07EA531A8DED001A62
:1014F000F8EEE00AB6F8500680EE80CA00EE100A58
:10150000B8EE400A8DED010A02EB84008B4690EDA7
:10151000000A10EE103A8B4203DD30EE6A0A80EDCD
:10152000000A20EE0C0A641C022C80ED000AEBDBA2
:1015300095ED082AF3EE091A05F500509FEDB90A5A
:10154000D5ED072A9DED001AF0EE480A79EE61CA42
:1015500005F520510391B0F94C1A38EEC0DAB0EE1F
:10156000600A01EE901A02EE2C0A42EE8D0AF8EEA5
:10157000E11A60EE211A01EEE01A8DED001A95F8DD
:10158000252052450ED1B0F94E0ADDED011A01EECB
:10159000100AB8EEC11A20EE010A40EE601ACDED35
:1015A000011A12E0B0F94E1A039801EE901A9DED5F
:1015B000011A90ED942AF8EEE11A71EE821A21EEEA
:1015C000800A00EE601A8DED011A002404F1020C6D
:1015D000E0174FEAEC7804EB906204EBD0619211D3
:1015E0005242491101EB420104EB9077E31C04EBFA
:1015F000D4720CEB987052104FEAE378524204F127
:10160000010903EB9878801004EB42024FEAE97C71
:1016100049B24A40A0EBA80809EB9C704FFA82FE41
:101620004A42012308EBA00003EB4202A0EBA70013
:101630005043BAF1000F42B27DD07046B6F8823600
:10164000834279D136F8140000EE100AB8EE400A51
:1016500010EE100A584501DD30EE6A0A05EB8400F1
:1016600000F5805705EB4403D7ED911A60EE0C0AA4
:10167000B0EE480AB3F9443C00F5E05C01EEAC0A78
:1016800001EE903A9CED912AB0EE481AF8EEE11A7C
:1016900002EE0D1A95F8257020EE210A574540EE0E
:1016A000410A14D000EE102A4FF0FF37039B07EBDE
:1016B0004101B8EEC02A00EE101AD3ED961A93ED50
:1016C000951AB8EEC00A41EE800A41EE420A02992C
:1016D00095ED060AF0EE489A05EB8101029A01F5B4
:1016E0002051C0EEAB8AD0ED110A91ED911A95ED23
:1016F0000A2A684640EE410AB0EE691A00EB820001
:1017000002EE2C1AD0ED001A20EE819A40EE618A8A
:10171000B7EEC90AB0EE081B06F06AFFB0EE681A11
:1017200009EE0B1AB7EEC11A20EE010BB7EEC00B93
:10173000B7EEC00A01E02FE08FE007F025FC07F0CC
:1017400023FC95ED0C1AB7EEC12A20EE020BB7EE82
:10175000C00BF0EE690A41EE4A0A09EE200AC8EE13
:10176000800A30EE8B0AB7EEC00A07F00DFC07F0D6
:101770000BFC9FED2D1BB5F93E0030EE411B00EE3A
:10178000900AF8EEE00AB7EEC10BF4EEC00AF1EEF3
:1017900010FA03DD00201CE008464FE7B5F94000D1
:1017A00000EE900AF8EEE00AF4EEC00AF1EE10FA4C
:1017B00001DD01200DE0B5F9420000EE900AF8EEDF
:1017C000E00AF4EEC00AF1EE10FA01DD022000E0BA
:1017D000032004AA05EB400105EB800302EB800027
:1017E000B1F93C1093ED0B1A00EE901AD0ED001AEF
:1017F000F8EEE00A30EE600A61EE890A41EE009AE6
:1018000029EEA00AC8EE800A30EE8B0AB7EEC00AB5
:101810000EE00000339388430000204200FEFF46A4
:10182000000080473333534000000060661271406F
:1018300007F0AAFB07F0A8FB9FED0D2B9FED0E1AFA
:10184000189930EE420BB7EEC00B20EE010ABCEE49
:10185000C00A10EE100A21F81400641CB4F5407F91
:10186000FFF6B4AE08B0BDEC0C8B05B0BDE8F08F50
:1018700066666666661271400000C842FEE7401A5E
:1018800000F1210103296FF0050205D3411C032952
:1018900002D31F38032801D210467047002070473A
:1018A000014801F055BB000038B10124014801F0A6
:1018B0004FBB0000B0B10124294A016891423AD0DF
:1018C000274A1832914236D0254A3032914232D0DE
:1018D000234A483291422ED0214A603291422AD086
:1018E0001F4A7832914226D01D4A9032914222D02E
:1018F0001B4AA83291421ED01A4A91421BD0194A63
:101900001832914217D0174A3032914213D0154AFB
:10191000483291420FD0134A603291420BD0114AA3
:101920007832914207D00F4A9032914203D00D4A4B
:10193000A832914211D1CAB21823103AB2FBF3F285
:101940006FF30901032A02F00703074AD25CC2655C
:1019500000D9091D81650846704721F0FF01F9E7AC
:10196000100002401004024018F6000830B5224A68
:10197000012301689142CAB21BD01F4C1434A1420A
:1019800017D01D4C2834A14213D01B4C3C34A1422B
:101990000FD0194C5034A1420BD0174C6434A142E3
:1019A00007D0154C7834A14203D0134C8C34A1429B
:1019B0000CD11421114C083AB2FBF1F10F4A8032DC
:1019C00001F01F0504EB8101AB4010E00C4D182421
:1019D000103A0D44B2FBF4F1A82D00D80831094AA1
:1019E00001F01F0402EB8101064AA34080326030FF
:1019F00080E80E0030BD000008540258005802581C
:101A0000F0FBFDBF0008024010B50279531E072B02
:101A10002DD8174C0168A1421BD0154C1434A1429B
:101A200017D0134C2834A14213D0114C3C34A1429E
:101A30000FD00F4C5034A1420BD00D4C6434A14256
:101A400007D00B4C7834A14203D0094C8C34A1420E
:101A500003D10849074C443102E00749064C4431A0
:101A600004EB8202C0E91B2101219940416710BDAE
:101A700008540258FC580258FC08024010B583690B
:101A80004FF0C074826A0146002053B1B3F5005F85
:101A900015D072B1012A0CD0022A0AD0032A09D12A
:101AA00004E01AB1012A06D0022A03D1C96AC90189
:101AB00000D5012010BDC96AA142FAD010BD002A8C
:101AC000F7D0012AF2D0022AF3D0032AF3D010BDB6
:101AD0002DE9F04F804E804FDFF8FC911836DFF88B
:101AE000F8A148370468856D0AF1300ADFF8ECB1D7
:101AF0004C45DFF8ECC1DFF8ECE16DD0B4426BD0BF
:101B0000544569D0BC4267D0DFF8D081A8F11808ED
:101B1000444561D05C455FD064455DD074455BD081
:101B2000DFF8C481444557D0DFF8BC8108F11808BC
:101B3000444551D0DFF8B08108F1300844454BD01E
:101B4000DFF8A48108F14808444545D0DFF89881C2
:101B500008F1600844453FD0DFF88C8108F178082F
:101B6000444539D0DFF8808108F19008444533D0EE
:101B7000DFF8748108F1A80844452DD0DFF86C81A6
:101B8000444529D0DFF8648108F11408444523D086
:101B9000DFF8588108F1280844451DD0DFF84C8152
:101BA00008F13C08444517D0DFF8408108F150089F
:101BB000444511D0DFF8348108F1640844450BD066
:101BC000DFF8288108F17808444505D0DFF81C814A
:101BD00008F18C08444509D1D0E91948C4F80480BB
:101BE000C46E1CB1D0E91C48C4F8048004684C459C
:101BF0002ED0B4422CD054452AD0BC4228D0374EE7
:101C0000183EB44224D05C4522D0644520D07445AF
:101C10001ED0354EB4421BD0334E1836B44217D0C6
:101C2000314E3036B44213D02F4E4836B4420FD026
:101C30002D4E6036B4420BD02B4E7836B44207D0CE
:101C4000294E9036B44203D0274EA836B44215D15F
:101C500090F85C603F2406F01F06B440AC60046856
:101C6000256825F4802525602EE09A600068C16013
:101C7000BDE8F08F99600068C260F9E71B4EB4427E
:101C80001BD01A4E1436B44217D0184E2836B44220
:101C900013D0164E3C36B4420FD0144E5036B442D8
:101CA0000BD0124E6436B44207D0104E7836B44290
:101CB00003D00E4E8C36B442DAD190F85C60012429
:101CC00006F01F06B4406C60046863608368402BB4
:101CD0000368CFD1C9E7000010000240880002402D
:101CE000A0000240B800024010040240085402580C
:101CF0007047000010B5A0B01CA006F011FC4FF416
:101D00007A7423480322234620A104F095FC204640
:101D100001F0BEFF1FA122461FA000F08FF822A0F5
:101D200006F0FEFB25A140F6B83226A000F086F8AA
:101D3000204601F0ADFF26A006F0F2FB15A140F20F
:101D4000DC5229A000F07AF82BA006F0E9FB2EA3C4
:101D5000684630A230A106F00BFC35A142F21072A9
:101D6000684600F06BF820B010BD00002D2D2D202E
:101D7000BFAACABCC7BFD6C6BBBDD0D12045535031
:101D800038323636202D2D2D0D0A00002B2B2B003E
:101D9000E8AE01244F4B000041542B4349504D4FB6
:101DA00044453D300D0A0000B8B4CEBB4553503811
:101DB0003236362E2E2E0D0A000000007265616448
:101DC0007900000041542B5253540D0A00000000CA
:101DD000C9E8D6C353746174696F6EC4A3CABD2EBB
:101DE0002E2E0D0A0000000041542B43574D4F4446
:101DF000453D310D0A000000C1ACBDD357694669AD
:101E00002E2E2E0D0A00000031323334353637388D
:101E1000000000003100000041542B43574A41505C
:101E20003D222573222C222573220D0A000000007A
:101E30005749464920474F54204950002DE9F8435F
:101E400016468846044602F049F80546642001F02B
:101E50001FFF1D490868826942F008028261086814
:101E6000816941F0100181612046FEF7E3FA82B2F8
:101E700015484FF47A73214604F0DEFB13484FF403
:101E80008071FEF7BAFA114F002415E00E480523C1
:101E90000122694604F036FB70B9FF2C04D29DF88C
:101EA0000010601C395584B208484146FEF7B0FA6C
:101EB00010B10120BDE8F88302F010F8401BB042D9
:101EC000E4D30020F6E70000E8AE012428B801249E
:101ED000F0B50023864618462EE003D21EF80340D4
:101EE0005B1C00E000248B4203D21EF803605B1CE5
:101EF00000E000268B4203D21EF803505B1C00E07A
:101F0000002527041A4C47EA062C4CEA050C4FEA38
:101F10009C45CCF30536CCF38517655D0CF03F0C82
:101F20001554401CA55D1554401CE55D1554401C1E
:101F300014F80C401454401C8B42CED34FF00304D1
:101F40004FF03D03B1FBF4F504FB1511012902D05C
:101F5000022906D008E0111801F8013C01F8023C02
:101F600002E0111801F8013C00211154F0BD0000FD
:101F700058F6000872B6FEE72DE9F34FB0F84010AE
:101F80001E23BBB0B0F842B001F00F090446C1F304
:101F9000031203EB113AC1F303210020CDE93812FB
:101FA0000DF1800804EB40018200401CB1F84410A0
:101FB00001F00F030F0BC1F30315C1F3032608EB68
:101FC000820101F1040148F82230062881E8E0008E
:101FD000E8DB002058F82010072902DD103948F806
:101FE0002010401C1828F5DB0020694604EB400354
:101FF0008200401CB3F85030082803F00F054FEA68
:10200000133CC3F30316C3F3032701EB820303F16D
:10201000040341F8225083E8C010E7DB5FF00000C2
:1020200051F82020072A02DD103A41F82020401CF8
:102030002028F5DB0120002500FA09F95FF00006F1
:102040003C9A06EB4510274904EB400302EB80075E
:10205000B3F88000C0F3051000EE100AB8EE400A95
:1020600010EE100A87ED110A884205DDDFED1E0A29
:1020700030EE600A87ED110A58F8252038985DF88F
:102080002610B0EE402A824039985A4400EE909AC9
:1020900000EE10AA81405018F8EEE00AB8EE401B9E
:1020A00000EE100A62EE200AB8EEC00A30EE200AF6
:1020B00087ED110AB0EE000B06F09AFA97ED111AAF
:1020C000761C202EB7EEC11A81EE002BB7EEC20BA4
:1020D00087ED110AB4DB6D1C182DAFDB3DB0BDE8F8
:1020E000F08F00000000F8410000804230B5838A84
:1020F0008024B0F86A20224D04EA131002F03F0455
:1021000000EE104A80F08003B8EE400A10EE100A8C
:10211000A84203DDDFED1B0A30EE600AC2F3841033
:10212000194C00EE900A9FED191ADFED191AF8EE1E
:10213000600A20EE011A10EE900AA04201DD70EE56
:10214000E10AD00A00EE100AB6EE002AB8EE400A04
:1021500060EE820A10EE100AA04201DD30EE610A44
:10216000F4EE001A01F5205281F8253020EE210A04
:1021700082ED941AC2ED950A82ED960A30BD0000F8
:102180000000F84100008042000070410000803DE6
:10219000000000422DE9F04106460D461B212DEDC1
:1021A000048BB0F84000B6F8742001EB1031C2F394
:1021B0000900B0F5007F60F30F0403DBA0F5806039
:1021C00060F30F04900A1F2860F31F4402DD4038BB
:1021D00060F31F44B6F87230484A04EB2440C3F35E
:1021E000090300EE103A60F31F44B8EE408A18EE7F
:1021F000100A904203DD9FED420A38EE408A00EE5D
:10220000101AB8EE401BB0EE000B06F0F1F9B7EE75
:10221000C82AB6F872003B49800A82EE001B00EE25
:10222000100AB8EE400A10EE100A8842F7EEC18B91
:1022300003DDDFED350A30EE600A9FED341AF7EE6C
:10224000000A96F8760040EE010A00EE100A304FC0
:10225000DFED309AB8EE408AB0EE680A18EE100A48
:1022600020EE809AB84201DD38EE698A96F8700057
:10227000C0F30310083000EE100AB8EE401BB0EEB9
:10228000000B06F0B5F9B7EEC81A81EE002BB7EED9
:10229000C20B85ED080AB6F87600000A00EE100AB7
:1022A000B8EE408A18EE100AB84201DD38EE698AAD
:1022B000B6F87000C0F3032000EE100AB8EE401B21
:1022C000B0EE000B06F094F9B7EEC81A05F52050F1
:1022D00005F50051221481EE002BB7EEC20B85EDFF
:1022E000070AC0ED918A80ED929AA1F84C4AA1F8B4
:1022F0004E2ABDEC048BBDE8F08100000080FF4356
:10230000000080440000F841000080420000003CD2
:102310000000FE42000080432DE9F0410E46844655
:1023200000214FF6FF730C460D46084606EB4102AE
:1023300002F500524F1CB9B2A2F85C3A0529A2F886
:10234000663AF3D300214FF4407300BF0CEB410217
:10235000B2F88020BAB1D20707D006EB450202F5E9
:1023600000526D1CADB2A2F8661A491C89B299429E
:1023700003D2052C01D2052DE8D3042C0CD96FF023
:102380000200BDE8F08106EB440202F50052641C35
:10239000A4B2A2F85C1AE8E7042D02D96FF003009A
:1023A000EFE76119042902D96FF00400E9E700237F
:1023B00017E000BF06EB43015F1C01F500580CE07D
:1023C00006EB470000F50050B0F85C1AB8F85C0A5C
:1023D000FFF755FA0028D4D17F1CA742F0DB5B1C25
:1023E0009BB2A342E6D3002317E000BF06EB4301F4
:1023F0005F1C01F500580CE006EB470000F50050AB
:10240000B0F8661AB8F8660AFFF739FA0028B8D1AA
:102410007F1CAF42F0DB5B1C9BB2AB42E6D30023D8
:1024200017E000BF06EB4301002701F500580CE060
:1024300006EB470000F50050B0F8661AB8F85C0AE1
:10244000FFF71DFA00289CD17F1CAF42F0DB5B1C1C
:102450009BB2A342E6D394E7B0F96000B0F5004F19
:1024600000DB00B288827047B0F878000A4A000AA0
:1024700000EE100AB8EE400A10EE100A904203DD9A
:10248000DFED060A30EE600ADFED050A20EE200AD5
:1024900081ED0A0A704700000000FE420000804300
:1024A00000000039F0B530F87E4F00252D4E6FF05A
:1024B00027028A872A46CD8710F80459C4F30134CD
:1024C000012304EB8404C5F30315A1F84050878869
:1024D0006400DFED250A15FB04F5C7F30327A1F817
:1024E000405017FB0454A1F842400578047900EEEF
:1024F000105A04F00F040834B8EE400AA34081EDEE
:102500000B0A0488240A00EE104AB8EE400A81ED56
:102510000C0A847800EE104AB8EE400A81ED0D0AEC
:102520004088000A00EE100AB8EE400A81ED0E0A5B
:1025300001EB820090ED0B0A10EE104AB44203DD6D
:1025400030EE600A80ED0B0A00EE103A90ED0B1AA7
:10255000521CB8EEC00A042AC1EE001AC0ED0B1AD4
:10256000E6DBF0BD0000FE42000080432DE9F34FA2
:102570000646B0F86C00002581B040F307217F29A2
:1025800000DD49B28DF8001040B27F2800DD40B276
:102590008DF80200B6F86E0040F307217F2900DDB8
:1025A00049B28DF8011040B27F2800DD40B28DF8AD
:1025B000030096F870200120DFF8CCA0EB46C2F3B0
:1025C000031102F00F0201F1080900FA02F80024D9
:1025D00004EB4511C81701EBD17201EB906301EBDD
:1025E000D067981140427B1122F0010203EB4000BA
:1025F0008A1A02EB400006EB4103C2B2029800EBDC
:10260000810793F8800007F58057C0F3420000EE81
:10261000100AB8EE400A10EE100A87ED910A5045F4
:1026200005DDF2EE000A30EE600A87ED910A00EE59
:10263000108A00EE909A1BF90210B8EEC00AB8EEAC
:10264000601B97ED912A00EE901A22EE000AF8EE38
:10265000E00A30EE800A87ED910AB0EE000B05F03B
:10266000C7FF97ED911A641C202CB7EEC11A81EEBA
:10267000002BB7EEC20B87ED910AA9DB6D1C182D5C
:10268000A5DBBDE8FE8F0000000040402DE9F843C7
:10269000B0F8683000258946190B072900DD10398C
:1026A0008DF80010C3F30322072A00DD103A8DF8DD
:1026B0000220C3F30311072900DD10398DF8011042
:1026C00003F00F02072A00DD103A8DF80320B0F85E
:1026D0007000E846C0F303265FF0000404EB4510E9
:1026E00000EE106AC11700EBD07200EB916300EBB3
:1026F000D1679B115B4222F001017A1102EB430288
:10270000411A01EB4201C9B209EB8007B8EE401B48
:1027100018F9010007F5E05700EE900AB8EEE00A5C
:1027200087ED910AB0EE000B05F062FF97ED911A6C
:10273000641C202CB7EEC12A82EE001BB7EEC10B41
:1027400087ED910ACADB6D1C182DC5DBBDE8F88347
:102750002DE9F34F028C0021B0F92230B8B002F01D
:102760000F0AB3F5004FC2F30319C2F3032E00DBC7
:102770001BB220AA00EB41048D00491CA48C062941
:1027800004F00F064FEA143CC4F30317C4F3032804
:1027900002EB850404F1040442F8256084E880110A
:1027A000E8DB0021934652F82140072C03DD103C62
:1027B0005A464BF82140491C1829F3DB0022694690
:1027C00000EB42049500521C248E082A04F00F06E8
:1027D0004FEA143CC4F30317C4F3032801EB850448
:1027E00004F1040441F8256084E88011E8DB00224C
:1027F00051F82240072C02DD103C41F82240521CC7
:10280000202AF5DB002400225BF8245005FA0EF59F
:1028100002EB4416DDF8E4C000EB46070CEB46067D
:10282000B7F88070BF0AA6F8447C1F2F02DD403F36
:10283000A6F8447CBFB231F8228007FA0AF7521C8E
:10284000202A08FA09F805EB080C1F446744A6F88B
:10285000447CDDDB641C182CD5DB3AB0BDE8F08F7E
:1028600070B50C460546254A2DED028BB0F8641074
:10287000880A00EE100AB8EE400A10EE100A9042E4
:1028800003DDDFED1F0A30EE600A9FED1E1AC1F373
:1028900009001D4900EE900A20EE018AB8EE600A98
:1028A00010EE100A884203DDDFED180A30EE600AF0
:1028B000F4EE000AB5F86260B2EE0C1B60EE208AFE
:1028C000B0EE000B05F094FE288CB2EE002B00F465
:1028D000704001EE100A84ED018AC4ED028AB8EE60
:1028E000411BA68181EE003B33EE020BB7EEC00B1D
:1028F00084ED040ABDEC028B70BD00000000F841BD
:1029000000008042000080390080FF4300008044C6
:1029100090F87800094A00EE100AB8EE400A10EE6E
:10292000100A904203DDDFED060A30EE600ADFEDAB
:10293000050A20EE200A81ED060A70470000FE42DB
:10294000000080430000003DB0F86620100A7F2898
:1029500001DDA0F58070D2B24FF440434001088001
:1029600003EB42124A8070472DE9F84F044601F00C
:10297000B5FA00903CB194F83500022806D08021C9
:1029800061650020E4E00120BDE8F88FC74DC74E27
:10299000C649183520683036DFF81483DFF8149301
:1029A0008842DFF814A3DFF814B32ED0A8422CD04D
:1029B000B0422AD0404528D0484526D0504524D0A2
:1029C000584522D0BD4A183290421ED0BC4A90428F
:1029D0001BD0BB4A1832904217D0B94A30329042CD
:1029E00013D0B74A483290420FD0B54A6032904275
:1029F0000BD0B34A7832904207D0B14A903290421D
:102A000003D0AF4AA832904209D1026822F01E02D8
:102A100002602068426922F08002426103E002689D
:102A200022F00E02026027688F4238464DD0A8423D
:102A30004BD0B04249D0404547D0484545D050459D
:102A400043D0584541D09D4A183290423DD09C4ACF
:102A500090423AD09A4A1832904236D0984A303250
:102A6000904232D0964A483290422ED0944A6032F8
:102A700090422AD0924A7832904226D0904A9032A0
:102A8000904222D08E4AA83290421ED08D4A904267
:102A90001BD08C4A1432904217D08A4A2832904276
:102AA00013D0884A3C3290420FD0864A503290422E
:102AB0000BD0844A6432904207D0824A78329042E6
:102AC00003D0804A8C32974204D1206E026822F4EF
:102AD0008072026075492068884228D0A84226D0BA
:102AE000B04224D0404522D0484520D050451ED089
:102AF00058451CD071491831884218D07049884215
:102B000015D06F491831884211D06D493031884253
:102B10000DD06B494831884209D0694960318842FB
:102B200005D067497831884201D065499031016804
:102B300021F0010101600EE001F0D0F90099401A86
:102B4000052808D9202262650321002084F8351069
:102B500084F8340017E73868C007EDD1534A0121E3
:102B6000206890422ED0A8422CD0B0422AD04045B6
:102B700028D0484526D0504524D0584522D04F4B28
:102B8000183398421ED04E4B98421BD04C4B1833F2
:102B9000984217D04A4B3033984213D0484B4833B1
:102BA00098420FD0464B603398420BD0444B783359
:102BB000984207D0424B9033984203D0404BA83301
:102BC000984208D194F85C703F23A06D07F01F076E
:102BD000BB40836007E094F85C30A06D03F01F03F6
:102BE00001FA03F34360206890424DD0A8424BD0D5
:102BF000B04249D0404547D0484545D0504543D0E4
:102C0000584541D02D4A183290423DD02C4A90422E
:102C10003AD02B4A1832904236D0294A303290426C
:102C200032D0274A483290422ED0254A6032904214
:102C30002AD0234A7832904226D0214A90329042BC
:102C400022D01F4AA83290421ED01E4A90421BD06A
:102C50001C4A1432904217D01A4A2832904213D09C
:102C6000184A3C3290420FD0164A503290420BD054
:102C7000144A6432904207D0124A7832904203D00C
:102C8000104A8C3290420BD1D4E919024260E06EB6
:102C900030B1026822F480720260D4E91C02426002
:102CA000002084F8351084F834006DE610000240EE
:102CB000580002407000024088000240A00002401C
:102CC00010040240085402582DE9F05F28B190F832
:102CD0003510022904D0802141650120BDE8F09F14
:102CE000904C904B0168183C18338E4ADFF83C92A8
:102CF000A1428D4CDFF838E28E4FDFF83CB2DFF8AE
:102D00003CA28F4D8F4E31D091422FD099422DD081
:102D1000A1422BD0494529D0714527D0B94225D0B1
:102D2000DFF810C20CF1180C61451FD0DFF808C2A3
:102D3000ACF1600C614519D0DFF8FCC1ACF1480C76
:102D4000614513D0DFF8F0C1ACF1300C61450DD016
:102D5000DFF8E4C1ACF1180C614507D0594505D046
:102D6000514503D0A94201D0B1422CD1DFF8B4C102
:102D70004FF0040880F83580ACF1180C61451DD087
:102D800091421BD0994219D0A14217D0494515D084
:102D9000714513D0B94211D06648183081420DD028
:102DA00065486038814209D063484838814205D07F
:102DB00061483038814201D05F481838086820F0F7
:102DC00001000860ABE0D1F800C02CF00E08DFF87D
:102DD00054C1C1F80080ACF1180C0168614527D0DE
:102DE000914225D0994223D0A14221D049451FD0FC
:102DF00071451DD0B9421BD0DFF838C10CF1180C59
:102E0000614515D0DFF830C1ACF1600C61450FD0E1
:102E1000DFF824C1ACF1480C614509D0DFF818C1D6
:102E2000ACF1300C614503D0DFF80CC1ACF1180CEB
:102E3000D1F800C02CF0010CC1F800C0DFF8E4802C
:102E40004FF0010C0168A8F11808414546D09142A5
:102E500044D0994242D0A14240D049453ED071452C
:102E60003CD0B9423AD0334A1832914236D0324A35
:102E7000603A914232D0304A483A91422ED02E4A9E
:102E8000303A91422AD02C4A183A914226D05945DC
:102E900024D0514522D0A94220D0B1421ED02A4A86
:102EA00091421BD0284A1432914217D0264A283228
:102EB000914213D0244A3C3291420FD0224A5032E0
:102EC00091420BD0204A6432914207D01E4A783298
:102ED000914203D01C4A8C32914218D1016E0A688B
:102EE00022F480720A6090F85C20816D02F01F026B
:102EF0000CFA02F24A60D0E919124A60C16E31B18F
:102F00000A6822F480720A60D0E91C124A6000222A
:102F1000016D80F835C080F8342001B18847002069
:102F2000DCE6000028000240580002407000024029
:102F300088000240A0000240700402408804024061
:102F4000A0040240B804024008540258406D704783
:102F50002DE9FC5F0446F74E0020DFF8D88300908F
:102F60004FF41652F44808F11808A56DDFF8C49321
:102F7000DFF8C0A3016809F1300920680AF1480AA6
:102F8000B1FBF2F1B04201912F68D5F800C0DFF833
:102F9000ACB335D04146884232D0484530D0504558
:102FA0002ED058452CD0E5491831884228D0E34925
:102FB0003031884224D0E1494831884220D0E0496C
:102FC00088421DD0DE491831884219D0DC493031A1
:102FD000884215D0DA494831884211D0DFF860E3E1
:102FE0000EF1600E70450BD0D54A7832904207D072
:102FF000D34B9033984203D0D149A83188427DD138
:1030000094F85C20082102F01F0201FA02F23A4211
:103010004AD0B04232D0404530D048452ED05045FD
:103020002CD058452AD0C54A1832904226D0C34ADF
:103030003032904222D0C14A483290421ED0C04A1B
:1030400090421BD0BE4A1832904217D0BC4A303250
:10305000904213D0BA4A483290420FD0B84A6032F8
:1030600090420BD0B64A7832904207D0B44A9032A0
:10307000904203D0B24AA832904203D1026802F0D3
:10308000040202E0026802F008026AB1026822F05B
:103090000402026094F85C0000F01F008140A96007
:1030A000606D40F00100606594F85C00012100F063
:1030B0001F008140394240D02068B04234D04045A2
:1030C00032D0484530D050452ED058452CD09B4A60
:1030D0001832904228D0994A3032904224D0974AF0
:1030E0004832904220D0964A90421DD0944A1832DD
:1030F000904219D0924A3032904200E0AFE113D0B2
:103100008F4A483290420FD08D4A603290420BD0A5
:103110008B4A7832904207D0894A9032904203D04D
:10312000874AA83290427DD1406910F0800F04D0C8
:10313000A960606D40F00200606594F85C000421B5
:1031400000F01F00814039423ED02068B04232D0AA
:10315000404530D048452ED050452CD058452AD037
:10316000764A1832904226D0744A3032904222D0A9
:10317000724A483290421ED0714A90421BD0704A27
:103180001832904217D06E4A3032904213D06C4AB7
:10319000483290420FD06A4A603290420BD0684A5F
:1031A0007832904207D0664A9032904203D0644A07
:1031B000A83290424ED1006810F0020F04D0A960EE
:1031C000606D40F00400606594F85C00102100F030
:1031D0001F008140394258D02068B04234D0404569
:1031E00032D0484530D050452ED058452CD0534A87
:1031F0001832904228D0514A3032904224D04F4A5F
:103200004832904220D04E4A90421DD04C4A18324B
:10321000904219D04A4A3032904215D0484A48323A
:10322000904200E014E00FD0454A603290420BD04B
:10323000434A7832904207D0414A9032904203D0BC
:103240003F4AA832904207D1006800F0080006E02B
:10325000006872E70068B7E7006800F00400A0B1FA
:10326000A96020680168490304D50068000308D5F7
:10327000A16C07E00168C90503D4016821F00801C9
:103280000160216C09B12046884794F85C00202138
:1032900000F01F008140394279D02068B04232D01E
:1032A000404530D048452ED050452CD058452AD0E6
:1032B000224A1832904226D0204A3032904222D000
:1032C0001E4A483290421ED01D4A90421BD01C4AD2
:1032D0001832904217D01A4A3032904213D0184A0E
:1032E000483290420FD0164A603290420BD0144AB6
:1032F0007832904207D0124A9032904203D0104A5E
:10330000A832904203D1006800F0100002E000688B
:1033100000F00200B0B3A96094F8350004282068DA
:1033200001680FD049037ED5006800032BD4616C7F
:103330002AE0000010000240E4DC0024700002409B
:103340001004024021F0160101602068416921F05B
:1033500080014161206C08B9A06C20B1206801682F
:1033600021F00801016094F85C303F21012003F056
:103370001F0300229940A96084F8350084F83420A6
:10338000216D65E003E0E16B09B120468847606D7F
:1033900000287DD0606DC00759D02068042184F8D2
:1033A0003510B0422BD0404529D0484527D0504554
:1033B00025D0584523D09D49884220D09B491831BB
:1033C00088421CD099493031884218D098498842A7
:1033D00015D097491831884211D09549303188422B
:1033E0000DD093494831884209D0914960318842D3
:1033F00005D08F497831884201D08D4990310168DC
:1034000021F00101016020680099019A491C009196
:10341000914202D80168C907F6D10068C00710D0F0
:1034200003200FE0FFE70168C905ACD40368012160
:10343000002223F01003036084F8351084F8342050
:10344000A1E7012084F83500002084F83400E16C05
:1034500000291DD002B02046BDE8F05F084775493D
:1034600088421DD073491431884219D071492831DE
:10347000884215D06F493C31884211D06D49503196
:1034800088420DD06B496431884209D0694900E017
:1034900084E07831884203D066498C3188427DD1FE
:1034A00094F85C800427016808F01F0807FA08F701
:1034B00017EA0C0F009746D04F0744D500980F0429
:1034C000686003D5C8033CD4A16CC1E7880638D432
:1034D0002068B0422DD055496039884229D04845EE
:1034E00027D0504525D0584523D05049884220D078
:1034F0004E49183188421CD04C493031884218D08E
:103500004B49884215D04A491831884211D0484960
:10351000303188420DD046494831884209D0704543
:1035200007D0904205D0984203D04149A831884243
:1035300003D1016821F0080102E0016821F00401D3
:103540000160216C84E7022707FA08F717EA0C0FDD
:1035500000974ED08F074CD500980F04686003D5B4
:10356000C80344D4616C73E7880640D42068B04235
:103570002FD02E49603988422BD0484529D050455C
:1035800027D0584525D02949884222D027491831CB
:1035900088421ED025493031884200E044E018D0EE
:1035A0002349884215D022491831884211D0204938
:1035B000303188420DD01E494831884209D07045CB
:1035C00007D0904205D0984203D01949A8318842CB
:1035D00003D1016821F0140102E0016821F00A0121
:1035E0000160012184F83510002084F83400E16B7B
:1035F0002EE7082202FA08F212EA0C0F14D009078B
:1036000012D5016821F00E01016094F85C100120D0
:10361000002201F01F0100FA01F16960606584F881
:10362000350084F8342012E7BDE8FC9F8800024092
:1036300010040240085402582DE9F05F044600F0DF
:103640004DFC002C07467DD0E24E022120684FF051
:103650000308DFF884934FF00005DFF880A3B04241
:10366000DFF87CB334D0DB4A1832904230D0484582
:103670002ED050452CD058452AD0D94A18329042E5
:1036800026D0D74A3032904222D0D54A4832904292
:103690001ED0D44A90421BD0D24A1832904217D042
:1036A000D04A3032904213D0CE4A483290420FD0A6
:1036B000CC4A603290420BD0CA4A7832904207D04E
:1036C000C84A9032904203D0C64AA83290427DD177
:1036D00084F83510B04284F834502ED0BD491831EA
:1036E00088422AD0484528D0504526D0584524D075
:1036F000BB491831884220D0B949303188421CD0AA
:10370000B7494831884218D0B649884215D0B549E2
:103710001831884211D0B349303188420DD0B149B7
:103720004831884209D0AF496031884205D0AD495F
:103730007831884201D0AB499031016821F0010114
:10374000016008E025E100BF00F0C8FBC01B0528B0
:1037500001D920211AE120680068C007F4D1D4E91A
:1037600002032168103418438E4694E88410D4E98B
:10377000033809683A4310439B4A40EA0C006769E2
:1037800018431140103C40EA0800042F40EA0100B1
:1037900003D1D4E90B12114308436168A1F1290256
:1037A000052A0BD9163A032A08D9083A012A05D95D
:1037B000083A032A02D97439032901D840F4801049
:1037C000CEF800002068676A406900E020E0042F1E
:1037D00020F0070047EA00070DD1D4E90A010743AA
:1037E00049B12046FEF74AF928B140206065012121
:1037F00084F83510CDE0206847612046FEF75CF87C
:1038000094F85C203F2102F01F029140816055E056
:10381000764A90421BD0754B1433984217D0734BA5
:103820002833984213D0714B3C3398420FD06F4BE2
:10383000503398420BD06D4B6433984207D06B4B9A
:103840007833984203D0694B8C3398427ED184F808
:10385000351084F83450664B0168A26801EA030E03
:10386000402A74D0802A73D05FF00002D4E9037834
:10387000D4E9053142EAD70242EAD8085B4AD4E9E2
:10388000077C48EAD30848EAD10141EAD70152420D
:1038900041EA1C11142341EA0E0101602068104422
:1038A000B0FBF3F08000E0652046FEF705F894F8E1
:1038B0005C20012102F01F02914041602068B0426B
:1038C00057D044491831884253D0484551D05045CB
:1038D0004FD058454DD042491831884249D04049CF
:1038E0003031884245D03E494831884241D03D4937
:1038F00088423ED03B49183188423AD0394930316C
:10390000884236D037494831884232D03549603113
:1039100088422ED03349783188422AD031499031BB
:10392000884226D02F49A831884222D02F49884288
:103930001FD02E49143188421BD02C49283188428F
:1039400017D02A493C31884213D002E01DE017E02D
:1039500018E02649503188420BD02449643188420E
:1039600007D022497831884203D020498C318842DF
:1039700029D12046FDF7FAFFA06880280CD00CE082
:10398000102273E74FF4804270E74021616584F8AC
:1039900035800120BDE8F09F6560216E20790860C8
:1039A000D4E9190141606068401E072808D8204604
:1039B000FEF72AF8E06E0560D4E91C01416002E0E0
:1039C000E566256765670120656584F83500002098
:1039D000E0E70000100002404000024058000240B2
:1039E00070000240100402403F8010FE085402584C
:1039F0000F00FEFF2DE9F84F04008C464FF0000049
:103A0000009014D094F83400012812D094F8355066
:103A10000120002184F83400012D0CD0C002606523
:103A20000120009084F834100098BDE8F88F012040
:103A3000FBE70220F9E78C4D0226206884F8356008
:103A4000A8428A4D61658A4E8A4FDFF82C82DFF8E2
:103A50002C92DFF82CA2DFF82CB226D0A84224D07A
:103A6000B04222D0B84220D040451ED048451CD09C
:103A700050451AD0584518D08349884215D08249FC
:103A80001831884211D08049303188420DD07E49AA
:103A90004831884209D07C496031884205D07A4952
:103AA0007831884201D078499031016821F00101D4
:103AB000016061462046FEF70BF86B49206888429A
:103AC0002CD0A8422AD0B04228D0B84226D04045B7
:103AD00024D0484522D0504520D058451ED06A4AAF
:103AE00090421BD0684A1832904217D0664A303252
:103AF000904213D0644A483290420FD0624A6032FA
:103B000090420BD0604A7832904207D05E4A9032A1
:103B1000904203D05C4AA83290420CD1026822F055
:103B20001E0242F016020260206C88B12068026812
:103B300042F008020BE0026822F00E0242F00A0294
:103B40000260206C20B12068026842F0040202602A
:103B5000206888424BD0A84249D0B04247D0B842F2
:103B600045D0404543D0484541D050453FD05845C9
:103B70003DD0454A90423AD0434A1832904236D01E
:103B8000414A3032904232D03F4A483290422ED0A1
:103B90003D4A603290422AD03B4A7832904226D049
:103BA000394A9032904222D0374AA83290421ED0F1
:103BB000364A90421BD0354A1432904217D0334ACD
:103BC0002832904213D0314A3C3290420FD02F4AD3
:103BD000503290420BD02D4A6432904207D02B4A8B
:103BE0007832904203D0294A8C3290420DD1206E17
:103BF0000268D20303D5026842F480720260E06E6C
:103C000018B1026842F4807202602068884226D0AF
:103C1000A84224D0B04222D0B84220D040451ED085
:103C200048451CD050451AD0584518D016498842EE
:103C300015D015491831884211D0134930318842C6
:103C40000DD011494831884209D00F49603188426E
:103C500005D00D497831884201D00B499031016877
:103C600041F001010160DFE610000240280002403F
:103C700040000240580002407000024088000240AC
:103C8000A0000240B800024010040240085402584C
:103C900070B5044600F022F90546601C02D00448C5
:103CA0000078044400F01AF9401BA042FAD370BD1A
:103CB000D8DC00242DE9F84F03247A4D00234FF07F
:103CC00001094FF0B04B4FF00F0AE4E009FA03F698
:103CD000324078D00F7907F00307012F01D0022F6F
:103CE0001AD187684FEA430ED1F80CC004FA0EF8D7
:103CF00027EA08070CFA0EFC4CEA070CC0F808C0CB
:103D0000476891F804C0B743CCF3001C0CFA03FCDD
:103D10004CEA070CC0F804C00E79F643B6070BD086
:103D2000C6684FEA43088F6804FA08FC26EA0C06C6
:103D300007FA08F73743C7600E7906F00306022E2C
:103D400012D1DE080F694FEA437C00EB8606B646C7
:103D5000366A4FEADC6C0AFA0CF807FA0CF726EA26
:103D600008063743CEF820700F7906684FEA4308FB
:103D700007F0030704FA08FC07FA08F726EA0C061E
:103D8000374307604E6816F4403F1CD0464E3768F4
:103D900047F00207376036689F0706F00206009674
:103DA00023F0030606F1B046B6463F0FD6F8086486
:103DB000DFF8F8800AFA07FC404526EA0C0603D132
:103DC0004FF0000C3AE065E0DFF8E4C0604502D156
:103DD0004FF0010C32E0DFF8DCC0604502D14FF05B
:103DE000020C2BE0DFF8D0C0604502D14FF0030C8D
:103DF00024E0DFF8C8C0604502D14FF0040C1DE09C
:103E0000DFF8BCC0604502D14FF0050C16E0DFF8CA
:103E1000B4C0604502D14FF0060C0FE0DFF8A8C037
:103E2000604502D14FF0070C08E0DFF8A0C0604504
:103E300002D14FF0090C01E04FF00A0C0CFA07FC1C
:103E40004CEA060CCEF808C44F68DBF80060FF02AD
:103E500026EA020600D516435F46CBF80060D1F88B
:103E600004C0DBF804605FEA8C2C26EA020600D569
:103E700016437E606E684F6826EA0206BF0300D5CF
:103E800016436E602E684F6826EA0206FF0300D5CF
:103E900016432E605B1C0A6832FA03F67FF416AFF5
:103EA000BDE8F88F80000058F44402580000025822
:103EB0000004025800080258000C02580010025872
:103EC0000014025800180258001C0258002402581E
:103ED0000AB1816170470904FBE70000014880686E
:103EE00070470000D8DC002430B590F84120202A2B
:103EF00024D190F84020012A20D0012380F84030BE
:103F0000242280F84120202300240268156825F02F
:103F1000010515600268156825F480551560026872
:103F200015680D43156001680A6842F001020A60D5
:103F300080F8413080F84040002030BD022030BD84
:103F400030B590F84120202A22D190F84020012A53
:103F50001ED0012380F84030242280F84120202404
:103F600000250268136823F00103136002681368D8
:103F700023F4706343EA0121116001680A6842F08A
:103F800001020A6080F8414080F84050002030BDB6
:103F9000022030BD074908B50A6842F002020A60F3
:103FA000096801F00201009103490A6802430A60AE
:103FB00008BD0000F44402580404005870B5040021
:103FC00004D094F84100002510B106E0012070BD36
:103FD000204684F8405000F0AFF9242084F84100D6
:103FE0002068016821F001010160D4E9001020F08F
:103FF000706008612068816821F400418160E06898
:1040000021680128A06830D040F404408860E0684E
:104010000228206841682BD021F4006141602068AB
:104020002021154A4368134343602068C26822F484
:104030000042C26054F8106B0DCC104340EA0320DC
:10404000F06054F81C3CD4E900021043186054F8A6
:104050001C0D026842F001020260656484F84110A0
:10406000256384F84250002070BD40F40040CDE745
:1040700041F40061D2E70000008000022DE9FF4F0B
:1040800083B0044690F841009A469346DDE91087D4
:10409000DDF84890202874D15FEA080014D09FB161
:1040A00094F8400001286CD0012084F84000FFF70C
:1040B00015FF0122064619230090D103204602F085
:1040C0007FFC002871D103E04FF4007060646CE065
:1040D0000025C4F82480222184F84110402084F86F
:1040E000420065646785534665635A4604992046D5
:1040F000CDE9009602F0E8FB10B184F8405054E09E
:10410000618DFF2734484FF08078FF294FF0007A07
:1041100004D927853A464346009005E0618D534611
:104120002185009094F828202046049902F030FC64
:1041300000224B4604212046009602F041FCA0BB21
:104140002068616A406A0870606A401C6062208D65
:10415000401E81B22185608D401E6085608DD8B182
:10416000D1B900224B4680212046009602F028FC5F
:10417000D8B9608DFF2805D927853A464346009572
:1041800006E026E0608D53462085009594F82820AF
:104190002046049902F0FCFB608D0028C8D132460D
:1041A0004946204602F04AFC18B1012007B0BDE89C
:1041B000F08F21682020094AC86121684B681340AC
:1041C0004B6084F8410084F84250002084F840504D
:1041D000ECE70220EAE700000024008000E800FE8F
:1041E0002DE9FF4F83B0044690F841009A4693466C
:1041F000DDE91087DDF84890202871D15FEA0800DA
:1042000014D09FB194F84000012869D0012084F8AF
:104210004000FFF763FE0122064619230090D103F8
:10422000204602F0CDFB00286ED103E04FF4007071
:10423000606469E00025C4F82480212184F84110DD
:10424000402084F8420065646785534665635A469A
:1042500004992046CDE9009602F068FB10B184F87D
:10426000405051E0608DFF274FF08078FF284FF0DD
:10427000007A04D927853A464346009505E0608DCB
:1042800053462085009594F828202046049902F092
:104290007FFB32464946204602F0FCFBA0BB606A29
:1042A000216800788862606A401C6062608D401EF0
:1042B0006085208D401E80B22085618DD9B1D0B936
:1042C00000224B4680212046009602F079FBD8B9A7
:1042D000608DFF2805D927853A464346009506E0BC
:1042E00026E0608D53462085009594F828202046CE
:1042F000049902F04DFB608D0028CAD13246494630
:10430000204602F09BFB18B1012007B0BDE8F08FFA
:1043100020682021074AC161206843681340436038
:1043200084F8411084F84250002084F84050ECE7B3
:104330000220EAE700E800FE10B5B4B004461421FC
:104340002EA8FCF75AF8B8216846FCF756F8194928
:10435000206888422CD10020209008210446CDE915
:104360000010684600F09EFA08B1FDF703FE1248FF
:10437000016841F00201016000680DF1B80C1221E2
:1043800000F002003390C02004238CE813000222C6
:104390000A48CDE931232EA9FFF78CFC06480830E6
:1043A000016841F400110160006800F400103390CE
:1043B00034B010BD00540040E044025800040258DC
:1043C000024881680278114481607047D8DC00247B
:1043D000032010B500F0D4F801F076F80F4A104928
:1043E00014681368C4F3032203F00F038A5CC95CEA
:1043F00002F01F0201F01F01D0400A4A20FA01F129
:104400001160094908600F2000F010F808B1012080
:1044100010BD00F079F8002010BD000018440258CB
:1044200048F60008E8DC0024E4DC002470B50D4DFB
:1044300004462878A0B14FF47A71B1FBF0F00A4934
:104440000968B1FBF0F001F06FFC48B9102C07D2FD
:1044500000222146501E00F073F800206C6070BDF1
:10446000012070BDD8DC0024E4DC0024154BF0B53D
:10447000083B427813491A600B680A1F23F00103B6
:104480000B6043681360057BC67A827A437B2D07F5
:10449000847B45EA0665C77B90F809C0067A90F8E8
:1044A00000E045EAC24040EA834040EA444040EA36
:1044B000074040EA0C2040EA460040EA0E0008604F
:1044C000F0BD0000A0ED00E0BFF35F8F04480021C5
:1044D0000368034A23F4803303607032116070472D
:1044E00024ED00E0074A40F00100064970321060F8
:1044F000086840F480300860BFF34F8FBFF36F8FC0
:104500007047000024ED00E0054808B5016841F05F
:1045100002010160006800F00200009008BD000088
:10452000F4440258002809DB410900F01F02890009
:10453000012001F1E0219040C1F800017047000026
:104540000E4BF0B41B680D46C3F30223C3F10706FC
:10455000042E00D90426191D072901D2002300E0EA
:10456000DB1E012404FA06F19C40491E2940641E0A
:10457000994014402143F0BC04F026B80CED00E053
:10458000064900F0070210B54FF6FF040868044B17
:10459000204040EA02201843086010BD0CED00E006
:1045A0000000FA05134970B50A68D243520705D5D1
:1045B000096801F00701814213D118E00A6822F06E
:1045C000070202430A60FFF789FC0A4D4FF47A762E
:1045D0000446083D07E000BFFFF780FC001BB04227
:1045E00001D9012070BD2868C0438004F4D40020A4
:1045F00070BD00000C48025810B500F01FFF0549BF
:104600000968054AC1F30211515C01F01F01C8405D
:1046100010BD00002044025848F60008494930B552
:10462000484C0B1D0A68143409681D68246802F0A0
:104630000303C5F30012C1F30531C4F3CC04002910
:1046400014FB02F200EE102AF8EE400A75D03F4A41
:104650009FED3D1AB7EE000A6BB1DFED3D1A012B5D
:1046600001D0022B64D002EE101A1168F8EE422A33
:1046700081EEA22A21E0334C283C23689B0612D508
:10468000344B246801EE901A1168C4F3C104F8EEAB
:10469000612AE34001EE903AC1F30801F8EE611A95
:1046A00081EEA22A0BE001EE901ADFED2B2A00BF6B
:1046B000F8EE611A116882EEA12AC1F3080101EE39
:1046C000901A1168F8EE611A40EE811A71EE800AB4
:1046D00062EE200AC1F3462101EE101AB8EE411A2B
:1046E00031EE001AC0EE811ABCEEE11A80ED001A1C
:1046F0001168C1F3064101EE101AB8EE411A31EE0D
:10470000001AC0EE811ABCEEE11A80ED011A1168A0
:10471000C1F3066101EE101AB8EE411A31EE000A3B
:1047200080EE801ABCEEC10A80ED020A30BD04E0C2
:1047300001EE901ADFED092ABAE70021016041601D
:104740008160F3E7284402580000003938440258D9
:104750000024744A0090D0030024744C20BCBE4B4B
:10476000494930B5484C0B1D0A681C3409681D685E
:10477000246802F00303C5F30022C1F30551C4F31A
:10478000CC04002914FB02F200EE102AF8EE400AD5
:1047900075D03F4A9FED3D1AB7EE000A6BB1DFEDD1
:1047A0003D1A012B01D0022B64D002EE101A1168C1
:1047B000F8EE422A81EEA22A21E0334C283C2368FD
:1047C0009B0612D5344B246801EE901A1168C4F38D
:1047D000C104F8EE612AE34001EE903AC1F308010A
:1047E000F8EE611A81EEA22A0BE001EE901ADFEDDD
:1047F0002B2A00BFF8EE611A116882EEA12AC1F3DC
:10480000080101EE901A1168F8EE611A40EE811A63
:1048100071EE800A62EE200AC1F3462101EE101A01
:10482000B8EE411A31EE001AC0EE811ABCEEE11A60
:1048300080ED001A1168C1F3064101EE101AB8EEBE
:10484000411A31EE001AC0EE811ABCEEE11A80ED79
:10485000011A1168C1F3066101EE101AB8EE411A8F
:1048600031EE000A80EE801ABCEEC10A80ED020A29
:1048700030BD04E001EE901ADFED092ABAE700210D
:10488000016041608160F3E728440258000000396C
:10489000404402580024744A0090D0030024744C11
:1048A00020BCBE4B2DE9FE4F0546DFF800A450F8B2
:1048B000081B0024FD4FC943019005F1280026463E
:1048C0000AF1240A009008011DD4686E50B1B0F5B9
:1048D000801F0CD0B0F5001F0ED0B0F5401F1ED0C9
:1048E00001240FE0386840F40030386017E0019888
:1048F000022102F0E3FC03E00098022102F06EFDC9
:1049000004000CD026462888C043C00523D4A86DD7
:1049100005281ED2DFE800F00C11161B1B006A6E82
:10492000DAF8001021F440111143CAF80010EAE748
:10493000386840F40030386009E00198002102F046
:10494000BDFC03E00098002102F048FD0446C4B11C
:1049500000E0012426462888DFF85083C04308F190
:104960002C0840052FD4D5F8A400B0F5C00F28D0EE
:1049700010DCB8B1B0F5001F19D0B0F5800F0FD121
:104980001AE0AA6DDAF8001021F007011143CAF805
:104990000010E0E7B0F5000F13D0B0F5200F10D0F5
:1049A00001240FE0386840F40030386009E00198D5
:1049B000002102F083FC03E00098002102F00EFDCC
:1049C000044694B126462888C043000530D4D5F863
:1049D000A800B0F1407F29D011DCC0B1B0F1807FD8
:1049E0001AD0B0F1007F10D11BE0D5F8A420D8F880
:1049F000001021F460011143C8F80010E3E7B0F1A2
:104A0000806F13D0B0F1A06F10D001240FE0386890
:104A100040F40030386009E00198002102F04EFCBB
:104A200003E00098002102F0D9FC044694B1264628
:104A30002868DFF878B2C0430BF1200B80011FD447
:104A4000E86CD8B110280FD0202812D0302815D00B
:104A5000012414E0D5F8A820D8F8001021F0E06176
:104A60001143C8F80010E3E7386840F400303860BC
:104A700004E00198022102F021FC044674B12646AC
:104A80002888C043C0042BD4E86DB0F5005F20D067
:104A90000DDCA0B1B0F5805F0FD115E0EA6CDBF85A
:104AA000001021F030011143CBF80010E8E7B0F519
:104AB000405F13D0B0F5804F10D001240FE038686C
:104AC00040F40030386009E00198002102F0F6FB64
:104AD00003E00098002102F081FC04468CB12646D8
:104AE0002888C043800429D4286EB0F5403F23D0E5
:104AF00010DC08B3B0F5803F14D0B0F5003F0FD103
:104B000015E0EA6DDAF8001021F4E0411143CAF82B
:104B10000010E5E7B0F5802F0ED0B0F5A02F0BD038
:104B200001240AE00198012102F0C8FB03E000988B
:104B3000012102F053FC044694B126462888C04364
:104B400040042AD4D5F8AC00B0F1405F23D010DC8B
:104B500008B3B0F1805F14D0B0F1005F0FD115E061
:104B60002A6EDAF8001021F4E0211143CAF800108F
:104B7000E4E7B0F1804F0ED0B0F1A04F0BD001248C
:104B80000AE00198012102F099FB03E0009801215D
:104B900002F024FC044674B126462888C043000471
:104BA0001FD4E86ED8B1B0F1805F0ED0B0F1005FD5
:104BB00010D0012414E0D5F8AC20D8F8001021F072
:104BC000E0411143C8F80010E7E7386840F40030CE
:104BD000386004E00198012102F070FB044674B1D2
:104BE00026462868C043C0011ED4A86CD0B1012855
:104BF0000ED0022811D0032814D0012413E0EA6E4D
:104C0000DAF8001021F040511143CAF80010E8E72B
:104C1000386840F40030386004E00198022102F066
:104C20004DFB04466CB126462868C043400255D46B
:104C30001F48016841F480710160FFF74FF9814618
:104C40000EE0AA6CDBF8001021F003011143CBF851
:104C50000010E9E7FFF742F9A0EB090064283BD810
:104C600013480068C005F5D5BCBBDFF84090B5F827
:104C7000B01009F14409D9F8000001F4407100F4C2
:104C80004070884211D0D9F80010D9F8002021F4E2
:104C9000407142F48032C9F80020D9F8002022F493
:104CA0008032C9F80020C9F8001003E02C440258F3
:104CB00000480258D5F8B000B0F5807F19D1FFF751
:104CC0000DF9029011E000BFFFF708F90299411AAF
:104CD00041F28830814208D9032426462878DFF83B
:104CE0001494C043C00721D03CE0D9F800008007ED
:104CF000EAD5D5F8B010C1F301200328FE480DD045
:104D0000016821F47C510160B5F8B020D9F8001099
:104D1000C2F30B021143C9F80010DFE7F74A03683A
:104D200002EA111223F47C511143ECE7A86F182812
:104D300016D005DCA0B1082808D0102804D10AE05C
:104D400020280DD028280BD001240AE00198012149
:104D500002F0B4FA03E00098012102F03FFB0446A0
:104D600064B126462878C04380071ED4686F0628A1
:104D700019D2DFE800F0160C11161616AA6FD9F832
:104D8000001021F038011143C9F80010EAE701983A
:104D9000012102F093FA03E00098012102F01EFBCA
:104DA00004467CB100E0012426462878C043400731
:104DB0001FD4D5F89000062819D2DFE800F0160CB1
:104DC000111616166A6FD9F8001021F00701114369
:104DD000C9F80010E9E70198012102F06FFA03E039
:104DE0000098012102F0FAFA0446A4B100E001247F
:104DF00026462878C04380062BD4D5F88C00B0F125
:104E0000405F24D011DC10B3B0F1805F15D0B0F159
:104E1000005F10D116E0D5F89020D8F8001021F0EE
:104E200007011143C8F80010E3E7B0F1804F0ED03E
:104E3000B0F1A04F0BD001240AE00198002102F04C
:104E40003DFA03E00098022102F0C8FA044694B14A
:104E500026462878C04340062BD4D5F89800B0F5F4
:104E6000406F24D011DC10B3B0F5806F15D0B0F5D1
:104E7000006F10D116E0D5F88C20D9F8001021F081
:104E8000E0411143C9F80010E3E7B0F5805F0ED0B0
:104E9000B0F5A05F0BD001240AE00198002102F0D8
:104EA0000DFA03E00098022102F098FA044694B14A
:104EB00026462878C04300062BD4D5F89C00B0F5D0
:104EC000C04F24D011DC10B3B0F5005F15D0B0F5A1
:104ED000804F10D116E0D5F89820D8F8001021F4B2
:104EE000E0511143C8F80010E3E7B0F5004F0ED0D1
:104EF000B0F5204F0BD001240AE00198002102F008
:104F0000DDF903E00098022102F068FA044654B18A
:104F100026462878C04300071ED4D5F88000B0F597
:104F2000805F0AD00FE0D5F89C20D8F8001021F45B
:104F300060411143C8F80010EBE70098022102F02D
:104F40004DFA00B10126D5F88020D9F8001021F4DF
:104F500040511143C9F800102878C043C00613D44B
:104F6000D5F89400B0F5807F05D10098022102F0B9
:104F700035FA00B10126D5F89420D8F8001021F4B4
:104F800040711143C8F800102868C043000316D4CC
:104F9000D5F8A00038B1B0F5803F09D0B0F5003F9A
:104FA0000BD001240AE00198002102F087F903E008
:104FB0000098022102F012FA04468CB126462868B5
:104FC000C043400322D4D5F88400B0F5801F11D02F
:104FD000B0F5001F13D0B0F5401F15D0012414E028
:104FE000D5F8A020D8F8001021F440311143C8F8BA
:104FF0000010E4E7386840F40030386004E00098BE
:10500000012102F0EBF904465CB126462868C04352
:10501000C0031CD4286D70B1B0F5803F10D00124BE
:1050200014E0D5F88420D9F8001021F44011114380
:10503000C9F80010EAE7386840F40030386004E04E
:105040000198022102F03AF90446DCB126462868AC
:10505000C043800005D40098022102F0BFF900B1DE
:1050600001262868C04380031BD4E86FB8B1B0F5AF
:10507000807F10D0B0F5007F11D0B0F5407F0ED00A
:1050800001240DE02A6DDBF8001021F4803111437A
:10509000CBF80010DBE7386840F4003038607CB3B0
:1050A00026462868C043C00207D42A6FDAF80010E9
:1050B00021F000411143CAF800102868C043800263
:1050C00007D4AA6EDAF8001021F080711143CAF8F3
:1050D00000102868C043400009D40748016821F443
:1050E000004101600168D5F8B420114301602868CF
:1050F000C04306E05444025810440258CFFFFF005A
:105100001DE007D46A6DDBF8001021F04051114317
:10511000CBF800102868C043000208D4D5F88820D6
:10512000D9F8001021F440011143C9F80010287982
:105130000024C04300F00100204309D00EE0EA6FD4
:10514000D9F8001021F440711143C9F80010A8E704
:105150000198002102F0B2F800B106462879C04358
:1051600000F00200204305D10198012102F0A6F8C9
:1051700000B106462879C04300F00400204305D161
:105180000198022102F09AF800B106462879C0433E
:1051900000F00800204305D10098002102F01EF91C
:1051A00000B106462879C04300F01000204305D125
:1051B0000098012102F012F900B106462879C04397
:1051C00000F02000044304D10098022102F006F907
:1051D00000B916B10120BDE8FE8F0020FBE70000FA
:1051E0002DE9F05F04000F467ED0DFF83882D8F852
:1051F000000000F00F00B8420CD2D8F8001021F0E7
:105200000F013943C8F80010D8F8000000F00F0073
:10521000B84269D12078844D40070AD520692968B1
:1052200001F07001884204D9296821F0700101431E
:10523000296020787C4E361D00070AD560693168E8
:1052400001F07001884204D9316821F070010143F6
:1052500031602078C0060AD5A069316801F4E061A8
:10526000884204D9316821F4E0610143316020783B
:10527000DFF8B4B180060BF1080B0CD5E169584694
:10528000DBF8002002F07002914204D9026822F09B
:1052900070020A430260207880070AD5E068296816
:1052A00001F00F01884204D9296821F00F01014360
:1052B00029602078C0073ED05B49A2682868183969
:1052C00020F47060104328606068022818D003281A
:1052D00019D00968012819D0490700294ADADFF8EE
:1052E00048A1AAF1080A00E044E0DAF8002022F020
:1052F00007020243CAF80020FEF7F0FD814612E0E3
:1053000009688903E9E709688901E6E7C905E4E76F
:10531000FEF7E4FDA0EB090141F28830814202D999
:105320000320BDE8F09F6168DAF8000000F0380063
:10533000B0EBC10FECD1207880070AD5E06829686E
:1053400001F00F01884204D2296821F00F010143C6
:105350002960D8F80010404601F00F01B9420BD97E
:10536000016821F00F0139430160006800F00F006F
:10537000B84201D00120D4E7207840070AD520693F
:10538000296801F07001884204D2296821F0700177
:1053900001432960207800070AD56069316801F06F
:1053A0007001884204D2316821F0700101433160FC
:1053B0002078C0060AD5A069316801F4E06188420E
:1053C00004D2316821F4E061014331602078800625
:1053D0000CD5E1695846DBF8002002F070029142DA
:1053E00004D2026822F070020A43026000F06CF8F6
:1053F0000E492A682B68C2F3032203F00F038A5C6C
:10540000C95C02F01F0201F01F01D040084A20FAD7
:1054100001F111600749086007480068BDE8F05FC6
:10542000FFF704B8002000521844025848F600085C
:10543000E8DC0024E4DC0024DCDC002430B500F0EF
:1054400043F80B4A0B490C4B15681468C5F303224B
:1054500004F00F048A5C095D02F01F0201F01F01D5
:10546000D040064A20FA01F119601060084630BDAC
:105470001844025848F60008E8DC0024E4DC002464
:1054800000B5FFF7DBFF05490968054AC1F30211C2
:10549000515C01F01F01C84000BD00001C440258CF
:1054A00048F6000800B5FFF7C9FF05490968054A35
:1054B000C1F30221515C01F01F01C84000BD000092
:1054C0001C44025848F60008454970B5454809682B
:1054D000434B103B11F0380208D00111082A03D0C9
:1054E000102A0BD0182A0BD0084670BD19688906FF
:1054F000FBD51968C1F3C101C84070BD3A4870BD01
:105500003749374D18310C1D24350A68096826685B
:105510002D6802F0030406F00102C1F30511C5F382
:10552000CC0515FB02F200EE102AB8EE400AE9B3F2
:105530002F4ADFED2E0AB7EE001A6CB1DFED2D1AFF
:10554000012C01D0022C43D002EE101A1068F8EEA4
:10555000422A81EEA22A1EE01C68A40611D51B680F
:1055600001EE901A1168C3F3C103F8EE612AD84026
:1055700001EE900AC1F30800F8EE611A81EEA22A4A
:105580000BE001EE901ADFED1C2A00BFF8EE611A65
:10559000106882EEA12AC0F3080001EE900AF8EE2E
:1055A000611A40EE201A31EE810A00E015E022EE89
:1055B000000A1068C0F34620401C00EE900AF8EE86
:1055C000600A80EE201ABCEEC10A10EE100A70BD0F
:1055D00001EE901ADFED092AD8E7002070BD000027
:1055E000104402580090D00340787D01000000393B
:1055F000304402580024744A0024744C20BCBE4B32
:105600002DE9F05F04007DD0FF4F2078FE4D183764
:10561000DFF8F483103DC00748D0D8F8000039689F
:1056200000F03800102815D0182803D101F003002D
:1056300002280FD06068B0F5803F12D010B1B0F5ED
:10564000A02F18D0286820F480302860286820F423
:10565000802009E02868800328D560680028D2D01F
:1056600024E0286840F480302860606888B1FEF744
:1056700035FC064609E0286840F480202860F0E701
:10568000FEF72CFC801B64287ED828688003F7D5A1
:105690000CE0FEF723FC064605E000BFFEF71EFC0B
:1056A000801B6428F0D828688003F7D4207880070E
:1056B00056D5D8F80000DFF85093396810F038005C
:1056C000A9F10C090ED0182801D188070AD0E0688A
:1056D000A8B3296821F0190101432960FEF7FEFBF8
:1056E000064628E02868400702D5E06800288AD0EE
:1056F000E168286820F0190008432860FEF7EEFBF7
:10570000064606E0D2E000BFFEF7E8FB801B022859
:10571000BAD828684007F7D5217CD9F8002022F0B4
:10572000FE4242EA0161C9F8001019E0FEF7D6FB1B
:10573000801B0228A8D828684007F7D5ECE7FFE7C8
:10574000286820F001002860FEF7C8FB064604E048
:10575000FEF7C4FB801B022896D828684007F7D4C0
:105760002078C00646D5D8F80000DFF89C9239684A
:1057700000F03800A9F10409082812D0182805D132
:1057800001F00300012800E0CEE00AD0E069002823
:10579000286820D040F080002860FEF79FFB064676
:1057A00015E02868C00502D5E06980287ED194F80C
:1057B0002010D9F8002022F07C5242EA0161C9F899
:1057C000001017E0FEF78AFB801B0228A0D828688B
:1057D000C005F7D5EBE720F080002860FEF77EFBE0
:1057E000064604E0FEF77AFB801B022890D8286862
:1057F000C005F7D42078000729D583486169643053
:1058000000298146016811D041F001010160FEF7D5
:1058100065FB064605E000BFFEF760FB801B022823
:1058200088D8D9F800008007F6D510E021F00101F2
:105830000160FEF753FB064605E000BFFEF74EFB96
:10584000801B022870D8D9F800008007F6D4207891
:10585000800623D5A0690028286810D040F4805025
:105860002860FEF73BFB064605E000BFFEF736FB6F
:10587000801B022858D828688004F7D50EE020F451
:1058800080502860FEF72AFB064604E0FEF726FB60
:10589000801B022848D828688004F7D42078400765
:1058A00051D5DFF86891D9F8001000E015E141F416
:1058B0008071C9F80010FEF711FB064605E000BF35
:1058C000FEF70CFB801B64282ED8D9F80000C00519
:1058D000F6D54D4EA068603601280AD008B10528DB
:1058E00013D0306820F001003060306820F00400F0
:1058F00002E0306840F001003060A06841F2883A70
:1059000098B1FEF7EBFA81460AE0306840F00400F7
:105910003060EEE7FEF7E2FAA0EB0901514503D84B
:1059200030688007F6D50EE072E0FEF7D7FA8146C0
:1059300006E000BFFEF7D2FAA0EB0901514567D897
:1059400030688007F6D4606A00287CD0DFF8B8A001
:10595000D8F800100AF1200A4FF6F87B0AF1040883
:10596000C1F3C2010329AAF104096DD002282868F5
:1059700020F08070286003D0FEF7B0FA044681E082
:10598000FEF7ACFA064604E0FEF7A8FA801B0228F0
:1059900075D828688001F7D4E26A40F2F33138689C
:1059A00054F8283F884340EA021018433860217BAE
:1059B0004FF4FE0C22894FF0FE47208A4902267DD3
:1059C000521E401EA1F5007189B2C2F308021143B4
:1059D000761E0CEA00400143484607EA066211437E
:1059E000CAF80010D9F8001021F00101C9F8001020
:1059F000D8F80030266A23EA0B0343EAC601C8F848
:105A00000010D9F8001004E0104402580048025871
:105A100035E0A26921F00C011143C9F800100168BA
:105A2000E26921F0020111430160016841F4803113
:105A30000160016841F400310160016841F4802196
:105A40000160016801E06CE020E041F001010160CB
:105A5000286840F080702860FEF740FA044604E0B1
:105A6000FEF73CFA001B022809D828688001F7D508
:105A700057E000BFFEF732FA001B022802D90320CC
:105A8000BDE8F09F28688001F4D44AE03968012815
:105A9000DAF8000021D0A26A01F0030393421CD17E
:105AA000E26AC1F305118A4217D1216BC0F30802E3
:105AB000491E8A4211D1616BC0F34622491E9142B0
:105AC0000BD1A16BC0F30642491E914205D1E16B97
:105AD000C0F30660491E814201D00120D0E7A16CCD
:105AE0004646D8F80000C0F3CC00814219D0D9F85E
:105AF00000004D4620F00100C9F80000FEF7EEF965
:105B00004FEA0007FEF7EAF9B842FBD0A26C306812
:105B100020EA0B0040EAC2003060286840F0010033
:105B200028600020ACE700002DE9F047040029D0F0
:105B3000594A4FF000092068584B594D9042C4F81B
:105B4000289006D0984204D0A84202D0E1680F29DC
:105B500018D8E1684FF0010AE76B0831C9080AEB71
:105B600057167143904205D0984203D0A84201D005
:105B7000082907D8904203D0984201D0A84204D106
:105B8000102902D90120BDE8F08794F8810020B9DE
:105B9000204684F8809000F085F8022084F8810087
:105BA0002068016821F0010101602068A169826814
:105BB000B1F1806F02F4F81110D16268B2F5800F74
:105BC00001D01AB10AE0A26B22B107E0A26BB2F1D8
:105BD000805F03D1026842F4805202606068400234
:105BE00009D5E068072806D32068236D026822F4EF
:105BF00080721A4303E02068026822F48072026017
:105C0000A66AE069E26B25683043E3680A43104303
:105C10001843A860D4E90D02D4E90581636A2569B7
:105C20001843D4F820C00A43266810432843A56DC2
:105C3000D4E90172D4E9123140EA080040EA0C00CC
:105C400038430843104318432843F060606868B93C
:105C50002068816821F4C05141F4006181602068AE
:105C6000816821F4C06141F4806181602068016D28
:105C700021F0010101656068400206D52068626D6F
:105C8000C16821F000411143C160C4F8849084F8D8
:105C900081A0002077E7000000300140003800407C
:105CA000003C004010B5B4B0044614212EA8FAF709
:105CB000A4FBB8216846FAF7A0FB1849206888427F
:105CC0002AD18114002017900446CDE900106846BF
:105CD000FEF7E8FD08B1FCF74DF91148016841F401
:105CE00080510160006800F4805033900C481038F7
:105CF000016841F00101016000682EAB022100F053
:105D000001003390A020052283E8130005482EA946
:105D1000CDE93142FDF7CEFF34B010BD0030014077
:105D2000F044025800000258401EB0F1807F10B5C8
:105D300001D3012010BD4FF0E02460610F216017F6
:105D400002F042FC0020A0610721216110BD30B5A6
:105D500090F88410012918D0012280F88420242191
:105D6000C0F888100022202401680B680D6823F019
:105D7000005325F001050D60426601680B60C0F814
:105D8000884080F88420104630BD022030BD704726
:105D9000704770B5044690F8840001281DD0012298
:105DA00084F884202420C4F88800206805680268EC
:105DB00022F0010202602068826822F060620A43D9
:105DC0008260204601F0CAFD226820210020156073
:105DD000C4F8881084F8840070BD022070BD70B5CE
:105DE000044690F8840001281DD0012284F8842004
:105DF0002420C4F8880020680568026822F00102A7
:105E000002602068826822F060420A438260204675
:105E100001F0A4FD2268202100201560C4F888103C
:105E200084F8840070BD022070BD7047704770B563
:105E300001680446D0F888001025D4F88C60896881
:105E4000090618D5212816D12068083050E8001F0F
:105E500021F0800140E80012002AF5D1E06F38B14E
:105E6000FCF782FD20B1E06FFDF770F8202823D009
:105E7000204601F01FFF2068806840061AD5222EB8
:105E800018D12068083050E8001F21F0400140E898
:105E90000012002AF5D1D4F8800040B1FCF764FD6F
:105EA00028B1D4F88000FDF751F8202804D020460E
:105EB00001F0D6FE002070BDC4F89050032070BDE4
:105EC000704700002DE9F04107680025044640F6C0
:105ED0000F030226F8693968BA6818420AD18306A6
:105EE0007ED501F0200302F0805C53EA0C0377D0EA
:105EF000616F74E1CF4BDFF840C3134001EA0C0C33
:105F000053EA0C0C6CD05FEAC07C0CD05FEAC15C39
:105F100009D54FF0010CC7F820C0D4F8907047F0B5
:105F20000107C4F89070870709D5D70707D02768FD
:105F30003E62D4F8906046F00406C4F890604607CC
:105F40000AD5D60708D0276804263E62D4F89060A8
:105F500046F00206C4F8906006070CD501F0200652
:105F60001E4308D0266808233362D4F8903043F0EB
:105F70000803C4F8903003050BD54B0109D52668FA
:105F80004FF400633362D4F8903043F02003C4F838
:105F90009030D4F89030002B3DD0800609D501F028
:105FA000200002F08051084303D0616F09B1204600
:105FB00088472168D4F890008968490602D410F017
:105FC000280F2AD0204601F04BFE2068806840064A
:105FD0001ED52068083050E8001F21F0400100E085
:105FE00021E040E80012002AF3D1D4F8800078B113
:105FF00092490165D4F88000FCF766FE00280AD0BB
:10600000D4F88000016D00E02046BDE8F04108476B
:106010002046FFF755FFBDE8F0812046FFF750FF0F
:10602000C4F89050F7E7D4F86CC02023BCF1010FFE
:106030007ED15FEAC06C7BD55FEAC16C78D5102059
:10604000386220688068400673D5D4F880107C4A96
:106050000868904234D07A4A1832904230D0784A58
:10606000303290422CD0764A4832904228D0744A3E
:106070006032904224D0724A7832904220D0704AE6
:10608000903290421CD06E4AA832904218D06D4A8D
:10609000904215D06B4A1832904211D0694A303282
:1060A00090420DD0674A4832904209D0654A60322A
:1060B000904205D0634A7832904201D0614A9032D2
:1060C00040680004000CA6D0B4F85C208242A2D93B
:1060D000A4F85E00C869B0F5807F2FD0216851E830
:1060E000000F20F4807041E80002002AF6D12068F9
:1060F000083050E8001F21F0010140E80012002A9A
:10610000F5D12068083050E8001F21F0400140E838
:106110000012002AF5D1C4F88C30E566216851E8F8
:10612000000F20F0100041E80002002AF6D101E043
:1061300040E00BE0D4F88000FCF716FC2667B4F8CA
:106140005C00B4F85E10401A81B22FE0B4F85C0035
:10615000B4F85E10B4F85E20401A81B2002AB2D0C2
:106160000029B0D0226852E8000F20F4907042E875
:106170000007002FF6D1344F206800F1080050E8E6
:10618000002F02EA070240E8002CBCF1000FF3D117
:10619000C4F88C30E5666567206850E8002F22F06F
:1061A000100240E80023002BF6D126672046FFF7B7
:1061B000EEFD30E7C60209D5560207D54FF4801030
:1061C00038622046BDE8F041FFF730BE06060AD52A
:1061D00001F0800602F40002164304D0A16F0029EA
:1061E0007FF412AF17E7420611D54A060FD52046B5
:1061F000026852E8001F21F0400142E80014002C20
:10620000F6D1C0F88830856700F0B6FA03E70202DD
:1062100006D54A0004D52046BDE8F041FFF705BE8B
:10622000C001C6D50029C4DA2046BDE8F041FFF719
:10623000AFBD00000100001020010004137B000826
:106240001000024010040240FEFFFFEF10B50400F2
:1062500003D0D4F8880010B107E0012010BD002061
:1062600084F88400204600F027F82420C4F8880031
:106270002068016821F001010160A06A10B1204688
:1062800001F08EFB204601F02DFD0128E6D02068AC
:10629000416821F4904141602068816821F02A0121
:1062A00081602068016841F0010101602046BDE87D
:1062B000104001F0D9BB00002DE9F047B4B006460C
:1062C00014212EA8FAF799F8B8216846FAF795F83C
:1062D000814F022481494FF4806A3068083F7E4D27
:1062E0004FF00008884249D1002168460222CDF8CB
:1062F0007480CDE90021FEF7D5FA08B1FBF73AFE2C
:10630000286840F400202860286800F400203390BA
:10631000386840F001003860386803272E9708215C
:1063200000F001004546CDE92F48CDF8C480CDE905
:1063300032106B482EA9FDF7BDFC6A4C40206A4B19
:10634000C4E90030A0603B04C4E9035A656104203D
:10635000A56160622046C4E90753C4E90A75256354
:10636000FDF76AF908B1FBF705FE0022F467342057
:106370001146A663FEF7E4F834204CE05B494FF089
:10638000070988424CD1002168460222CDF874806A
:10639000CDE90021FEF786FA08B1FBF7EBFD28688E
:1063A00040F080402860286800F0804033903868D2
:1063B00040F02000386038682EAAC021454600F021
:1063C000200082E83200CDE9329049482EA9CDF86C
:1063D000C480FDF76FFC434C4F2243497834183199
:1063E000204621608B15C4E90125C4E9035A656183
:1063F0001902C4E90653C4E90815FDF71DF908B1EF
:10640000FBF7B8FD0022C6F8804052201146A66373
:10641000FEF796F85220FEF785F834B0BDE8F08715
:106420003449884226D10020CDF874800221CDE97C
:1064300000106846FEF736FA08B1FBF79BFD2868A6
:1064400040F400302860286800F400303390386849
:1064500040F00800386038682EAA602100F008007B
:1064600082E81201CDE9329023482EA93194FDF73C
:1064700021FCD2E721498842CFD10020CDF8748099
:106480000221CDE900106846FEF70CFA08B1FBF7CF
:1064900071FD286840F480202860286800F480207E
:1064A0003390386840F00200386038682EAA4FF404
:1064B000406100F0020082E81201CDE932901048FC
:1064C0002EA9CDF8C480FDF7F5FB00222720114648
:1064D000FEF736F827209EE7E8440258004C0040BB
:1064E0000000025838B1012410000240007800403A
:1064F0000014025800440040000C025800480040BC
:10650000000402582DE9F84F0446D0F88C009B4651
:1065100016460D46202802D00220BDE8F88FC5B1EE
:10652000BEB10027C4F890702220C4F88C00E76642
:106530002034FDF7D3FC824654F8180CA6874FF49C
:106540008053E687FF21203C984207D1226912B18F
:1065500019E00120E1E740F2FF1114E04FF07F0263
:1065600078B1B0F1805F11D0A4F860709842B4F8AF
:1065700060704FF0200801D1206970B12E460025CF
:106580000CE0266936B9A4F86010EFE7216909B17B
:106590003F21F8E7A4F86020E8E7002607F0FF09AC
:1065A000B4F85E00F0B10022534620212046CDF819
:1065B00000B001F0D9FD18B1C4F88C800320ACE71D
:1065C0002068406A56B100EA090006F8010B00BFD6
:1065D000B4F85E00401EA4F85E00E1E7384025F8FC
:1065E000020BF5E7C4F88C80002096E730B4D0F8B1
:1065F0008C30202B02D0022030BC7047A9B1A2B150
:106600000B4D00240368C466AB420BD05B681B02D1
:1066100008D5046854E8003F43F0806344E800353F
:10662000002DF6D130BC01F04BBD0120E4E70000A5
:10663000000C0058704770472DE9F8430446D0F825
:106640008800984616460D46202802D00220BDE854
:10665000F883A5B19EB10021C4F890102120C4F8A0
:1066600088001834FDF73AFC814654F8100CA687D0
:10667000E6872027183CB0F5805F02D003E00120B8
:10668000E5E7206910B12E46002510E000260EE057
:106690008021204601F068FDC0B9DEB116F8010B7B
:1066A00021688862B4F85600401EA4F85600B4F879
:1066B00056004B464FF00002CDF800800028E7D18D
:1066C0004FF04001204601F04FFD48B1C4F88870FA
:1066D0000320BCE735F8020B2168C0F30800E0E7AF
:1066E000C4F888700020B2E770B50446D0F888007E
:1066F000202801D0022070BD39B332B3E06F0023EF
:1067000021652125A4F85420A4F85620C4F890301F
:10671000C4F88850D8B11549C163E16F14480864C2
:10672000E16F1448C864E06F036513462068E56FA5
:1067300000F12802216D2846FDF75CF938B11021DF
:10674000C4F890102020C4F88800012070BD216892
:10675000402008622068083050E8001F41F08001A6
:1067600040E80012002AF5D1002070BD177C000817
:10677000577C0008277B000800680349884202D143
:106780000249012008707047004C0040ECDC0024F6
:106790007047FEE701688A69D243920701D400225C
:1067A0008A6200688169C943C90703D0816941F0E1
:1067B00001018161704700002DE9F047044600683F
:1067C0000026894617464FF0200835468169C906DC
:1067D00041D51021C1612FE0B9F1FF3F2CD0FDF769
:1067E0007DFBC11B494502D8B9F1000F24D12068B7
:1067F000426894F84210836902F48042DB431B0430
:1068000015D4B2F5804F12D0202910D0416841F440
:1068100080414160FDF762FB074608E0FDF75EFB43
:10682000C01B192803D9012645F0200504E0206883
:106830008069C0438006F1D420688069C043800627
:1068400002D5002EC8D003E016B92168C1F81C801B
:10685000012645F0040521688869C20505D54FF475
:106860008072CA6145F00105012641050AD52168FB
:1068700080054FF4806245F00805CA614FF00106BB
:1068800002D40AE0800507D5206801264FF4007184
:1068900045F00205C16100E08EB12046FFF77AFFA6
:1068A00020680021074F43683B404360606C2843E9
:1068B000606484F8418084F8421084F840103046C7
:1068C000BDE8F08700E800FE2DE9F84317460446CE
:1068D0001548DAB2DDE908981E46009000232046EC
:1068E00000F056F842464946204600F0D3F8B8B9C1
:1068F000012EFDB208D02068390A8162424649461D
:10690000204600F0C7F858B920688562002240216F
:106910004B462046CDF8008000F052F8002800D009
:106920000120BDE8F8830000002000802DE9F84335
:106930000446164817461E46DAB20090C3022046A7
:10694000DDE9089800F024F842464946204600F068
:10695000A1F8B8B9012EFDB208D02068390A8162C9
:1069600042464946204600F095F858B920688562AD
:10697000002280214B462046CDF8008000F020F810
:10698000002800D00120BDE8F8830000002000802E
:1069900070B50068C1F3090141EA0241074D049C4A
:1069A00019434FF480664268214306EA54532B434F
:1069B0009A4321F000410A43426070BDFF63FF0328
:1069C0002DE9F0411D4617460E460446DDF81880B5
:1069D00028E0424629462046FFF7EEFE10B101208E
:1069E000BDE8F081681C1DD0FDF778FAA0EB080027
:1069F000A84200D8B5B92068806936EA00000FD0F7
:106A00000020B8420ED1626C002084F840002021A2
:106A100042F02002626484F8411084F84200DEE70C
:106A20000120EEE72068806936EA000004D00020EB
:106A3000B842CED00020D3E70120F9E770B5164662
:106A40000D4604461FE0324629462046FFF7B4FEB5
:106A500008B1012070BDFDF741FA801BA84200D8A3
:106A60008DB920688069C04380060CD5626C002017
:106A700084F84000202142F02002626484F8411032
:106A800084F84200E5E720688069C0438006DAD4D4
:106A9000002070BD70B516460D46044621E0324612
:106AA00029462046FFF788FE08B1012070BD681C0A
:106AB00017D0FDF713FA801BA84200D88DB92068C3
:106AC0008069C04380070CD5626C002084F84000C8
:106AD000202142F02002626484F8411084F84200D0
:106AE000E3E720688069C0438007D8D4002070BDE8
:106AF0004FF450720B464FF4105100F043B970B58B
:106B00000C460546FBF720FF21462846FBF7A8FE6A
:106B100021462846FBF7A0FC21462846FBF7F8FE55
:106B2000B5F870002146C0F3013084F824002846EF
:106B3000FBF79AFC21462846FBF7B4FC2146284681
:106B4000FBF71AFA21462846FBF702FE21462846A3
:106B5000FBF70CFD21462846FBF798FD2146284609
:106B6000FBF718FB21462846FBF7C0FA21462846CA
:106B7000BDE87040FBF7D0BB2DE9FC4700240F4671
:106B80004FF40046814641F28838254601226B4683
:106B90003146484600F0F6F8002809D1BDF800104B
:106BA0006D1CADB2454501F0080003D96FF06200DD
:106BB000BDE8FC870028E9D04FF450754FF4806899
:106BC000052C1ED230223146484600F001F9411C06
:106BD000EED03B462A464146484600F0D3F800280E
:106BE000E6D101226B463146484600F0CBF800283A
:106BF000DED1BDF8000004F10104E4B210F0080F8A
:106C0000DED1042C02D96FF00700D1E7012248F24F
:106C10000D0101AB484600F0B5F8BDF8041000289E
:106C2000A7F88016BDF8001001F00101A7F8821640
:106C3000BED10846BCE7000070B50C4605462DEDF8
:106C4000048B00F053F8B5F84006254900EE900A91
:106C5000B0EE408A9FED230AF8EE600A10EE900A2B
:106C6000884201DD70EEC00AB5F8000601EE100A98
:106C7000B8EE411A11EE100A884201DD31EE401AD9
:106C800094ED040A00EE801A80EE810AB3EE021B36
:106C9000B7EEC09AB0EE000B01F0AAFC29EE003B63
:106CA0009FED111A94ED010AF7EE000A38EE411A31
:106CB000A089D4ED021AB3EE092A40EE010AB7EE1C
:106CC000C30B01EE100ABDEC048BB8EE411AC0EE06
:106CD000202A32EEC10AC0EE210A30EE820A70BDCF
:106CE00000FEFF46000080473333534070B50C462A
:106CF000214A2DED048BB0F8541600EE101AB8EEB0
:106D0000408A18EE101A914203DD9FED1C0A38EEFE
:106D1000408AB0F88006C0F3812594F8240000EE84
:106D2000100AB8EE401BB0EE000B01F061FC01EE62
:106D3000105AB0EE409BB0EE000BB8EEC11B01F054
:106D400057FC89EE002BB4F90200B4F9001000EEF4
:106D5000100A01EE101ADFED0A1AF8EEC00AB8EEBA
:106D6000C11AB7EEC20B50EE080ABDEC048B80EEE0
:106D7000810A30EE210A70BD00FEFF460000804708
:106D8000333353403EB515461C460A464FF6FF7353
:106D90004106009403EA45004FF4FA73090ECDE969
:106DA00001030A480223FDF769F958B14FF0FF309B
:106DB0003EBD00BF34F810100A0A42EA012124F84F
:106DC0001010401CA842F5DB00203EBD0CAE012493
:106DD0007FB5130A43EA0222ADF80C2040060224D4
:106DE0000A464FF4FA7503AB8DE83800000E2346CF
:106DF00001460448FDF7F4F9002800D0E01E04B075
:106E000070BD00000CAE012438B548F20D040546F3
:106E100001226B462146FFF7B5FF002807D1BDF8D8
:106E20000000214640F480522846FFF7D1FF38BDCC
:106E3000F8B5054648F20D0448076B460122214685
:106E4000860D2846FFF79EFF002808D1BDF80000F8
:106E5000214620F4607228463243FFF7B9FFF8BD9F
:106E60000D4808B5016841F0010101600068002289
:106E7000114600F0010000900B20FDF761FB0B2094
:106E8000FDF750FB00220C201146FDF759FBBDE831
:106E900008400C20FDF746BBD844025870B586B0B8
:106EA00014216846F9F7A9FA2648016841F004015F
:106EB0000160016801F004010591016841F02001C1
:106EC0000160016801F020010591016841F0800135
:106ED0000160016801F080010591016841F0010144
:106EE0000160016801F001010591016841F00201B2
:106EF0000160016801F002010591016841F008019B
:106F0000016000680122104E1C2100F0080005906D
:106F10003046FCF7DDFF0124694602250420CDE957
:106F20000004CDE902453046FCF7C4FE002103957C
:106F3000182000903046CDE901416946FCF7BAFEC1
:106F400006B070BDE0440258000002581448002109
:106F500010B5124C0123134A0460C0E90121C0E9B5
:106F6000033141618161C1610162FDF727F808B118
:106F7000FBF700F80A480021FCF7B6FF08B1FAF762
:106F8000F9FF07480021FCF7DBFF08B1FAF7F2FF31
:106F9000BDE810400120FCF7FDBF00000054004098
:106FA0000CAE01245C1A60002DE9F04114484FF446
:106FB00080060021114D33010724C0E90341DA00A6
:106FC000C0E90513C0E90721416277118162C162FE
:106FD00041638163C163016441648164C16401658B
:106FE0004165816580E8E000FEF79EFD002803D042
:106FF000BDE8F041FAF7BEBFBDE8F08100300140C6
:1070000060AE01241848002110B5164C0C224FF434
:10701000E1330460C0E90131C160C0E9041281615B
:10702000C161016241628162FFF710F908B1FAF7AC
:10703000A1FF0D480021FEF7D2FE08B1FAF79AFF32
:1070400009480021FEF7A5FE08B1FAF793FF0648AC
:10705000FEF77DFE002803D0BDE81040FAF78ABF96
:1070600010BD0000004C0040E8AE0124184800218B
:1070700010B5164C0C224FF4E1330460C0E9013125
:10708000C160C0E904128161C16101624162816233
:10709000FFF7DCF808B1FAF76DFF0D480021FEF7A5
:1070A0009EFE08B1FAF766FF09480021FEF771FE5F
:1070B00008B1FAF75FFF0648FEF749FE002803D043
:1070C000BDE81040FAF756BF10BD00000078004040
:1070D0007CAF01241848002110B5164C0C224FF447
:1070E00061230460C0E90131C160C0E9041281611B
:1070F000C161016241628162FFF7A8F808B1FAF745
:1071000039FF0D480021FEF76AFE08B1FAF732FF99
:1071100009480021FEF73DFE08B1FAF72BFF0648AB
:10712000FEF715FE002803D0BDE81040FAF722BF95
:1071300010BD00000044004010B001241848002198
:1071400010B5164C0C224FF4E1330460C0E9013154
:10715000C160C0E904128161C16101624162816262
:10716000FFF774F808B1FAF705FF0D480021FEF7A4
:1071700036FE08B1FAF7FEFE09480021FEF709FEC7
:1071800008B1FAF7F7FE0648FEF7E1FD002803D044
:10719000BDE81040FAF7EEBE10BD00000048004008
:1071A000A4B00124FEE7FEE770B5184C5A20062271
:1071B0000421150220706070201DA1701449E27036
:1071C0002A46F9F701F9124904F204602A46F9F750
:1071D000FBF80F4904F604402A46F9F7F5F80C4984
:1071E0002A460C48F9F7F0F80B480E4B0B490C4EA9
:1071F000027841F60400451C22541B78821D635519
:107200000B68C01D33600979A15470BD4090012402
:1072100028B2012444A20124C0DC002430BB012494
:1072200046A80124C1DC002470B5204C2078012838
:107230003AD11F48618800290EDD00F01F02114479
:10724000BFF34F8F1B4A1060203020390029FADC31
:10725000BFF34F8FBFF36F8F6088092822D3144884
:10726000017801291ED1B0F80510A0F10C05B0F885
:10727000032040F6026349BAA1F5606652BA0E3E99
:1072800004D099420ED1012A07D00BE0042A09D17B
:1072900007480C384169016001E0007A2871FCF769
:1072A0001DFEA8600020207070BD0000F01A0124AF
:1072B0003CBB01245CEF00E0704700002DE9F04783
:1072C000454D044689464FF0000A2868C0438007B0
:1072D0000AD0414E283E306820F080603060FCF7D4
:1072E000FDFD0746B04608E00120BDE8F08700BF7D
:1072F000FCF7F4FDC01B022867D8D8F80000000195
:10730000F6D4206829684FF4FE0721F47C313E0250
:1073100041EA00302860207AA389B4F804C0400212
:107320002D4D2D495B1E227CACF1010C1035091D41
:10733000A0F5007080B2521ECCF3080C07EA03439C
:1073400040EA0C00184306EA02621043286008680D
:10735000626920F0C000104308600A68A06922F04A
:10736000200202430A60281D0A6822F010020A6007
:1073700002684FF6F873E4699A4342EAC402026075
:107380000868B9F1000F40F010020A6011D00868D7
:10739000B9F1010F11D040F400100860D8F80000D6
:1073A000444640F08060C8F80000FCF797FD0546B1
:1073B0000DE0086840F40020EFE740F48010ECE7AF
:1073C000FCF78CFD401B022801D903208DE72068C3
:1073D0000001F5D5504688E7284402582DE9F047CA
:1073E000454D044689464FF0000A2868C04380078F
:1073F0000AD0414E283E306820F080503060FCF7C3
:107400006DFD0746B04608E00120BDE8F08700BFEB
:10741000FCF764FDC01B022867D8D8F80000800084
:10742000F6D4208829684FF4FE0721F07C713E02D3
:1074300041EA00502860207AA389B4F804C04002D1
:107440002D4D2D495B1E227CACF1010C1835091D18
:10745000A0F5007080B2521ECCF3080C07EA03437B
:1074600040EA0C00184306EA0262104328600868EC
:10747000626920F44060104308600A68A06922F441
:10748000007202430A60281D0A6822F480720A60B2
:1074900002684FF6F873E4699A4342EAC402026054
:1074A0000868B9F1000F40F480720A6011D00868D2
:1074B000B9F1010F11D040F080700860D8F80000D9
:1074C000444640F08050C8F80000FCF707FD054630
:1074D0000DE0086840F48000EFE740F40000ECE7BE
:1074E000FCF7FCFC401B022801D903208DE7206833
:1074F0008000F5D5504688E7284402582DE9F04F22
:107500002DED088B824681B05848416800297DD016
:1075100083469FED57AA1027F3EE048A9FED559AF4
:10752000D0E90412D1F80480DFED53AA9FED53BADD
:1075300079EE689AD2F804900025F7EE00BA00BF01
:10754000C5EBC5011F2001EB051191FBF0F60024EE
:1075500004EB46110AEB810090ED008AB4EEC98A73
:10756000F1EE10FA01DDB0EE498AB4EEE88AF1EEF0
:1075700010FA01D2B0EE688A78EE680A80EEA90AA5
:1075800020EE2A0AC0EE0B0A70EEEB0A80EE8A0AA1
:1075900001F0AAFCBDEEC00A04EB4511641C10EE1C
:1075A000100A202C384400F3070208F80120CFDB32
:1075B0006D1C202DC4DB324800F01F0101F58061F5
:1075C000BFF34F8F2F4A1060203020390029FADC9A
:1075D000BFF34F8FBFF36F8FDBF80400DBE90412BA
:1075E00003F044FC284800F01F01C91CBFF34F8F73
:1075F000244A0C3A1060203020390029FADCBFF30D
:107600004F8FBFF36F8F99F9005000E028E099F990
:107610000140802127481DA22B46009400F090FFD6
:107620002448F8F707FF4FF0FF36224982B222487C
:107630003346FFF701F81F48802120A22B46009413
:1076400000F07EFF1B48F8F7F5FE01B0334682B22A
:1076500018491948BDEC088BBDE8F04FFEF7ECBFA8
:1076600001B0BDEC088BBDE8F08F0000C0DC002449
:1076700092B6DB3B00000C4200007F430000FF425B
:10768000C0D8002468EF00E0000000243E3E204106
:107690004920434845434B3A2046616C6C28256499
:1076A00029207673204E6F726D616C282564290A3B
:1076B000000000008CAD012410B001244149204598
:1076C00078656375746564202D3E2046616C6C3A64
:1076D0002564204E6F726D616C3A25640D0A0000BE
:1076E0007047000070B5084C00214FF440750A4601
:1076F00030F81230521C1E0A6654491C6354491C4F
:10770000AA42F5DB70BD000028B2012405480068DC
:10771000016841F01001016003494FF480620148A3
:10772000FEF764BF7CAF01243CBB0124FCF748BEDC
:10773000F0B59DB04C216846F8F75FFE202113A8F4
:10774000F8F75BFE0220FCF72DFF1E48016821F4CC
:10775000404101600168002401F440411B9101682F
:107760008904FCD50220099001210D91C2030A234E
:10777000DC25CDE900120AAA0526042782E82900A3
:10778000CDE90E60CDE9107468461294FDF738FF1C
:1077900008B172B6FEE740201A9008230501CDE932
:1077A000163013ABCDE918053F21032283E81600FC
:1077B00013A81146FDF714FD002801D072B6FEE7AC
:1077C0001DB0F0BD184802582748F0B5274A016897
:1077D00041F470010160106800F00F00072804D226
:1077E000106820F00F00C01D106021490020204CBF
:1077F00010340B681F4D43F001030B6020600B68D1
:107800002B400B60136803F00F03072B04D9136898
:1078100023F00F03DB1D1360154C174A1834174B68
:10782000261D371D2060124C154D28343060261D52
:107830003860371D23603B1D35601C1D3A60251DD7
:107840002E1D1860331D22602860326018600A689F
:1078500043F2D204064B0B4D22F4802260330A60BF
:1078600018602C60F0BD000088ED00E000200052A0
:10787000004402587FEDF6EA800201010002020294
:107880000000FF01004000520148FEF71BBB000052
:10789000E8AE012410B52B4C2068C169C9064CD54F
:1078A000102101622046FEF7C2FAD4F88000264972
:1078B0000068884234D024491831884230D02249A7
:1078C000303188422CD020494831884228D01E4986
:1078D0006031884224D01C497831884220D01A492E
:1078E000903188421CD01849A831884218D01749D5
:1078F000884215D015491831884211D013493031CA
:1079000088420DD011494831884209D00F49603171
:10791000884205D00D497831884201D00B49903119
:1079200040680B4A0121C0F5806010800948017051
:107930008A0209490348FEF759FEBDE81040014894
:10794000FEF7C0BA7CAF01241000024010040240D0
:10795000F21A0124F01A01243CBB012430B5416E17
:10796000B9B101680D4B03F108048A688968C2F354
:107970004262490F5D5C615C2D01B5FBF1F1A0F83D
:107980006A10995CA25C0901B1FBF2F1A0F86810E1
:1079900030BD0121A0F86A10F8E7000038F60008B1
:1079A00090F82810090706D50168836B4A6822F40D
:1079B00000421A434A6090F82810C90706D00168AF
:1079C000C36A4A6822F400321A434A6090F82810C9
:1079D000890706D50168036B4A6822F480321A438E
:1079E0004A6090F82810490706D50168436B4A6839
:1079F00022F480221A434A6090F82810C90606D55E
:107A00000168C36B8A6822F480521A438A6090F836
:107A10002810890606D50168036C8A6822F4005292
:107A20001A438A6090F82810490611D50168436C02
:107A30004A6822F480121A434A60416CB1F5801FF3
:107A400006D10168836C4A6822F4C0021A434A6076
:107A500090F82810090606D50168C26C486820F421
:107A600000201043486070472DE9F8430025044684
:107A7000C0F89050FCF732FA8046206820266FF05C
:107A80007E470068000713D5002243463104204694
:107A9000009700F069FB58B1216851E8000F20F011
:107AA000800041E80002002AF6D1C4F8886021E095
:107AB00020680068400722D5002243464FF4800129
:107AC0002046009700F050FBC8B1206850E8001F26
:107AD00021F4907140E80012002AF6D120680830A5
:107AE00050E8001F21F0010140E80012002AF5D102
:107AF000C4F88C60032084F88450BDE8F883C4F88F
:107B00008860C4F88C60E5662567002084F884509E
:107B1000F3E710B5806B0021A0F85E10A0F85610B6
:107B2000FEF7CEF910BD70B5846B00252168D4F83E
:107B30008800D4F88C608968090606D5212804D10C
:107B4000A4F85650204600F0B5F82068806840063A
:107B500006D5222E04D1A4F85E50204600F080F80D
:107B6000D4F8900040F01000C4F890002046FEF7D2
:107B7000A7F970BD10B5C1690022806BB1F5807F97
:107B80002DD0A0F85E20036853E8001F21F4807117
:107B900043E80014002CF6D10168083151E8003F99
:107BA00023F0010341E80034002CF5D101680831CD
:107BB00051E8003F23F0400341E80034002CF5D1A8
:107BC0002021C0F88C10C16E012908D1016851E84C
:107BD000003F23F0100341E80034002CF6D1026787
:107BE000C16E012902D0FEF725FD10BDB0F85C1072
:107BF000FEF7CDF810BD10B5806B01210167C16E95
:107C0000012902D0FEF717FD10BDB0F85C1049083D
:107C1000FEF7BDF810BD10B5C169806BB1F5807F6E
:107C200016D00021A0F856100168083151E8002F45
:107C300022F0800241E80023002BF5D1026852E8CF
:107C4000001F41F0400142E80013002BF6D110BDA7
:107C5000FEF792FD10BD10B5806BFEF799FD10BDCB
:107C600010B5026852E8001F21F4907142E8001339
:107C7000002BF6D10E4B0268083252E8001F194063
:107C800042E80014002CF6D1C16E012908D1026827
:107C900052E8001F21F0100142E80013002BF6D13A
:107CA00000212022C0F88C20C166416710BD000071
:107CB000FEFFFFEF026852E8001F21F0C00142E81A
:107CC0000013002BF6D10168083151E8002F22F48F
:107CD000000241E80023002BF5D12021C0F88810D4
:107CE000704700002DE9F04304468068E24E87B0FB
:107CF000E24B2168D4E90427D4F81CC010430A6879
:107D0000002547EA0C073843324002430A602068E6
:107D1000E268416821F44051114341602268A16941
:107D20009A4201D0206A01439668DFF854C3D54FC8
:107D3000D54806EA0C060E4396602168666ACA6A50
:107D400022F00F023243CA622268BA420ED10068A2
:107D500000F0380018286FD07ADCB8B308286CD04F
:107D600010286BD18BE0282868D18EE0C7498A4261
:107D700009D1006800F0070006285FD2DFE800F0B4
:107D8000507D7F818385C2498A4209D1006800F015
:107D9000070006287BD2DFE800F043707274767823
:107DA000BC498A4209D1006800F0070006286ED25B
:107DB000DFE800F036636567696BB7498A420BD12B
:107DC000006800F00700062861D200E043E0DFE829
:107DD00000F0275456585A5CB0498A4206D10068D0
:107DE00000F0380018284CD0B7DD31E0AC498A42A9
:107DF00009D1006800F00700062848D2DFE800F04B
:107E0000103D3F414345A7498A420BD1006800F02D
:107E1000070006283BD2DFE800F003303234363862
:107E2000002035E0A0498A4209D1006800F03800FE
:107E3000182826D091DD0BE023E01EE027E09B49C7
:107E40008A420AD1006800F03800182819D084DD71
:107E5000202888D11CE001201AE09A4217D18A48D4
:107E6000001D006800F00700062810D2DFE800F0CF
:107E7000030507090B0D02200AE0042008E0082092
:107E800006E0102004E0202002E0402000E08020F6
:107E90008749DFF820829A42874A4FF400434FEA2D
:107EA00021174FF000064ED110281AD006DC022808
:107EB00009D004280BD008287ED10DE020283ED020
:107EC000402879D13DE0FCF797FB014610E0684679
:107ED000FCF7A4FB01990BE003A8FCF741FC049913
:107EE00006E01068800605D51068C0F3C100C140E7
:107EF000002970D0606A676838F8102007EB4703E4
:107F0000B1FBF2F0834257D8B0EB073F54D80023BF
:107F100008461946F8F7F6F902467808130E1202D9
:107F200043EA012110183A4671410023F8F7EAF9B3
:107F3000624AA0F5407191423ED821688FE03946EF
:107F4000D8E71946D6E7D4F81CC04FF6EF799C4520
:107F500046D1082819D005DC58B101280CD00428D6
:107F600075D10DE0102815D0202835D040286ED1CD
:107F700034E0FDF785FA01E0FDF794FA014610E0E0
:107F80006846FCF74BFB01990BE003A8FCF7E8FB04
:107F9000049906E01068800604D51068C0F3C1009B
:107FA000C140C1B1636A606838F81330B1FBF3F1C6
:107FB000490001EB500100E049E0B1FBF0F0A0F115
:107FC0001001494543D84FF6F0732168C0F34202CF
:107FD0001840104343E043E03946E3E71946E1E740
:107FE000082819D005DC58B101280CD004282ED15E
:107FF0000DE0102815D020282BD0402827D12AE0CA
:10800000FDF73EFA01E0FDF74DFA014610E0684643
:10801000FCF704FB01990BE003A8FCF7A1FB049912
:1080200006E01068800604D51068C0F3C100C140A6
:10803000B1B1636A606838F81330B1FBF3F101EB5A
:108040005001B1FBF0F0A0F11001494505D901251F
:1080500006E03946EDE71946EBE7216880B2C860D3
:108060000120A4F86A00A4F8680028466667A6679D
:1080700007B0BDE8F0830000F369FFCF000C0058A3
:10808000FFF4FF1100100140544402580044004026
:1080900000480040004C00400050004000140140E7
:1080A00000780040007C004000180140001C0140A6
:1080B0000090D00320F6000800440258FFFC0F0097
:1080C00070B50446D0F8800000232225A165A4F8ED
:1080D0005C20C4F89030C4F88C50F0B11F49C163E3
:1080E000D4F880101E480864D4F880101D48C86475
:1080F000D4F8800003651346A56D2168D4F880008C
:108100002A462431FBF776FC38B11021C4F89010D0
:108110002020C4F88C00012070BD206940B1216886
:1081200051E8000F40F4807041E80002002AF6D1C7
:108130002068083050E8001F41F0010140E80012BB
:10814000002AF5D12068083050E8001F41F04001B6
:1081500040E80012002AF5D1002070BD757B0008B0
:10816000F77B0008277B00082DE9F0479946174662
:108170000D460446089E4FF0000833E0701C31D0D5
:10818000FBF7ACFEA0EB0900B04218D8BEB12068E6
:108190000168490726D5802D24D0402D22D0C16901
:1081A000C94309070DD4082505622046FFF758FD8D
:1081B000C4F89050012084F88480BDE8F087032043
:1081C000FBE7C069C04300050CD421684FF4006090
:1081D00008622046FFF744FD2021C4F8901084F87F
:1081E0008480ECE72068C06935EA000004D00020F4
:1081F000B842C3D00020E0E70120F9E70148FDF7CD
:1082000061BE0000A4B001242DE9F047ADF5427D28
:108210000E4607465EA000F083F966A0314600F0E6
:108220007FF94FF47A756D4803222B466AA1FEF759
:1082300003FA6C102046FBF72BFD69A12A4669A0C2
:10824000F9F7FCFD66A122466AA0F9F7F7FD64A1E3
:1082500022466CA0F9F7F2FD61A122466DA0F9F764
:10826000EDFD70A27CA181A800F082F95CA141F231
:10827000883281A8F9F7E2FD00287DD04FF4FA6931
:108280007CA14A467CA0F9F7D9FD00287CD07E4A23
:1082900031463846F9F71CFE044601467BA000F043
:1082A0003FF984495FA382A2009401A800F060F91D
:1082B00001A8F8F7BFF882B2484801A9AA462B46A0
:1082C000FEF7BAF904F11F0047F2305220F01F0008
:1082D000904202D96C49104602E06B4900280EDD3D
:1082E00001F01F021044BFF34F8F734A1160203812
:1082F00020310028FADCBFF34F8FBFF36F8FDFF818
:10830000BC8100254FF480661DE0601BB04200D3A5
:108310003046002288F8002082B25B4841192F487D
:10832000FEF7E2F9FBF7DAFD074604E0FBF7D6FDBE
:10833000C01B484528D898F800000028F6D0322005
:10834000FBF7A6FC3544A542DFD35DA000F0E8F8BA
:1083500040F6B830FBF79CFC63A000F0E1F81F4842
:1083600003221DA154465346FEF766F940F2DC5045
:10837000FBF78EFC224600E006E019A11DA0F9F7EC
:108380005DFD5FA000F0CCF80DF5427DBDE8F08703
:108390000D0A2D2D2D20C6F4B6AFC9CFB4ABC1F751
:1083A000B3CC2028B4F3CDBCC4A3CABD29202D2D45
:1083B0002D0D0A00B4ABC8EBBAAFCAFDB5C4D4AD3D
:1083C000CABCCDBCC6ACB4F3D0A13A20256C752094
:1083D000D7D6BDDA0D0A00002B2B2B00E8AE012406
:1083E0004F4B000041542B434950434C4F53450DD4
:1083F0000A00000041542B4349504D4F44453D3045
:108400000D0A000041542B4349504D55583D300D45
:108410000A00000041542B4349504D4F44453D3123
:108420000D0A0000313432303837333537382D6794
:1084300069746967716B72727A2E61702D677561EC
:108440006E677A686F752E74656E63656E7473639C
:10845000662E636F6D00000041542B434950535406
:108460004152543D22544350222C222573222C3851
:10847000300D0A003E00000041542B434950534543
:108480004E440D0A00000000001B0124D7AABBBB0C
:10849000BAF3B5C42042617365363420B3A4B6C8BC
:1084A0003A20256C7520D7D6BDDA0D0A00000000F1
:1084B0002F000000088E040868EF00E0ECDC0024C8
:1084C0002D3E20CAFDBEDDCDC6CBCDCDEAB1CFA3BA
:1084D000ACB5C8B4FDC4A3BFE9C7E5BFD5BBBAB44A
:1084E000E62E2E2E0D0A0000352E20D5FDD4DAB64C
:1084F000CFBFAACDB8B4AB2E2E2E0D0A00000000BF
:108500002D2D2D20C9CFB4ABC1F7B3CCBDE1CAF836
:10851000202D2D2D0D0A0D0A00000000FEE70000A1
:108520000FB4054B10B503A9044A029802F0A2F952
:1085300010BC5DF814FB00008DD40008F41A01246F
:108540000FB41CB50246002007AC00290BD0491E11
:10855000CDE90021054B6A462146069802F08AF9CA
:10856000009A002111701CBC5DF814FBA1AA000840
:108570000FB4084B10B504A902AA039802F07AF9C7
:10858000044602A9002002F096FA204610BC5DF8CD
:1085900014FB0000B7AA000803B40198410000983A
:1085A00050EAC12018BF04204A0D18BF40F0010056
:1085B00040F2FF72B2EB515F08BF40F002000128A9
:1085C00008BF052002B07047090700284FEA116173
:1085D00004DB00F1E02080F80014704700F00F0089
:1085E00000F1E02080F8141D70470000000000003A
:1085F0002DE9F04D2DED040B2DED0A8B9AB0DDE940
:108600002550279CDDF890A025F0004624F0004876
:10861000BAF1000F14BF0121002101EB4502F84916
:1086200053184A1093422AD3002814BF0123002371
:1086300003EB44030B44F3498B4220D358EA000177
:108640009FEDF19B72D0DFF8C8B35D4503D1BAF15D
:10865000000F05D184E0BAF1000F08BF002100D05F
:10866000012101EB450111F5001F08D8002814BFB6
:108670000121002101EB440111F5001F0BD99DEDF3
:10868000261B9DED240B1AB0BDEC0A8B04B0BDE88F
:10869000F04D00F0F5BC0027002DBCBFDD4988453A
:1086A00021DADD498845A8BF02271CDAC3451ADC58
:1086B000DA4901EB2851142908DDC1F1340220FA0E
:1086C00002F101FA02F282420DD108E058B9C1F17B
:1086D000140228FA02F101FA02F2424503D101F034
:1086E0000101C1F1020756EA0A0120D1002C1EDA6D
:1086F000002D18BF022F01D0012F0AD0022000F058
:10870000F7FC1AB0BDEC0A8B04B0BDE8F04D00F0E8
:10871000A7BC022000F0ECFC00F0A2FCB1EE400B84
:108720001AB0BDEC0A8B04B0BDE8F08D18E09FEDE7
:10873000BCAB9FEDBD8B00287DD1B64880451CD1D8
:1087400005F1804010F5801008BFBAF1000F07D086
:10875000B34508DC002CA8BF9DED260BE0DA07E04E
:10876000B0EE490BDCE7002CB8BF9DED260BD5DB46
:10877000AF48784490ED000BD2E7D84548D1002CA3
:1087800043DA2EB186423AD1BAF1000F3DD126E04C
:10879000BAF1000F13D0022000F0AAFC00F080FC18
:1087A0008DED020B9DED240B8DED000B10EE900A6C
:1087B000039961F31E0003909DED020BB0E78DED70
:1087C00002AB9DED240B1AEE901A10EE900A8DED7F
:1087D000000B61F31E0003909DED020BA0E78DEDF1
:1087E000028B9DED240B18EE901A10EE900A8DED81
:1087F000000B61F31E0003909DED020B90E704DA7D
:108800009DED241B89EE010B8AE79DED240B87E784
:1088100086421ADAB4F1804F04BF9DED240B20EE9E
:10882000000B3FF47DAFA4F10050B0F1FF500CD12C
:10883000002D0ADB00E008E09DED240B51EC100B4D
:1088400005F098FD41EC100B6AE79DED240B51EC0F
:10885000100B02F0B5FDBAF1000FCDE90E0140D1C9
:108860009FED750B46B3A6F1E040B0F17F600ED0EE
:108870005E4536D1002D00DA97B3022F0CBF0120E0
:108880004FF0FF3000EE100AB8EEC00B48E7002DA5
:1088900001DD002C0DDA002D01DD002C1DDB002D8B
:1088A00014DA002C12DB012F08BF9FED650B3FF49B
:1088B00037AFB0EE4A0B33E7022F18BF002D0CD0B4
:1088C000012F0AD1002DFFF62BAF06E0002DB8BF17
:1088D000002C06DA012F3FF423AFB0EE480B1FE760
:1088E00019E0012000EBE57050EA070113D0791E72
:1088F000B0EE498B084308BF9FED538B54480025C9
:1089000080457ADD53495448884514DDB0420DDB7B
:10891000002C19DB2CE0012000F0EAFB1AB0BDECC2
:108920000A8B04B0BDE8F04D00F0AEBBB34502DCED
:10893000002C09DC1CE0864202DA002C18DA03E085
:108940005E4528DD002C13DD022000F0D1FB00F095
:10895000A7FB8DED020B28EE0A0B8DED000B10EE40
:10896000900A039961F31E0003909DED020BD7E678
:10897000022000F0BDFB00F09FFB10EE901A18EEF5
:10898000900A8DED020B8DED008B61F31E000390BC
:108990009DED020BC4E69DED0E0B9FED313B30EEDD
:1089A000490B8DED040B20EE002B9DED041B9FED7C
:1089B0002E0B01EE430B9DED043B9FED2D1B03EEB3
:1089C000401B9DED040B9FED2E3B22EE012B9FEDF6
:1089D0002A1B20EE011B20EE030B9FED2B3B02EE2A
:1089E000430B31EE002B8DED022B02959DED022BFA
:1089F00032EE411B30EE411B21E149E00000000056
:108A0000FFFF1F00FFFF0F00000000000000F03F0D
:108A10000000F03F0000F07F0000404301FCFFFF3A
:108A2000000000000000F07F0000000000000000D7
:108A30008A06040000000000000000000000008022
:108A4000000000000000F0FF000000000000F0BF88
:108A50000000E0410000F043FFFFEF3F0000000096
:108A6000000000000000D03F555555555555D53FE5
:108A7000000000000000E03F000000604715F73FE5
:108A800044DF5DF80BAE543EFE822B654715F73F81
:108A90000020B6F5801F0BDA9DED0E0B9FEDEC1B51
:108AA0006FF0340020EE010B10EE906A8DED0E0B8E
:108AB000E94A00EB2650C6F31301A0F2FF3741F05C
:108AC0007F6040F040509142D8BF002408DDE34A67
:108AD0008A42C8BF012403DC0024A0F580107F1C5B
:108AE000DF49794401EBC4010F9091ED001B9DED2E
:108AF0000E2B9DED0E0BDB4931EE023B30EE410BB0
:108B000089EE032B20EE02AB8DED02AB794402958A
:108B100091ED003B4FF0005141EA600000EB8440D2
:108B20008DED043B00F5002005909DED043B9DED8F
:108B3000044B2AEE0ACB33EE411B9DED0E3BCA4897
:108B4000062133EE411B9DED023B03EE440B03EE89
:108B5000410B20EE02BBB0EE4C0B784400F047FA1C
:108B60002CEE0C1B20EE010B9DED021B31EE0A1BBF
:108B70000BEE010B9DED021B21EE011B9FEDBC2BAB
:108B800031EE023B33EE003B8DED043B04959DED51
:108B9000043B33EE422B32EE411B30EE412B9DED78
:108BA000020B9DED041B20EE011B9DED040B2BEE33
:108BB000000B02EE0A0B31EE002B8DED022B02951D
:108BC0009DED022B32EE411B30EE410B9DED021B61
:108BD0009FEDA92B21EE021B9DED022B9FEDA83BE3
:108BE00022EE032B9FEDA83BA94800EE032B78440F
:108BF00000EBC40090ED000BA64832EE000B02EE35
:108C0000107AB8EEC22B8DED042B31EE003B784488
:108C100000EBC4009DED044B90ED002B33EE023BC6
:108C200033EE043B8DED023B02959DED023B33EEAE
:108C3000443B33EE422B32EE411B30EE411B9DEDA7
:108C4000260B954A8DED000B00959DED260B9DEDB5
:108C5000002B30EE420B9DED022B20EE020B9DED22
:108C6000262B02EE010B9DED001B9DED022B21EE4C
:108C7000021B8DED021B30EE011B11EE900A11EE6E
:108C8000101A8DED001B904224DB821A11430ED185
:108C90009FED831B9DED002B9DED023B30EE011BF4
:108CA00032EE432BB4EEC21BF1EE10FA26DD0220A9
:108CB00000F01EFA00F0F4F910EE901A18EE900A87
:108CC0008DED020B8DED008B61F31E0003909DED89
:108CD000020B25E5744B20F000429A420ED3734AF2
:108CE000024411437FF444AE9DED022B31EE421B52
:108CF000B4EEC01BF1EE10FABFF63AAE20F0004120
:108D00006B4A6C4B002402EB21529942D8BF9DED77
:108D1000021B27DD511C4FF4801222FA01F101449D
:108D2000654BC1F30A527B44A2F2FF3293ED001B64
:108D3000624B8DED041BD34021EA0303C1F3130101
:108D400041F48011C2F1140221FA02F405930028C3
:108D5000B8BF64429DED021B9DED042B31EE421B1A
:108D60008DED021B30EE011B8DED041B04959DED76
:108D7000041B9FED532B9DED023B21EE021B9DED4D
:108D8000042B32EE432B30EE420B9FED4F2B20EEA7
:108D9000020B9DED042B9FED4E3B4F48052102EE4B
:108DA000030B31EE002B8DED002B32EE411B30EE2C
:108DB00041AB9DED000B20EE000B8DED040B7844D4
:108DC00000F015F99DED001B9DED042B02EE401BFC
:108DD0008DED021B9DED000B20EE010B9FED402B56
:108DE00031EE422B80EE021B9DED002BB0EE4A0BC4
:108DF00002EE0A0B31EE400B9DED001B30EE410BF5
:108E000039EE400B10EE900A8DED000B00EB045094
:108E100001150029C8BF019013DC224651EC100B4C
:108E2000F7F759FBFFF7B8FB042808BF00F044F937
:108E300022469DED000B51EC100BF7F74CFBCDE9F2
:108E400000019DED000B28EE000B69E4000000001E
:108E500000000000000040438E9803007AB60B002B
:108E600092020400F00204004A0204000000000024
:108E70000000000000000840000000E009C7EE3FCD
:108E8000F5015B14E02F3EBEFD033ADC09C7EE3F5F
:108E9000A6010400760104000000904000000000DC
:108EA000FE822B654715973C00CC904000346F3F05
:108EB00001FCFFFF0000E03FD6000400FFFF0F00B1
:108EC00000000000432EE63FEF39FAFE422EE63F57
:108ED000396CA80C615C20BE160004000000000084
:108EE000000000000000004010B52DED028BB0EE38
:108EF000408A18EE100AF7F7D0FA01EE100A18EEC1
:108F0000100A9FED200A78EE410A10F0004F4FF052
:108F10007F4010EE901A12D0B1F13F4F24BF10EEF7
:108F2000901AB0EB410F12D210EE901AB1F17C5FA3
:108F30001CDD10EE901AB0EB410F17D314E0B1F125
:108F40003F4F07D910EE901AB0EB410F02D331EE2C
:108F5000401A0BE010EE901AB1F17C5F06DB10EEC8
:108F6000901AB0EB410F01D331EE001A18EE100A3F
:108F7000BDEC028B11EE101A61F31E0000EE100A18
:108F800010BD00000000803F00B52DED028BB1EE5A
:108F9000C08B83B018EE100A18EE901A8DED008B7E
:108FA000002818BF0120084320F00040C0F17F6076
:108FB00000F1E040C00F14D010EE101A10EE900A2D
:108FC0008DED000B002918BF0121084320F000405F
:108FD000C0F17F6000F1E040C00F04BF012000F04D
:108FE00087F8B0EE480B03B0BDEC028B00BD491E04
:108FF00000EBC102B0EE401B92ED000B31F0060217
:109000000DD0491E00EBC102B0EE403B92ED002BAB
:1090100031F00602B0EE420B03EE010BF1D1022952
:1090200014D004290AD0062918BF704790ED0A2BE6
:1090300000EE012B90ED080B02EE010B90ED062BDC
:1090400000EE012B90ED040B02EE010B90ED022BD4
:1090500000EE012B90ED000B02EE010B70470000BB
:109060009FED031B9FED042B81EE020B7047000068
:10907000000000000000F03F0000000000000000C1
:1090800030EE010B704700009FED031B81EE010BDA
:109090007047000000000000000000000000000019
:1090A0009FED030B20EE000B704700000000000056
:1090B00000000000000000709FED030B20EE000B8D
:1090C00070470000000000000000000000000010D9
:1090D00002E008C8121F08C1002AFAD17047704781
:1090E000002001E001C1121F002AFBD170470000DF
:1090F0000149086070470000F81A012410B5416961
:10910000044688472069A04200D1002010BD00001D
:109110002DE9F04F00260F4699B00546B04634467B
:109120004DE000BFA868C4EBC4028946D0E9013C09
:1091300003EB82000B902D480FAA02920CEBC40A9D
:1091400051F8082F006A49680C91110A61F31F2039
:109150001C21834604A8F7F750F9D9F818000068D5
:1091600001F0D2FC0490D9F81800806805905FEAFD
:109170000A0009D0C0F80080D9F80010416029B178
:10918000498819B1012102E0404603E00021016055
:1091900001B900200690D9F818001C2204A94068E3
:1091A000CDE9080B0C980A900298F7F70DF90B9887
:1091B0001C220FA9F7F708F9761CB6B2641C0DB192
:1091C000288800E00020A04205D9686818B150F84E
:1091D00024100029A6D11EB1A8684068386001E0BB
:1091E000C7F8008019B03046BDE8F08F108D040834
:1091F000C0F343424FF00001042A01D0082A06D1EF
:10920000C0F3C612C0F341500121C240914008464C
:10921000704700002DE9FF4F85B08A464FF48071FA
:109220001C46914615984042884200DD084609FBDD
:1092300004F38346012B06D90246DDE91301169B90
:1092400000F0BEFD09E016985A46CDE900A012983C
:109250004343DDE9130100F039FF00201FE0059DC5
:109260000027564610E000BFDDE91332169831465C
:10927000CDE90032CDE902B0129A2346284600F02B
:1092800015F86D1C761C7F1CA742EDD3129905982A
:1092900004FB01AA04FB0100059008F10100484508
:1092A0008046DCD309B0BDE8F08F00002DE9FF4F08
:1092B0008B461646002001219BF9005081B007E043
:1092C000049A4A431BF90220AA4200DB1546491CB6
:1092D000B142F5D3002117E0049A01FB02F31BF918
:1092E0000320109BAA1A9A420DDA119B53F82220F0
:1092F0001313C2F30B0440F2FF7200D5521C9442C8
:1093000000DD5B1C1844491CB142E5D3B0FA80F182
:109310004FF0FF37C1F1230A884000F100406FF0A1
:109320000042C117801841F10002011E72F10001D4
:1093300001DB012300E03B46181842EBE3714FF0DC
:1093400002024FF00003F7F70EF8CB4A0021044663
:109350001307C00F009001D1C84B411E1846C4FB33
:10936000020100234FF00042F6F7FDFF009B00F1E1
:109370005A380021B3EBD87F4FF0804001D0BF486E
:109380008117C4FB080100234FF00042F6F7EBFF02
:10939000444504D1B4F1004F01D16FF00040C0F159
:1093A000005900214FEAD873B3EBD97F4FF08040CA
:1093B00001D0B2488117C8FB090100234FF00042D9
:1093C000F6F7D1FFC84504D1B8F1004F01D16FF0D5
:1093D00000406FF060418200884201DD394601E0C3
:1093E0004FF0000121F0004101DDBC4601E04FF0EB
:1093F000000CA34B22EA0C02984281EA020101DA36
:10940000384601E04FF0000000F0004001DA3A4633
:1094100001E04FF00002009B21EA020180EA010016
:109420004FF0000180444FF08040B3EBD87F01D073
:1094300092488117C4FB080100234FF00042F6F761
:1094400092FF444504D1B4F1004F01D16FF00040C8
:10945000C0F1005900214FEAD873B3EBD97F4FF028
:10946000804001D085488117C8FB090100234FF0D7
:109470000042F6F778FFC84504D1B8F1004F01D19A
:109480006FF000406FF060418300884201DD394693
:1094900001E04FF0000121F0004101DDBC4601E098
:1094A0004FF0000C764A23EA0C03904281EA030154
:1094B00001DA384601E04FF0000000F0004001DA28
:1094C0003A4601E04FF0000221EA0201009A80EAE8
:1094D00001004FF0000180444FF08040C146B2EBE4
:1094E000D87F01D065488117C4FB080100234FF0E5
:1094F0000042F6F738FF444504D1B4F1004F01D1E2
:109500006FF00040C0F1005400214FEAD972B2EB75
:10951000D47F4FF0804001D058488117C9FB040127
:1095200000234FF00042F6F71EFFA14504D1B9F128
:10953000004F01D16FF000406FF06041830088421E
:1095400001DD394601E04FF0000121F0004101DD6D
:10955000BC4601E04FF0000C494C23EA0C03A0424A
:1095600081EA030101DA384601E04FF0000000F023
:10957000004001DA3B4601E04FF0000321EA03011D
:1095800080EA010048446FF0404188424FEA4002BF
:1095900001DD394601E04FF0000121F0004101DD1D
:1095A0003C4601E04FF00004344B22EA04029842AA
:1095B00081EA020101DA384601E04FF0000000F0D4
:1095C000004001DB4FF0000721EA0701BAF11F0F4D
:1095D00080EA010704DDAAF11F014FF01F0A0F41C5
:1095E000002443E0049904FB01F810991BF90800DA
:1095F000281A884235DA1199FB0F51F82090002182
:109600004FF08040B3EBD97F01D01C488117C7FBD6
:10961000090100234FF00042F6F7A5FE4F4504D1A3
:10962000B7F1004F01D16FF00040012202FA0AF2B7
:10963000A2F1010250FA0AF102EA00034FEA6200C5
:1096400000D5401C834200DD491C002907DDFF29AD
:1096500000DBFF210198803900F8081005E00021A7
:10966000F8E70199802201F80820641CB442B9D3BC
:1096700005B0BDE8F08F0000C4C3C3C3010000C043
:10968000010000E02DE9FF5F0027984693468946D8
:1096900082461AE000264D4654460EE00DF13C0C81
:1096A0009CE80F008DE80F000E9A4346294620469D
:1096B00000F010F8641C6D1C761C4645EED30E9A23
:1096C0007F1C08FB029908FB02AA5F45E2D3BDE8B4
:1096D000FF9F00002DE9FF4F87B0174601204FF094
:1096E00000080899169A91F8009009E00A99089BD9
:1096F0004143595C4B46494500DA1946401C8946AE
:10970000B842F3D30024651E02EB090116916FF0F5
:10971000004AA5E10A9808996043085C16998842B6
:109720007DDBA0EB0906DDE914B0002186404FF097
:109730008040F30FB3EBDB7F01D0FD488117C6FB00
:109740000B0100234FF00042F6F70DFE5E4503D1FA
:10975000B6F1004F00D15046039020F07F41A1F1B7
:1097600080714FF08052A1EB000B02EB4112059289
:1097700000211646D30FB3EBD27F4FF0804001D0CB
:10978000EB488117C6FB020100234FF00042F6F7B9
:10979000EAFDB6F1004F00D150460490049E00212E
:1097A000E4484FF0804C06903046F20F0292B2EB44
:1097B000D07F02D0DFF878C3491EC6FB00C100236A
:1097C0004FF000426046F6F7CEFDB6F1004F00D1F3
:1097D00050464FF00101861000F0030000D5022131
:1097E000884200DD761C059BDDF808C00021049846
:1097F000BCEBD37F01904FF08040009301D0CC4868
:109800008117DDE9003C4FF00042CCFB030100234F
:10981000F6F7A9FDDDE90021914205D100E00FE155
:10982000B1F1004F00D15046C34B32180021D60F82
:109830004FF0804001D0BE488117C2FB03010023D6
:109840004FF00042F6F78FFD049908444FF00001F5
:1098500000F00102401000D501218A4200DD401CC9
:10986000059942180021B1EBD27F4FF0804001D022
:10987000AF488117069BC3FB020100234FF0004253
:10988000F6F771FDAB491BF0807F0844009001D0D2
:109890002E4600E000260246A84B00215FEAD27C5B
:1098A0004FF0804001D0A2488117C2FB0301002382
:1098B0004FF00042F6F757FD00993040B1431BF0DE
:1098C000007F80EA0100009001D0284600E00020DF
:1098D0009B4B009A002101905807D60F01D0944865
:1098E0008117C2FB030100234FF00042F6F73BFD56
:1098F0000199009A08408A431BF0806F80EA0200B9
:10990000009001D0284600E00020009A8D4B0021F5
:1099100001904FF08040D60F01D085488117C2FBDF
:10992000030100234FF00042F6F71DFD01990840A6
:10993000DDE9001291431BF0006F80EA0100009006
:1099400001D0284600E000207F4B009A00210190C2
:109950001807D60F01D076488117C2FB03010023F8
:109960004FF00042F6F7FFFC01990840DDE90012D4
:1099700091431BF0805F80EA0100009001D02846EF
:1099800000E00020009B714A002101904FF08040D0
:10999000DE0F01D066488117C3FB020100234FF0A0
:1099A0000042F6F7E0FC01990840DDE9001291431E
:1099B0001BF0005F80EA0100009001D0284600E023
:1099C0000020634B009A002101909807D60F01D028
:1099D00057488117C2FB030100234FF00042F6F7FE
:1099E000C2FC01990840DDE9001291431BF0804F51
:1099F00080EA010B01D0284600E000200090F2220E
:109A0000002150075FEADB7601D049488117CBFB84
:109A1000020100234FF00042F6F7A5FC039900294C
:109A2000009900EA01002BEA010180EA010005D05B
:109A30000021884321F00041414002E02946F8E737
:109A4000002140F2FF720813C1F30B0300D5521C32
:109A5000934200DD401C179A804442F82410641C95
:109A6000BC42FFF457AEB8FA88F1C1F1230908FAF5
:109A700001F000F100406FF00042C117801841F181
:109A80000003011E73F1000101DB012200E02A4600
:109A9000101843EBE2714FF002024FF00003F6F7AB
:109AA00062FC2C4B002104461A07C00F5FEA000B32
:109AB00001D11F4A411E1046C4FB030100234FF091
:109AC0000042F6F750FC00F15A360021BBEBD67F7E
:109AD0004FF0804001D016488117C4FB06010023D7
:109AE0004FF00042F6F73FFCB44203D1B4F1004F0F
:109AF00000D15046C0F100580021F30FB3EBD87FDE
:109B00004FF0804001D00A488117C6FB08010023AE
:109B10004FF00042F6F727FC464503D1B6F1004F5F
:109B200000D150466FF060418200884216DD13E09C
:109B3000010000C094A8F570ABAAAA2A7BBEAF634F
:109B4000F2CBA24D6CAC162FA4AA5211B72A580220
:109B500011FE0A00C4C3C3C3294601E04FF000014F
:109B600021F0004101DDAC4601E04FF0000C924BCA
:109B700022EA0C02984281EA020101DA284601E059
:109B80004FF0000000F0004001DA2A4601E04FF0FB
:109B9000000221EA020180EA01004FF000010644C0
:109BA0004FF08040BBEBD67F01D084488117C4FBC7
:109BB000060100234FF00042F6F7D5FBB44203D173
:109BC000B4F1004F00D15046C0F100580021F30F0E
:109BD000B3EBD87F4FF0804001D078488117C6FBA7
:109BE000080100234FF00042F6F7BDFB464503D1C4
:109BF000B6F1004F00D150466FF0604881004045FB
:109C000001DD2A4601E04FF0000222F0004201DDB2
:109C1000AC4601E04FF0000C674B21EA0C01984282
:109C200082EA010201DA284601E04FF0000000F06C
:109C3000004001DA294601E04FF0000122EA01026A
:109C40004FF0000180EA020006444FF08040BBEB79
:109C5000D67F01D059488117C4FB06014FF0004B55
:109C600000235A46F6F77FFBB44202D15C4500D18F
:109C70005046C0F100540021F20FB2EBD47F4FF0F8
:109C8000804001D04D4881175A46C6FB040100238D
:109C9000F6F769FBA64202D15E4500D1504601218C
:109CA0008200404501DD2B4601E04FF0000323F028
:109CB000004301DDAC4601E04FF0000C3E4C22EACF
:109CC0000C02A04283EA020301DA284601E04FF0C9
:109CD000000000F0004001DA2A4601E04FF00002E7
:109CE000884623EA020380EA030030446FF04043D1
:109CF00098424FEA400201DD294601E04FF00001A1
:109D000021F0004101DD2C4601E04FF000042B4B17
:109D100022EA0402984281EA020101DA284601E0BF
:109D20004FF0000000F0004401DB4FF0000521EA95
:109D30000501B9F11F0F84EA010404DDA9F11F0038
:109D40004FF01F09044100252FE017980021E20F72
:109D500050F825604FF08040B2EBD67F01D0174815
:109D600081175A46C4FB06010023F6F7FCFAB442F9
:109D700002D15C4500D1504608FA09F2A2F1010275
:109D800050FA09F102EA00034FEA620000D5401CD4
:109D9000834200DD491C00290CDDFF2900DBFF2187
:109DA0000A98079A68436D1C1154BD42CDD30BB07D
:109DB000BDE8F08F0021F3E7010000E0010000C0E2
:109DC0002DE9FF4FDFF8E0B2002481B04FF0FF3AF9
:109DD00060E10299019E04FA01F045420021EA0F78
:109DE000B2EBD67F4FF0804001D0B0488117C5FB61
:109DF00006014FF0004700233A46F6F7B4FAB542A1
:109E000002D1BD4200D1681E20F07F4181464FF053
:109E10008052A1F18071900002EB4116A1EB09057F
:109E2000B0460021F20FB2EBD67F01D09F488117D8
:109E30003A46C8FB06010023F6F795FA3A4607466C
:109E4000964201D16FF000470021FB0F0093B3EB66
:109E5000D77F4FF0804001D0944881171646C7FB4A
:109E600007010023F6F77FFAB74201D16FF00040F7
:109E700000F0030186104FF0010000D5022081425E
:109E800000DD761CDDF800C00021BCEBD87F4FF070
:109E9000804001D085488117C7FB080100234FF09F
:109EA0000042F6F760FA474504D1B7F1004F01D1FF
:109EB0006FF000407E4A33180021DE0F4FF08040E3
:109EC00001D07A488117C3FB02014FF000460023FE
:109ED0003246F6F748FA38444FF0000100F001022C
:109EE000401000D501218A4200DD401C00EB080231
:109EF0000021B1EBD27F4FF0804001D06B48811739
:109F0000CBFB020100233246F6F72DFA15F0807FD5
:109F100000EB0B0701D0D04601E04FF00008654A86
:109F20000021FB0F4FF0804001D060488117C7FB34
:109F3000020100234FF00042F6F715FA00EA08008C
:109F400027EA080715F0007F80EA070601D0574688
:109F500000E00027584A00215007F30F01D0534872
:109F60008117C6FB020100234FF00042F6F7FBF910
:109F70003840BE4315F0806F80EA060801D056468F
:109F800000E000264D4A00215FEAD8734FF0804080
:109F900001D046488117C8FB020100234FF0004260
:109FA000F6F7E1F9304028EA060815F0006F80EA7C
:109FB000080701D0564600E00026414A002110075C
:109FC000FB0F01D039488117C7FB020100234FF076
:109FD0000042F6F7C8F93040B74315F0805F80EAD9
:109FE000070801D0574600E00027364A00215FEA03
:109FF000D8734FF0804001D02C488117C8FB020174
:10A0000000234FF00042F6F7AEF9384028EA07087F
:10A0100015F0005F80EA080601D0574600E00027EF
:10A02000294A00219007F30F01D020488117C6FB71
:10A03000020100234FF00042F6F795F93840BE4385
:10A0400015F0804F80EA060801D0554600E0002553
:10A05000F222002150075FEAD87301D0134881171C
:10A06000C8FB020100234FF00042F6F77CF900EA3A
:10A07000050028EA0508B9F1000F80EA080010D0B1
:10A080005FF00002904322F000414140049840F804
:10A090002410641C03988442FFF49BAE05B0BDE815
:10A0A000F08F5246EEE7000094A8F570010000C062
:10A0B000ABAAAA2A7BBEAF63F2CBA24D6CAC162F23
:10A0C000A4AA5211B72A580211FE0A002DE9FF4F27
:10A0D00085B098460120DDF848A09AF9004005E0D7
:10A0E0001AF90010A14200DB0C46401C4045F7D392
:10A0F00000258DE11AF905000799A4EB00098945AF
:10A100007ED20699059F09FA01F046420021F20F1E
:10A11000B2EBD77F4FF0804001D0C2488117C6FB19
:10A1200007014FF0004B00235A46F6F71CF9BE42D8
:10A1300003D15E4501D16FF0004020F07F42A2F1D3
:10A1400080724FF0805101EB4216171AF20FCDE9E1
:10A15000020688000021B2EBD67F01D0B1488117FA
:10A160005A46C6FB06010023F6F7FDF85E4501D10D
:10A170006FF000408346AC480490584600214FEAF7
:10A18000DB730193B3EBD07F4FF0804601D0A54E37
:10A19000491ECBFB006100234FF000423046F6F72A
:10A1A000E2F8BBF1004F01D16FF0004000F0030175
:10A1B00086104FF0010000D50220814200DD761CA0
:10A1C000039BDDF804C000214FF080400093BCEBFE
:10A1D000D37F01D093488117DDF800C000234FF0F2
:10A1E0000042CBFB0C01F6F7BEF8009A934504D170
:10A1F000BBF1004F01D16FF000408C4A331800E0F2
:10A2000005E10021DE0F4FF0804001D08548811725
:10A21000C3FB020100234FF00042F6F7A4F85844B4
:10A220004FF0000200F00101401000D501229142E0
:10A2300000DD401C039942180021B1EBD27F4FF0A2
:10A24000804001D077488117049BC3FB02010023A3
:10A250004FF00042F6F787F8734917F0807F00EB64
:10A26000010B02D04FF0FF3000E00020704B0021C6
:10A2700000905FEADB764FF0804001D0694881179B
:10A28000CBFB030100234FF00042F6F76CF8009976
:10A2900008402BEA010217F0007F80EA020B02D08F
:10A2A0004FF0FF3000E00020624B00210090580783
:10A2B0005FEADB7601D05B488117CBFB030100230B
:10A2C0004FF00042F6F74FF8009908402BEA0101E1
:10A2D00017F0806F80EA010B02D04FF0FF3000E0F2
:10A2E0000020554B002100905FEADB764FF0804064
:10A2F00001D04C488117CBFB030100234FF00042F3
:10A30000F6F731F8009908402BEA010117F0006FC9
:10A3100080EA010B02D04FF0FF3000E00020474BF5
:10A320000021009018075FEADB7601D03D488117D5
:10A33000CBFB030100234FF00042F6F714F800991D
:10A3400008402BEA010117F0805F80EA010B02D080
:10A350004FF0FF3000E00020394A002100905FEA12
:10A36000DB764FF0804001D02E488117CBFB0201F5
:10A3700000234FF00042F5F7F6FF009908402BEA62
:10A38000010117F0005F80EA010B02D04FF0FF30AF
:10A3900000E000202B4B0021009098075FEADB765D
:10A3A00001D020488117CBFB030100234FF000426E
:10A3B000F5F7D9FF009908402BEA010117F0804F0B
:10A3C00080EA010602D04FF0FF3000E00020F222C8
:10A3D000074600215007F30F01D012488117C6FB32
:10A3E000020100234FF00042F5F7BDFF029900EA99
:10A3F000070026EA070680EA060079B15FF000014F
:10A40000884321F000424240139840F829206D1CF7
:10A410004545FFF46FAE09B0BDE8F08F4FF0FF3156
:10A42000EEE70000010000C094A8F570ABAAAA2ACC
:10A430007BBEAF63F2CBA24D6CAC162FA4AA521117
:10A44000B72A580211FE0A0070B5054648880C4626
:10A450006988884202D9A2B1002070BD8AB1002665
:10A460000BE06168C6EBC6006A6801EB800102EB95
:10A4700080001C22F5F7A8FF761C6088B042F0D857
:10A4800001E060686860608868802088288001201A
:10A4900070BD000030B500B3F9B1F2B15268E2B15D
:10A4A0000F4C1368A34203D00129026013D014E0BB
:10A4B0000023121D07E000BF52F82350A54204D02C
:10A4C00040F823505B1C8B42F6D38B4205D152F8E7
:10A4D0002300A04201D1012030BD002030BD00008A
:10A4E000DECAFAA170B506000D4614461AD0CCB1EA
:10A4F000104600F0A1FB00B16088A84212D10421EF
:10A50000002309E0C3EBC302606801EB82028058BC
:10A5100020B146F823005B1CAB42F3D3AB4201D120
:10A52000012070BD002070BD0349884201D1012087
:10A530007047002070470000DECAFAA12DE9FE4FE7
:10A5400004009246894603D0208E20B1656B03E05B
:10A550000020BDE8FE8F0025217C00206083C943D8
:10A560002083880702D030221121DCE0B9F1000FEE
:10A5700062D0002D60D02888C8B3D9F81800002612
:10A58000D0F8008056E0A868006800EB0610019043
:10A5900052D060B3C6EBC6000290012109EB8000E7
:10A5A000009000F053FB0246DBF8180041688A4235
:10A5B0001AD8009ADBF80C309269DF68D2F80CC028
:10A5C000674511D19F68D2F808C067450CD15B6818
:10A5D0005268934208D1006800F086FA0746584650
:10A5E00002F062FF874203D2182212219BE023E08F
:10A5F000DBF81800006800F087FA0299C00159F8EA
:10A600002110B0EBC11F01D01922EEE7009840687D
:10A6100090B100988069006880B14045414600D201
:10A6200008465A468046DDE9001000F08FF806F132
:10A6300001062DB1288804E01722D6E72122D4E7AD
:10A640000020B04206D9686820B150F826B0BBF1AE
:10A65000000F98D1BAF1000F73D0208E012806D9CF
:10A66000656B0C3503D0288808B1002657E0182206
:10A6700058E0A868006800EB061B39D0BBF1000F5A
:10A6800036D0C6EBC600019001210AEB8000009095
:10A6900000F0DCFAD9F8183059688842E7D8009AF7
:10A6A000D9F80C009269C768D2F80CC06745DED1B2
:10A6B0008768D2F808C06745D9D14068526890428F
:10A6C000D5D1186800F010FA0746484602F0ECFEB3
:10A6D0008742CCD3D9F81800006800F015FA019928
:10A6E000C0015AF82110B0EBC11F03D0192219E0A4
:10A6F000172217E0009840680028F9D00098806978
:10A70000006870B14045414600D208460099804635
:10A710004A46584600F01AF806F101063DB128886D
:10A7200006E021221321204600F0A6FD10E70020BC
:10A73000B04206D9686820B150F82690B9F1000FF0
:10A7400097D14FF00100A4F8188002E770B50E46CB
:10A7500004461546104602F0A7FEA0600146B06907
:10A7600000684843E060716861607268104420606E
:10A77000A8690268920007D4D0E90223D21A1144D2
:10A780008160A9696068C86070BD2DE9F04100254D
:10A79000064620E0B268816913680A6803EB051475
:10A7A000920005D58968D4E9010203F061FF08E051
:10A7B000D1E902236768D21A3A448A6080696168E5
:10A7C000C16094E8070011446160814201D3E168EF
:10A7D000411A61606D1C0EB1308800E00020A84273
:10A7E00006D97068002803D050F825000028D1D180
:10A7F000BDE8F0812DE9F041002506462BE0B26866
:10A8000088691268036802EB05149A000FD5806806
:10A81000D4E9011203F02CFFD4E90101084460607F
:10A820002168884201D3E068081A606012E0D4E928
:10A830000020A36818446060904201D3E068101AB9
:10A8400060608A69D2E90237DB1B1844906089692D
:10A850006068C8606D1C0EB1308800E00020A8421E
:10A8600006D97068002803D050F825100029C6D1F9
:10A87000BDE8F0812DE9FF4F8BB09A460F460446A4
:10A88000002606E025280BD052460D999047641CFF
:10A89000761C20780028F5D10FB03046BDE8F08F47
:10A8A0000025A94601227D4900E0054314F8013F37
:10A8B000203B02FA03F00842F7D120782E2817D166
:10A8C00014F8010F45F004052A280ED06FF02F026E
:10A8D0002078A0F1300109290AD809EB890102EB9F
:10A8E000410100EB0109641CF2E757F8049B641C6A
:10A8F00020786C280DD004DC4C2812D06A2811D1A5
:10A9000004E074280DD07A280CD10AE045F4001533
:10A9100007E0617845F48015814202D1641C05F599
:10A920008015641C207869283ED006DC0028B3D04E
:10A9300063280BD0642804D136E0732810D0752822
:10A940005CD052460D999047761CA5E017F8040B91
:10A950008DF8000000208DF80100E846012003E09A
:10A9600057F8048B4FF0FF3069074FF0000501D412
:10A970000AE06D1C4D450DDA8542FADB18F805102A
:10A980000029F6D106E06D1C8542FCDB18F80510A5
:10A990000029F8D12E4404E018F8010B52460D9915
:10A9A00090476D1EF8D277E000200A90C5F3025060
:10A9B0004FF00A0B02280CD001CFC117021E71F113
:10A9C00000020CDA0023D0EB030063EB01012D221F
:10A9D00008E0FF1D27F00707F7E80201EEE72A0568
:10A9E00004D52B228DF82420012203E0EA070FD0A2
:10A9F0002022F7E70DF12008089218E000200A90C5
:10AA0000C5F302504FF00A0B022803D001CF0021FA
:10AA10000022EFE7FF1D27F00707F7E80201F7E73D
:10AA20005A460A9BF5F76EFC303208F8012D50EAC1
:10AA30000102F5D1ADEB080000F1200B680701D44D
:10AA40004FF00109D94502DDA9EB0B0000E0002021
:10AA50008146002506E009A85246405D0D999047C1
:10AA60006D1C761C08988542F5DB04E030205246C8
:10AA70000D999047761CB9F10001A9F10109F5DCA7
:10AA800005E018F8010B52460D999047761CBBF172
:10AA90000001ABF1010BF4DC641CFAE609280100AB
:10AAA0004A68002A06D00A68531C0B601070486878
:10AAB000401E486070470A68531C0B601070704756
:10AAC00070B579B1C0F3C615C0F341526943C91DD1
:10AAD00021F00704D440FEF78BFB00FB0540C01DAE
:10AAE000C00870BD002070BD59B1C0F3C613C0F3DB
:10AAF00041525943C91D21F00700D040C01DC00874
:10AB00007047002070470000C0F3434102294FF016
:10AB1000400130B519D03B4A20F07E434D019C1ACC
:10AB2000934263D028DC384A9342A3EB02045DD001
:10AB300018DC402B5BD0403BB3F5802350D0802BFA
:10AB40003DD0B3F5806F52D134E0C0F3C051C0F3B3
:10AB5000C612C90500F07F0341EAC211194341F44E
:10AB6000802144E0A4F54074F93C26D00F2C3AD063
:10AB7000AC423CD125493AE0254BE21A9C4229D00F
:10AB80000CDC244AA21813D0B2F5F83F1FD0224B98
:10AB9000D2181AD0B2F5607F29D112E0A2F5407226
:10ABA000F93A10D00F2A18D0AA4220D11B491EE032
:10ABB0001B491CE01449C91F19E01A4917E01A493A
:10ABC00015E01A4913E01A4911E01A490FE0194932
:10ABD00080390CE01549C91D09E015490F3106E01F
:10ABE0001149803903E00F490F3100E0114600F0B0
:10ABF000804200F000530A43134300F00060184302
:10AC000030BD00004004060047040400401004006A
:10AC100007007E0000F483FF800FFEFF40108400D9
:10AC20004010820040080400C0000400400484007A
:10AC300040088400C000840028B1416819B14088F0
:10AC400008B101207047002070470000020010B5D5
:10AC50002AD01068154BB3EBC01F03D0144BB3EBD5
:10AC6000C01F01D1012000E0002008429069406827
:10AC700002D01F3020F01F005369D9B2012900D043
:10AC800000211B0A07E0012907D0946954F82140EC
:10AC90006043491C1AB11C4602E00124F8E7002475
:10ACA0008C42F0DC002800DC002010BD0060004277
:10ACB0000060000209A108B50968009148B1017857
:10ACC0009DF80020914204D104226946F5F7B9FBB2
:10ACD00008B1002008BD012008BD000003840484E1
:10ACE0002DE9F041066C0025816B0446C163CEB1AD
:10ACF000D9B10120626CB0470CE00220626CB04711
:10AD0000E06BFEF7FBF90746626C0320E16BB0478E
:10AD10006D1CE763E16B0029EFD106E0FEF7EEF969
:10AD20006D1CE063E06B0028F8D12846BDE8F08197
:10AD300003460020996B002908D00A69401CCB60AB
:10AD40008A4203D0002A01D01146F6E770472DE968
:10AD5000F041846B002594B1012600272079C007BB
:10AD600007D0216A204611B18847304600E03846B6
:10AD700005442069A04202D008B10446EEE7284607
:10AD8000BDE8F0811CB500230522CDE90023024A6D
:10AD9000012300F045F91CBD4402012430B50C4BE1
:10ADA0000C4605468BB00DF11C0C0FCB8CE80F0048
:10ADB00007491C2268461031F5F706FB07A80194E5
:10ADC0001C22694606902846F5F7FEFA0BB030BD06
:10ADD0008434010830B50C4B0C4605468BB00DF1A0
:10ADE0001C0C0FCB8CE80F0007491C226846103161
:10ADF000F5F7EAFA07A801941C226946069028464E
:10AE0000F5F7E2FA0BB030BDB034010800487047E6
:10AE1000E41A01242DE9F0410D46064600F04EF9F2
:10AE2000041E0DD0294602F0F5FE074629462046AD
:10AE300002F056FD00EA0704304600F0CBF920404E
:10AE4000BDE8F08110B90248024A026000F0C6B8BD
:10AE5000440201240001C0A110B90248024A026064
:10AE600000F010BA440201240001C0A100F0DAB9D8
:10AE7000F0B500252E46059F0560456085600C698C
:10AE8000644221E0002C06DAD0F800C00CF1010C7D
:10AE9000C0F800C014E0D2F808C0D7F808E0ACEB66
:10AEA000040CF44506DAD0F808C00CF1010CC0F827
:10AEB00008C005E0D0F804C00CF1010CC0F804C0D3
:10AEC000D1F808C0761C6444D3F808C0B445D9DC76
:10AED0000468C460446804618468C0E90545C561CC
:10AEE00005624C696442002515E0002C03DA86698E
:10AEF000761C86610CE05668D7F804C0361B6645A0
:10AF000003DA066A761C066202E0C669761CC66130
:10AF1000CE686D1C34445E68AE42E6DCF0BDD0E91C
:10AF20000631012223B141B15B1E8361828408E0B6
:10AF300019B10022491EC161F8E7016A8284491EE5
:10AF4000016200F10C010EC980E80E007047016833
:10AF5000012219B1491E0160C2847047416821B1C4
:10AF6000828C491EC284416070478168C284491E38
:10AF700081607047016810B1024A8A4300D0002006
:10AF8000704700000001C0A130B44AB140B139B1EE
:10AF9000074C1368A34206D130BC0C32FFF7A2BAAB
:10AFA00030BC0020704730BC1C32FFF773BA000081
:10AFB000DECAFAA130B44AB140B139B1064C1368C7
:10AFC000A34206D130BC121DFFF78CBA30BC002062
:10AFD000704730BCFFF75EBADECAFAA1F8B50E467C
:10AFE000FFF7C8FF04000AD000270097208E00B1A9
:10AFF000606B6946FEF78CF8050006D00BE0102266
:10B00000114600F039F90020F8BD18222046112120
:10B0100000F032F9009706B135800098F8BD0000C5
:10B020002DE9F04F89B04FF0000A05005746214E38
:10B030009146DDE9121063F3070754469B460191E0
:10B0400061F30F27039060F3174718D0C5F80090FD
:10B0500000F07AF9B8B10022B046B68AC7F30721EA
:10B06000F8B200F045F900220746C6F30721F0B216
:10B0700000F03EF9874208D0D8F804400EE0F069AD
:10B0800009B0BDE8F08F346808E00BA000680090BC
:10B090006846FFF70FFE18B9D8F80840C5F800A0B9
:10B0A0005846039A019900F023F9C9F80800204690
:10B0B000E6E70000108D0408038404842DE9F04FB6
:10B0C00091B00C46FFF756FF050013D0B4B12068CD
:10B0D0003CA1FFF729FA06004FF0000B11D02068C1
:10B0E0000190D4E90301CDE90401D4E90101CDE9DE
:10B0F000020144E0002011B0BDE8F08F11221021C0
:10B100005DE0D4F804A001212046FFF79FFDD4F8AC
:10B1100020908046012104F11C001090FFF796FD5D
:10B120002A491422074607A8F5F74EF9B8F1000F8F
:10B130004FF0010002D0ADF8220002E00024ADF88B
:10B1400022B009941FB11099ADF82A0002E0002145
:10B15000ADF82AB0B9F1000F0B9102D10FB1132253
:10B1600006E0BAF1000F05D1B8F1000F02D01222AB
:10B17000102123E0142207A901A8F5F725F91449A5
:10B180002868884212D186F0010202A9144605F10E
:10B190002000FFF759F968B104A9224605F12800FB
:10B1A000FFF752F940B12846FFF7C2FD032028619E
:10B1B0002846A0E7122200E013221621284600F0BC
:10B1C0005BF897E7696E697400000000648D0408FD
:10B1D0000001C0A170B5FFF7CDFE002807D0017CAB
:10B1E000890705D41022112100F046F8002070BD17
:10B1F0000B4A0168914211D10546FFF7A8FD286C62
:10B2000060B1AC6B54B1D5E91032002021469847AB
:10B210002069A04202D008B10446F4E7012070BDC5
:10B220000001C0A170B513460D46FFF7A3FE04460A
:10B230001A462946FFF782F900281CD0208E08B153
:10B24000666B00E00026012802D9656B0C350DE025
:10B2500000250BE03046FFF798FA2046FFF740FD47
:10B260002846FFF7C7FA608B401C6083608B218BF8
:10B270008842EFD380B270BD002802D00C3000F0BD
:10B2800092B87047F8B50E46FFF774FE040007D079
:10B2900000270097208E012808D9606B0C3006E04B
:10B2A00010221146FFF7E8FF0020F8BD0020694694
:10B2B000FDF72EFF050005D1182220461121FFF7CA
:10B2C000DBFF009706B135800098F8BD4168D1E9F1
:10B2D000020148437047016802460120090A04E060
:10B2E0005368491E53F8213058430029F8D170475C
:10B2F000000640EA014040EA02207047F0B5002411
:10B300001FE000BF00EB840595ED001A61EE001A06
:10B3100081EEA01A11EE105A002DC5F31606C5F3E2
:10B32000C757C7F17E0706F5000600DA76421F2FE1
:10B3300001DD00263746F50123F8147042F8245049
:10B34000641C8C42DEDBF0BD0120704710B18269C5
:10B35000002A00D10846704710B18269002A00D146
:10B360000846704710B18269002A00D1084670472C
:10B3700010B1806900B1014609B1886870470020AA
:10B38000704710B1806900B1014609B18868704703
:10B390000020704710B1806900B1014609B188688A
:10B3A000704700207047037813F0FF0F01D0002092
:10B3B00070470170016862F31F210160012070472E
:10B3C00082B0CDE9000121F0004001909DED000B1D
:10B3D00002B051EC100B70472DE9F04F816989B034
:10B3E0000A880AB14B6800E000235B6833B10AB1F8
:10B3F0004B6800E000235B681C6800E00024012A21
:10B4000002D94B680C3300E000235B6843B1012A8A
:10B4100002D949680C3100E000214968096800E060
:10B420000021E268036B078DCE68B2F804C0BFB29A
:10B43000B3F800B0B2F80C901FFA8CFAB589B2F8E4
:10B4400008C09B88ADB2B0F82080828C9BB2368950
:10B45000808BCDE9075191B21FFA8BF280B2009038
:10B46000CDE90321B6B220461FFA88F5CDE9015394
:10B470001FFA89F253461FFA8CF1CDE9057602F0E6
:10B480000FFF09B0BDE8F08F2DE9F04F04462DED18
:10B49000028B9BB081690A880AB1486800E00020ED
:10B4A000406828B10AB1486800E0002040680068A0
:10B4B000012A834602D948680C3000E00020406829
:10B4C00040B1012A02D948680C3000E000204068F1
:10B4D000036800E00023022A02D94868183000E01F
:10B4E0000020406838B1022A02D94868183000E0CC
:10B4F000002040680068022A82460BD9486810F193
:10B50000180F07D030F8185F012D03D9406810B12B
:10B51000406800E00020032A02D94D68243500E08D
:10B5200000256D683DB1032A02D94D68243500E03D
:10B5300000256D682D68666A0D957EB1032A02D9D3
:10B540004B68243300E000235B683BB1032A02D937
:10B550004B68243300E000235B685B68022A99464D
:10B56000DBF80C301093E76BD9F80CE09B889BB2AA
:10B570001493D0F818C00D98BEF804603B88BF88BB
:10B58000258D9BB2D0F81880B0B20190A68DDAF864
:10B590000C000893BBB20293ABB20493B3B2039313
:10B5A0008368189340681790DCF808000790D8F873
:10B5B00008000C90DEF80C00109B0F90DEF80800DD
:10B5C0001990D86815909868169002D94868183074
:10B5D00000E00020406860B1022A02D948681830B3
:10B5E00000E000204068806818B10021FFF7AEFE3F
:10B5F00003E0216A0020FFF7BBFEDBF80010D9F85A
:10B600000000DAF8002039B14B682BB14D881DB12C
:10B610001B68D3ED008A01E0F7EE008A38B1436879
:10B620002BB145881DB11B6893ED008A01E0B7EE90
:10B63000008ADBF81850DAF81830D9F8186094F856
:10B6400041A0D5F80890D3F80880B5681AB15268BF
:10B650000AB1146800E0002439B14A682AB1498867
:10B6600019B1516891F9006000E0002638B14168D5
:10B6700029B1408818B1486890F9007000E00027AF
:10B680000D988069D0E90001FFF71AFA0F9901239C
:10B69000F0EE480A8AB20C99B0EE680ACDE91101C1
:10B6A000CDE90F23199808AA80B2CDE90D50CDE954
:10B6B0000B4ADDE90701079182E8C1001898CDF82F
:10B6C000008083B2DDE902010393179A92B20292DD
:10B6D000CDE905101598149B82B2169881B24846A0
:10B6E00000F0F8F91BB0BDEC028BBDE8F08F2DE93E
:10B6F000F04F816987B0088808B14A6800E00022ED
:10B70000526832B108B14A6800E0002252681568F8
:10B7100000E00025012802D94A680C3200E000222E
:10B72000526842B1012802D94A680C3200E0002276
:10B730005268146800E00024022802D94A681832CE
:10B7400000E00022526842B1022802D94A68183249
:10B7500000E000225268166800E0002602280BD99B
:10B760004A6812F1180F07D032F8183F012B03D99D
:10B77000526812B1526800E000220328904602D9B4
:10B780004A68243200E00022526842B1032802D9FC
:10B790004868243000E000204068076800E0002787
:10B7A000E868E168808889881FFA80FB1FFA81FABF
:10B7B00004F10800FFF78AFD8446D8F81800D0F895
:10B7C00008907FB1B869D0F808802B682068376886
:10B7D000B16953B15A6842B15E8836B1126892EDD0
:10B7E000000A04E04FF00008EFE7B7EE000A38B1B6
:10B7F00042682AB146881EB11268D2ED000A01E003
:10B80000F7EE000AA469AD698A68A468A9683BB12B
:10B810005D682DB15B881BB16B6893F9003000E067
:10B82000002338B145682DB1408818B1686890F997
:10B83000005000E000251FB1786808B1006800E002
:10B8400000208DE82808CDE90508CDE903AC4B467A
:10B85000204600F0A4FC07B0BDE8F08F2DE9F04FC2
:10B860002DED028B93B081690A880AB14B6800E024
:10B8700000235B6833B10AB14B6800E000235B68CA
:10B880001D6800E00025012A02D94B680C3300E056
:10B8900000235B6843B1012A02D94B680C3300E0F6
:10B8A00000235B681C6800E00024022A02D94B6870
:10B8B000183300E000235B683BB1022A02D94B68D1
:10B8C000183300E000235B681B68022A99460BD9F5
:10B8D0004B6813F1180F07D033F8186F012E03D9F6
:10B8E0005B6813B15B6800E00023032A02D94E684D
:10B8F000243600E0002676683EB1032A02D94E685D
:10B90000243600E0002676683668476A7FB1032A4D
:10B9100002D94C68243400E0002464683CB1032A56
:10B9200002D94C68243400E0002464686468022A68
:10B93000B0F828C0B0F82C809B691FFA8CFCD4F8B2
:10B940000CA0B769CDF810C01FFA88FCCDF80CC068
:10B95000D5F80CC09B680293D7F808B0BCF8043047
:10B96000DAF80C700A979BB2DAF808701297DCF8D4
:10B970000C701097DCF808700F970D9302D94B6884
:10B98000183300E000235B686BB1022A02D94968D2
:10B99000183100E0002149688A6822B10021104670
:10B9A000FFF7DAFC03E0016A0020FFF7EAFC2968F0
:10B9B0002068D9F8003039B14A682AB14F881FB1E0
:10B9C0001268D2ED008A01E0F7EE008A38B14268D1
:10B9D0002AB147881FB1126892ED008A01E0B7EEE4
:10B9E000008AAD69D9F81820A469D5F808A0D2F862
:10B9F0000890D4F808801BB15A680AB1146800E0B6
:10BA0000002439B14A682AB1498819B1516891F9BD
:10BA1000005000E0002538B1416829B1408818B1D4
:10BA2000486890F9007000E00027B069D0E9000193
:10BA3000FFF746F80A990023CDE90A30129889B237
:10BA4000099102AB81B2CDF830B0F0EE480AB0EE09
:10BA5000680ACDE90781CDE9057493E807000495EC
:10BA6000CDE90210CDE9009210980D9B82B20F989B
:10BA700081B2504600F0C2FB13B0BDEC028BBDE8B2
:10BA8000F08F2DE9FF4F9A4693468E462DED020B1F
:10BA90008BB0DDE92367DDE92145DDE91F23DDE921
:10BAA0001D01DDF870C0DDE91A98CDE90301CDE98B
:10BAB0000523484653468DE80111CDE90745CDE9F8
:10BAC00009670D985A46714602F026FD11B0BDE88F
:10BAD000F08F00002DE9FF4F8A461C462DED020B2A
:10BAE000C5B0DDF888916398559F619A00FB09F015
:10BAF000DDE965185F9E00FB07220020049047984F
:10BB00005C9D82420AD94998479A00FB0AF000FBE3
:10BB100004226198824201D9012004906098032890
:10BB200001D0022801D10020049041444246A1EBFB
:10BB300047003946834603463046CDF83480FFF748
:10BB4000DDFB6098C107639909F102001A9002D0E9
:10BB5000891C484301E009FB01F011903A465798CF
:10BB60005D99CDE90005CDE90218569B2046549910
:10BB700003F0E4F8569807EB470108EB81051695AA
:10BB800004FB00F608EBC7003E90579908EB8700CE
:10BB90003F904FF001083E98714389B20A9100210D
:10BBA00011E000BFBBF90020531E152B06D25E9B8F
:10BBB000934008FA02FC03EB5C0200E05E9A491C29
:10BBC0000BF1020B04C0B942ECDB499839A936905D
:10BBD000ABEB47000B9030AB639835AA3190569889
:10BBE0003B905798CDF8DCA03A905898CDF8C89083
:10BBF0002890599829905A982A905B982B900B98E6
:10BC000041900D98009126A940901BA8FFF730F9AC
:10BC100060980328C0F340000F9021D0002044908A
:10BC200000203D9056986100414354980E905798DB
:10BC30004143169800EB41001390DDE9560148435B
:10BC40004FF4A05160437843B1EB400F00DB41005B
:10BC500001EBD1704FEA60086498012802D00FE030
:10BC60000120DCE70A987843404509DC0A9AA007DE
:10BC700013993B460E982CD002F092FD01203D9086
:10BC80000A9998FBF1F080B2874200D23846429080
:10BC9000B7FBF0F2B7FBF0F1439100FB127010B16B
:10BCA000481C80B24390049960000129579900FB19
:10BCB00001F0569900FB01F018900DD04398409088
:10BCC0003F9815903E9810904298149061981A975A
:10BCD00059E202F08DFED1E7002033E11BA8FFF707
:10BCE0001EF9609803281AD02598619A784300FBC2
:10BCF000092014903D980028149812903F981590B0
:10BD000041980B9040980D903E98109042980C905E
:10BD100043984490549819970E9008D008E12598BC
:10BD200061991A9A401C491C00FB0210E1E7A00728
:10BD300006D10C9B0A9A13990E9802F059FEF7E06F
:10BD40000C9B0A9A13990E9802F02AFDF0E01E98B7
:10BD50001B90002034901F981C9020981D903498C0
:10BD60009FE01BA8FFF7F3F8BDF89200012812D05E
:10BD70005899349848435A99A207A0EB010B599956
:10BD8000259800FB01F05B99A0EB01005799014455
:10BD900003914ED05FE05999259848435B99401A2A
:10BDA0005799014402912FE05899349848435A9981
:10BDB000401A56990144049120E000BFBBF1000FE6
:10BDC00007DB49998B4504DAB8F1000F01DBD04558
:10BDD00005DB5D982246294602F085FB0AE00BFB55
:10BDE0000A81A0074798224601FB0400294610D08B
:10BDF00002F0DDFE05EB440508F1010004998046E0
:10BE00004145DBDC0BF10100029983465945CBDC4F
:10BE100025E002F041FFEDE708FB0AB14798324602
:10BE200001FB0400294602F037FF05EB460508F147
:10BE30000100804603984045EEDC10E008FB0AB1A3
:10BE40004798324601FB0400294602F0B0FE05EB9C
:10BE5000460508F10100039980464145EEDC18993A
:10BE6000169800EB4100A84218D1DDE90F2105AD7D
:10BE7000129B0D9885E80F000AAD002395E8070096
:10BE8000CDE90301CDE9013211983B4600901398AA
:10BE9000DDE91521F4F7AAFB169D12903498401C99
:10BEA00034904845FFF65DAF1698854213D0DDE922
:10BEB0000F2104AD129B0D9885E80F00DDE90B31D1
:10BEC0000A9A11988DE80F0013983B46DDE9152179
:10BED00003F0A4F9169D0C991998421A14990C981C
:10BEE0000844149090B2199019990C9888421499AA
:10BEF000129101D2014600E019990C91C1B10A9B3F
:10BF0000A1070E9A03FB00220E92159A02EB800203
:10BF100015920B9A02EB40020B920D9A02EB8002F3
:10BF20000D92109A02EB800010907FF409AF00E7A9
:10BF30004498011EA0F1010080B244907FF407AF45
:10BF40002598401C639925908842FFF6C7AE4BB0F8
:10BF5000BDE8F08F3D9838B9DDE913130A9AA007C0
:10BF60000E9807D002F01CFC6098032819981290D4
:10BF700003D005E002F03CFDF6E74844C01C1290F7
:10BF80000020BDE01BA8FEF7CAFF0020B2E01BA8FE
:10BF9000FEF7DDFFBDF89200012812D034995898C1
:10BFA00041435A98A207A1EB000B5999259800FB31
:10BFB00001F05B99A0EB01005799014442D0039135
:10BFC00061E05999259848435B99401A5799014473
:10BFD00002912FE05899349848435A99401A56993B
:10BFE0000144049120E000BFBBF1000F07DB49983A
:10BFF000834504DAB8F1000F01DBD04505DB5D981D
:10C000002246294602F06FFA0AE00BFB0A81A007DC
:10C010004798224601FB0400294610D002F0C7FDD4
:10C0200005EB440508F10100804604984045DBDC3F
:10C030000BF10100834602985845CBDC27E002F063
:10C040002BFEEDE702910CE008FB0AB1479832465F
:10C0500001FB0400294602F01FFE05EB460508F12E
:10C060000100029980464145EEDC10E008FB0AB071
:10C070004799324600FB0410294602F098FD05EB73
:10C08000460508F10100804603984045EEDC18990A
:10C09000169800EB4100A8422AD1449800284FF09E
:10C0A000000002D0349901B90220129DDDE90F325F
:10C0B0000DF114080D9988E82E00DDE90A3101AD73
:10C0C000149A049185E80D0011983B46009013984E
:10C0D000DDE91521F4F78AFA1290449838B13499C1
:10C0E000A9F10100814202D11298801C1290169D84
:10C0F0003498401C34904845FFF649AF2598401CC1
:10C10000639925908842FFF63DAF1698854213D07B
:10C11000DDE90F2104AD129B0D9885E80F00DDE9E4
:10C120000A23149911988DE80F0013983B46DDE916
:10C13000152103F073F8169D14991A98411A149852
:10C1400089B21A91884200D201461491E1B10A9A4B
:10C150000E9902FB00110E91159901EB80011591CA
:10C160000B9901EB40010B910D9901EB80010D91B1
:10C17000109901EB800110910F99002919990CD0A9
:10C18000119A00FB021019904098011EA0F10100C5
:10C1900080B240907FF4DEAED9E60844F3E72DE9A3
:10C1A000FF4F064688462DED020B87B0DDE91B04E4
:10C1B000DDE9197ADDF860B0224604EBC701894653
:10C1C0000B463946FFF79AF8002512E00C983B46DB
:10C1D00017995A46CDE90310CDE905641698CDE9C3
:10C1E00000490B990290404602F028FE6D1CD8448D
:10C1F0003E445545EAD30DB0BDE8F08F2DE9FF4F21
:10C2000088461C462DED020B9DB0DDE92C0BDDE9C7
:10C210003059DDF8B8A0339F369931B938990323E6
:10C220001A460091214602F0DBF8389804EBC4016D
:10C23000389A00EBC4001B9000EB4106329833465D
:10C2400021461196FFF75AF838980021059700EB20
:10C2500084001A9011E000BFB6F90020531E152B80
:10C2600007D2012709FA02F3974003EB570204C0F3
:10C2700001E040F8049B491CB61CA142ECDB08FB22
:10C2800004F1A8F10202C5F1000001FB0AF11691C8
:10C29000042C04FB0BF102FB04F2C0EA00401292F2
:10C2A000159101D3E11E00E0002114910021BCE2B0
:10C2B000169A1F9B01FB02310A910021ADE22F99D2
:10C2C0000022DDF844E0DDF8E0A0DDE91AB91991BB
:10C2D000E6E11999CC460A9B9E180B680E934B68B1
:10C2E0000D938F680397CF681031199131190C970E
:10C2F0000F1933680E680CF104010197DCF8007027
:10C3000051F804CB8846CDF83CC0190CC1EA0609A7
:10C31000C3EA06410E9B20FA81F620FA91F127FB31
:10C3200006330E930D9B2CFB01330D9308F1040192
:10C33000D8F8003020FA89FC039F40C923FB0C7C0D
:10C340000C9F20FA99F3CDF80CC001F1080926FBE7
:10C3500003770C97019F129ED1E9008C3B6837440C
:10C360003E68190C27440197C1EA0607C3EA064153
:10C370000E9B20FA81F620FA91F128FB06330E93EA
:10C3800020FA87F80D9B2CFB01330D9309F1040172
:10C39000D9E90036DDF80CC023FB08CC20FA97F36E
:10C3A0000C9FCDF80CC026FB03770C97019FDDF89E
:10C3B00048C03B6827443E6867440197D1F804C0F1
:10C3C000CDF840C04FEA134CCCEA0609DDF840C076
:10C3D000C3EA06480E9B20FA88F68F682CFB0636C7
:10C3E0000D9B0E9620FA98F627FB06330D9320FA44
:10C3F00089F7D1E90336DDF80CC023FB07C30C9F96
:10C40000039320FA99F326FB03770C97019F3B686F
:10C4100027443E684FEA134827440197D1E9057C39
:10C42000C8EA0609C3EA06430E9E20FA83F827FBF2
:10C43000086620FA93F70D9B2CFB0738CDF8348063
:10C4400020FA89F8D1E9077C039B27FB08380C9F69
:10C4500020FA99F3CDF80C8001F128092CFB037721
:10C460000C97019FDDF834803B68B1F924704FFAD6
:10C4700083FCACEB050C07FB0C660E9643F3074CF4
:10C48000B1F9267043F30721491BBEF900600196FC
:10C4900007FB01810D9109F10201B9F900704FEA22
:10C4A0002368ACEB050C31F9023B162E8946A8EB4C
:10C4B0000501DDF80C8007FB0C8703970C9F03FB3D
:10C4C00001710C910EDBDAF800700121DDF838C043
:10C4D000B31E99405CFB0711731EDBF80060194125
:10C4E0008B190BE0002E12DD0E99DAF80030DBF824
:10C4F0000060490051FB036301990B410AF10401FB
:10C500000BF1040B0EF1020E03F3070612E0C6F165
:10C5100001010E9EDAF800300EF1020E8E400AF193
:10C52000040106F31F0656FB13F35BF8046B1E446D
:10C5300006F30706059B1E70059B03F1010ABEF971
:10C540000030162B0FDB80C9DDF834800126A3F103
:10C55000020C06FA0CF658FB07665B1EDBF800C0FF
:10C560001E41664409E0002B0EDD0D9E80C9DBF8FC
:10C5700000C0760056FB07C61E410BF1040B0EF1FE
:10C58000020E06F307060FE0C3F101060D9B0EF144
:10C59000020EB34040C903F31F0353FB16F35BF8CD
:10C5A000046B1E4406F307060AF8016BBEF900C0CF
:10C5B000BCF1160F10DB0127ACF1020351F8048B1C
:10C5C0009F405E1C039B5BF804CB53FB0873334115
:10C5D000634403F307060DE0BCF1000F0DDD039B80
:10C5E00040C95BF8047B5B0053FB067646FA0CF609
:10C5F00006F307060EF1020E0FE0039ECCF10103D5
:10C600000EF1020E9E4008C906F31F0656FB13F3F7
:10C610005BF8046B1E4406F307068AF800600AF113
:10C6200001030593BEF90030162B11DB51F804CB42
:10C63000DDF8308001269F1E8A46BE4058FB0C66FE
:10C640005B1E5BF8047B1E41F31903F307030CE048
:10C65000002B0DDD0C9E80C95BF804CB76008A466A
:10C6600056FB07C61E4106F307030EF1020E10E04B
:10C670000C9EC3F101030EF1020E9E4008C98A46CA
:10C6800006F31F0151FB13F15BF8043B0B4403F36A
:10C69000070305990B700599491C0591121D92B26B
:10C6A00014998A42FFF415AE04F003010E91AAE03A
:10C6B0000A9B511C199E1344DDF864C08AB2B9F973
:10C6C00000700CF1040C93F9001023443668CDF887
:10C6D00064C0A1EB050C09F1020107FB0C6693F99C
:10C6E00000702344B9F902C07F1B93F900800CFB52
:10C6F0000766A8EB0507DDF84880B9F904C0434494
:10C700000CFB076693F900802344B9F906C0A8EB37
:10C71000050793F9008023440CFB076CCDF80CC08F
:10C72000A8EB0506DDF848C0B1F9067093F9008062
:10C7300063440093BEF90090CDF83490DDF80CC04E
:10C74000B9F1160F07FB06C30393A8EB050C009B7A
:10C7500001F11009B1F9086093F9007023440093C6
:10C76000039BA7EB050706FB0C38009BB1F90A6099
:10C7700093F900C006FB0786B1F90C70ACEB050C11
:10C780001B5707FB0C66B1F90E70A3EB050307FB03
:10C7900003610EDB0D9B0126DAF800C09B1EDBF85F
:10C7A00000709E4051FB0C610D9B5B1E194139448A
:10C7B00018E00D9B002B09DDDAF800604900DBF87A
:10C7C000003051FB06310D9B19410BE0C3F1010311
:10C7D0009940DAF8003001F31F0151FB13F1DBF847
:10C7E000003019440EF1020E01F3070305990AF116
:10C7F000040A0BF1040B0B7005990E9B491C059163
:10C800005B1E99B20E9100297FF452AF159A0A99D6
:10C8100011440A911C99491C09B2349A1C91914205
:10C82000FFF64DAD1899491C09B2359A18919142FD
:10C83000FFF63EAD23B0BDE8F08FB2FBF3F2F0B5EA
:10C8400085B00DF1300EDDE90A4C9EE8E000B2FB48
:10C85000F4F20DF1080ECDE9004C8EE8E000FCF793
:10C86000D9FC05B0F0BDB2FBF3F2F0B585B00DF127
:10C87000300EDDE90A4C9EE8E000B2FBF4F20DF167
:10C88000080ECDE9004C8EE8E000FCF7FBFE05B099
:10C89000F0BD2DE9F05F92F9006000251F460C46BF
:10C8A000DDE90CBADDF828804FEA4A0910E00020E3
:10C8B00004E05C44401C26706670A41CB842F8DB9F
:10C8C0004A462146304601F015FF6D1C04EB4A0430
:10C8D0004545ECDBBDE8F09F2DE9F05F92F90040A3
:10C8E000062B4FF6FF75DDE90C8B0A9805D0032B5C
:10C8F00029D000220BF1010641E005EA0423E2B24F
:10C90000134343EA0242002342EA046217E00A604A
:10C910004A600C72CC730C74CC750C76CC7781F8B1
:10C92000204081F8274081F8284081F82F4081F885
:10C93000304081F837408A63CA6340315B1C8342D0
:10C94000E5DBBDE8F09F05EA0423E2B2134343EAC6
:10C95000024242EA04639DB2002209E00B604B618F
:10C960008D80CD814C728C72CC740C761931521C36
:10C970008242F3DBE5E700BF521C01F8014BB242F3
:10C98000FADB5D1E4FF00009A0F1010A17E000BFBD
:10C99000002001EB080704E03C707C70BF1C401CC9
:10C9A0004744A842F8DB0221204601EB4B023946FE
:10C9B00001F0A0FE07EB4B01891C09F10109D145EB
:10C9C000E6DB01EB0800002104E004704470801CE9
:10C9D000491C4044A942F8DB002102E0491C00F850
:10C9E000014BB142FADBACE72DE9FF5F082B0C46A7
:10C9F000DDE90E95DDE91387DDE910BA01D00026E7
:10CA000031E00298524690F90050284601F072FE3B
:10CA100004EB0A06002415E042463146284601F0A0
:10CA200069FE464400985A46314601F021FE0098BE
:10CA30005E443A46314658440090284601F05AFE7A
:10CA4000641C3E444C45E7DB129A04B0314628464C
:10CA5000BDE8F05F01F04EBE02982A46214601F083
:10CA600007FE2C442E445645F6DB00201EE00298BB
:10CA70002A46214601F0FCFD2C442E444645F6DBB7
:10CA800000985A46214601F0F3FD009800265C44C8
:10CA90005844009006E002982A46214601F0E8FD3D
:10CAA0002C442E44BE42F6DB0AF101004FF0000692
:10CAB00048458246E2DB06E002982A46214601F01C
:10CAC000D7FD2C442E4412988642F5DBBDE8FF9F2B
:10CAD0002DE9FF4F83B0884600279246DDE9139188
:10CAE000DDF854B0129D08EB0104019423E0002608
:10CAF00006E003982A46214601F0BAFD2C442E4454
:10CB00005E45F6DB119A2146039801F0B1FD1199BB
:10CB100003980C4408440390401B0090002606E054
:10CB200000982A46214601F0A3FD761C2C4410985B
:10CB30008642F5DB7F1C5745D9DB019D444605E065
:10CB40004A462146284601F093FD4C44AC42F7D1B9
:10CB500006985044401E00FB098516982C1806E0E4
:10CB60004A462146284601F083FDA4EB0904AC4265
:10CB7000F6D107B0BDE8F08F2DE9FF4F83B00D4629
:10CB80001A99DDF80CB0DDF848906F18159C00205C
:10CB900006998046884241DA1B98DA463E1800968C
:10CBA00009E016981499361A0AEB01000A468246E3
:10CBB000314601F05DFDBE42F3D1009E5846139A06
:10CBC000314601F055FD1399002770180190109817
:10CBD0008B4417990E1818984044009005984643C6
:10CBE000109808FB000A11E00099AAEB0700149BBB
:10CBF000801E01FB0962169902FB0151039A00FB9A
:10CC000003201A4601F034FD761C7F1C4E45EBDBF9
:10CC10001C990198471808F10100B9E718982E46A9
:10CC2000400000FB045706E022463146384601F03A
:10CC30001FFD3F1B2644BE42F6D1199911984900A9
:10CC4000401E00FB045501FB145606E0224629460F
:10CC5000304601F00DFD2D1B2644B542F6D107B03C
:10CC6000BDE8F08F2DE9F04F0D468146022B1646A8
:10CC70002DED028B9DB0CA46B0EE608AF0EE408A80
:10CC8000DDE92814DDF8D0B02B9F41D102293FD136
:10CC90004FF0000E4946F246CDF8049026E000BF62
:10CCA00001984FF0000C18E0002304E050F8042B2A
:10CCB0005B1C41F8042BB3EB940FF7DB002204F06C
:10CCC000030304E010F8018B521C01F8018B93421E
:10CCD000F8DCA64420440CF1020CAC45E4DB620015
:10CCE00001980AF1020A02FB05000190B245D7DB68
:10CCF00005FB06F1724601FB0491A1EB0E00824692
:10CD00000146484601F0B4FC6D1C761C6D0876089F
:10CD1000319906FB05F000FB07124A4507D900FBD5
:10CD200004913198814202D9B146012601E04FF0C9
:10CD300001093399F0EE480A59445A46A1EB4700DD
:10CD40000E90B0EE680A03462F983946CDF848B0E9
:10CD5000FEF7D4FA0BEB870011900BEBC700159090
:10CD600001201B908446002016E00E9931F9101026
:10CD70004A1E152A09D22E9A8A400CFA01F31199FB
:10CD800002EB530241F8202005E0119A2E9942F857
:10CD9000201000211B91401CB842E6DB32984FF076
:10CDA000000B1097012805FB06F0179014D178426C
:10CDB00004FB07F100EB8002339800EB4200B0EB7C
:10CDC000410F09DBDDF854B001222A982346394689
:10CDD000CDE9004B02F006F83098C1073198199060
:10CDE0001798189004D0711900EB4100001D18909D
:10CDF000002031E0052D0ED1192E0CD110984028BD
:10CE000009D1402C07D12D98803004D11B9810B146
:10CE10003098032828D009AA15991198089582E816
:10CE20000308309A2D981099CDE90414CDE9060233
:10CE3000DDE917230E9912988DE80F00199B5046D3
:10CE40002C9A2A99F3F774FD199805FB070005FB46
:10CE500004AA199008F1010048458046CAD31DB0C4
:10CE6000BDEC028BBDE8F08F1599119ACDF82CB06E
:10CE70000895CDE90921309910982D9ACDE904043F
:10CE8000CDE90621DDE917230E9912988DE80F00F0
:10CE9000199B50462C9A2A99F4F7FAF8D4E7017FA7
:10CEA00039B1012909D0022905D0032907D100F0A1
:10CEB00007B800F05CB800F0B4B800F001B97047F2
:10CEC0002DE9FF4781690A880AB14B6800E0002319
:10CED0005B6833B10AB14B6800E000235B681D68F2
:10CEE00000E00025012A02D94B680C3300E0002342
:10CEF0005B6843B1012A02D949680C3100E0002186
:10CF000049680C6800E00024D0E90929A869D4E93F
:10CF1000057116889388B2F808C034B296891BB29E
:10CF2000EA680FFA8CFA6D690FFA86F81C4380687C
:10CF30008968D2F804C0D368EE686D68FF68D9F8D4
:10CF4000082005D1BAF1020F02D1B8F1020F07D0C3
:10CF5000CDE900C5CDE90267FFF7BEFCBDE8FF875C
:10CF6000CDE900C5CDE90267FFF793FCF6E72DE9AF
:10CF7000F043826987B013880BB1516800E000214B
:10CF8000496829B10BB1516800E00021496809687E
:10CF9000012B02D954680C3400E00024646844B1C9
:10CFA000012B02D952680C3200E00022526813684B
:10CFB00000E00023466AD0F828800DF1080E8A6947
:10CFC0005F693488B08825B204B29869D7F80CC07C
:10CFD000BF68D0F80890108805FB0CF5C0F3C613A5
:10CFE0009068D8F80820B6F80880B6890FFA88F853
:10CFF00036B208FB0CF87C437E43D1F814C0CF68EE
:10D00000DCF80C10FF68DCF804C08EE82201494609
:10D01000CDE9007CCDE90546FFF7E6FC07B0BDE8A9
:10D02000F0832DE9F043816987B00A880AB14B6823
:10D0300000E000235B6833B10AB14B6800E00023D5
:10D040005B681F6800E00027012A02D94B680C3397
:10D0500000E000235B6843B1012A02D949680C3122
:10D0600000E0002149680A6800E00022416AD2E934
:10D07000053808888D880C89D3E902C603B2FA689E
:10D08000B8692DB27F6924B205FB0CF58989D7F800
:10D090000CC00FFA81F9D8F80810BF68744303FB7D
:10D0A00006F88068D268CDF80090CDE901C7CDE9D7
:10D0B0000554CDE90368FFF70BFD07B0BDE8F08329
:10D0C0002DE9F04F81698FB00A880AB14B6800E002
:10D0D00000235B6833B10AB14B6800E000235B6852
:10D0E0001C6800E00024012A02D94B680C3300E0E0
:10D0F00000235B683BB1012A02D949680C3100E08A
:10D10000002149680B680426E268D3E90251B6EBB6
:10D11000152FD5680D9592680092CA680192D1F8D2
:10D1200008B001D20A6900E00122D0F824C0586991
:10D13000BCF80010D0E90267986909B2BCF80C503D
:10D140002DB2D0F808E0BCF80400BCF808C000B26A
:10D150000FFA8CF8D4F818C0754300FB06F3DCF81E
:10D1600008A0D4F814C001FB07F4DCE902C9CDF82B
:10D1700010C0CDF824800C95CDE90701CDE90A4314
:10D18000CDE90576CDE902B90D9B71465046FFF712
:10D19000F3FC0FB0BDE8F08F2DE9F04F04462DED04
:10D1A000028B91B08169088808B14A6800E00022CA
:10D1B000526832B108B14A6800E00022526816682D
:10D1C00000E00026012802D94A680C3200E0002263
:10D1D000526842B1012802D94A680C3200E00022AC
:10D1E0005268156800E00025022802D94A68183202
:10D1F00000E0002252683AB1022802D94A68183287
:10D2000000E0002252681268022891460BD94A6851
:10D2100012F1180F07D032F8183F012B03D95268CA
:10D2200012B1526800E00022032802D94B6824336F
:10D2300000E000235B683BB1032802D94B6824332C
:10D2400000E000235B681B68676A9A468FB1032879
:10D2500002D94B68243300E000235B6843B1032804
:10D2600002D94B68243300E000235B685D6800E06E
:10D270000025238DD2F818C00228A78D9BB2DAF8BA
:10D280001880F2680D93BBB210939346EF68DCF8F8
:10D29000083000939388D8F808200392BF88DBF801
:10D2A0000C200F92DBF808200E929AB20292BAB2CA
:10D2B000019202D94A68183200E00022526862B135
:10D2C000022802D94868183000E0002040688068D1
:10D2D00018B10021FEF746F803E0216A0020FEF7AE
:10D2E00059F831682868D9F8003039B14A682AB14C
:10D2F0004F881FB11268D2ED008A01E0F7EE008A74
:10D3000038B142682AB147881FB1126892ED008A8D
:10D3100001E0B7EE008AB269AD69D9F8186094F8F7
:10D3200041B0D2F80890D5F80880B5681BB15A68AA
:10D330000AB1146800E0002439B14A682AB149886A
:10D3400019B1516891F9006000E0002638B14168D8
:10D3500029B1408818B1486890F9007000E00027B2
:10D36000DAF81800D0E90001FDF7AAFB03990123C0
:10D37000CDF820B00596F0EE480ACDE90B01CDE9D5
:10D380000983CDE906749DE80700B0EE680ACDE98F
:10D390000310CDE90125109800900F980D9B82B2E3
:10D3A0000E9881B24846FFF75DFC11B0BDEC028BD0
:10D3B000BDE8F08FF0B50546806985B0018809B1F8
:10D3C000426800E00022526832B109B1426800E0D0
:10D3D00000225268146800E00024012902D9426842
:10D3E0000C3200E00022526842B1012902D94068A3
:10D3F0000C3000E000204068066800E0002604F1E0
:10D400000800FDF768FF0246D5E906100B88806822
:10D41000032B02D94F68243700E000277F6847B10B
:10D42000032B02D94968243100E0002149680B68C8
:10D4300000E00023B5F920109F69D4E90353BF68C9
:10D4400055F82150B1EB132F03D2636953F8213003
:10D4500000E00023A1690C4C0DF1040ED1F800C0CE
:10D46000B4EBCC1F90E81110049700958EE81110D2
:10D47000B0698968806803D1FFF7DFF905B0F0BDB6
:10D48000FFF7F1F9FAE700000020024238B5642303
:10D490000446012269468DF800000248F9F7CCF8ED
:10D4A000204638BDA4B0012430B5D0E90551C36889
:10D4B000064CD868EB68096858432140A1F58022E2
:10D4C000C03A01D1C01DC00830BD0000FFFF7F0180
:10D4D00096B000240094019402940394F6F7F4FFAC
:10D4E00001208DF80C001F218DF8081087228DF87F
:10D4F00009208DF80D008DF8000068468DF80A406F
:10D500008DF80E408DF8014001948DF80B408DF898
:10D510000F40F6F7ABFF0420F6F7E4FFA8490868D0
:10D52000800311D4BFF34F8FBFF36F8FA548046002
:10D53000BFF34F8FBFF36F8F086840F4003008606F
:10D54000BFF34F8FBFF36F8F0868C00323D49C488D
:10D5500070300460BFF34F8F001F43F6FF74006804
:10D56000984D1035C0F34E32C0F3C90304EA421798
:10D57000184600BF47EA80762E60401EFAD2521E3F
:10D58000F4D2BFF34F8F086840F480300860BFF3D7
:10D590004F8FBFF36F8FF6F71BFFFAF7C9F8F9F754
:10D5A0007DFCF9F75DFCF9F7D1FCF9F793FDF9F78C
:10D5B000FBFCF9F7C3FDF9F725FDF9F757FDFAF77D
:10D5C000A5F8F4F797FB40F6B830F6F761FB7EA0BC
:10D5D000FAF7A6FF8C486423252281A1F9F72CF8DD
:10D5E0008A484FF4C041F2F708FF05213320F9F7CC
:10D5F0001FFC3320F9F708FC85493320F9F778FA46
:10D600000028834841F604710844804603D064230F
:10D61000072280A106E001467D48F9F770FA6423ED
:10D6200013227EA17848F9F707F877486423172278
:10D630007FA1F9F701F884480021FDF7A3FB824C94
:10D64000241F10F0FF0F03D0642313227FA126E0D4
:10D65000FDF7DCFB01460EA8FDF7BCFB1C2268466B
:10D660000EA9F2F7B1FE7E490EA8FDF797FB1C222A
:10D670000EA907A8F2F7A8FE60686946FDF7CAFB85
:10D68000002869D060680021FDF7DCFB20610021E3
:10D690006068FDF7E1FB642360611C2271A15A48B8
:10D6A000F8F7CAFFF6F71AFC594DA06005F60457C3
:10D6B00005F5D06633203146F9F75EFA0028F9DB2C
:10D6C00041463046F9F7B8FAF2EE000A3A4670EEF3
:10D6D000600A9FED6C0A41463046F3F781FEB5F8CB
:10D6E000020D0128E6D19FED681A00204FF4407228
:10D6F00005EB400105EB800303F58053B1F8041DF1
:10D70000401C904200EE101AB8EE400AC0EE010A2A
:10D71000C3EDC10AECDB3846F9F7E4FFF6F7DEFBB0
:10D72000A26841F28831801A884205D35748F9F738
:10D73000E5FEF6F7D3FBA060F9F776FDF6F7CEFB32
:10D74000E268014642F21070891A814210D85048AE
:10D750000079012804D02FE0642311224DA19EE717
:10D7600094F9000094F90110884225DD322823DD68
:10D77000F6F7B4FBE0604CA0FAF7D2FEF9F714FD1F
:10D78000814601464FA0FAF7CBFE544841F64C5172
:10D7900000F01F021144BFF34F8F0A4A1832106085
:10D7A000203020390029FADCBFF34F8FBFF36F8F91
:10D7B0004A484946FAF728FD0A20F6F769FA79E758
:10D7C00014ED00E050EF00E02D2D2D20576169741D
:10D7D000696E672054657374202D2D2D0D0A00008D
:10D7E0004D4C58393036343020496E697469616C5B
:10D7F000697A6174696F6E205374617274696E67BF
:10D800002E2E2E0D0A00000010B00124A049002485
:10D81000200000246572726F720D0A0043616D2052
:10D82000496E69742053756363657373210D0A0033
:10D83000414920456E67696E652053746172746951
:10D840006E672E2E2E0D0A00C4DC002441492043B1
:10D850007265617465204661696C6564210D0A001A
:10D86000A0A90024414920456E67696E6520526574
:10D8700061647921204C6574277320476F210D0A5C
:10D88000000000003333733F0000C842241300241B
:10D8900030BB0124414920496E6974204661696C9E
:10D8A0006564210D0A0000002D2D20496E74656EFF
:10D8B00064205472616E736D6974202D2D2D200DBE
:10D8C0000A000000416C6C5F4C656E6774683A201A
:10D8D000256C7520627974650D0A00004090012462
:10D8E0002DE9F05F0446C9480A460121FDF74CFBCB
:10D8F00000287CD0C54841F2E852DFF814C341F655
:10D90000843441F22423ACF5AE690168A9F51075A1
:10D9100041F6E8100A44AA600844EA6005F5C862C6
:10D92000A2F5787A02F5C87BA2F5747E9060D0608B
:10D93000A2F5C66201F58B500F19906005F5D06411
:10D94000D060103201F57460703590600B44D06087
:10D9500002F5C66201F5CB509060D060A2F5C462BA
:10D9600001F56C609060D06002F5C66201F5B650BA
:10D970009060D060A2F5C46201F5B8609060D0609C
:10D98000103201F5C0709060D06002F5C46201F5FC
:10D99000AE509060D060A2F5C26201F580709060D8
:10D9A000D06001F5A062A260E26001F5D064AC60D5
:10D9B000EC60103501F56864AC60EC6005F5C2649C
:10D9C0001035A060E06001F2A454AC60EC6005F595
:10D9D000C2641035A060E06001F6A454AC60EC6055
:10D9E00005F11004A060E06001F5586400E005E175
:10D9F00005F5C26501F58858A9F1E006AC60EC6058
:10DA0000A5F5BE6401F50065A360E36004F5C0639D
:10DA100010349860D86001F58063A360E36004F17E
:10DA200010039D60DD6003F5BE63C3F80880C3F892
:10DA30000C80A3F5BC639860D86003F5BE639A6060
:10DA4000DA60A3F5BC6301F508629A60DA6010330E
:10DA500001F548629A60DA6003F5BC6210339060A9
:10DA6000D06001F644229A60DA6003F5BC6210339C
:10DA70009060D06001F5E0629A60DA6004F17002B3
:10DA800001F5106301F540749360D36002F5BA624A
:10DA9000C2F80880C2F80C80A2F5B8629060D0602D
:10DAA00002F5BA629460D46001F52062B260F2605F
:10DAB0001036B060F06006F5B866B360F360A6F5A6
:10DAC000B666B76009F5A268F76006F5B866B0609B
:10DAD000F060A6F5B666B560F5601036B260F2602B
:10DAE00001F59056C8F80860C8F80C60A8F5B4684D
:10DAF000C8F80800C8F80C0008F5B668C8F808406F
:10DB0000C8F80C40A8F5B468C8F80820C8F80C207C
:10DB100008F11008C8F80800C8F80C0008F5B46847
:10DB2000C8F80830C8F80C30A8F5B268C8F8087012
:10DB3000C8F80C7008F5B468C8F80800C8F80C00FC
:10DB4000A8F5B268C8F80850C8F80C5008F11005DC
:10DB5000AA60EA6005F5B265AE60EE60A5F5B06555
:10DB6000A860E86005F5B265AC60EC60A5F5B0644E
:10DB7000A260E2601034A060E060CCF80830CCF81D
:10DB80000C3004F5B263C9F808702034C9F80C7081
:10DB90009860D86001F55063A360E36001F570639D
:10DBA000CAF80800CAF80C00CBF80820CBF80C2003
:10DBB00004F5B262CEF80810CEF80C103034906044
:10DBC000D060A2F5AC62936001F54872E360131D6A
:10DBD0001034A160E16004F5AC64A060E060A4F5DD
:10DBE000AA608260C26000F5AC608360C360A0F58B
:10DBF000AA608160C1600120BDE8F09F1322204629
:10DC00003021FDF739FB0020F6E700002CFA002454
:10DC1000E40101242DE9F0470446FF480A460121AA
:10DC2000FDF7C8F900287CD0DFF8F0C342F6E00227
:10DC3000F94F42F6E01442F6204542F6205644F6EB
:10DC4000205044F62073DCF8001045F2A05A41F051
:10DC50008048CCF80080D7F8009007F5357845F279
:10DC6000A031CCE9029907F5357C09F14807DCF8C9
:10DC700000C04CF0804CC8F800C0C446CCF8087016
:10DC8000CCF80C7008F1100C08F110082037DCF803
:10DC900000C04CF0804CC8F800C0C446CCF80870F6
:10DCA000CCF80C7008F1100C08F110084837DCF8BB
:10DCB00000C04CF0804CC8F800C0C446CCF80870D6
:10DCC000CCF80C7008F1100C08F110082037DCF8C3
:10DCD00000C04CF0804CC8F800C0C446CCF80870B6
:10DCE000CCF80C7008F1100C08F110088037DCF843
:10DCF00000C04CF0804CC8F800C0C446CCF8087096
:10DD0000CCF80C7008F1100C08F110084037DCF862
:10DD100000C04CF0804CC8F800C0C446CCF8087075
:10DD200000E094E2CCF80C7008F1100C08F1100837
:10DD30009037DCF800C04CF0804CC8F800C0C446F6
:10DD4000CCF80870CCF80C7008F1100C08F1100831
:10DD50004037DCF800C04CF0804CC8F800C0C44626
:10DD6000CCF80870CCF80C7008F1100C08F1100811
:10DD700009F58C67DCF800C04CF0804CC8F800C096
:10DD8000C446CCF80870CCF80C7008F1100C08F1FF
:10DD900010088037DCF800C04CF0804CC8F800C098
:10DDA000C446CCF80870CCF80C7008F1100C08F1DF
:10DDB000100809F5C067DCF800C04CF0804CC8F8CA
:10DDC00000C0C446CCF80870CCF80C7008F1100CF8
:10DDD00008F110088037DCF800C04CF0804CC8F81F
:10DDE00000C0C446CCF80870CCF80C7008F1100CD8
:10DDF00008F1100809F52867DCF800C04CF0804CE9
:10DE0000C8F800C0C446CCF80870CCF80C7008F113
:10DE1000100C08F110088037DCF800C04CF0804C82
:10DE2000C8F800C0C446CCF80870CCF80C7009F5EE
:10DE3000426708F1100C08F110084A44DCF800C0F1
:10DE400048444CF0804CC8F800C0C446CCF8087078
:10DE5000CCF80C7008F1100C08F110088037DCF8D1
:10DE600000C04CF0804CC8F800C0C446CCF8087024
:10DE7000CCF80C7008F1100C08F1100809F5A55742
:10DE8000DCF800C04CF0804CC8F800C0C446CCF8A8
:10DE90000870CCF80C7008F1100C08F1100809F5A6
:10DEA000AD57DCF800C04CF0804CC8F800C0C44648
:10DEB000CCF80870CCF80C7008F1100C08F11008C0
:10DEC00009F5BF57DCF800C04CF0804CC8F800C022
:10DED000C446CCF80870CCF80C7008F1100C08F1AE
:10DEE000100809F5C757DCF800C04CF0804CC8F8A2
:10DEF00000C0C446CCF80870CCF80C7008F11007CC
:10DF000008F1100C3F6847F08047CCF80070674676
:10DF1000BA60FA6009EB040209EB050407F1100589
:10DF200010372D6845F080453D603D46AA60EA60A7
:10DF3000103509EB06022D6807F11006494445F03B
:10DF40008045356035462036AC60EC6009EB030453
:10DF500005F1100310351B6843F080432B602B46FE
:10DF600010359A60DA6009EB0A022D6849F2A05375
:10DF70004B4445F080453560354649F2A076A860AF
:10DF8000E86005F110001035006840F0804028601E
:10DF9000284610358460C46009EB06042D6807F13B
:10DFA000500649F6204045F080453560354649F633
:10DFB00020664844A960E96005F110011035096840
:10DFC00041F080412960294610358A60CA6009EB1A
:10DFD00006012D6807F170064DF6206245F0804578
:10DFE000356035464A444EF22006AB60EB6005F1E1
:10DFF00010031B6843F0804507F180031D609C609F
:10E00000DC6007F190054EF2A04409EB06032D6891
:10E010004C4445F0804503E030FA0024F4FC002431
:10E0200007F19006356035464EF2A066A860E860BC
:10E0300005F110001035006840F080402860284647
:10E0400010358160C16009EB06002D6807F1B0064C
:10E05000824945F0804535603546814E4944AA6085
:10E06000EA6005F110021035126842F080422A6021
:10E070002A4609EB060507F1D0069360D36007F145
:10E08000D003784A1B684A4443F0804333603346E8
:10E09000754E9C60DC60103307F1E0041B6843F0B0
:10E0A00080432360234609EB060407F1F0069860DD
:10E0B000D8606E4809EB000307F1F000006840F0FB
:10E0C0008040306030466A4E8160C1601030006828
:10E0D00040F0804107F5807001608560C56009EB04
:10E0E0000605644807F5887107F58876484409688D
:10E0F00041F08041316031465F4E8A60CA60103124
:10E1000007F59072096841F08041116011461032A4
:10E110008C60CC6009EB0604126807F598765749C5
:10E1200042F0804232603246554E49449360D3609B
:10E130001032126842F0804307F5A07213609560B8
:10E14000D56007F5A87509EB06024E4B07F5A876D2
:10E150002D684B4445F08045356035465036A86003
:10E16000E86005F110001035006840F0804028603C
:10E1700028468460C46005F11004103509F5E030CC
:10E180002468203044F080442C602C46A160E1607B
:10E1900040341035A4F1300700F500412D6845F0FA
:10E1A00080453D603D461037AA60EA60103504F1B5
:10E1B00010022D6845F080453D603D46AB60EB6048
:10E1C00002F110033768B06047F080473760F060B5
:10E1D00002F120002768A16047F080472760E160D6
:10E1E00000F11001284D17684D44956047F08047B5
:10E1F0001760D5604032254E1F684E449E6047F040
:10E2000080471F60DE604033214C07684C448460C7
:10E2100047F080470760C4601E4D0C684D448D6018
:10E22000CD6044F080441C4E0C6011684E449660F2
:10E23000D66041F0804119481160196848449860DF
:10E2400041F080411960D8600120BDE8F0871222BA
:10E2500020463021FDF710F80020F6E7A026010047
:10E26000A0280100202D0100202F0100206F0100B7
:10E2700020710100A0750100A0770100A0B7010086
:10E28000A0B9010020BE010020440200204D020080
:10E2900020510200205103002055030020580300A4
:10E2A0002DE9F04F8BB01C46154602688069DDE908
:10E2B0001B63DDE919A9DDE917EB9F691B6872B1E2
:10E2C000D2F804C0BCF1000F09D0B2F80280B8F156
:10E2D000000F04D0DCF800C09CED000A01E0B7EEAE
:10E2E000000A73B1D3F804C0BCF1000F09D0B3F831
:10E2F0000280B8F1000F04D0DCF800C0DCED000AA9
:10E3000001E0F7EE000A8068BF685AB1D2F804C095
:10E31000BCF1000F06D0528822B1DCF8042092F93B
:10E32000002000E000225BB1D3F804C0BCF1000F74
:10E3300006D05B8823B1DCF8043093F9003000E0AC
:10E340000023CDE90923CDE90796CDE904EBCDF80B
:10E3500018A0DDE91423DDF858C0CDF80CC00094F6
:10E36000CDE901232B460A463946FDF78AFB0BB05F
:10E37000BDE8F08F00B541EC100B2DED028B83B0A2
:10E38000B1EEC08B18EE100A18EE901A8DED008BCE
:10E39000002818BF0120084320F00040C0F17F6032
:10E3A00000F1E040C00F14D010EE101A10EE900AE9
:10E3B0008DED000B002918BF0121084320F000401B
:10E3C000C0F17F6000F1E040C00F04BF0120FAF708
:10E3D0008FFE51EC180B03B0BDEC028B00BD0000AA
:10E3E0002DE9F84F9E46934682460A9A00200BFB81
:10E3F0000EF68D0802EBC1035AE0041D00930AEBF0
:10E400000002A0B2C6F34F032CE017680A445B1E5B
:10E410009BB214684FEA174C0A44C7EA0447CCEA97
:10E42000040C009C2FFA87F904F10408CDF8008051
:10E430002FFA97F7C4F80090009C04F10408CDF877
:10E44000008027602FFA8CF7009C04F10408CDF8B7
:10E45000008027602FFA9CF7009C04F1040CCDF893
:10E4600000C02760002BD0D10BEA0E04009B04F003
:10E47000010719E014687F1EBFB20A44C4EA042CE5
:10E480004FEA1468C8EA04042FFA8CFCA3F800C011
:10E490002FFAA4F44FEA2C48A3F802804FEA244C48
:10E4A0009C80A3F806C00833002FE3D16D1EADB2E7
:10E4B000002DA2D101F0030411E0421C0AEB00057B
:10E4C00090B2B2B207E000BF95F90070521E92B24E
:10E4D00023F8027B0D44002AF6D1641EA4B2002C5E
:10E4E000EBD1BDE8F88F30B5C0EA004593082C1495
:10E4F0002DB205E00D804C808D80CC8008315B1EF4
:10E50000002BF7D102F0030202E0521E21F8020BA9
:10E51000002AFAD130BD0000C0EE201A2DE9FF4FCD
:10E5200093462DED020B82B0DDF84490CDE900104A
:10E5300000208246199882457DDA00238BE0002472
:10E5400085E017994FF000020AFB01F01599451A72
:10E55000139805EB0006104600D5002507998E425A
:10E560001EDD0E461CE01699149F5943C91B129FCD
:10E570000F4400D50021DC465F4500DD6746DDF82D
:10E5800004C00CEB040E08E005FB0B1C401C491CEE
:10E590000CFB09FC1CF90EC06244B942F4DB6D1C93
:10E5A000B542E0DBB4EE600AF1EE10FA19D1DDE914
:10E5B0001A15A94215D1002A00EBD07102DB02EB3B
:10E5C000610101E0A2EB6101009A91FBF0F0189962
:10E5D00022440AFB013101FB09F100F307058D54C8
:10E5E00033E002EE900A1A9802EE102A01EE100AA9
:10E5F0001B98F8EEC24A03EE100AF8EEE22AB8EED3
:10E60000C12AB8EEC31A189D84EEA23A00980AFBFC
:10E6100005319FED164A0219F6EE003A01FB09F1A9
:10E6200033EE422A01EE821AB5EEC01AF1EE10FA6C
:10E6300023FE842A00E015E032EE011ABDEEC11A75
:10E6400011EE100A00F30700885404F101044C4550
:10E65000FFF677AF5B1C18988342FFF670AF0AF1A4
:10E66000010066E708B0BDE8F08F0000FCFFFFBEC8
:10E67000F0B588420ED0002A0CD08318814210D900
:10E6800099420ED2114403E013F8012D01F8012D37
:10E690008342F9D8F0BD00BF10F8013B521E01F8CB
:10E6A000013B8B0701D0002AF6D117090AE0066862
:10E6B00045688468C36810300E604D608C60CB6024
:10E6C00010317F1E002FF2D1C2F3810305E000BF9D
:10E6D00050F8044B5B1E41F8044B002BF8D102F0BC
:10E6E000030204E010F8013B521E01F8013B002A2E
:10E6F000F8D1F0BD4FF6FF7310B503EA0024C3B2A2
:10E700001C4344EA034343EA006302E0521E01F85B
:10E71000010B8C0701D0002AF8D1140905E00B6029
:10E720004B608B60CB601031641E002CF7D1C2F3BC
:10E73000810402E0641E41F8043B002CFAD102F08F
:10E74000030202E0521E01F8010B002AFAD110BDAB
:10E75000F0B59708059E13E050F8045B2FFA95F486
:10E76000D4FA03F42FFA85F5D5FA03F50D804FEAB4
:10E77000254CA1F802C025148C80CD8008317F1E65
:10E78000002FE9D102F0030273B205E010F9014B4A
:10E79000E41A21F8024B521E002AF7D1F0BD000006
:10E7A0002DE9FF4F81B08318151F049C4FEA540BCD
:10E7B000F4E000BF0024A2F1100AAAE050F8046BB4
:10E7C00053F8047B2FFA96FC2FFA86F62FFA97F966
:10E7D0002FFA87F74FEA1648C6EA0C4E3E0CC6EAF7
:10E7E00009060096A1F800E04FEA2E46C7EA09475D
:10E7F0004E808F80C8EA0C0C3E14CE80A1F808C071
:10E800004FEA2C464E81009E8E813614CE8150F800
:10E81000046B53F804CB2FFA96F92FFA9CF82FFAD1
:10E8200086F62FFA8CFCC6EA094700974FEA1C4788
:10E83000CCEA084EC7EA080C009F0F82360CC6EAE5
:10E8400009063F144F82A1F814E04FEA2E47CF8209
:10E850000E8336144E834FEA2C46A1F81CC0CE839B
:10E8600053F808CB50F8086B2FFA9CF82FFA96F95A
:10E870002FFA8CFC2FFA86F6CCEA084700974FEA6D
:10E880001C47C6EA094EA1F820E0C7EA080C4FEA87
:10E890002E474F84009F360C8F84C6EA09063F142A
:10E8A000CF840E8536144E854FEA2C46A1F82CC035
:10E8B000CE8553F8047C50F8046C2FFA97F82FFAA1
:10E8C00096F92FFA87F72FFA86F6C7EA084CCDF8A3
:10E8D00000C03F0CC6EA094EA1F830E0C7EA0807BD
:10E8E0004FEA2E48A1F83280DDF800C0360CA1F8BE
:10E8F00034C0C6EA09064FEA2C48A1F836800E87D4
:10E900004FEA264CA1F83AC03E148F87CE8740319B
:10E91000103454457FF752AF2DE000BF50F8047B10
:10E9200053F8046B2FFA97F92FFA87F72FFA96FA14
:10E930004FEA17482FFA86F6C7EA09470097370CBF
:10E94000C6EA0A4EC8EA0906C7EA0A08009F0F800D
:10E950004FEA274CA1F802C0A1F804E04FEA2E4785
:10E96000CF8037140E814FEA28464F81A1F80C80E2
:10E97000CE811031241DAC42D0DD07E010F9016BCF
:10E980000E8013F9016B4E80091D641C9442F5DB67
:10E99000ABF101041FFA84FB10441344BBF1000FD8
:10E9A0007FF408AF049BDB071FD0002413E000BFF7
:10E9B00050F8043B2FFA83F62FFA93F7330CC6EA8C
:10E9C00007460E80C3EA070337144F801E148B805E
:10E9D000CE800831241DAC42EADD04E010F9013B91
:10E9E000641C21F8023B9442F8DB05B0BDE8F08FCF
:10E9F0002DE9FF4F8318171F039C4FEA540AB1E01B
:10EA00000024A2F1100C75E050F8048B53F8045B5D
:10EA10002FFA98F60E802FFA88F936144E802FFAC6
:10EA200095F8A1F804802FFA85F54FEA2846CE80A4
:10EA3000A1F808904FEA29464E818D812D14CD8191
:10EA400050F8045B53F8049B2FFA95F60E822FFAC8
:10EA500099F836144E82A1F814804FEA28462FFA0E
:10EA600085FECE82A1F818E02FFA89F54FEA2E46EE
:10EA70004E838D832D14CD8350F8085B53F8086BBB
:10EA80002FFA95F8A1F820802FFA85FB2FFA96F53A
:10EA90002FFA86F94FEA28464E848D842D14CD84B2
:10EAA0004FEA2B45A1F828B04D854FEA2945A1F83A
:10EAB0002C90CD8550F8045C53F8046C2FFA95F82F
:10EAC000A1F830802FFA85FB2FFA96F52FFA86F9F8
:10EAD0004FEA28464E868D862E14CE864FEA2B4668
:10EAE000A1F838B04FEA29454E87A1F83C90CD8770
:10EAF00040311034644587DD20E000BF50F804CB7E
:10EB000053F8045B2FFA9CF60E802FFA8CF94FEA2B
:10EB10002648A1F802802FFA95FCA1F804C02FFA2C
:10EB200085F54FEA2C46CE80A1F808904FEA294699
:10EB30004E812E148D81CE811031241DBC42DDDD2D
:10EB400008E000BF10F9015B0D8013F9015B4D80F7
:10EB5000091D641C9442F5DBAAF101041FFA84FA32
:10EB600010441344BAF1000F7FF44AAF039BDB0754
:10EB70001BD000250EE000BF50F8043B2FFA93F4A1
:10EB80000C802FFA83F326144E801C148B80CC80CB
:10EB900008312D1DBD42EFDD05E000BF10F9013B3E
:10EBA0006D1C21F8023B9542F8DBBDE8FF8F2DE993
:10EBB000F0430023A2F110054CE0066844682FFAE8
:10EBC00086F92FFA96F74FEA19482FFA84F62FFAAA
:10EBD00094FCC9EA0749A1F80090340CC8EA070779
:10EBE000C4EA0C084FEA29444C808F803C14C6EAE2
:10EBF0000C46CC800E8134144C81A1F80C804FEA75
:10EC00002844CC818668C46810302FFA96FC2FFA0D
:10EC100086F6C6EA0C49A1F81090360C2FFA94F843
:10EC2000C6EA0C064FEA294CA1F812C02FFA84F765
:10EC30008E82C7EA08443F0C4FEA264CA1F816C062
:10EC4000C7EA08070C8326144E833C148F83CC83B9
:10EC500020311033AB42B0DD161FB34218DC50F840
:10EC6000044B2FFA84F52FFA94F72C0CC5EA0745CC
:10EC70000D80C4EA07042F144F8025148C80CD80AA
:10EC800008311B1DE9E710F9014B5B1C21F8024B11
:10EC90009342F8DBBDE8F083F0B50023A2F1100742
:10ECA00036E0046845682FFA94F60E802FFA84F453
:10ECB0004FEA264EA1F802E08C8026142FFA95FC2C
:10ECC000CE80A1F808C02FFA85F54FEA2C444C817C
:10ECD0008D812C14CC818568C46810302FFA95F68C
:10ECE0000E822FFA85F54FEA264EA1F812E08D82AA
:10ECF0002E142FFA94FCCE822FFA84F4A1F818C0B7
:10ED00004FEA2C454D8325148C83CD83203110335D
:10ED1000BB42C6DD121F93420EDC50F8045B2FFA93
:10ED200095F40C802FFA85F526144E802C148D80D6
:10ED3000CC8008311B1DEEE7F0BD00002DE9F04F3F
:10ED40005843DDE9095BDDE90BA4684300231FFAA2
:10ED500080F804EB820941E000264FEA980014E0B5
:10ED60005FF0000551F8047B401E2FFA97FC2FFA44
:10ED700087F794FA17F46D1C94FA1CF480B2802D76
:10ED8000F0DB251405FA84F426444FF000048028B3
:10ED9000E6D80BE051F8045B401E2FFA95F72FFAE6
:10EDA00085F594FA15F480B294FA17F40028F1D19D
:10EDB000251405FA84F408F00300344405E000BF8C
:10EDC00011F9015B401E80B22C440028F8D15BF899
:10EDD000235004FB1A5449F823405B1C9342BBDBCD
:10EDE000BDE8F08F2DE9F84F4F109A4693468946BB
:10EDF000DDE90A56044600EB05080EE05B463246A4
:10EE000041462046CDF800A000F03EFB7F1E04EBFB
:10EE1000450408EB450806EB8506002FEED15FEAB6
:10EE2000C97008D0002004E014F9011B401C26F82A
:10EE3000021BA842F8DBBDE8F88F00002DE9F04F77
:10EE400091B01E461BAC154683462098002794E8D7
:10EE50000C0606EB860400EB44040F9400EB8600DE
:10EE600015E000BFB2F90040A4F1010CBCF1150F90
:10EE700009D24FF0010C09FA04F80CFA04FC08EB73
:10EE80005C0410C001E040F8049B921C7F1CB74258
:10EE9000E8DB0C461946A0EB86000D9063F31F419A
:10EEA000009370080B46A2EB46020F991B922A466C
:10EEB0000E905846FFF74CFC0E9840E10AF1040C06
:10EEC0000F98A5F110010B910027DAF800205CF8EB
:10EED000043B6119E24664E054F804EB50F8049BEB
:10EEE0002FFA8EF851F804BB29FB082202922FFA60
:10EEF0008BF22FFA9EF829FB023950F8043B029A54
:10EF00002FFA9BFC51F804BB23FB082823FB0C922F
:10EF100054F8049B50F808CB2FFA89F310372CFBD8
:10EF200003882FFA8BF32CFB032E50F8042C2FFAB6
:10EF300099FC2FFA9BF951F808BB22FB09E354F81E
:10EF4000089B22FB0C8850F810CB2FFA89F22CFB7F
:10EF500002882FFA8BF22CFB023E50F80C2C2FFA71
:10EF60009BF32FFA99FC22FB03E322FB0C8801930D
:10EF700054F8042C50F808CC2FFA82F351F8049C72
:10EF80002FFA92FE2CFB038B019B2FFA89F22FFAAA
:10EF900099F92CFB023C50F8043C23FB0EB223FBF6
:10EFA00009C3DDF82CC0674596DDA5F1040E774551
:10EFB0002DDC54F804BB51F8049B50F804CB2FFA15
:10EFC0008BF8CDF824802FFA89F8CDF82080DDF871
:10EFD00024802FFA9BFB2FFA99F93F1D2CFB082266
:10EFE000DDF820802CFB083C50F8043B23FB0B226F
:10EFF00023FB09C3DBE700BF30F802CB7F1C14F909
:10F00000018B11F9019B1CFB08221CFB0933AF4249
:10F01000F2DB1B98B0F90000162817DB1A9F0121BC
:10F02000A0F1020C01FA0CF13F68401EDDF834C07B
:10F0300052FB0711DCF800C00D9A014101EB0C00F6
:10F040001A9902F1040900F307020FE0002811DD0C
:10F050001A9952000F680D99096852FB07121A9904
:10F0600002410D9802F3070200F104091B9800F118
:10F07000020B14E0C0F101001B9982401A9801F1C3
:10F08000020B02F31F021A99006852FB10F00D9A4E
:10F09000126802440D9802F3070200F104091F9858
:10F0A000091D02701F9800F10108BBF90000162825
:10F0B00014DB80C90122A0F1020C02FA0CF253FB0E
:10F0C0000722401ED9F800C01A9109F1040102413B
:10F0D00002EB0C000D9100F307010EE0002810DD9B
:10F0E00080C95B00D9F800201A9153FB0722024126
:10F0F00009F104000D9002F307010BF102001B90CF
:10F1000013E0C0F101000BF102021B92834001C920
:10F110001A9103F31F0151FB10F0D9F800100144BC
:10F1200009F104000D9001F3070188F8001008F1BF
:10F1300001001F902C440E98401E80B20E900028B3
:10F140007FF4BCAE06F0010661E05AF8041B0F988C
:10F15000AA080FE054F8043BD0F800C0521E4768DC
:10F160002FFA83F82FFA93F32CFB081192B2083090
:10F1700027FB0311002AEDD105F0030208E000BFD0
:10F1800030F8027B521E14F9013B92B217FB0311B7
:10F19000002AF5D11B98B0F9000016280CDB1A9B49
:10F1A0000122871EBA401B68401E0D9F51FB0321A0
:10F1B0003F680141C81918E000280ADD1A9A490081
:10F1C00013680D9A126851FB0321014101F30701F5
:10F1D0000DE0C0F1010081401A9801F31F010068A1
:10F1E00051FB10F00D990968084400F307011F98BE
:10F1F000761EB6B201701F98401C1F901B98801C91
:10F200001B901A98001D1A900D98001D0D90002E4D
:10F210009BD111B00020BDE8F08F00002DE9FF4F19
:10F220008CB09146DDE91AA3DDE91D82DDE91F41BD
:10F230004FEA5A0B0CB1199C00E00124A4B20694C9
:10F240004FEA930E0C44059403F003030793B9E0CF
:10F2500009F10405D9F8004000940D9B40CDA94662
:10F2600000963546764623E053F8047BD0F800C07C
:10F27000CDF810C0D0F804C0CDF808C0DDF810C03B
:10F280002CFB074CCDF800C0DDF808C02CFB075C58
:10F29000CDF804C053F8045B8468DDF800C0C7688B
:10F2A000103024FB05C4DDF804C0761E27FB05C51D
:10F2B000002ED9DC079E13E0B0F800C0CDF80CC0DA
:10F2C00033F8027BB0F802C0001DCDF808C0761EEE
:10F2D000DDF80CC01CFB0744DDF808C01CFB07551B
:10F2E000002EE9DC1C9BB3F90070162F0BDB58F8DD
:10F2F00004CB0126BB1E9E4054FB0C647B1E80CABF
:10F300001C41E31908E0002F0ADD58F8043B6400B3
:10F3100040CA54FB03633B4103F307041C9B0DE00D
:10F32000C7F101061C9BB44058F8046B04F31F049A
:10F3300054FB16F440CA344404F3070401F8014BAB
:10F340008C4633F9021F16290DDB58F8046B012493
:10F350008F1EBC4055FB0644491E80CA0C41E11972
:10F3600001F307040AE000290DDD58F8044B6D0095
:10F3700040CA55FB04640C4104F3070405999B1C27
:10F380001C930C7010E0C1F101019B1C1C938D407B
:10F3900058F8041B05F31F0353FB11F108CA194465
:10F3A00001F3070305990B70069C059B5B1C03EB9F
:10F3B00044030CEB44015B1E0593ABF101041FFAFF
:10F3C00084FB491EBBF1000F7FF442AF5FEACA73B2
:10F3D0003ED00D9B7546D9F800400CE053F804CBA5
:10F3E00007686D1E4668ADB2083027FB0C4453F821
:10F3F000047B26FB0744002DF0D1079D08E000BFE9
:10F4000030F8027B6D1E33F8026BADB217FB064479
:10F41000002DF5D11C98B0F9000016280BDB012354
:10F42000D8F80050861EB3401668401E54FB0532C3
:10F430000241901920E0002813DDD8F80030640064
:10F44000126854FB0322024102F3070001F8010B8A
:10F450001F98A0B1199A0AFB1210401C10B0BDE809
:10F46000F08FC0F1010012688440D8F8000004F366
:10F470001F0353FB10F0104400F30700E6E70F985A
:10F480000144A1EB0A00E9E72DE9F04F00269E4672
:10F49000099CBCE00023A4F1100584E050F8047B33
:10F4A00051F8049B2FFA87F8A2F800802FFA97FAF8
:10F4B0004FEA284CA2F802C02FFA99F7A2F804A04C
:10F4C0004FEA2A4CA2F806C02FFA89F9A2F8089050
:10F4D0004FEA294CA2F80AC097813F14D78150F80F
:10F4E000047B51F8049B2FFA87F8A2F810802FFABA
:10F4F00097FB4FEA284CA2F812C0A2F814B04FEACA
:10F500002B4C2FFA89F7A2F816C017832FFA99FA15
:10F510003F145783A2F81CA04FEA2A47D78350F81C
:10F52000087B51F8049B2FFA87F8A2F820802FFA65
:10F5300097FB4FEA284CA2F822C0A2F824B04FEA69
:10F540002B4C2FFA89F7A2F826C017852FFA99FAC3
:10F550003F145785A2F82CA04FEA2A47D78550F8C8
:10F56000047C51F8048B2FFA87FCA2F830C02FFAE4
:10F5700097F94FEA2C4757862FFA98FAA2F8349059
:10F580004FEA294CA2F836C02FFA88F8A2F8388042
:10F590004FEA2A4C4FEA28475787A2F83CA0A2F826
:10F5A0003EC040321033AB427FF778AFA4F104087D
:10F5B000434529DC50F8047B51F804CB2FFA87F53A
:10F5C00015802FFA97F92F1457802FFA9CFAA2F87A
:10F5D00004904FEA2945D5802FFA8CFCA2F808C088
:10F5E0004FEA2C4555814FEA2A45A2F80CA0D58157
:10F5F00010321B1DDCE700BF10F9015B158011F90B
:10F60000015B5580121D5B1CA342F5DB761C764521
:10F61000FFF640AFBDE8F08F00061016000610168A
:10F62000010002000400060008000A000C0010009F
:10F6300020004000800000010101010307010000DB
:10F640000804020408010101000000000102030493
:10F65000010203040607080941424344454647485E
:10F66000494A4B4C4D4E4F50515253545556575892
:10F67000595A6162636465666768696A6B6C6D6E2E
:10F680006F707172737475767778797A303132333E
:10F690003435363738392B2F00000000EF47923CC5
:10F6A000800000009CF60008A0F60008D012563C2E
:10F6B0009709093C58C6F63BE889283CF2201A3CD9
:10F6C000A60A7D3C6EC29D3C2F65613C0000000097
:10F6D00000000000ACF60008CCF6000892E2373CCF
:10F6E00080000000DCF60008E0F60008F32C3B3B4D
:10F6F0002EEA5F3B3689383BE9A4483B91832E3B99
:10F70000E3772E3B78666F3B90CB1C3B45674F3BC6
:10F710008091443BDBDE133BF4B5473B1F2A363B6D
:10F72000E6231B3BA4464A3B0C02313BA656313B29
:10F7300024135D3B6B333A3B5D845C3B32AC4F3B07
:10F74000BF1A293BCA0C533BA85B813B1D96613B0A
:10F75000E06A373B89303A3B7D1F2A3B71FC443BD2
:10F76000C8246A3B1E30423BE16B493B87CA633B7E
:10F770007E96393B2670403B6CCF773BCBA7463B10
:10F78000CD38693B4EEC233BD709273B479B1E3BBB
:10F79000E1557C3BDED2653BFB7E163B633E303B56
:10F7A0002DF82F3BDBF7383BB59C263BB480553B0F
:10F7B000DBF7723BDACE643BBF42403BF94F083B7C
:10F7C0005137403BBA34393B2B6A1D3B86B0373B3F
:10F7D000BD58323B81FF243B16CD243B780B2B3B9D
:10F7E0001D11233BBA3E423BB98E7F3B0000000017
:10F7F0000000000000000000000000000000000009
:10F8000000000000000000000000000000000000F8
:10F8100000000000000000000000000000000000E8
:10F82000000000000000000000000000ECF60008EE
:10F83000ECF70008B48F973C8000000034F8000813
:10F8400038F8000892E2373C8000000044F80008D5
:10F8500048F800086AFDF53BAA10E23BC176E83B98
:10F86000C376053C046C203C4217F63BC48BB13B8D
:10F87000B758A43BFF6BFC3B6ED8083CA096883B76
:10F88000FFBDAC3B56C0C73BF58BAC3BC5972E3C90
:10F89000C491033C9AA2163C8288D63B69DCDB3BD0
:10F8A00005AB133CED91023C771EE53BB527E03BF1
:10F8B000A6131B3C3EB7AC3BC4DEB03B781BFD3B04
:10F8C00076C8163C5FCF653C8DE0A83B3326173CDD
:10F8D000587B303C6047A63B8202E03BE7819E3B81
:10F8E0003049023C48B9C63B57B81E3C5AAEB03B03
:10F8F000187B193CFBE1CF3B2DA31F3C9F94133C8D
:10F900005A22113CC54DDC3B52DC063CB7D40C3CC2
:10F91000103E063C8A46CC3BADEC313C0EF3C93B75
:10F920003F22F33B7006E73BD1D00A3C21791A3CD9
:10F9300072BDB53B1C83013CF991223C86A2D53BAC
:10F94000B153D73BC6B1163C82ACC63BCAEAE53BD5
:10F95000CC6CC93B0000000000000000000000006B
:10F960000000000000000000000000000000000097
:10F970000000000000000000000000000000000087
:10F980000000000000000000000000000000000077
:10F990000000000054F8000854F90008D028673C23
:10F9A000800000009CF90008A0F900089CFC2E3B98
:10F9B000120A203B26FA323BED59643B21C63A3B02
:10F9C000C5882A3BED8E753BA940253B8C8B403B7F
:10F9D00019562D3BEA8C383B08DF5E3BE9F5263BA8
:10F9E000922E193BDAF1363B1F64423BE170223B19
:10F9F0005ECD253BF6E9433B1057233B4D20293B89
:10FA00006F203E3BAEAC503BD3290B3BBF8D873BB9
:10FA100043C9343BAB22513B00AB263BD9AF383B0B
:10FA20008586073B5042793BDCEE0C3B860F3A3B28
:10FA300020BF283BBECA193B0B9E4A3B12B0853BF8
:10FA40009F71103BBFA0143B0FAC393B87C7373BBE
:10FA500045564E3B1AAD1F3B9F005E3B9932343BEF
:10FA6000E125413BCA98D53A7F293E3B36D1393B07
:10FA700085FE2E3B3B0F663BE50D273B0463293B90
:10FA80006A2B423B789C5E3B5E25593B22CB633B15
:10FA90006465403BAE1C4B3BB419083BE9D2203BAC
:10FAA0003B787B3B7A1A4C3B67C8553BEBC54D3BDB
:10FAB000E1AE273B88A26E3B770B623BB8A5133BB8
:10FAC000244D393B0C21093B2ABBFE3A64162A3BE4
:10FAD0003D0A323BEB465D3BA5E5053B93AF393B29
:10FAE000CC01743B6D1D543B785B3C3B77A42B3BB6
:10FAF0001381593BABF73E3B13CB353B517A683B07
:10FB000032E6403B04EA543BAEE87B3B2A45443BAB
:10FB1000EA462D3B46312F3B913B183B5DFC1A3B9F
:10FB200057A41A3B2002603B32AF303B6C6F2E3B38
:10FB300017AD233B49FE483BAD90383BFC04483BA6
:10FB40001B9B4C3BD168803B88130E3B436B6B3B4C
:10FB50003B0E243B1B074F3B7FDD533B16584A3B74
:10FB60003239543BCBF81E3B35492F3B2851383BAB
:10FB7000889C693BFE362E3BD885F83ABDB22E3BB9
:10FB80003200293B74CB6C3B5C5A2B3B6607073B2E
:10FB9000BF32563BEC13483BE14F633BEFAA333B8C
:10FBA00075EC113BD068603B03271F3B0000000051
:10FBB0000000000000000000000000000000000045
:10FBC0000000000000000000000000000000000035
:10FBD0000000000000000000000000000000000025
:10FBE0000000000000000000000000000000000015
:10FBF0000000000000000000000000000000000005
:10FC000000000000000000000000000000000000F4
:10FC100000000000000000000000000000000000E4
:10FC2000000000000000000000000000ACF9000827
:10FC3000ACFB0008ACFE843C8000000034FC0008F3
:10FC400038FC0008D028673C8000000044FC000815
:10FC500048FC00085D45EF3BD53F1E3CE0931F3C50
:10FC60002570433C177D2E3C75D10E3CDFCD293CE1
:10FC70004582303C5070113CF9DDF23BE76E193C97
:10FC800097F3193C22C6743C79CD1B3CCDA3683C4C
:10FC900070D2483CBFF3D53B70E8403C3ED5183CA1
:10FCA00078A5143C84C3193CC1D50F3C9B3C0F3C48
:10FCB000B548FB3B53DF0B3C2B28CF3B6EE9163C92
:10FCC000B0ED103C4590343C9C03F83BDA37093CDE
:10FCD000951FFD3B9B080C3CE1BE073C528E063C49
:10FCE0008039BB3BF9DA123CB711EF3BF8023B3CE1
:10FCF000D1E4F73B9511D73B20CB0A3CEFD0003C39
:10FD0000A460063C4A5E3C3C3857073C83EB173CFA
:10FD10002F30233CCAF6263CC40F313C4525093C14
:10FD2000881F393CD596123CCED7143CF7C01E3CF8
:10FD3000C829343C8EB7373C7E61043CE2D4F43BA6
:10FD4000FF9E5A3C0AE52D3CB2961D3CB92A0D3C5B
:10FD500042B3183CB225183CCF6C153C0473183CD8
:10FD600021D5633CB651223C6EC1313C63CA503C44
:10FD7000F97B253C16C5DF3BDC57133C46CB413CA9
:10FD80008FA8E63B9FCC193C597F173C4D9E1F3CEA
:10FD90006CF71C3C8B7C073C82CD143C8328213CB7
:10FDA000A705503C91B7253C2312113CAE74183C7A
:10FDB000C457683C610FC93B7583283C152B103C28
:10FDC000BEAF163C74A05B3C6077043CF95F1A3C04
:10FDD00013C4F13B7288FF3B9357E33B6BB2413C4A
:10FDE0002AB81A3CDC0AFA3B77F83E3CFAE2203C9F
:10FDF000DE15053CFD2C1E3C0C80023C15E4103C3D
:10FE00001D7FE13B5D5F693C5EAB133C778C1E3C24
:10FE10001757563CD106EF3BEB9B4A3C7CC9F83B5D
:10FE20008761D63B7FED4C3CE2D4F13B70F30B3C59
:10FE3000F2D7093CE6FE103CA156493CD9BA0A3C2F
:10FE4000ACB3FA3BC6941D3C2FD1CF3BD504263C26
:10FE500050A51D3C00000000000000000000000054
:10FE60000000000000000000000000000000000092
:10FE70000000000000000000000000000000000082
:10FE80000000000000000000000000000000000072
:10FE90000000000000000000000000000000000062
:10FEA0000000000000000000000000000000000052
:10FEB0000000000000000000000000000000000042
:10FEC0000000000000000000000000000000000032
:10FED0000000000054FC000854FE0008C62F4F3CF0
:10FEE00080000000DCFE0008E0FE0008637D0D3BA2
:10FEF00041E9E53A0766BE3ACB800B3B1331203B24
:10FF0000B460F73A988F0B3BA280153BDF0EFF3AA7
:10FF10004A8C033B18D15D3BE399403B2314D63A0E
:10FF200064FA053B42390C3B08A40D3BC930173B32
:10FF3000A0A8193B2436123B6E42EA3AC8650A3B38
:10FF40002A06C23A65EC083BD171003B31F1E33A35
:10FF5000EC76073B783BE83A4F2F083BF605F23A40
:10FF60004B661B3B92172B3B50C70B3BB5802D3B81
:10FF7000C205163BCF6D0B3BB6BE1E3BA67AF23ACE
:10FF8000AF59013BF481E73ABD64093BA125243B0D
:10FF90001DD80B3B8EF9183BD310EA3A0390333B44
:10FFA00078CFF63A6E11123B0486133B5BB7193BD0
:10FFB000B108293B0E62093B1E2D533B168B093BB2
:10FFC000A316113BB336F03AD03FF63A0480DA3A42
:10FFD0005303183BA5D9143B84EFEA3AA655063BD8
:10FFE000710D273BC2ED0F3BD34EF13AC74B233B7C
:10FFF0006C3A053B72A80F3BBFC4123BCCE8D73A22
:020000040801F1
:100000007697003B9684043B7B460D3B0DD3013B2A
:10001000EEBB0F3B8E50EB3AD5910D3B3E2A133B86
:10002000CA73153B2450F13A37631C3BFCB5003BC7
:100030002BE2223B67A4223B809C073BE0E5F73A9A
:10004000F638FA3A3000033B92783E3B4FA10C3B26
:1000500012DADB3AE9C14E3B7E04FD3A6C660E3B98
:100060005DF4083B8098ED3A6C99F43A1BF2293B19
:100070005F58F73AFA92003BF917063BAA37043B60
:10008000AF58103B659A073B9CE4123BF7F7F53AF3
:100090009155063B803C0C3BA9E5F23A5833163BA0
:1000A000E090E23A0AB7E23AA611FF3A4C7C073BED
:1000B000B8470A3B2F59253B813EF13A2247143B72
:1000C000B6FCBE3A45DF1D3BDD640E3B461A0E3BD7
:1000D000DDA1193BC776093B5A74153B2F25E83A39
:1000E00081BA003B6AC6003B735E0E3B0000000015
:1000F0000000000000000000000000000000000000
:1001000000000000000000000000000000000000EF
:1001100000000000000000000000000000000000DF
:1001200000000000000000000000000000000000CF
:1001300000000000000000000000000000000000BF
:1001400000000000000000000000000000000000AF
:10015000000000000000000000000000000000009F
:10016000000000000000000000000000ECFE00089D
:10017000EC00010860AD803C8000000074010108C3
:1001800078010108C62F4F3C80000000840101085F
:10019000880101082708ED3B13E8283C6D6A0A3CFA
:1001A00095D9D73BECA72B3CD644D33BEA031B3C69
:1001B0009AB2563CEF3E143CA97DD23B3B4DD93B15
:1001C000D4102A3CA2E5CF3BF93E203CAD22D93BDE
:1001D0007F57F83BD3DAE13B743B1F3CF475153C89
:1001E00079712E3C86060B3CF9611E3CF8F3F93B15
:1001F000459E1C3CEE2E4A3C6557133C14E43B3CA8
:10020000F43F063CA9E6133CEBA1343C8946523C42
:100210006B32FA3BFCCB373CB3BF1A3CF104113CC8
:100220009CC9C13BC745D73B2EB7DB3BA2EDD23BB8
:10023000A139EF3BB0AE2E3C4507083C94E2263C8A
:100240002BABA43B8032FD3BBB2D0C3C24661C3CFD
:10025000F016053CAF65153C2215123C867E2A3C03
:100260007B4C4E3C9E52043C667C023CDB7F493C0E
:100270006E82DC3BF7E3CE3B46942E3C7920183C63
:100280009388163CEBCB623CB57DE13BE07FF93BCC
:10029000E377FB3B0C6E493C3C100D3C0CA21F3C31
:1002A000DC171C3C78CFE73B281F0E3C88BA1C3C6F
:1002B0002864E63B70D4D73B5BB92B3C72AF153C4E
:1002C000B21C343CABC90F3C8462113CDF1FF63BCF
:1002D000A0D7E93BD5C4DD3B06DB0B3CC430133C67
:1002E000D07FE33B3CA9313C9A2A0C3CE615143CF8
:1002F00073B7213CD85E2F3CBD1BD63B1F2DF23B74
:100300005802F53B7E640E3CC741253C6CE4FB3B48
:100310002255DC3B7EC5173C2EA61F3C22BEED3B82
:10032000E402643C66121E3CEF5D0F3CB6F5EA3B0E
:10033000D57E403C9DA10A3C530E0F3CE3D6DC3BEE
:10034000DE3C4F3C44E2DF3B0D07173C8EFF223C76
:100350001E96F43B12A7FE3BBB020D3CC2C5103CEF
:10036000AA4D073C35A3253C8DEAA73BD283063C2A
:10037000A59CF23B1531DE3B82AC533CBA8C053C6C
:1003800074181E3CC3AE173C3A15093C09630D3C7A
:1003900095ECE83B000000000000000000000000B9
:1003A000000000000000000000000000000000004D
:1003B000000000000000000000000000000000003D
:1003C000000000000000000000000000000000002D
:1003D000000000000000000000000000000000001D
:1003E000000000000000000000000000000000000D
:1003F00000000000000000000000000000000000FD
:1004000000000000000000000000000000000000EC
:10041000000000009401010894030108793D4C3C60
:10042000800000001C04010820040108DE07043BD2
:1004300076ACF73ACE4E3A3B5B71FC3A3E3AEC3A38
:100440000E5DCB3A36B1123BEAB3DA3A26F9303BCD
:100450001AB3313B0A013A3BBFEB103BC419E33AF4
:100460007A49E63ABC39C93AA132F73A57FC033B1C
:10047000DC40103BA9591B3B4EEDF93A02EAE63A43
:10048000FBA4113B1809C63A97D7C53A2DB9FC3AD7
:100490007EC22A3BD12CDD3A2094F13A2E9C233B9C
:1004A0001BA2DA3AD672DD3A07311D3BD427E93A6E
:1004B000005F0F3BD4D9F93A87C6053B4DFE0A3B96
:1004C00032C72E3BDB9BFE3A2D67243B74CEF03ABD
:1004D00063D0093B3034DD3ABBF9C93A21C5FD3A56
:1004E0006FFF273BBA1D143B7EF7EE3AC9F7083B76
:1004F000F639C33A26853A3B1ECA0D3BA0D8403B8D
:100500003471233B0AB2173B20B7113B29311A3B08
:10051000FD87103B5309093B521A0E3B42BA093B77
:10052000F548F43ACDD3F93A6DC5C83AC3001E3B3D
:100530002FE81F3B2BCC193BFCAC163B20E0203BAB
:100540004D38F83A5E541B3B5A1CE73A17E6FF3A1F
:10055000249B263B2BACF63A5547043BBBEBC03AF9
:100560004BD7023BA37AF13A66FAFE3A8F47F53A47
:100570009E56FE3AE6290F3B6D3D0A3B4C32FF3A50
:100580005384DE3AF841023BD831F93A9E67F63A95
:10059000C496B33A7411C23AF849063B24A0273BEB
:1005A000AE3BF23A263A153BFB5B213B2E1AEA3A68
:1005B000B024133B46E7FC3A34E3E43A7B1D1C3B92
:1005C000C99D093B157F033B8F8E073B5AFC223B9D
:1005D000714C033B3E46B93A4BF2E73A4AD30B3BE8
:1005E000B971D63A8114043BC82ECA3AF5881D3B2E
:1005F000B84FCD3AD67F0F3B03F8FC3A5F61E03A43
:10060000CC75113B64EAF03A4844EB3AA29CF13ACB
:10061000677B113BAC75D03A7A0DF43A9387103B67
:1006200006BC2E3B7730CD3A4178CE3A0000000030
:1006300000000000000000000000000000000000BA
:1006400000000000000000000000000000000000AA
:10065000000000000000000000000000000000009A
:10066000000000000000000000000000000000008A
:10067000000000000000000000000000000000007A
:10068000000000000000000000000000000000006A
:10069000000000000000000000000000000000005A
:1006A0000000000000000000000000002C04010811
:1006B0002C060108407A833C80000000B406010843
:1006C000B8060108793D4C3C80000000C4060108D2
:1006D000C806010802B2323C81750D3CB952EA3BB2
:1006E0009EC7D23B6271D83B8EDB043CBF4F363C89
:1006F0001B70503C48FE683C9E6C263C4EA0193C4A
:10070000F431073CA00B083CDD411E3C4DC3043CCA
:100710001F87133CDAFC213C50BE133CB4B5003CAF
:1007200094B2033C7CD9153C8CE3333CDB39073C69
:10073000434FED3B3EC11C3C6191DB3BB327463C44
:10074000F41FD93B3FEF133CE928F73BABA7123C22
:10075000BFABC23BB701D03B537BF83BF2275D3CBC
:100760009710263CD7CABB3BF86FC63B6944043C94
:10077000A958D73B4900D33BA6C91A3CC73F163CF2
:100780009BC00A3CCE1A0E3C0296F93BCB730F3C41
:100790002FFB2E3C6DAC043C79DA463C9062103C59
:1007A00060FA163CF92B033C7671F53B9CED4E3C10
:1007B0005688223C1FC0363C9341E43B4D3B2A3CCB
:1007C000BAB5053C802C043C8C29173C05D0053C6F
:1007D00065A0083C5B48163CE53E163CA947FA3B41
:1007E00037A6E53B0F7E123CC86E283CDE83C53B36
:1007F000E3F2213C510CDA3B907E4A3C59BC053C6B
:10080000A721F73B2660083CBB2D563C568DC53BC7
:10081000686BEF3BCEBB4C3CAE4A243C1704DF3B3D
:10082000A4F62C3C5BC3FE3B4F1D233C1010023C46
:100830002FC9BD3B03B5E73BF519CC3B0B37F43B68
:10084000DDA6FF3BF7947F3CD84CF03B54F3F93BDB
:100850004BCC063CF821183C66A7E13B1805F13B60
:100860007F740B3CBF30FC3B75E0263C5090C83B8E
:100870009A3E0E3C3CFD0F3CFBBDE23B1938C33BAE
:10088000ECDA063C5BE8C13B0DC7143CF9B5303CE3
:1008900008FAD83BE656053C3A6E003C17A2353CB8
:1008A000A3FB0A3C1E96E43B81F81C3C8A0ACF3B22
:1008B0006EF9FB3B5124EB3B16A51A3C7F9AEB3BB0
:1008C0001809283C2365F53BF45F0C3C66B7113CE6
:1008D0002EAE433C000000000000000000000000BD
:1008E0000000000000000000000000000000000008
:1008F00000000000000000000000000000000000F8
:1009000000000000000000000000000000000000E7
:1009100000000000000000000000000000000000D7
:1009200000000000000000000000000000000000C7
:1009300000000000000000000000000000000000B7
:1009400000000000000000000000000000000000A7
:1009500000000000D4060108D40801087E94653C1C
:10096000800000005C09010860090108E862053B9D
:100970002D30D43A5E4ACA3A7DB6F63AE169DC3A9D
:10098000FFF5033B130E9E3A66A3C03AD819FB3A13
:10099000EBF6DB3ADAD0013B910A0A3BEC91003BE3
:1009A0004CE4E73AFB60173B56CFBB3A343A0B3B7B
:1009B000DCB3083B4C9B393BBBE0ED3AD3D1DF3A8B
:1009C0007DC1183B9C11E83AA08DF73A7D20D13AC1
:1009D0002440CD3AF925D03A1516023BB7D0633BF7
:1009E0004B4AEF3AE38DE93A8D48DF3AD17DEC3A54
:1009F000C715003BC38DD03A3E66D43AA9810B3B64
:100A00005EF9DC3AE8BF023BEF67153B5D0EC73A83
:100A10004871093B9578173B2F72DD3A3C36B33A63
:100A20005328D43A846D713B411CF13A9626CF3A53
:100A3000CFBBF93AEEB6BA3AEBD3EA3A88EEA13A2E
:100A4000F2C2AE3A2BAD0B3B51FCBD3AFD8C123BD2
:100A50008CD6CB3A69163F3B62BF013B118D133BED
:100A6000CD04013BAB56063B0441203B75F7D93A18
:100A70002B32093BCD54B93A4ABBFE3A067BD03AF9
:100A8000E5BCD93ADEA5C63AF615F73ABE330D3BBA
:100A9000FD0CFE3A1AA2E93A0244153BBDC2CC3A1B
:100AA0005701E73A360A003B3375003B4182023B6F
:100AB00017EFD43A85FBC13A524ABE3A30150A3B89
:100AC0001DE8A83A9A22EA3A3DE9FE3A6036063B2A
:100AD000429D083BE25D083BDE9B003B0EC6C33AED
:100AE000B6C9E93AB02B903A25E61B3B9B9B073BE6
:100AF0004AF0033B1F1F2D3B1692B23A6239BD3AB2
:100B0000E224E33A1242FF3A0F73FD3A1F14DF3A30
:100B1000FC7C0C3BC14DDE3A6BCB033B0874C53A01
:100B2000DD9DDA3A6CED093B3DAA083BDB4DFD3A11
:100B300073C70F3BEC3EF13A4969C13AF81EDA3A05
:100B400073D6093B5C73D43A4F75FD3AE0C1E53A80
:100B5000548CD03AAF100B3B935BE23A835FF43A8C
:100B600032B4DA3A13889C3A0EDD2B3B00000000C9
:100B70000000000000000000000000000000000075
:100B80000000000000000000000000000000000065
:100B90000000000000000000000000000000000055
:100BA0000000000000000000000000000000000045
:100BB0000000000000000000000000000000000035
:100BC0000000000000000000000000000000000025
:100BD0000000000000000000000000000000000015
:100BE0000000000000000000000000006C09010887
:100BF0006C0B0108A996873C80000000F40B0108EB
:100C0000F80B01087E94653C80000000040C01088C
:100C1000080C0108AA960F3CBB8B003C9246203C76
:100C2000EB7ECF3BD8B3053C1DDBAE3B7ACE263CFA
:100C30007E4ADE3BEB6CDE3BE000223C7ED30C3C8C
:100C40004FF6E93B194C0F3C8035F33BC5E7013CBF
:100C5000C3ACD63BA069063C04C4133CD239093C62
:100C6000B547123CCDABCD3B86C9023C57454A3C0B
:100C7000CBCE1F3C18AD013C4C23E73B32A2C43B1A
:100C80003656D23B254D1E3C2F4A0B3C3F2E0B3C8B
:100C9000B5E1DF3B14F2EC3BA48B433CD2D92B3CB7
:100CA0007464F93B2C65B83BF903263CF062CE3BFB
:100CB000A6A6E43B8001EB3B9824EF3B7C82083CFA
:100CC0001D9B1A3CD98F2F3C99E6253C6908383C7E
:100CD00028F6093C2444C83B6BD2ED3BF9DACA3B09
:100CE0007F9ADD3B1C09EE3BD68AAD3BCE71F13BD2
:100CF000B272DE3B5B89BE3B126F0E3C96DED53B8B
:100D000029B0023CAF83193C19301D3C2592FA3BB7
:100D1000128DE73B5703E23B8352DA3BC1B3C63B3C
:100D2000388A163CC77DF33B5FEC203C6339FA3BC5
:100D300058822B3C54DC2D3CD605073C72161B3CDC
:100D4000572EDE3B71F1143C1078133CECBA2E3C6C
:100D500019520F3CB369FF3B1B090B3C7D81F03BF3
:100D6000A933493C3392E33B31DF203C490FD83B68
:100D7000A26FEF3BBF14263C107BAD3B0F21FA3B2B
:100D8000AB0FFA3B7D43E03B4446FB3BBBD80F3CFB
:100D90007BEADB3B370BCA3BE762C43B5647EA3B87
:100DA000358F3F3C27F5C93BB99A183CE12EFB3BF8
:100DB0001307023CC8550C3C48E4153CD4EDD53B28
:100DC000E2C3183CEFE1153C9C9D053CCBB6F83BDB
:100DD0005DEB403CA616143CCB52143C5CC92A3C4B
:100DE00037E8D73B5E87393C390F2F3CC8D9383CB0
:100DF000DD68F53B2A342D3C102AEA3BDDCCF43B80
:100E00008CB5E23B7B62E53B5160023CC86E023C24
:100E1000B569423C00000000000000000000000036
:100E200000000000000000000000000000000000C2
:100E300000000000000000000000000000000000B2
:100E400000000000000000000000000000000000A2
:100E50000000000000000000000000000000000092
:100E60000000000000000000000000000000000082
:100E70000000000000000000000000000000000072
:100E80000000000000000000000000000000000062
:100E900000000000140C0108140E010865D19A3CF2
:100EA000800000009C0E0108A00E0108EF47923C54
:100EB00080000000AC0E0108B00E0108FF540F3C8A
:100EC0005D00AD3BAAC6673C3C42E83B65E24D3C59
:100ED000AB60373C824FCF3B5959D13B00000000FB
:100EE00000000000BC0E0108DC0E01085F25533C29
:100EF00080000000EC0E0108F00E0108FBCEF53A70
:100F000056E1EE3A72DD383BDAB1C53AC106063B2E
:100F1000BCB1AD3AAE52093B8631BD3AEE73223BCD
:100F20000952DC3A31E71A3BEF330B3B3613F63A02
:100F3000C988EA3A0B5ABB3ACE9DB83A49F4113BFC
:100F40002259393B8059333B6514C13A9B7C023BA3
:100F500085A9F63AEAB3BB3A5E22DF3A1B31CA3AB8
:100F60000A7FA73A60A0D93AE8373E3B277DED3AA1
:100F7000E60EFB3AB806443B9724183B6E86DF3AF0
:100F80007ACF073B19AACC3AD0A1AC3A2566F33AFE
:100F90000493E33A6CD2B63A31CD1E3BE03C073BBA
:100FA000ACB4F73A0AACC53A501FDB3A325E033BA9
:100FB0002BD9D03AFABBD23ACE5D803A8A3D1B3B60
:100FC00034FA043B772D0F3B6AAEB93AB4C5F83A10
:100FD0001DEDDF3A2C6FC63A7B55E43A14511A3BAB
:100FE0004C76AA3AB9BF0A3BE8271F3BAE5EC43A2B
:100FF00061D6C03AEBA4F33A62390D3B69B3C03A0B
:1010000037CFBC3A84A7163B83290A3BC408DD3A94
:1010100054BDCD3AA974073B7090B93A167AC03ADC
:1010200025D2FE3A9C53FC3AC1F4F63AB69FAE3A4A
:10103000BA26913A306DEA3A03E6013BFA4BD13ACF
:101040005F88AF3A25E4BC3AEDFAED3AAE6E113B5B
:10105000EEDCA93A72ADCF3AF8FEA93A39E5F83A92
:10106000BB0DE43AB59B123B0634193BC3D1AF3AF2
:101070000428FD3A1BE1CD3A7C4CC13A195BBA3ADF
:101080000D4EA43AAD41A13A2DDE253BE7B6DF3A3D
:1010900025AD013B6453BF3A69E9A33A2059EB3AC5
:1010A0004C15163B3CC6023BF436F73A784DDA3A1B
:1010B0007AB4EC3A3968D43A79A8C23A6A50AF3A6D
:1010C00084B3AC3AD264F93A6488F33A0DE3083B4E
:1010D000A438B63A5901CA3A18BDB73A2AB6E83A1E
:1010E00071CE103BEB55EB3AE391F73A1FE4B13A7E
:1010F0006F4DCC3ADDD7DB3A9A0B013B0000000084
:1011000000000000000000000000000000000000DF
:1011100000000000000000000000000000000000CF
:1011200000000000000000000000000000000000BF
:1011300000000000000000000000000000000000AF
:10114000000000000000000000000000000000009F
:10115000000000000000000000000000000000008F
:10116000000000000000000000000000000000007F
:10117000000000000000000000000000FC0E01085C
:10118000FC1001083FCF533C80000000841101088F
:10119000881101085F25533C80000000941101086C
:1011A00098110108737F033C179FFA3BD29B943C34
:1011B0009821093C806DFA3B8540213CC6EC083CF7
:1011C0008DB7003C4C200F3CC5721B3C4D43D13BBE
:1011D00068A62F3CFD600A3CA490CE3BCC96D53B44
:1011E000A928023C8B6E0A3CF487173C48D11B3C73
:1011F000CEE8163C6A9A163CC820463C1BA4F13B3C
:10120000CD16293CDBBD2B3C0AAF283C6301103CCA
:101210009954B43BB003233C0FD6E33B8CD70E3C30
:10122000E2AC243C5A8B5F3C3FE8CC3B9164BA3B38
:10123000B546063C452EC83BB85ADE3B6ADE0C3C40
:101240003918A83BE557343C4FEE0D3C8391FA3BEF
:10125000F34C063CB106423CA3B20B3C7E4BC53B73
:101260004BDDC23B5467093CC61A013C7066DA3B51
:10127000AC5DC33BE6D5073C9F17193CE0511F3CD2
:101280003BAD273CDD60DA3BF706223C6037DD3BB7
:1012900070AFC13B26D2D53B1773DA3B7A43053C8E
:1012A000C3E11E3CE991063C92A7F63B35CEC73B15
:1012B000DF7F4A3CB7E3143C9731D53BECF40B3C61
:1012C0007B00313C149B093CCFF2343C07AEEB3B36
:1012D00034A4ED3BF06CFA3B794BFD3B2AC6EA3B6C
:1012E000AF07D73B6AF5DF3B8EE9103CC56D053C87
:1012F000F17C063C14C9D13BA14F643C3E5EEF3B00
:101300006079053C8BF0E73B9FCDF83B699AF83B51
:101310007BCE023CBB43363C49AFE53B7D22043CDF
:101320009C8AF33B48ED233C875EC23BA3F0F63B2F
:101330007B45E43B6CB8F23B73BB063C97DC3E3C20
:10134000DF32CD3B39D8F43B15DD3D3CA5DB0B3C12
:1013500019ABFE3B48F30D3CEE9D183C95FD193C46
:1013600086C2343CDFBD223C43F42B3C688AE23B1E
:101370005C010A3C0325E03BB613E13B74240A3CC4
:101380003709193CFFE1CF3B5827033C5DFE1F3C6A
:1013900069A8F73B5E5ECA3B14690D3CB35D163C21
:1013A000DDB0203C00000000000000000000000054
:1013B000000000000000000000000000000000002D
:1013C000000000000000000000000000000000001D
:1013D000000000000000000000000000000000000D
:1013E00000000000000000000000000000000000FD
:1013F00000000000000000000000000000000000ED
:1014000000000000000000000000000000000000DC
:1014100000000000000000000000000000000000CC
:1014200000000000A4110108A413010833E65B3C8E
:10143000800000002C14010830140108CD11123B6B
:10144000A147113B46E5F13AD430DF3A78EFD93A7B
:10145000153EE43A65ADE63AC628D23A327BF53A13
:10146000CCBAFA3A2E81FD3A9EC80C3BEEA6FE3A63
:10147000C8E7CA3A7830013B941EF23AB29BE13A8F
:10148000F90CB93AFBED063BC4F1FA3A4B27E83ABE
:101490006CB4EC3A32DEDA3A5C778C3A4C50FD3A76
:1014A0008AD3B53A42B3FF3A61C4EA3ACB33033B3D
:1014B000D3CECE3AA88BFA3A188BC63AAEF2B73AE8
:1014C0006CB0FA3AF2DCB43AAF9CDB3A99D3BF3A4B
:1014D000360A0C3B9977DC3A8B39EA3AE676D03A11
:1014E0002C2C033B8672133B5F3B053B51DC143BCA
:1014F000293CC33A2A14F93A19BCC43A929BF23AED
:10150000EBB5FD3AEDF4033B4276E23A609FCC3A0C
:101510002234BB3A4946AD3A27D8CC3A313DBC3AA1
:101520004A0FDD3A7E4ADF3A7A49F73AAF07E83A9E
:101530003F5C1A3B9ED2CE3AB75EFC3A4773F93A0B
:101540006B63A53A0020DA3A2F5FE93A529CB83A29
:10155000A8B8FB3AB520FB3AA075F53AF2C9F43ABF
:101560003FE9B53A01B2BA3ADAA1193B47A3FD3ACD
:10157000F305FE3AF9FD2E3B6197F93A0EC0A83A01
:10158000AC5DD23AEF71D13A99A20F3BF10C123B0C
:10159000585E7D3A1F66E23A0394E23AE542E13A48
:1015A00045CCC73ADEC1013BE16BF63AC158E23A9D
:1015B00063E3F93AC128AE3A27230B3BEE1E263BE4
:1015C000530FCE3A14FEAF3A23D9F43A44AEF43A6C
:1015D0009E98083B0FFEC53A672B253B6C0DE13A00
:1015E000CD98ED3A4E29FE3A776DA93A73C1393B51
:1015F000BAAFDD3AD34CE73AF678BE3ACCC30A3BF1
:101600000687F83A6ACF003BAE81D33AAFE9E33AB6
:1016100007CC9C3A42C3983A5520E53A6005C13A56
:101620007856253BFD2AE93A5192B43A8F2FD83AA1
:101630000B09A93AD6BEF83A89621C3B00000000AB
:10164000000000000000000000000000000000009A
:10165000000000000000000000000000000000008A
:10166000000000000000000000000000000000007A
:10167000000000000000000000000000000000006A
:10168000000000000000000000000000000000005A
:10169000000000000000000000000000000000004A
:1016A000000000000000000000000000000000003A
:1016B0000000000000000000000000003C140108D1
:1016C0003C160108F1B2E33B80000000C41601089B
:1016D000C816010833E65B3C80000000D416010800
:1016E000D816010807B6D63BA833AE3B3872D53BB7
:1016F0008581CA3BE44D283CD5E0DD3B6E2E8B3B1B
:1017000022EF2E3C2DFE193C8B26C13BA194F03BD1
:10171000A6A79A3B0D5A9F3B68FE173CB3120A3CA2
:10172000D68AB03B45FAE93B6E439D3B6914FA3BD0
:101730004E56BF3B1954183C1CA0CA3B6994C53B8C
:101740009B3A403C856E9C3B8D6BE13B9908023C8B
:101750001180173C8337CF3BAA92E13B69C5033C1C
:101760000DB2C53B9F672A3C831DF33B12D8423C18
:1017700032D3EA3B9F29133CC9D0993BDDC9EC3BEE
:10178000620BC43BDC34E53BE1C4AC3B71F6AB3BE4
:10179000C3F3C03B9B33083C9BE20B3C5B2BBE3B43
:1017A000E361DA3B8D7AF63B4BF0BF3BD606D13B8B
:1017B00091FC9B3BAD55173C5410F73B083DC33B98
:1017C00014AC4D3CCF66B03B97E46A3CCE99D53B18
:1017D000E30A093C82F3B33B30AAA83B58D1EC3B67
:1017E0001ED7E03B9934543C147C463CA6D63A3C88
:1017F000A2E9F53B0A7BA43B31DDD53BB8A6483CCA
:10180000ADD6E33BBED6323CFD5DC73B691AEA3B31
:10181000517FD13B64C8013C6650233C9C75E03B42
:101820009409F23B70076A3C30C5C23BDA41DE3BAB
:10183000D54CCC3BB6C0E03BA77FD13B970BB33B2D
:101840007C11993B0641AB3BEC3BAC3BA79FDA3BA1
:101850007A14DD3B93DCA43B6C8BC03B6DFDE13B1C
:101860005268C53B761E1A3C7ABD003C93ED073C9E
:10187000F878EA3B4789F03BADFFB63B20E1313CCD
:101880005BABFE3BD711033C368BD43B07DD433CBF
:101890002A63B03BE05BD53BD9DBFA3BFC75C83B28
:1018A0009C1A2A3C468FD43BA96D5D3C03D1E13B99
:1018B0005F68203CE0851B3C0727A93BB5FED43B75
:1018C000367FF23BB496403C2547F93B8103D63B3B
:1018D000FC71C53B0CFEF23BAC16693C4514063C62
:1018E000228D003C0000000000000000000000000D
:1018F00000000000000000000000000000000000E8
:1019000000000000000000000000000000000000D7
:1019100000000000000000000000000000000000C7
:1019200000000000000000000000000000000000B7
:1019300000000000000000000000000000000000A7
:101940000000000000000000000000000000000097
:101950000000000000000000000000000000000087
:1019600000000000E4160108E4180108B8491D3C15
:10197000800000006C19010870190108C504A33A21
:10198000CE5F513BAEE3AA3BEADA583AFDB2DE3B0A
:1019900034429C3ACCE8DE3AB67B3F3B81A78A3A98
:1019A000D13AA23A7840AB3B1FFA893AAD42943A19
:1019B000A5726A3B9F02543A58F7A53ADAA3543B02
:1019C000D8FE8C3A05F0A13A19944C3AB9A28B3B57
:1019D00098270A3BC527473B9A6BAF3AA201633A67
:1019E0008B8A183B00FD8C3B2178EB3AEFDC783B8F
:1019F000D416353B8F975C3B0BCED83B1629D83A93
:101A00009C67E23A4338493A9C41BA3A71A6AC3AEB
:101A10003922A03B336BBF3A84F6C63A9F5D8E3ABB
:101A200027A9C93AD786653A93914D3AAC22D13A63
:101A3000AF49F83A7D7D303B3E0A4D3A6B5BC53A83
:101A40005CE1943A7F79B63AAE393A3BBBDC2A3B4B
:101A50004A49C93A74F2ED3AB878823ABB16A33AC9
:101A60007FC0003BBE35873B758EDA3A621FD73A9E
:101A7000369C5F3A0F217E3A79BBC63A0012CC3AC7
:101A8000D368AF3B60C9E83AD462B23AE7F4A43B0A
:101A9000ED5ADE3AB665B63A27E4293BF5EDA53AAC
:101AA000AEE4113CB42DBE3A80C3A73B73691F3B23
:101AB000F2C0D93A80F8D13A8D64973A586EA43B77
:101AC00010D2393BF87D603B2DC81A3BA91E673AFE
:101AD00005530F3C7A2AB43A721E8F3A3FD39B3B90
:101AE000776AAA3A50FA8F3A6AC7A23B8471AB3A36
:101AF0008016D33AB4B17A3B748F533B997C743AD5
:101B0000B6636D3B2A61823A9A0E0E3BD9CE8B3B6F
:101B10002D9E613A46AC503AD6BA913AE4CFB23AE9
:101B2000D2656F3A2F86023B7CCE2F3BAE7E2A3B9E
:101B300011B96F3AE17ECC3A458DEA3A852B6C3A81
:101B40007282133BFE31693A4C83953B5BB4303B68
:101B50006CDF473B2ED9C33A4FEA763B5A99193B83
:101B6000A6C1913ACC94F53AAA87423A5720003B55
:101B70000745A63A95FAAE3A4AC5C53ABA77A03AA9
:101B800026E91C3B4A85853A7F7A5D3B9BFD073BF6
:101B9000609C883A606CCA3A79EA663A98EEC23A32
:101BA000DCDEE33A83AFF03AEB54873A944DAC3A3B
:101BB00012366F3AD812AB3AE10D883A53DA8F3ABF
:101BC000193D903A0E44A43A4CDE7B3BF653293B38
:101BD0008D6A9A3AE7A11E3B6C2F153B6037953A08
:101BE000E9D8823A3AFC843BDC35853A4A346E3B8C
:101BF000DF135F3B4940F93A54CBA53A063C733AB0
:101C000079B3873A776F3D3B5B7E893A95572E3B98
:101C10005329063BDE43203BFF54CA3AC2351B3BE7
:101C20002448A33ABCF53B3A8659E13A884F643AD6
:101C3000C8FAAF3AA715723BE394443A1EC3703A10
:101C4000D91A913AAEAD953AA9CF093B6987873A3F
:101C5000B7FB133BC59BD73ADE49453B1E30F43AF0
:101C600035F0923A5850873A181F003B048AD33A0D
:101C70007C8A833AB246E43A6A92043B49F5ED3AEB
:101C80001EAF513A92F7E63A7A76743BA3F1863A60
:101C900064E8FD3AEAC6AA3BCF87AE3A4364213BEB
:101CA000AFE3023BAED35A3A14B99E3A943F783A26
:101CB000ED08823B5500363B5E6FA13BE8119B3A35
:101CC000B8B9963A4DD0623AADB4E13A0DF6113C4E
:101CD00084A4963A02C2EA3AF844F63A85D56D3BB6
:101CE0009EFE783A4B78663A0CE66A3A799A7F3AE1
:101CF0001EB6363B5B6B5C3AD9520C3B26FA1F3B57
:101D0000C554F43A8638FF3AA14ECF3A5106923A7A
:101D100039D8C03A8B06243B14CA033B7B28983A37
:101D20001E21473B6A44563AFC831A3BED06C13AF2
:101D3000D668133B0C9A153BD36E4B3A3D578D3A00
:101D40004B47D13AE2E8BC3A8556A73A7A56B13ABF
:101D50002B6A973A26519F3A38CB023BA6E1943B37
:101D60006485283B34279D3A120D353B9DA1D33A1B
:101D70002B5AAB3A23F4073B6055823A000000002F
:101D80000000000000000000000000000000000053
:101D90000000000000000000000000000000000043
:101DA0000000000000000000000000000000000033
:101DB0000000000000000000000000000000000023
:101DC0000000000000000000000000000000000013
:101DD0000000000000000000000000000000000003
:101DE00000000000000000000000000000000000F3
:101DF00000000000000000000000000000000000E3
:101E000000000000000000000000000000000000D2
:101E100000000000000000000000000000000000C2
:101E200000000000000000000000000000000000B2
:101E300000000000000000000000000000000000A2
:101E40000000000000000000000000000000000092
:101E50000000000000000000000000000000000082
:101E60000000000000000000000000000000000072
:101E70000000000000000000000000007C190108C4
:101E80007C1D01087886043C80000000841E010847
:101E9000881E0108B8491D3C80000000941E0108FE
:101EA000981E0108328F203C20C8223C3628373C3F
:101EB00060B03C3CF686393C30392E3C123A303C1E
:101EC000CFBA123C01BC173C5CF4133CFBA6423C6D
:101ED000C826223C5DF0473CFCB7463CB339183C71
:101EE0006DEB073C0725343CE15F3C3CFCBD4B3CC3
:101EF000077C3E3CBB4E423CA756373C3F2D4D3CF9
:101F00009CC6F23BF5D5383C75874B3CFF9D443C65
:101F1000851E433CDBC23E3C4ABD0D3CE8E4463CEA
:101F20005C4D483C1E113F3C86F4393CD5BF203CFB
:101F30002DC8263C9154353C43684B3CF6EA6B3C3B
:101F400054DE3C3C56F0163CC5A13C3C464F3F3C61
:101F50001FADFF3BF52C103C45C52C3CD7464B3CF8
:101F60007ECE2B3C8434B23B742A1E3C177F2D3C22
:101F70000BA93F3CB94A403CB6E3103C29F8123C5F
:101F80006F73273CD396353C9DDD433C0BD54A3CD3
:101F90009D024D3C7E62083CF4854C3C6EB01F3C7B
:101FA000BAC0313CCF42443C8E8F393CE14D463C77
:101FB000DDA3223C8D993D3C5FE90B3CDB1E1D3CC3
:101FC0005D6A3F3C54D01F3CFC92483C6FB61D3CC0
:101FD00094F4073CCC70443CB1D6273C7220323C90
:101FE000EFE20B3CEBEF393CEAC4453C39FF3D3CAA
:101FF000D62C2E3C272C303C0BF8383CEA042F3CE6
:10200000EF1E113CAA573D3CFB9A133CA26E3D3C8F
:10201000207F4B3CCB48253C781E1B3CCE14353CE6
:102020008A9F363C5F71293C2B0A483C732D1D3C2E
:10203000B77E0F3C452E3D3C750A3E3CBC5E213CC4
:1020400004D4313C0293F63B6A5F173C2D723E3C50
:102050002A22403CD958453CDAB42E3C8DF32C3C26
:1020600052ED273C82AF2F3CAFCF393CA49F123CAE
:102070008582213C33641B3C21A2203CCDF2233CD1
:10208000D9202B3C69C02C3C8664283C6CF8253C4C
:1020900037A7273CDCD6423C5FC5213C021E3F3CB3
:1020A000AE6A243CE537373CF4B0193C7398313CB8
:1020B000D0343C3C034A0B3CFF411F3CD4B9403C6C
:1020C000EC582D3C4E59383C3F23073C716D173C72
:1020D000EB1F373C35B3343C5BE6333CA7A1203CD7
:1020E000D25F3C3CE15B423C6EDA323C4D9D343C7D
:1020F00059FB233C3F7E4B3C7F173C3C527D483C88
:1021000064DA0C3CA39C273C72B71E3CBD8D2C3C72
:10211000BE7E1B3C19F8363C6430433C66793F3C3C
:1021200031E72E3C69EF1B3CFB81203CFD393B3CF9
:102130009E71183C1284F43B7ACF2F3CA352163C7C
:102140004C543B3C4F223E3C6FD80F3C75A0183C92
:10215000AF3E2B3C57B8273C4E85233C08C43E3C41
:102160000773213C63D6293C2275183C257A2F3C05
:102170007CD71D3C1CF93D3C92F3413C06E54B3CB1
:1021800099DD0C3CF04A1A3CA785283CEC9F133C97
:10219000EDE1313CE8FC1F3C3C04303C8EE4463C25
:1021A0009A4A303CA93A063C799A2F3CF0321F3CBF
:1021B00074033E3C5820413CDA75463C75703F3C08
:1021C0002BFB273C697B3A3C8FBF013C01F8123C5A
:1021D0001DDC273C0EB72B3C91FB493C3C7A4B3C29
:1021E000CBC9163C7DD0343C2A86193C0E2E323C9D
:1021F00043794A3C125D263C74D2173CA6911D3CA3
:10220000E77B2E3C393D3C3CCCE92E3C49FB193C5C
:10221000DDE9233C30012E3C94D3453C017C343C29
:102220007932353CD01CF13B4D71203C0BD7143C2E
:102230008D35183CD989FE3BD266153C698E433CEE
:102240004308413CEFC23B3C8237413C2285093C7C
:1022500016570D3C26812F3CB086083C7531353C25
:10226000E5331B3C0936263C6A77363C4FF2E43BAB
:1022700081981D3CE693193CBD13023C4AD4353C81
:1022800095F1433C0ACA2F3C0DD8333C05F5323C4E
:102290003459433C23592B3CB1761D3C72103A3CD7
:1022A0003981383C00000000000000000000000000
:1022B000000000000000000000000000000000001E
:1022C000000000000000000000000000000000000E
:1022D00000000000000000000000000000000000FE
:1022E00000000000000000000000000000000000EE
:1022F00000000000000000000000000000000000DE
:1023000000000000000000000000000000000000CD
:1023100000000000000000000000000000000000BD
:1023200000000000000000000000000000000000AD
:10233000000000000000000000000000000000009D
:10234000000000000000000000000000000000008D
:10235000000000000000000000000000000000007D
:10236000000000000000000000000000000000006D
:10237000000000000000000000000000000000005D
:10238000000000000000000000000000000000004D
:10239000000000000000000000000000000000003D
:1023A00000000000A41E0108A4220108E620273C2A
:1023B00080000000AC230108B02301084CDDEB3A9B
:1023C0002427A53A5442A43AE10B053B60ECBF3AFE
:1023D0000D88B83AA3F8093B013BA53AA8C3D33A04
:1023E000D258E33A0F04B03AEB35F33A4F53143B6B
:1023F00064A8F93AF74DF23A7024213B15D8F23A25
:102400005C1F4E3BFB74DF3A5415EE3A625FE83ACC
:102410008844F23A7316CC3A9906C93A87F0133BCE
:102420003B2DE03AB041D83A339FDF3AAEEEF23A74
:10243000D9E9B83A1606AF3A254BE53AA8D5E33ABA
:102440003A29B63A31291F3B987D713B3591033BC0
:10245000A972ED3A3223CB3A0D52D43A0097083B99
:102460003A13013BD9FD0D3B4703C13A6B26B33A02
:10247000D501E63A39B2B73A00FABE3A6ADF5D3BB7
:102480004ED6333B55B6B93A8F3E103B2614C43A6C
:1024900050FDC93A80B7A33A3ED26F3B37ECF63ACB
:1024A000B127143BFEF7EB3A5229C63ACBB9023BAF
:1024B000A5C39E3A88E0763B43A2053B78B0AB3A91
:1024C000F178243B7E4AED3A9D93F33AFDDBDF3A07
:1024D000DE3AB83AA9B5143B0544083BCBA3453BCB
:1024E000184ED23A3256BE3A1F12C23AF6B41F3BC9
:1024F000B8DE1C3B777D1B3BA4A6DF3AADA8043BAE
:10250000347EF63AE346B93A5289C73AEE60123B56
:102510001EDDF03A9DC8DF3A2FEE0D3B5C0FBC3A52
:102520007A3A223B2551063B2695E33A11FB983A2D
:1025300076DFD23AEFC6B83A0272CA3AAEF8043B36
:10254000466B1E3B8AFA063B41E0E93ABFA1043BD9
:102550004FCADA3AC215073BEF459A3A5BD2F73ACF
:10256000C1EE1E3B5F95583B9D580C3B2561BD3A23
:10257000B8BAD13AB098523BBA3ED43AE012F63AE1
:102580008BEEF73AD579C73AFD12A73A3526083BC4
:10259000B190CF3A35CA263BFE52C23A74D01B3BAB
:1025A000F3AC5E3B88C6163B7F76293B9BF3213B11
:1025B000329AC93A3C06EE3A625EE63A9A61173BB5
:1025C0003753FE3AFCE92D3BBE71FA3A3C08783BA2
:1025D0009C46EC3AE8013F3BA155AE3BAB1ED43ADA
:1025E000B7BC043B7EF2F33A8B03EC3A64A8303B71
:1025F000CE4DD73A96B3D43A993FC83A55E8A43A63
:10260000DFD7093B0F08503B294AD63A76121A3BCE
:10261000D505E03A2C88043B775FE63A390AB13AAF
:10262000154F303BD0DDA33AF40DAF3ACBEE033B70
:10263000885D013BA16E103B3942DD3A687FE53A87
:1026400025B62A3B5A8E113B950F063BBDA42E3B67
:1026500058650B3BE077033B82BEF43A87D1043BDD
:10266000F0BCED3AC95BBC3A42B4FE3A8155D23A6D
:1026700044A9323BA51B083BC8E0D93A64F2B33AFF
:10268000FE17E93A3AE8D53A7F4BF43A5A64D13A20
:1026900096A9EC3AB1150E3B8DB6F93A3D3AE63AB9
:1026A000B842213B9964FA3A2D2FDA3A4649F33A77
:1026B000B090183B2582013B516FD03ADCA23E3BE3
:1026C0007670D73ABEF1B43A536ABC3A8181FC3A8B
:1026D0002E31A53AF710E33A8D20B53A312B9D3AC9
:1026E00033D0933A5428253B197FAA3A812CAF3A2C
:1026F000C5E5FE3AAE87C13AF926F23A773FE23AAB
:10270000284A013B78D7B83ADB28C03AA6139C3A4E
:102710007FEAF33ABC00133B15D1C33A082F153BAF
:10272000AE20DD3A1ECCB43A8AD69E3A96350C3BA2
:1027300070F5E43AEFE0D53ABE57F63A0E8E193B03
:10274000D6EE203BFCCCF33A5234E83A43B7253B73
:1027500023CB013B44E7073B2FA7053B804FE03AE3
:102760000947EE3A0B03C73A19F51F3B1FB3D73A97
:1027700038CDEB3ACF95373B51C3C73A1D75E83A90
:102780008115D93AF9DE0D3B5699093B452BC23AE2
:10279000707FB93AB5CF2F3B00A9E03AE867DC3A41
:1027A000DDF8DF3A5EB6003B3CC81A3B3017D03A42
:1027B000F0B6CC3A51F8243B43D98A3B00000000E4
:1027C0000000000000000000000000000000000009
:1027D00000000000000000000000000000000000F9
:1027E00000000000000000000000000000000000E9
:1027F00000000000000000000000000000000000D9
:1028000000000000000000000000000000000000C8
:1028100000000000000000000000000000000000B8
:1028200000000000000000000000000000000000A8
:102830000000000000000000000000000000000098
:102840000000000000000000000000000000000088
:102850000000000000000000000000000000000078
:102860000000000000000000000000000000000068
:102870000000000000000000000000000000000058
:102880000000000000000000000000000000000048
:102890000000000000000000000000000000000038
:1028A0000000000000000000000000000000000028
:1028B000000000000000000000000000BC23010830
:1028C000BC27010828F4833C80000000C4280108CC
:1028D000C8280108195FC13B575AA73B1FA7D63B21
:1028E000E4650D3C3337183C9F00243C4DEEB73B6C
:1028F000336E0D3C7F2DC73B5749B23B88F98F3B68
:10290000F26F9A3BC561C03BA059B53B3C67163C92
:102910002299F33B000000000000000000000000CE
:1029200000000000D4280108142901085C26953C09
:10293000800000002C2901083029010828F4833C7C
:10294000800000003C29010840290108FCE4BB3B51
:102950001010D93B25D9A73B17E2E33B4B98F43B3A
:10296000DC08AC3B9EDE7C3B748A5C3B57E0043C5D
:10297000531E2A3C049B613C0403883BFDD8A93BC1
:10298000FC71473BA373A23B3AEC0E3C00000000F5
:102990000000000000000000000000004C290108B9
:1029A0008C2901083A50973C80000000A4290108B6
:1029B000A82901084644473BFD7AB73B765A7E3B3F
:1029C0009DD5A53B277ADB3BD2CA523B32F5D53B9E
:1029D000CE70A13B56FADE3B7311323B569CAF3BA7
:1029E0005548C53B3AF4913BBB6FD13B93D8663B0E
:1029F000D22BA73B68AA743BD6DFE43BD020513BE7
:102A0000FA5D8A3B15F8B23B352C933B13557B3B63
:102A100006B56E3BDB9F6A3B4A0FAF3BE13AC33BD7
:102A2000BCE2D23B5F137F3B863BAF3B65E6AC3BF2
:102A3000B749C03B0000000000000000000000009B
:102A40000000000000000000000000000000000086
:102A500000000000B4290108342A01085684A43C6F
:102A6000800000005C2A0108602A01083A50973C67
:102A7000800000006C2A0108702A0108DF7B3E3CC0
:102A8000F8B0AC3B57B5C73BE974D73BBA6C843B55
:102A9000AE39603CB5D1FF3B6462B73B0359083C9B
:102AA00090D20D3CAF2CD43B43D7DA3BC33A1B3C0E
:102AB0009AC3063CA3F7163C77D4073CA7E9DB3B57
:102AC000D042DE3B97EDC13BB2238E3C8202803B7D
:102AD00018EE933BB1A3CB3B92E5153CEDD7FE3B03
:102AE000E644C43B2DFDC73B23162D3C7747F73BFF
:102AF0002C500A3C99E1EC3BD889DE3B00000000F9
:102B000000000000000000000000000000000000C5
:102B10000000000000000000000000007C2A010806
:102B2000FC2A01083AEF9C3C80000000242B01089D
:102B3000282B0108CE95363B7E43AC3BB09A463BF2
:102B4000594A4B3B1DAD4B3B63C19B3B7E9B873B37
:102B50008F70973B62647F3BF9435E3B9FDA453B56
:102B60005BABAD3B727A573BEB644F3B4E5C803BBB
:102B7000EB58623B53EF493B1CFF633B76357F3B91
:102B8000F587B73BDD354A3B95B2853BDE59523B75
:102B9000AA5DB53B39005E3BD8D7C53BE8DE613B5B
:102BA00007575B3B012E853BF8DE593BD3845D3BE9
:102BB000A2CB593B00000000000000000000000014
:102BC0000000000000000000000000000000000005
:102BD00000000000342B0108B42B0108922E6A3C3F
:102BE00080000000DC2B0108E02B01083AEF9C3C40
:102BF00080000000EC2B0108F02B01087668CC3B2C
:102C000074BC6B3B0DAD2F3C0968813B88DE5E3B9D
:102C100035FD023C1734CF3BC839C13B8F6DCA3BF1
:102C2000170FD23B3E7DB03BE7ADF03B0823DC3BCA
:102C300082BABB3B84BED33B4FFC253C34C9463CE7
:102C400091BD143C7376063CDDED143C1C6E933B49
:102C50007C86A33B71B9A23B4B76B83B1960953B90
:102C6000A5BAB33BDDC5A03B875EF73BE91A0A3C3A
:102C70006C7CC23B78BB2F3C8C97FB3B0000000078
:102C80000000000000000000000000000000000044
:102C9000000000000000000000000000FC2B010804
:102CA0007C2C01084043503C80000000A42C01080B
:102CB000A82C01086CC46A3B29ED893B91F0893B43
:102CC000FA839D3BDC54823B9CF1793B77DF6B3B85
:102CD0005E86873B89919A3B015CA53B13CB8E3B7B
:102CE000CED6653B46F4813B0E0A573B124E7F3BE6
:102CF00082F68F3B0A1C883BA9DA5E3BB5FE7D3B22
:102D000042564B3B81BA7A3B6C69B63B3E43523BE1
:102D100066B26E3B103E6B3BF8ADB63B2DA8933BC5
:102D200007807F3B5CC2573B3C815D3B84827E3B9E
:102D3000E97B9F3B81D8753B053D463B26D7713BE0
:102D4000D1F4B13BD401CA3B8C05863BEC26673BF2
:102D5000371E7C3B6EB05C3B214D853B3CF94F3BC5
:102D6000371E9D3BFEFD893B312D443B3E7C3A3B6B
:102D7000C6E2843BF885933BBF62843B93509F3B04
:102D80005610713B9A939D3BBA20713B0D62403BBC
:102D90003D4D9A3B23B87D3B4D666A3B278A4F3BAE
:102DA00082A17F3B18992A3B5CC67F3B08DD773BBD
:102DB0009530913B00000000000000000000000082
:102DC0000000000000000000000000000000000003
:102DD00000000000000000000000000000000000F3
:102DE00000000000000000000000000000000000E3
:102DF00000000000B42C0108B42D0108AD325B3C8A
:102E000080000000FC2D0108002E01084043503CCA
:102E1000800000000C2E0108102E01086D8FC03BB1
:102E2000E0EFCF3BC168383C0658063C10C0363C4A
:102E300064AEC63B7E4B003C700FEE3B90F7463CC9
:102E400071E1093CD473103CF6D9C33B1ED3153C49
:102E50001904FB3B5A80013C202E0B3CE787023CC7
:102E60006886CD3BA184013CA405253CE37D583C0C
:102E70004185CF3B8DD34C3CE0840C3C9DADBF3BAA
:102E8000CEEEE13B8A81EA3B0C0F0A3CB295ED3B6A
:102E90000EBFF03B5463A13B812AC23B2ED41B3CA6
:102EA000FEB0FF3B4C08F53B9147DE3B336F0F3CD8
:102EB000A35FDD3B2F8DE43BA5AA6D3C7C469C3B8C
:102EC000689B013CE7F4D13B1082DD3B2FFE0C3CBC
:102ED000AB1A103CC518163CBA51463C15601C3C58
:102EE00045C5E73B54FF203CE140013C1213BF3B8A
:102EF000DB1EF53BEE70043C4E9E063C6B4FE93BFF
:102F0000428CA13B1EC1043C28F4C03B9199E23B9A
:102F10005100B73B086CEB3B668A133C0000000095
:102F200000000000000000000000000000000000A1
:102F30000000000000000000000000000000000091
:102F40000000000000000000000000000000000081
:102F50000000000000000000000000001C2E01081E
:102F60001C2F01089D68C43D27000000642F010844
:102F7000682F010818CACA3A59F0AA3A36E0FF3A4F
:102F800000000000742F0108802F01080000803B22
:102F9000800000008C2F0108902F0108E620273CBC
:102FA000800000009C2F0108A02F010892B6DB3B97
:102FB00010000000AC2F0108B02F0108050001002F
:102FC000A4F6000805000800D4F60008050001007A
:102FD000E4F60008050040002CF800080500010098
:102FE0003CF80008050001004CF80008050040000E
:102FF00094F9000805000100A4F90008050080000C
:103000002CFC0008050001003CFC00080500010044
:103010004CFC000805008000D4FE000805000100FB
:10302000E4FE0008050080006C01010805000100B5
:103030007C010108050001008C01010805008000E9
:1030400014040108050001002404010805008000A3
:10305000AC06010805000100BC06010805000100DE
:10306000CC06010805008000540901080500010094
:103070006409010805008000EC0B0108050001004F
:10308000FC0B0108050001000C0C01080500800084
:10309000940E010805000100A40E010805000100BE
:1030A000B40E010805000800E40E01080500010047
:1030B000F40E0108050080007C11010805000100E4
:1030C0008C110108050001009C1101080500800019
:1030D00024140108050001003414010805008000D3
:1030E000BC16010805000100CC160108050001000E
:1030F000DC160108050080006419010805000100C4
:1031000074190108050000017C1E0108050001007A
:103110008C1E0108050001009C1E0108050000012D
:10312000A423010805000100B423010805000001E3
:10313000BC28010805000100CC280108050010008A
:1031400024290108050001003429010805000100B7
:1031500044290108050010009C2901080500010010
:10316000AC29010805002000542A010805000100CF
:10317000642A010805000100742A010805002000E6
:103180001C2B0108050001002C2B01080500200064
:10319000D42B010805000100E42B01080500010003
:1031A000F42B0108050020009C2C010805000100FB
:1031B000AC2C010805004000F42D010805000100B9
:1031C000042E010805000100142E0108050040002E
:1031D0005C2F0108050001006C2F010805000300A9
:1031E000842F010805000100942F0108050001004B
:1031F000A42F010805000100B42F0108804E34629D
:103200001700000008FFFFFF4010840003000000CB
:10321000FC310108FC3101080400000020ED00240D
:103220000400000064ED002404000000A4ED00246C
:1032300004000000ECED00240400000034EE002443
:1032400080000000400484000100000040320108BA
:10325000403201080400000074EE00240400000065
:10326000CCEE00240400000014EF002480000000D5
:1032700040048400010000006C3201086C32010837
:103280000400000054EF002404000000ACEF002410
:1032900004000000F4EF00248000000040048400DB
:1032A0000100000098320108983201080400000073
:1032B00034F00024040000008CF00024040000001E
:1032C000D4F00024800000004004840001000000CD
:1032D000C4320108C43201080400000014F10024C3
:1032E000040000006CF1002404000000B4F100248C
:1032F000800000004004840001000000F03201085A
:10330000F032010804000000F4F100240400000081
:103310004CF200240400000094F20024800000001D
:1033200040048400010000001C3301081C33010824
:1033300004000000D4F20024040000002CF3002458
:103340000400000074F300248000000040048400A6
:103350000100000048330108483301080400000060
:10336000B4F30024040000000CF400240400000066
:1033700054F4002480000000400484000100000098
:1033800074330108743301080400000094F400242D
:1033900004000000ECF400240400000034F50024D4
:1033A000800000004004840001000000A0330108F8
:1033B000A03301080400000074F50024040000009C
:1033C000CCF500240400000014F600248000000066
:1033D0004004840001000000CC330108CC33010814
:1033E0000400000054F6002404000000ACF60024A1
:1033F00004000000F4F60024800000004004840073
:1034000001000000F8330108F8330108040000004F
:1034100034F70024040000008CF7002404000000AE
:10342000D4F7002480000000400484000100000064
:1034300024340108243401080400000014F8002496
:10344000040000006CF8002404000000B4F800241C
:103450008000000040048400010000005034010896
:103460005034010804000000F4F8002404000000B7
:103470004CF9002400000100AC1A012400000100F6
:10348000C81A012401000000042F00000100000000
:1034900001000000400404000000000000000000E3
:1034A00000000000042F00000104000000000000E4
:1034B000010000002C580300010000000100000082
:1034C0004004044000000000000000000000000074
:1034D0002C58030001040000000000000000000060
:1034E0002E383D7F56FAD710BB28F87F776DEFE472
:1034F000494921278D8188DCABFCB24BCB172BA629
:103500006B437F72813DE594F184F68665DEBE8172
:10351000E8D2513307AA4A320E8CF77FE1AC4D0452
:1035200008436F30167FF09364340000905600001B
:10353000A0B6FFFFFB3F0000ECC5FFFF73DBFFFF02
:103540002C0E0000972C00007F9BC1B549FB5E92BA
:1035500035BCCB7F6EB84B81DF63817FE71B7FF784
:10356000F54C70121E5851FFF272FEF30FD52CD697
:103570009A7F259C0581F95206C5DD20CA312900B4
:1035800002422B9D816EF8F3EAFD588BCEE4D9EF11
:1035900078FFFFFFF3F0FFFF3D000000520700003F
:1035A00026010000A7FFFFFFCDE4FFFF6F1300001F
:1035B000107FB1E0D8C43B355373D084815F2EA314
:1035C000AD7F94F7BD9CD7F2222AFC9E997FC26FF3
:1035D000DDB3B73D81D328C518D3BE7F027A0A3741
:1035E0006E55819DCDB009B00AFFBEFC31217FA090
:1035F00066E22C1981669F2864C181484BADAAAE52
:103600008DAB24F78149A76BA37F1375CCD9649D3B
:103610002049031E71A77FEE7F7E3FDC6E0E409532
:103620006504366033EEA181B281E9F20DE7D90D70
:1036300057FEFFFFF2000000AD1300004CFAFFFF41
:10364000231A00004BF0FFFF3414000057FCFFFF6B
:10365000C3FFFFFF58100000F80A000094FCFFFFB2
:1036600063EBFFFF7EE5FFFF93FFFFFF20150000E8
:10367000F8037FCB9B4A4DE68A3CF262CB584C085C
:103680009C632DFB6C7F6EBE57A7BD7FB77F7F2AE3
:1036900081F3CC938FA617B3A155C1702724E5FE03
:1036A0008BD03AC028B62D292397D90381850E598E
:1036B00064833681AED37F97D12FCC19A75DAB7FC2
:1036C000A91C2DC7C251F5945E37E746286DFCFA58
:1036D0000481640D378767817FFE5D940C4D7E50B9
:1036E0000A2306B181F76831117F0E3C3B3F7A5DBA
:1036F00070A9EA639450CE8F49E37FB3C2380B259B
:10370000E7160000340B00003CE3FFFF4F1B0000F6
:1037100080200000CDFAFFFF97D9FFFF9C24000016
:10372000E4F6FFFFE7F5FFFF8003000053EDFFFF26
:103730001B16000082D2FFFF22E6FFFFEBD9FFFF3E
:103740006B45C32C4AD181C0FE9B098E63CF52F4D6
:103750006B2604E425AF6E47DA382DF05A857FDCFE
:10376000E8A4EF4B24197F1C9A6FAF5FEBC97185FA
:1037700042449056EFFAC160CD81BF671B7E7E94B4
:10378000D2560219D1E03456B66546AA3E72CB81B4
:103790003250C91E14D481EF1D6500959DB22B6671
:1037A00023090914A8F08CDE464AEE7F3202A6DB1C
:1037B000D177BDBBDC56BD1E3C0C077F235B921A44
:1037C0007FEF057777DAEB91AC4DDF1AB3C0AEF936
:1037D0009E0F56EEF12A7F47320BB43C0E6BE194FC
:1037E0004E18811230AC76A028857C7B16EC684997
:1037F000241014117F399EA64CA7DA083A7549B2F5
:10380000E91699C63001540DFFA0A5C2AF81DA3C7C
:103810003F341FC02D0B3181C53EBA231728FFDE70
:103820006431815F21CE83F00AF24297AA491C6A73
:1038300056A881880B79D393366FF15AE84DA96E5B
:10384000A7BD7FFC41156803348C204CE41EAD26D7
:1038500001D5C3E37FFCCFE266D004FCBE4F512309
:10386000C14677EA0DE77DAAC73C3181896EBB84EA
:103870002ACFBED4D8BE812223A9B8C75E20271D77
:1038800042C47F5247B5411042400C272CC7AA18AA
:1038900005247F3730D60D9E7D75971548CF74333C
:1038A00081CA2EEFC74B54393B6BA16FC623013A37
:1038B00018D9B6B00E37814DAFB71908F3C14357C9
:1038C0007F30B43015C3A6044BDE0BC2073E997A95
:1038D000C6A296E4AE03C5072F4B29DD1440AC7F8A
:1038E00086451F97F422230F4FA4A8B68124389948
:1038F000E4F6F187E02A42351E65A09DE50A813590
:103900003D5D7FE4D58E68C66303B55AF60DD82FAA
:1039100095958C8169FB3B2C8860B3233EAE344186
:10392000DB267628C19935BD1A65139D018DF77F79
:10393000E9E2CBE0E8169DB73FB0AB7F021D0BBFBD
:10394000FF100000C9E5FFFF2A020000B7000000D9
:103950004704000038080000420500001EFBFFFF7E
:1039600042FFFFFFAFFCFFFF11DFFFFFC5F4FFFFCA
:10397000051A0000D3F8FFFFCDFFFFFF10F7FFFF90
:103980004AECFFFF31F3FFFF7E13000075160000C5
:1039900022DAFFFFB9D4FFFF1EEBFFFFF810000093
:1039A000CBFAFFFF3008000098230000F40B000062
:1039B0008BE3FFFF4C0A000090F6FFFFD9190000CF
:1039C0002B683A2D812D172DF1EA31B3F3C2110086
:1039D000811DA90363EAFD6BDBA53581817FADF114
:1039E00061767081A73C2C00DDEBEE8667DAB7814B
:1039F0005008DC1E9698D94084763EDDF6D844E621
:103A000043EF7FE6F77F59817F817F3078B998B89F
:103A10006011363D29746F21057FE0D8DE58629E23
:103A2000DA7FB0A485E87F33641841818C137F1757
:103A30000E81DEFF0229601ED9BCD33E2F173FA6A0
:103A4000DD9CCE07BC9E291961F9E32200345B128C
:103A5000C40181B65AEBBD7F814CA76572411EE35C
:103A60005D47249800E6F99CFA1CFE3781E07E3120
:103A7000FABC573B70222C5CA84C810035517FDE8C
:103A80007F31CDAAAC46BE2ADC242F494B240482C8
:103A9000B8F8397F7766C540127BCC30BF2346EC3F
:103AA0007CE2ECE6C0C5FF5BC33447576181532F0E
:103AB0000698EEEE2F7F35E0D43E9BDE3837354951
:103AC000A4D0C43B5044284AB65A5CF64A17FA02BE
:103AD00092B3F41A7F607F0DF122EF25EF6F2C81F6
:103AE00081E6FFFFE6EEFFFFE2FEFFFF9E1400000F
:103AF00086250000C6F6FFFF91EFFFFF0FF7FFFFDF
:103B000070F9FFFFBB000000E4E8FFFF7D0200004A
:103B10003AF2FFFFD40C00002AECFFFF2E09000050
:103B20002D0F0000170F00002F0D000062F5FFFFA2
:103B30005DDFFFFF0BE9FFFFEAEFFFFFE6DEFFFFC0
:103B40006526000066E2FFFF281C000053FFFFFF10
:103B500053FEFFFF32DDFFFFACE1FFFFE214000088
:103B6000292E8153CF5E8F040EDBA8FBBBCCD90A74
:103B7000BBBE6B3E96C037E2C41E40B9B7DE861CA2
:103B8000E2F0BD9DED3AF27F326E38BADFB84532D1
:103B9000A79BB7A4B81708E0DB3B9A47E2BBE53622
:103BA00073A82A9497565DA0339A33B65723CE9ABA
:103BB00060E9840C815A4BF91B73955AA99684D2FB
:103BC0004CC3A4F46CA2224D32E1022C48E8510E01
:103BD000F166CD351C09CC78B64A6943811AFD4D92
:103BE000043488EA090BAA71093AE1AC72BCC787B0
:103BF0009DB7FA6B5875F67F5B40EA2B463ED51CA5
:103C0000F2A3F83D3A6BFA472A3232DAAFC2E94EF4
:103C10008BB2120DEDB1FAEC08996BAEF081DFB307
:103C2000B639DBF119004D4B09182F4F3F0D7F5A64
:103C300024A700E2A16AF160928894D66A115276B4
:103C40009DD40C11C4B9EA9BF7931163AE3BA9E76D
:103C50002212810A602CCEA05B0ED0DF041CD4E8B7
:103C60009F24B9C63ECE9F85C46BF34AC83DBAF3C4
:103C7000DE14811224FED51EB9D390DDE6DD620A82
:103C8000C204FCB8701B6471D9C35B37CF0DE44725
:103C90007FC8DBD38FFAB0CB6A73DDE05057EDB14C
:103CA000CCF9A5AD6BBEAE114C72EFCFCA214B99CA
:103CB000BB100DDE1A1B251FD1C8A5507FAA437962
:103CC0006AF2E609F345EF1C4BE6643EE7A5EA51CC
:103CD000CA4281B6C82DC9E4511A4C6A172C17F78D
:103CE0002DA043F71FCAEC49484B38F1363EEDB2E0
:103CF000B71E21E4CD2A51267F91B3E9329623A93C
:103D0000AAD32258B822AE498BD8E48A5F71B02773
:103D100081A182D32F6BB61A30918D757E4A0FE444
:103D2000ACB044FF033B50F21A1B17E9DDFB5238DD
:103D30007F49E75AB2F69F3400043311A8F5AFB1BA
:103D40002F02CF686CB62159438AA02AC755679CB9
:103D5000A345E9B86F8F2F6A1C516C7F32AAD11A24
:103D60000AE6ACF6E0B8D2C94B7B8E1A85540F52E6
:103D70000BC08AD1E7A12748E81C5858AA98EE7FC3
:103D8000F24BAAA74E2A749FC79FF9A30F2C26B502
:103D90002D97B84FC73EE2508AAFB30814F0810C9C
:103DA000765899490412550BA9C9F1D59F5F97D34D
:103DB000B31BEAB0FB45B0D934206343405A81F3CA
:103DC000F433E9A3EAC2CE540BC8C4E77FF8BDE4DC
:103DD000382547BE1B0BE443AA65D73834F72DF6C8
:103DE0008A9455747F09C41FE12BFC68EAA834E06B
:103DF0000CA41236513CBE530C6D6F1B5E317B4BD5
:103E000002B49A60E237DDE70B7AC4FEF636EFCCF7
:103E1000AD34F51BF4CFE8F826A981C8601A442513
:103E20004FF85745BF1B7B54819E2836ED7117090B
:103E3000E6B3CE9FBF38790D6F9EF568AE9C00C586
:103E4000E021E628BDACC920D8ABF908BEA8EC2E0D
:103E500016508121E70845A4601B072C161CC9DBFE
:103E6000DAC42A6AD20A5C7F50004F0595A1BC5281
:103E7000E9484E38E91AB88AF2C508D55429CBD496
:103E80000539365D2126F3191C1FB753B011F8957B
:103E900039146E2746CDBC2EAFAA4E3900497FADEE
:103EA000B13B61BAAB8108AFA7F95E621AA5DC1B12
:103EB00020F23231093134284BA8B9452DD3D8DE50
:103EC0009082066191535D9330F0CC21DDF9636EF1
:103ED0006FF42AA4ECE66C8C7F1D085B3013DDFACE
:103EE000799B4C6FC658AEC3CB35DEE33AA7A757D4
:103EF00062ABEF2EDB8136B0FD2F6DE3A9A16DF92A
:103F0000BB267F0BEEFE4A2690853646301BAF550A
:103F10007F5189FD39DCF1D5EEC2334ACBAA9EBF71
:103F20007621EA7D9BE2818164BA9F40E6E691C8F2
:103F30006F426F18212ECF88ECC72DB5F8C8BFD5BA
:103F4000EF285A2BDAD332DFA2C6F410B2EDC22C1E
:103F5000B34ADD6DA2CE81F56A25611DF5FAE04C0C
:103F60003D380000211F0000921B000067D9FFFFB1
:103F70005AE9FFFF3C1F000046DFFFFF922C0000C4
:103F8000A52F00002CECFFFF920200007CE8FFFF51
:103F9000C2F9FFFF571E00002EF6FFFFC4DAFFFF35
:103FA000F40E0000DF2900009D03000031FEFFFF3A
:103FB000E0C2FFFFC212000044F9FFFF981A0000A0
:103FC00066FFFFFF00DAFFFFDC0500008BE9FFFF63
:103FD000B6010000480A0000CF1E00008909000059
:103FE00098837F1B6E2800237F1BB0E614EB91376C
:103FF000189B1640EB81970B100E36A87F3C89B8B2
:10400000A681DD7C7FBF1243673F36C8EA23FED915
:1040100033027FEA22BCC39D9E2C7F16326CB6BA57
:10402000139052FA379C051E34894A5922B2EF097F
:10403000BD2597810AC79EC996A11564B27F36D364
:104040008F1BC1736C19AF7FEA4399A6811D6CF871
:10405000408106F27F0995A875A27B8CC8C527A56B
:1040600081FE277D36C1A54D0B7F4931E84F3CC00D
:1040700001BE9B676872788EC281ED7FA2D8C48131
:10408000CF25E914D539081F62BD58049FD02718E1
:1040900099EFB44DF52A6A8107E26625C3570430CB
:1040A000BEA7EF7F402A8121C6D3811FA5664B8E14
:1040B000D1FB3617561381415398F331BFB18104B8
:1040C000BD87B0305E7F1B48A314D7A0387F5D1B2F
:1040D000810F2BFB786353AEDEEB17B0FE45009DDE
:1040E0008D8DFCC36D6FE639FF6D337FD0957F8179
:1040F00044152232B97E28C68127FFECEA8DEAC337
:104100005E3B00007A28000046FEFFFF69D8FFFFF3
:1041100011CEFFFF5EFAFFFF0010000019E2FFFF63
:104120004AEEFFFFE0F3FFFF01FFFFFFD6FCFFFFBA
:104130002415000042F7FFFF36E9FFFF380B0000AF
:1041400088040000ED1300009AFAFFFF02F5FFFF5C
:10415000C0E7FFFF12FCFFFF93100000E62A0000FB
:104160007A0A0000BB1C000032E1FFFFDFFDFFFF09
:10417000C40800006FF7FFFF0E1000007824000055
:10418000EF5793F4137FFCF952D8695EA31434C23D
:104190009CB5B163F2512F56D5E4CD70E75553CCA1
:1041A00083E1100246E9D28C532F7F042D4A00E4AC
:1041B000C5CD42CAA8CF383C912A0F221FB317564B
:1041C000A23EDE44E5E543C6FD4DB4EF502E0E475A
:1041D000D3D8E129FEBE147F30F6BECF4F44C105CF
:1041E0006CBBF61AC8F3ECC27F96FD1049F2D1629F
:1041F00041E751F54E9E5910026AEA561534613C6A
:104200006FA6A046C45BC72DD38F84AE10CB12B36C
:104210002C55410ED9C33F00374C238BB3DB81D9DA
:104220009BA61D7FA85115B4BF1AE70ADE28B0115E
:10423000FBCBB7A355FC19E2C5BEC15828961BFDA0
:104240005EAE5F28C6CE0AFAE0AD06CABF91A2EE06
:104250003458FEFA5F4D31288A52BD7F6854A62F2C
:104260001B40DF9B302F32E00795981E5281AC38FF
:10427000BEEC4052D7B90FF6B71ADD68D54E692F9C
:104280001D1BCB82614413F02B7FA8423DDDCCA4E3
:1042900038C1114E90112A1DA0C24774A6F7B1B9BA
:1042A0001EA77F42605F12D30E03DCA8D5242066D0
:1042B000F93413C0FCB5B7AED5ACC45BE750129E61
:1042C0006138A03368E732A35B7AACD0B8FCFD1844
:1042D00049BA656C949F7F56CF4D0DABE5E789A930
:1042E00081ED5358AE2524F7E4FD5CE8B3F713E6FF
:1042F000F5A7BF42FB7629E74146A4CAD32EA19B6E
:10430000CCC68CCA7FB1B7D16DA7418CB9CD9F36D1
:10431000AEC2516FB413DAC051DFF05C2B075D3EC3
:10432000810723CB2E3F2F9AE09A3AC6F916DAC2BC
:104330004A39A7C9F21CAA6C1841A71132BA3741F1
:104340000417449842FBA87F6DB94007F692A2A3D8
:10435000B303E307C2E0ECB83A0FFB6420ABD5E34C
:104360002707D531DCD2AA8104FB1CFC1BFB1CC136
:10437000BF0FDBCCE473ED45E9DEDC16A928FED9DE
:104380000515F5C3F426B47FC3B525D8645CA10830
:10439000B52FE5D5B7F2FAFB1AF8D247141E9E01E5
:1043A000ABEF36D3BB6D3E43A5E9594DCCF76AEC74
:1043B0001646AA4DDE6DD38B3E815B760E59E844DE
:1043C000444537B5DDE12C35C7F19823AE7F9EBA61
:1043D000F9B0FEE8E1C8AD43C21A32AE41C6C757D4
:1043E000E6110752A4A1E99835E7C01F3681753957
:1043F0001F572036BCB3EF8E3B64B45CD2DFB6F5FA
:104400008F7A5F470EE36806ADE348F6D6B9B90484
:10441000A55660CB813CA1B3F6C26E36F03CC01EFF
:10442000BCF79BE01F3296DF1434A7DBC7AEC8EDA4
:10443000AA70379724607F0A4AD415135940F5B201
:1044400001D3290194A81B014BE0A9CA1D3DCF1738
:1044500057F454B68B984E9AC63E58D560819C3D11
:10446000EECD65FDD67F5A78AE1B6926B2A7DEF287
:10447000D1C8E4A7FBC77865964949F05729F94B9D
:10448000DFEF34DE0D2634F9E2797921FFFC1826BE
:10449000877FA597DABF9EC3E06270DDD413A4BF07
:1044A000CD13B2F6E604D71B7FE31FFE3EFECEBD62
:1044B000F2534D2F1B1348C5CA0152EB3BDEE7E414
:1044C000746A5729F549E742E0302FF5D73CBA30F6
:1044D0007FC92F34112F85FE34EE6138F2A81522E2
:1044E00048E03B0908A4D72CD2DAFBBFE57FF23DB8
:1044F00011259B0A73D1EC59F283E717DDC99F3D63
:10450000CEAB1FDECCE6FF9681ABCDB969F5DFF906
:10451000C43BFE636348A53C5329EB03D2D0944AC5
:10452000C80C428495DEAB6D33F1B5A4B634DCBB68
:10453000C737D2272C81D9E10CBA423AC237C6BF5D
:10454000A903B3335C4E4FF107FE9FB820B6B816EF
:104550004908120B4F7F4AFFFB94D02D3E7024EA8E
:1045600051FBB50FE7FC4B7FE13D2658C744C5D052
:1045700019D42BD2F94502A0DC0FD829FFE6F0D1DF
:104580001541C96500FC04AC9A28E21224ABCFB2F5
:10459000A906B794AF4981D6A3F51890E3702F64AC
:1045A0007FBBF70E4FA520662E5ED700E8D6C6D695
:1045B00051202F85B82EB48E3EBF4B0F6426225E4D
:1045C000331D3BB6F613E381F0B6D98FDFFD5E9D58
:1045D000AE26EA0B6C85BE4E602D88ABBE9CDDA27C
:1045E000D745CDF1E4550E2200BBE70138C27FF973
:1045F00033C9DCFF272E44DEAD2D4210C4170AD785
:1046000058CCBF3718EF48D5071925DC8192D32A3B
:10461000F32DBF92F7C1EF8A0A02C8E9B53011281D
:104620001D6C2095B04D15AF421638E0E0E37FE5F4
:10463000985E3DAB2AB907050154381C2F3F1E84F4
:10464000B5A4934C310DB416E09FAB0D77B661D78E
:10465000ACC5813C3FAD48518C4ED5666015E7EB4B
:10466000BD2B9CD6AAFF3203C136EC0FD3A6C9E6F8
:10467000D4C10410954C3BCC24C50AEB028144F212
:104680000EAE0EF453D60B64598CFE18415031B85F
:10469000FB341D3450F1B92DE07F5BA8EEBB089CC4
:1046A0005D4448CF1CFE5714AEF6AB57BE6681FB87
:1046B000F5FFFADDFCC229854503C83DF3B2D8DF1A
:1046C000CF729A7F34E742B864B566F99D1E4E09F1
:1046D0007C6DD5CD6F394BDD922592842B3AD42D4C
:1046E00075275EE0BB7F5626E664F3100AE1B90742
:1046F000DBE2186CA132CED42C48ABF22C10E7666A
:10470000026F0759245EC3308148272DE0E59C43A2
:1047100002C2F20A4B2DBCCCA77A1E55077652BDB9
:10472000DD103E7389DBCCE4814783546695C385F5
:10473000ADFB7AA311476D551B9213CC7F471E49E1
:104740001031FA49C407D381C2A9DE970F36AA2BCC
:10475000E244FB43BF06DF16C9A6B9A366A8B3505F
:10476000492DFC3BF4404312A0B68113EBE1EC0D64
:10477000AAF9F6B8B5B91C47CFF6ACCE2C092191F1
:10478000C25E1CE27FAEDE623C95629012DD04C028
:1047900090E1C9022EBA03C1E9E6AAC57C014BAD7E
:1047A0002EDBC73910A3AA6606FBF9CCAC4975C24B
:1047B0004944D0DFF0566ACCD87F1BF2F44119FD92
:1047C000B67F4CB63BBC01A057D10BBDA70FAF20A5
:1047D0005A4EEEB6D8239E18B3374D151AD84988CD
:1047E000C00DD4A29808272A1BAE7FF8196DD7BE3A
:1047F000B242E42B0F6C5B876C4B992A238D2A0EF7
:104800001C01BF06112400EB1ADBD04325147F5D89
:1048100012BC04F235F82DF3C94A53D0FE97178E17
:10482000702E478B5CFA2FF86A932511A6DDBBEC3E
:10483000107FF23763DB680637D89C10BCC92E2D79
:10484000BA0D815B5C6DF6286E79654C9DD91E3082
:10485000C5C4B4C904391AC920D8051E0789D9E3CB
:10486000613C13AFAE5D343DBAB7ECE1CDCF90A65D
:10487000D1EDFBF509B42D819608390437CB3753B8
:1048800060474116FDB0C97FCDEF442DB44CD457DD
:10489000166CB7E5A34B27B119F8F0004FCDAB0666
:1048A000338160E80E26DF06CD75F10BC197482AEB
:1048B000C493899AE7F94939645E0F3A735142AD5E
:1048C000CA4B117D284DBC2AADA53B0CE193834812
:1048D000A1C6D346F67FC4C1EBC2BCB6E21A2D9B7B
:1048E000DDE4CE101FA56863F33A1CA054BA9763A9
:1048F000A4547DE864290CB3B7D20CA02E81F5C076
:10490000F3B4C2035A548E5F3348EC38ED7AAD33BA
:10491000FD7FCF6A0FE6BB7F58C79FAE25A5124B20
:1049200084DB11E90F0E3CAA1F0B2F061F4E4B1BF9
:1049300045ADFB24387FF8DDC6BCD3F6FA00155030
:1049400060FBD04F5F29E8F16E8EB61BFA982C738E
:104950009D227F4F3747C92AD4A9D7376446091407
:10496000294BEE79522EFD1F0CD4D028A7184553A1
:10497000B0554440078D6153321FBCEE7F8A28DF5B
:1049800002E4FFFF7F0C00007EF5FFFFA1BEFFFFEA
:104990009F200000343700006FEBFFFF710600001E
:1049A000EC120000000A0000ADFCFFFF66260000CC
:1049B000FD2C000082180000B7260000B628000079
:1049C000061A00002DDFFFFFF61D0000061C000088
:1049D000180F0000771000006026000076D5FFFF5A
:1049E00050110000D3F2FFFFFDB3FFFF7EFDFFFF7C
:1049F000C42700004F420000D5E2FFFF06FBFFFF87
:104A00004A31000093E6FFFF214B00007EEEFFFFDE
:104A1000C03100000BF0FFFF930F0000C146000003
:104A200014D7FFFFDA16000011D5FFFF41D7FFFFB3
:104A30006CD3FFFFA3FAFFFFFE370000E72400005E
:104A40001A1E000035D4FFFF071C00007B09000080
:104A500057EFFFFF40E6FFFF84F7FFFF442700000A
:104A6000F0E0FFFF56F0FFFF3D280000EE090000D8
:104A70000FDBFFFFF40300000FC5FFFF19BDFFFFB1
:104A800094A2819881BC34BCE20346A3F73EC330B4
:104A900067F6077F8176FBACCD7FDA7FA657AEDB6A
:104AA000C4B9F43E25945FA61D8F7F5DD08D2B5B2E
:104AB000220AEBE11AB5D47F51CD43988140F7BD6E
:104AC00081BD1ABA1881B9441FCAB6814E17F0DDEC
:104AD000E4181276FC55FE51291418124C628163B9
:104AE000813173810B417F197F3F4AE31910E37FC6
:104AF000069A1A7F0100EFB3758143D51D4A5CC049
:104B00002F52DC1482AC75C2EEEEE9D2BF6B1901F4
:104B1000BB4D3EF51C58B1EB5FD25E184EF90957FC
:104B200027C13A1EC182CF08777F228AA0FC6D1868
:104B3000818AC22690034219AC9CB003B6E597DA8D
:104B4000614BB4262B395767FE5D0EA0140F174535
:104B5000949B81BEE381E10D5E5C00CAA1086A7F7F
:104B6000FBF121B1F00733F67BAAD57BDCF6574C7D
:104B7000E37FF11E4F7F073109377381207FFF24C8
:104B8000E27F240CE8D3EAA9E4BFE521D881626979
:104B900086DA84C1E23FC5009A23812681D87D59F7
:104BA0006A2B81B70A7FB218A807057F1E7F2C04E5
:104BB000C0E916155F2F2E42B7C0E5812D6A81D955
:104BC000296E1BADE468C9A07FEBCA6C18A62B7FC9
:104BD000001BF930A4B9F97F0D31DDEDA5813C232F
:104BE000C850CFED0EA8A829A2571D5FCA747F1820
:104BF000D04367BC810C5C8B54AF7F20347E2CE6A5
:104C000061845481296C7FC4F8C5A1132C0593F8E5
:104C1000D3CD62C029147FD19621333BBD47B50760
:104C20000581888E33521DC30223AADA494705A5A0
:104C3000B1EB0B8DD0F37F5F812F14AD481CD33FB8
:104C4000BB5F4DEDE12A33AA132A435D817B7FE2EE
:104C5000E5817E1CFA51494B81E6D5CFC1186E0320
:104C6000609E870656629CE4BB02A8261A05DAF805
:104C70000C3381B29EC9AAC5B96BF48A4484B5D1FC
:104C800053D0FDF3305B5081C6818148AF5BEC00AF
:104C90008149E41AE5990FFB9C0E95B1EFC316BC50
:104CA000B6B7B3BB7FD22681F3E6FFCD81EC45409A
:104CB00047D8ECA3B4B4232B41591EF5191D167F18
:104CC000250300001EEFFFFFF6F9FFFF6813000049
:104CD000530E0000C0030000BEE8FFFF09210000E2
:104CE00081FCFFFF1F110000F31800003F0D0000C2
:104CF000330D0000A0F9FFFF96F0FFFFCDE1FFFFAD
:104D0000B22B0000BF130000FD020000B7F8FFFF48
:104D1000EC12000044EEFFFF76FEFFFFE0F4FFFF21
:104D200020170000EBE4FFFFA715000009F8FFFFC4
:104D3000FD27000011FCFFFFB6F1FFFF0CDAFFFFBB
:104D4000B703000073130000691B00001323000069
:104D50005BE9FFFF83FAFFFF8BFEFFFFCA0A00003B
:104D600025F4FFFF43F4FFFFAEF5FFFF7FE6FFFFF3
:104D70006409000079E8FFFFB8DEFFFFC7E9FFFF25
:104D8000E6130000A907000065020000070200000A
:104D90001F0A000085020000D3EDFFFFB5F6FFFFFC
:104DA0002FFFFFFF55050000FDE6FFFFAB2E0000C3
:104DB000D0FBFFFFFFD3FFFF3A110000D108000036
:104DC000287FDF231D70B25AD226D8E3C3AB5B35F0
:104DD000BFDAAA4F11EED2AEA092BEADD75069167F
:104DE0006BF8B7F327824242BF1834D1E6ADD9C879
:104DF000C4155F4C04B7B6AC2F4937F32307C2E79D
:104E0000FF4613902A6B18251C1BCC0A038E2E100C
:104E1000091BDBF1B84019E26AC760B8D666EB52ED
:104E2000BF6D1206692343F23EED254A08FF5FBAC3
:104E3000812AB4A6541754626C34CF657BACB1D8C8
:104E4000F444FC9D6D263C63E2AE387A6AA2F34FCF
:104E500037D19458EFF11E59C43BB46716231FD9BC
:104E6000F04F7B71BC4E5EADDC047DF64EBB69F845
:104E7000ED4044A05D8D7F24A505C56BD73524E4A6
:104E800090132319AC976DEE0A8E868CF9F1080504
:104E900059F8710056B02E0B5D0132E764BBF7275D
:104EA000C79FF993F67F0D0327A9B4CC4E97AD6148
:104EB0002C6E099BA10861132E40CA4DB809B96E2A
:104EC000E2B671A8665209D16101BF1FF1E9A5C818
:104ED000FCCC5910DFEBE527C1B0CF42FFF0748561
:104EE0005ED43B8D129F2312B3C9CB294A60FC5379
:104EF00052A72E81419039D0573DABE406FD54F9BD
:104F0000B6ED08F5D36934F7A7A7D389F7D634EF00
:104F1000317FD9655A27E558E4920DFFA34DCF4163
:104F20008368CD04ACEE22EFFCB7E0BB82B7F2554C
:104F300039B7ED0784575F8404222BCD585B59267F
:104F4000F0BE371CF706C6A52220FCDB18F66B3A2C
:104F5000C83F51F43831A4FB5063581F3E4A042126
:104F6000D998D5E77FC3C6131ABDD329F3B558DE48
:104F70003D60DDE401B0C419E39DE35829D73C54FA
:104F80004A5C6DA3F45DD8A0C2AC3500BB0E866E42
:104F90006AEEEBD8ABDCAE1CFFEFB3E6CFC445A1A5
:104FA000C2A0C5BC28B3A7FA0401318141145AEE4E
:104FB000C047075819CEFF222123564B163709C781
:104FC000C91C58C3FE612C300AEE3794222148E2F6
:104FD00053E456158EC9E10F76BF4254C4DF16BDA7
:104FE0008ED8AB7F45E78AB9D69414BB59F1981B8C
:104FF000F262A9AEDD5E729B09E6D1F7D6795D1C3F
:105000003F330B1BF2005CE846922AC39C2A9AD3DA
:1050100023A6B4C04E3642C3424453C6375F644BE6
:10502000190368F2B33BBAF60694FD32627FBBDE29
:1050300042F052473FFCA74A4FCA001CA0F0CB1BCE
:10504000BA2F132D0B64224F2632C8309836D16FF9
:105050003D613F3D6641EC300CAEF245C75866E617
:1050600063F0E90E3081D656EFC6D2D9021C4A0849
:10507000D53536D3D132CF89DBD54ED02A6BB4604B
:1050800088D33FC85A2D6D91C81978B746E6D51C0C
:10509000494528239E4EFDC3332118257FEC0D641E
:1050A000E80ED69FF6CDFEC1372A23A25686E5B676
:1050B000F814BD1FF74B1B24E73F5B5B9098592901
:1050C000C53B860218C74670890DBCD0054601D085
:1050D0000C535BAFAFC64637EA60B0541FC1854979
:1050E000815D3022E6BA9A590C3FAC442533A207C1
:1050F00015D6C5570119043134E3191B0A5C24B3D2
:105100000D246A504ECED6E7A03AB40551CE57666C
:10511000BEAC6950164EE4B2F565E63B04303DA1E5
:1051200024EE9605B11F5D045AB2FBFEA101148165
:1051300087649F3BE641FE0AB41B159CF764376504
:10514000C69B7FBF4841FAF235F4D0D49ED2DEA48C
:105150005943AAAA511C633FF4F74C2D1EE0265870
:10516000D54C5F1D181009EF0C21BF540CD063EB18
:105170009C3DAD0F45332CC0E11C833997C91025E8
:1051800002D6312C919B21DB2F4A95A2E351814914
:10519000B10164FDCBF8B18EE3A06128DC3BD2D530
:1051A000E1FFE306ECAAE147A532019F88AF43582F
:1051B000514AFE3D36D057161AB2AA4F11B6E72112
:1051C000A81C1E066A62BF6A1EBB1C175436F32059
:1051D00068FA0404123B4503C9EC730FB3C247E3FA
:1051E0003C50883A3F34AEFB9E4CC05E5AFFB671CD
:1051F00048ABEDA52F4C8DC0211A7FA1D05789AAAD
:1052000048A1D921C3C4694652489A8799EAC70977
:105210000516A0E3C10D719A5A25F1C6644D6D02C1
:1052200012ACDA7C09B58824D62DD04DED26F8B61F
:10523000D7BCA47FEA347FEB3E46B847E76669DB1C
:1052400061C27189851EF73E32B32C924D04A4D8F9
:10525000AE4EC950F1CDD9A694D5CEE603F50A2FAE
:10526000F8D02EDF3398A5FDDB33BDCC457EEB9522
:10527000D127427FFDD5835D9D4381EDDFDD2FA0EA
:105280001416B2A9C35AC94AC5CA18E1E70BF2A558
:105290009EFF6AC4B39D2DB3C18D43D03BC224434E
:1052A000A7ADC8FB0AF817062738C82E14071A81BD
:1052B0006E28C436D8E2D340516FE358343BD87AD5
:1052C000B8A6F45156E9E6AF45B462D813D7BCB6D8
:1052D000B520D4CE3823A2132DCEB74C1EABE8C4D4
:1052E000FFCCBB6D7F0D0757B64E94F4FA4C41923C
:1052F000E5F33789A13087614F4C133409B315FDAD
:105300002B1D58728810D0CA068F67C8B3EB623C59
:10531000CA00A61A1A1036E20FA65901DD39810219
:10532000B7A3B948064E27C5A0A1269812A43C50A1
:10533000640DBB99292CAF2DB9942DADBC7DD650F1
:10534000E9255CEEC16A4AAADBB1D12A45B2FB214C
:105350004D12C3FBF6FB8DC62E2FC03F489B9F19F5
:105360001B292FEBA34733E5CDE91DB2EF02EF1A5E
:10537000D9444D2773F26F33C50C4A46CF7F0210D4
:10538000CCDA24281BDCEB35F84FDBE13BD33E15B0
:10539000373D0FB5AE23A9AE0321B8BE81E3D3EDEF
:1053A000DCCBE8C6C4F0C7BB0B11CD45C8F1C6A61F
:1053B000C313F424ED242503B92B07E4431FD1368E
:1053C000B4414468C24B0DD1B4EA9627952623E92F
:1053D000CAF5ADC3EDE657090247BC7322A1D4E478
:1053E000ED3AEFE68155465EE8C2FBF90BF96A2714
:1053F0009C4ACDA91F52C1C3F7D73B5EEB06183EAE
:10540000F56B0C28F7DC4C31E694C9D2321FB9D7C2
:10541000DB16E1B20B19D5F7D2BC72D4DB07DD0085
:10542000C4E500DBF96D16AFCDEF0BAF20D63BF333
:10543000C7283236AF7F1AE3F13F46875F53A60293
:10544000E3810D44EF4E23F63FED3DFA05E45CEEBB
:10545000BC0AECE115CFD255E7C10B9AF4CC963ECD
:105460001FE6351F108E02DFAA3190EF3AB61D1FDE
:1054700008FAFBB9A1CABA07E8FA39FCA9C2FF3C8D
:10548000E502BADBB78FB116399D27D7E065D6C8DC
:10549000AA4ECC54C71AD937C6A6EF83ECD3B79718
:1054A000F49B3FAD9F2C4A2157B729F9F045C8B46A
:1054B000C6472733E497248189D8BC4FAD4C5DE8BB
:1054C0009DB36F4B52EA0F830A9CFFD9A6C5C4AAAD
:1054D000C33E18B64426BD294B16D84EA5D09C8194
:1054E00093F390FFEFC9041ED389F3E3246B8DBAC5
:1054F000B47B21A2A12C0301F4274B4E210D54E7CC
:105500002D0C2AF2C4FADEC424F4A8EA3C48240094
:10551000384CE4D2A898BEF73A41130804D743EDBB
:10552000FB7FDBC6275821DC311B14AD481DEB196E
:105530001A16FF1B643EE3F43C37F9AACC41F596FA
:10554000555E5C18D7A8FE18FD359FC69DB46E81C8
:105550006FC1BA2834DC14E600DB12E06215FCDC13
:10556000DC1E56643730CB269ACFC126AFE69F0D9E
:105570000F4B0E3692ECEBD4E51418C99734C5C323
:10558000C6671DB5C1DA81DF54A735DDA1FE5643DC
:10559000E722190557463F362F331F4C924C9AF499
:1055A000E25F97DCA88F1414370533ECDACDA758E7
:1055B0002640ABD4AEA350310DF5060650B0E1F055
:1055C000C3E422591AA44C1716B021B531DAFE18DB
:1055D0003E88F5669A52D424AE0B17B0FFEEECFF6E
:1055E00027C6303A7B10DBF636A2FD432FB71E23C9
:1055F000EE8A1AABD6FED30B17AF5FE7F86E7FFCCF
:10560000B8BD570D504EF403CA193A4C35680DDC3D
:10561000C6932FEC3C20E9D54D5AF43312213C3D82
:105620005F6FE7EA816AE546F95345ABFF156AE922
:10563000C8D048F37A44F2B158FCF4D987E8E513AE
:10564000A8F406ADA998A0F384A48F440A6424A307
:10565000FA335ED72F05BC291D2498EE273B1DA2E7
:105660006109312E4B72B19E723BDB994E651AE493
:10567000641306292081517637B01632FFF5F3F70F
:10568000B6FAFCD4C240DDD2AC5642F6FAA2E61815
:105690009C602D2C872A21E0C010D9DDE52D263F06
:1056A000B509BE4CD0F54C9E92D94D27B5E330B329
:1056B000E34D088134A5F5C0554B126B26EE086802
:1056C000A6EFF99864DAD5D94528B4AA08D5F4D15B
:1056D000D62947C55A5ACC1C92ED02B827811B2403
:1056E000DA02D127563F8E24EABCE65E37A3830D4B
:1056F000D863BDBAF8ED10F00A1E22522ED35BBA61
:10570000B4DFAF234ACEE334AF3842BA4B1B0502B5
:10571000F6251816D984DFE9B2EDA8FBE6A40B8EB6
:10572000A659EB8AE34FCC9AD35C6ACB6AA043813B
:105730006DEAED1EF92F4E3FF20702C988A51759F1
:105740002F2FBAC288BBE5DD0D31468A98131A4661
:1057500093BA8AEFFA34D8E377E33BD24B5DCE209D
:10576000CA58456A515CCF44730A7F6504AF9D0FE8
:10577000293610A608EE46DAA9749EAC8A416E61FD
:105780003FB55D11A9C1956976D3D0C81BD0A8914A
:1057900036C6EB1639D5C9FB31BCB60EE71BAB4795
:1057A000B55D7C37EA86F7D0DA9C735481D5ED1766
:1057B000401938CB07FBC8F92C971D46BB1CD654A3
:1057C00061FECB3F043304EB269639493F55D07E2A
:1057D000AFDE5ED5BFDCBF3C2825FFEA073A62E9B1
:1057E00029FA3B3F4D0E0621C39810C6374D67205E
:1057F000F4C4108C3D88B6983C81533E4537104C1C
:105800002D9827BF492ACF15FF13D5F3B7E33716D5
:105810004CEC2B81BE15492C0112D525D62A04ED5E
:10582000B9A4BD5D3AD73AB60341CBE5F23EA83BF9
:1058300015973294274CC02F6098D254F4E3CD03CF
:105840003132C1F713F64B36EF280FF3E4123AE684
:10585000634848A738C3E9A040CFF042EBDC631AA5
:10586000EF3DADA8C77FC1B4AFF54230F300F5F509
:10587000011FC0030D224BAFE905E43653F547E2A3
:10588000391EFBDFC349255D25EF8CDC21C53A7F3E
:10589000F88FE3D629D832C3D7AAAA2C9C8AD1DAAA
:1058A000F7DD51E4C74962AE709EAC27BA582D6A45
:1058B00056B4E916FBC8A9FCE88A4E1A3864586C3D
:1058C000C86F65B7BF43E8971805A7C91275BBB77E
:1058D0000B63BF21B6B08B1825CE112903520FEEF2
:1058E0008A097113DAA039D64000DC1170D053391F
:1058F000DF39D5C9D0BA7F75A0AA3C3091DA4F5AAA
:10590000E6BD2A20C09AA299065F0CD70FB67D1576
:105910000EB1E3F717F4D3AEA881CDB147D4CC7460
:1059200062923B32BC70F0DAC5BFB6BC180125BB31
:1059300017E5FECFB158B371921619BC57D5FE3E8C
:10594000E11315C1B93FDA62A8B4FF6EABBFE65AE6
:105950001737B86B9ADE4015AA7D84C1293BF83D04
:105960002E60C7A5CDA4EFE5744EE5F36CFB25BB17
:105970004F3B2C240066A4E15607F8377FAB3F6805
:1059800078F7FA676798ACE2EB54E88B3F010E7545
:105990000FC097EAA22D04EA4487476217567FBDDD
:1059A000E0D113638806330958DCE58BCB706E4079
:1059B00001C641512655D612E89DCDBAE1AD5656E5
:1059C00093E68E341561062A48F854922C603A14F6
:1059D000401F23C3DE06CFD8382B8DE6C7B895D934
:1059E000DF3E1159DF633BF838A51B4EEC13C8C7E7
:1059F000B72230FFBD16D4D7D24E81FC0FF21690DD
:105A0000A0D7B1C1C186FDD7EBE788C5610ED3A78A
:105A10000940E69FC73911EA3BDFB019BB683CABD0
:105A20004CCEBE20F2E461B6B07307242EEAD9282A
:105A3000F1A506ABE7E14EBBF7D5C2CA58810E3FD0
:105A400002B655A6CDF32B2BEC6ABBA8DFDEEB2C00
:105A5000BC0CD3E7E9A9C2A7273C819DB9B60CC409
:105A600003AC4E4EE4B92DFFE4D3132DBD26E24422
:105A7000C9DD34EC5EF761F309EF58FB024107C161
:105A80002BE40962E9F7C362FDD91AC14CEC6EE65A
:105A9000F6D60712D8FD8EC58A439D064BB724B8AB
:105AA0001B000D82A907CA258B351EFB2314E0F0CD
:105AB000D22A3E43C37F54671F559DED03215DF6F7
:105AC0001D55E0A33F5B0C4CE20C336632A3115C26
:105AD000576FE613885E506A7F916E97C1FA6EA089
:105AE0000A23DB74B001ECD06B8BA2046E49E8F89A
:105AF000E04FA5E3C46DA4C49CA23050055C4C9358
:105B00004BAB0362D87F35D6C4AE0D6B42FEB7B245
:105B1000591F3F5B1604F2F1F9646663DB025BA771
:105B2000D6F45EE8D747C7E43FF32006157FDFCD04
:105B300033A53048FE9B9E8AFCE340E9D0C83A2951
:105B4000D6F2BECFA5EB415BA29B584C17A51A74A9
:105B5000FEA91927E5414FDB4DA463AFB022B61271
:105B6000C51C5B15CABC4B53ABFEFC1F5E18206AFC
:105B7000F08142243796FEDEC95845BB48E2AC00AE
:105B8000451A42533F2064E43EE3BEF11F51A5CDC8
:105B9000E5CB0499C4FA4AC91B67B9106B14F64DDA
:105BA00061F24E8659EE81DC17F4AE204418884C21
:105BB0002645A6B54CE9A367CF65EC84A70F556EC3
:105BC0001BC7AF2B2250BF10330C172B4CB9CDABDA
:105BD000C022B5C0ADFCE3C8D5C5F91E145BA17FDA
:105BE000A01CCBDCE10E44F024CE27D6DBB9C8677D
:105BF0001323DF2B0926A865D4F33CAB4DCEF1C8A7
:105C00003519F2D16178C71759F9A936359CC23ECA
:105C1000BFE05791EFDBA42B9D8E375175FB2C0C09
:105C2000774E7F52C2C9B348185451B8B839B1D36E
:105C30003F9AC648BFBC89C064D14C01E0080F43FD
:105C4000F8661972F542EA1DC0DAC12A13D381D66B
:105C50005143C731ADB4012F6F0FD38AE6AEF6C8FA
:105C60001D9542CB431A0B2A173DA298AA555A37C5
:105C70002F954C0FF193480F9B9A2364605347185C
:105C800057184238D995FB08E59CBD11E4C6EDD5FF
:105C9000F514ABC54B9EFDD8C86EAC9C5A6D3C0C40
:105CA00023149D3BE66BCB353371A34EF7D5B64D30
:105CB0003A9E360AC381CD2A265F8B57EC8C594514
:105CC000FDA9CD5055F29416FFA26741585981E1C4
:105CD000321A1AB8FCA5DCE9C521DB5009B2A6B41A
:105CE000D6FE98289434031DF03C1AF813021B4C7E
:105CF00057E0BF600528AED84A09C8B3B7A5390335
:105D000031EB561EBD3E64B5BE584136B7CE6FBDB1
:105D1000DD95F80F65E3BF191158ED4BD1973B5452
:105D2000A2B418F0D57F2A9C94A6542B50CAFA55D9
:105D30004DDAF2A3FA572492C7541F9AEE475CE655
:105D4000C814FF3719AF745590FBDD6A5A28F9C1A2
:105D5000D495C9D8C117CC4DAD94DB413B1D161D60
:105D600068F1DA0501FCCABA70A7563F39F0CC9346
:105D70007FF245DBBB3B1CD7444DF968B22D05765D
:105D8000C9F80817A4C3AE1E111AE0D831B929DB2F
:105D900051DE7FBF189C5136C34D4C1AC3B0E7FF8C
:105DA000615ED1052F1BF4F8F506C8B51FF5221862
:105DB000EF98A12B38C3069F253E42A2DCF0D8E025
:105DC000E4250000789DFFFF1A7EFFFF5F0A0000B8
:105DD000DD140000D01100007FD7FFFF6B330000FF
:105DE000DA0400007EC2FFFF0FA2FFFFC3E0FFFF47
:105DF000BEF3FFFFC8D5FFFF39EBFFFF4B5100009B
:105E0000DDC1FFFF8EF3FFFF75680000C41A0000BC
:105E100078320000AC2F000011CEFFFF8953000044
:105E2000A50900007F1100006755000028900000C0
:105E3000446800002AE1FFFF011E00002812000054
:105E400063F6FFFFB8A6FFFF9FEEFFFF2C250000C3
:105E5000103A00002054000026E2FFFF3933000012
:105E6000D2BBFFFF941F0000C1D8FFFF8BFFFFFFD5
:105E7000EE0100006751000089CAFFFF4EE0FFFFFE
:105E8000C4190000CE790000AE400000CDFEFFFF37
:105E900067C5FFFF28D5FFFFC1F3FFFF16DAFFFF3D
:105EA0001B3C000094ECFFFF53F5FFFF031E0000B6
:105EB000113F00003FEAFFFF2AE4FFFF55240000E6
:105EC0007FE476C8CCD2C97F13FD50BA04EFA0E4BA
:105ED000069CDDE9383DD21EB4E00B0ACE00CC8131
:105EE000EE0C70894102D0E4570A4B69752AF1061D
:105EF00028C2CC39550B6048565FFDA3F6AD811121
:105F0000FA5218D7815A43079348779D2E7F43163C
:105F100075A16545B65EBB6D077F3C123675E64AD6
:105F20007FDB7FEF20EF525136DC6103C3340B413E
:105F30009281813EE1D52C3A7FF083B0DC8B1C81CD
:105F400089B9F9F31053142DB846773E3EE081200D
:105F5000C3B95D993B05B9AC5949281FEC7F0EFFC9
:105F60007F180DD4428170E44BE481EBD33081285B
:105F70004FCAF479FDCC067FBCCFC03A160E01ECB7
:105F80001C50F000352C811E81F525636968F75897
:105F9000CC5A00D03198CF8EC97A4705407581160A
:105FA0000337D4F30015548134F6E4F17F9ABF8AA5
:105FB000A4FC06D8D176C8BEFB817FA462D2EF389C
:105FC000BDBFCD16E17FE00BEB812F797F56BEEA96
:105FD00007817D24F781C31E704A1250E12165CDEF
:105FE000AF2F203022D17FBC2D49F05E1281AC5200
:105FF00081C76E3F6D7F81CE525A7181C87F8EA856
:10600000CCB855CF001EE55F1D233E90EF9FD1E237
:10601000F3245887DC29E9007C87387F14A5102FEA
:1060200009B6877F70C15B00FA241E12DF9A154EF5
:106030008DFB70075EFB1C91341945C7FB972FB28F
:10604000F1F133DBC2F085639EB7E47F4B78207FAC
:10605000F5DCD1F2453D81D5C8095DDB81A9F5D6D6
:10606000903B97567F435FC581D639D999E04D3033
:1060700007F8273057F6ACA2F3CD97F27F24179894
:10608000C1817F8184D8A63537447FF21F211C5BF4
:10609000B95381817FBD115B7F05554A022F4D2188
:1060A0009B7F2C5C6613D953C97F11A44B24C881F4
:1060B000F70F46817FC15A2FFC4F52117A77DA9F32
:1060C000FF1CFEA20040C84CC03C1FD1E2B8AA1879
:1060D00081288D2054C76481BBBE7F3313AD94B03B
:1060E000403FE81C012B5FD60055E381C5D5FE2E4D
:1060F000D6FE3D2C3B09B49267C05D33EF14AA98DD
:10610000C400000004100000BAE6FFFF7A2200007D
:106110003C250000FCDBFFFF9E2A000060C4FFFF5F
:10612000C92500000C000000AAC5FFFFE9F6FFFF2B
:1061300085CBFFFF5BDEFFFF8411000056DFFFFF12
:1061400043FCFFFF102100007EF0FFFF491100001B
:10615000BDE2FFFF16060000822A0000E1F4FFFF07
:1061600025F1FFFF5DEAFFFF4BD9FFFFFDE5FFFFD4
:10617000DEFEFFFF31EAFFFFE50E0000B10A00007E
:10618000661200005DE7FFFFBDF4FFFF96FFFFFF13
:10619000FACFFFFFD20A0000B5C0FFFF9422000033
:1061A00085DFFFFFA3F0FFFFF0EEFFFF54EEFFFFE0
:1061B0007BE7FFFFB20D00005A1F0000D2F4FFFF83
:1061C00069320000D82600005DEAFFFF5BEBFFFFAD
:1061D00014DDFFFF6EF5FFFFF60C0000D2F0FFFFAD
:1061E000B9D6FFFF0D02000061E7FFFF773F000017
:1061F000ADF3FFFF1E0D00000A260000413600002F
:106200002B9837B92F3EA7530D0EBDB60C2D94B762
:10621000FA57C111E17397A37F1D491875DC37CE7A
:10622000E538884AF4AAFD557FA4E89DE6C835A85C
:10623000E71C0CBE715459E73763E415ADC9DEE3C2
:10624000030F34A59CF8C60791C3A02A45C50234A4
:10625000832314E964279D5E5561DC9D5644BE9FEF
:106260006CC228C1C4E9E4448E313D342AEAE2DF3D
:10627000EFFFD239897F5BFBB7F4A73718A85CC260
:106280004606C8B708D9FD5F017604D9522B4E25C2
:1062900032CDD63F189FADB3FDE8DB1E6D2FF3C0A6
:1062A00085435868F3E7D8D5317FD2BEAAB093DAD8
:1062B0002DE0645E22B5C73B581941C268A743A1CF
:1062C000279F3B5BC619ABCE6FFF47F19EC30834D7
:1062D0003DEE087295C01AC737EE4C4CEAA9CCC8FF
:1062E00048C0308104E8D4C49819EB582B34D2E666
:1062F000C247032BE024D10ACE20A5E84EC2D42AFF
:10630000FC40B7F4993F3992E2D98143D292258873
:106310003E0514AC50F4D036D0ECFBC05C440558BC
:10632000700ECBCBC1CCDB1F669832CA19C5E09F7B
:10633000E0BAD19B06B413AA26AD4770FBE229BB95
:10634000FDBC662AE1E9BBF955B10948BF2DB92B5F
:1063500004E2CF3EF3B1D559E273F567537F23D3FF
:106360005FCDB37D14409140E4AF4E2EB949701318
:1063700057532E285E50B269564BC9C0AF9A2E585B
:10638000FE4FDFEB7240B8AA0B9FAEF12BE86854CA
:10639000D0E3AB40BED8B79A2AE4E91450FB5FD8EB
:1063A0003D4681C96DD377304A06D8AB854BCBE6E5
:1063B000AFBBC1D53454CCFFF6012E7860FCFA0A8D
:1063C0008FA3EABC0AE103B8184E81346740E03C71
:1063D000B642102E9B9EF82CF1ECD6D451DD0CF871
:1063E000B1063A299216BE05AE2BAEE2ECA43DE70B
:1063F0009D0EA8023B6ABBAAEDA206F602AB11B342
:10640000CCCE0354B06E73103EA401EA9EC9B18590
:106410003E60D97FE2621C56FEEF2833CA90F60632
:1064200011A4BAC1061F17DCE36A93D0ECB113477D
:10643000E719635DC1383AE4BC434ADEA010CF09D6
:106440004065055D3FCDAC054BD12201D17F6D8507
:106450000FEE03E9DCE39B9EED5BA5489E6DEDFB33
:10646000DE089CBF51D070AF55FAEFA80010D911CB
:10647000C15EBC5629291A6E67A2AEFBD75023C84D
:106480004B882A1832F066FA0263143A0BC2DEF423
:1064900057F0542C81ED31BA6FC029052454F88B84
:1064A00054AD5C6E18B2145BE1CDA7AF583745DD33
:1064B000A80EC70AEDDFE2D111FD405E4FFB06C515
:1064C00010450CC0BB5CB4C22E59F06CCBF7D18F19
:1064D0003417E3FDB4F3EDECBDDC6556F9BA8FB2C9
:1064E000D7A4EC424B5423CBE06BF2334BF754C5AB
:1064F000C1CF2E1ED78119975DB9390242A5EA1D79
:10650000520536E0E92AB5DD7FDBAD3C29E91ACA40
:1065100097A6F119D1A93EEC229E28B4BFDF69FFEE
:10652000CC072F18DC3B03CCE7E4FD966766F2DA74
:10653000D7AF4915971EE8F249E8A19E39303528B2
:1065400012FBCA66C3183B24D3377347B14DFF33E0
:106550007215D8ED0AD8EE356C5115D133B0AE2294
:1065600068B1CC563228BC9B3581CFCBCCADECEB9F
:10657000051E6745BA13C0F38FFE11345D2B03D699
:10658000E9160050A8235A72F0B6A8CF13063B10A4
:10659000D09BDA27AC1E7FC4AA325E56C07D5B4C0E
:1065A000D5E9054D836371F69E4F931DB06D02B81A
:1065B000E32612A13DFDDC5D4716180A598594516A
:1065C000F3C7C666430EA74E0ECF55BE1AF9BEE0FE
:1065D000E1B317A581F440A62E89AC31333D326377
:1065E000AD2F5DCE4A02C6ED01409AD421DBB30641
:1065F0005BE8AA0E20D4C11BE05C1BF1E8B9BF32F6
:10660000344A4AFB346D7F38474A10AFBF203D55AE
:106610000FDB20B1AA0DF7F71A2BBE48F911CAC734
:10662000C76216ABAE514D3DF7D4BFC80015C64387
:10663000F2D018E10BB36153DE49493152E3EB1B51
:106640009581EE18FAF28AD009EE029183D4F4C350
:10665000C43D718C55B5B0E2AA2D66F4F56D2422C7
:10666000E03F3F8DABAC1A4D3345A0BB06F1ACEF1C
:10667000E190BEA8BA38FF50440F5ACBEDDFC0F905
:106680002FC7AC13E77738BC3BCA502735F4EB0D66
:10669000FCD2C0F0E1393CE9750BF813E6AFB3D595
:1066A0007F18BCC9F907333AF133EDFF2AC0A1487E
:1066B000E8BCF50742A9F7E0D0ECEE5FE7FE11FA7F
:1066C000D8B6AFA5CC4BA647DC4381F47843CEB215
:1066D000C217FE13660EAD37870C6CF3ACCBC5301A
:1066E00017AD56CB4A1B38FA8765DC05944D9C37AD
:1066F000340FB2C255D50154D3CBB20D54E156B8C4
:10670000540C3760A8F7D1F0DB38A0363D4EBD14ED
:10671000C455166B0E28A2F927239C2608CC131A01
:10672000B4619CDB81C6FCFA47F744E8A6621153CA
:106730001D0319A2DE6704C01F20BA08DBEE9E61AC
:10674000C55000306504171704AACA08B1E5D95727
:10675000DBE02FED51FA5632C8AFF13927FCDD17D7
:10676000DE1E2E1C55523503DF3B47D70EB01D18D9
:10677000C081AB54EFB6010A552ECAB6E3C2F2F39C
:1067800086D5D16049951A30D1BDC7DE000F2510DE
:10679000F210B8E23F4AAA022D4ABC240C73507F83
:1067A00057C3436EDF61B0C6D4E51704EAEA222C72
:1067B000B540A8613AEAFEE097E3C7E8A64C5A70F4
:1067C000DFA0BA35512EB17FA5EEFA6DF2E0B0032D
:1067D00004C9E592222FBD0E5567C24245D72E6EE1
:1067E00023BEA4670CEFE430EDBF6763CF07B14A67
:1067F000114256B4431D392B8C79F81AD0169111D9
:106800002A0CD4F23CB35330CFEB46E95A10AFD840
:10681000BE7FC9A7F342BB3FC33402EE094811D083
:106820001856841E324018EBFF1B1A1555569DBC96
:1068300037DF91D7001C06C71A0CCD1EC3D05C6091
:106840009A2BFED72EC3D85DA60999C7F4FFB8C608
:10685000A94124FC1FA2890636DFF42E68470815DB
:10686000A5F65969E715BB1919C270B13B4FB2CBF8
:10687000095D2C35F0D20447C30D7F0C4DA70430C1
:10688000FDEF985155B9FC4DE716B0F2E2E0C67F36
:106890000F22E59FE5AF15AF53E15F55AF30A73F3E
:1068A0000E3305045B55BE09A2A9C55BAA8961AB7D
:1068B0006A36BC4934B9A9CC5EC827180ACF07F399
:1068C000B61241067F6CF3BC56580DF59FDAB8C17D
:1068D000DC0D131DD41AB20FF62191522E0411C6ED
:1068E000D92BF257E2D3D5E300BD813DEEBCDA14DB
:1068F000A4455D5B4A29130A9F0401F2F922CBEDFE
:1069000061C9EC21DAAF3248C44BA0FBBAB9C1DF90
:10691000D1A91002A3D71AAACDC3E7572FFF7939FF
:10692000C8B63CBD07ED124326504CB399F6DC4A7D
:10693000C916DAC781CF303FF65CAA23BA2A226192
:10694000DBE75D8B1C652E5FD255FE3404ACC210B4
:10695000C51523E465137FE85DF2F607B191538E08
:1069600061331A420C14DA654E78BB6AE0B3ADC2EB
:10697000FF25754FF2EF6E38BE0A711991B85302B8
:106980006523E2040BC7474ADE2BF7D0DE0FAD1EAE
:10699000D822EAFD50F436BB5B1F7F21E3B2CCDD89
:1069A00036D13321120ED719CEEBCFD4EBC6DA2D68
:1069B0001E162CB10442FDFD4BE5EA07EAE1E705AE
:1069C00056136271A9281E59B8182A44CD25EBCC5C
:1069D000208AB33FDCCB5401F071CE9124D4B4D6DD
:1069E000BC42E90CD2DA1BE67F0954F901B8BF2595
:1069F000BAD0A8EAAE9A374AF2C3106F01285D40B8
:106A00009B2C1769F707FCCBC8EDFD2261C8F3602A
:106A10008655C95011F330532C308E5249662EF6EC
:106A20002A7681975C292F6528FD2C88E28CEA174D
:106A30008D939EAEB7D251F0CD8A0DFA36020B502F
:106A4000A014D6150B3F1624CC217B1A8304DDD667
:106A5000C6F4B427409CCA02EB1DA20A4817A953EA
:106A600081E84212A8628F0617D442B8EADDA6096F
:106A70005136B6D130EDEE1DFD4D6A4CBC5393CF6F
:106A800029423816C422E95C0C0953B45B8837FBF1
:106A9000D25806E3CED0C54F946CC8C0CDD5BF7BCD
:106AA0007327321BA547AD9260F12F9D51ACC6E70D
:106AB000352C6CCF6B0B7F30F8EA65E14FA1B52B1D
:106AC00047E7BC4A3C4B2955ABBFF96CEC20EE5A6A
:106AD0003A960F003E0CDFBDDFDE08BFA4DE97A6AE
:106AE0000A3EFB3BC419375732A3E0055125F4B8E1
:106AF000B4F937FE5B81ECBC0C043D276EE5983B96
:106B0000D90BFCFA416CC32EC7B0A1145E04DC0A99
:106B10001581EB2308F11EE6C3E8BEADF3D01007E4
:106B20002C1498A7D0CC0E11C2FE0851F3EB2224EE
:106B30003719B0A3F10C0C690F23274BEB1162102E
:106B4000309F62212ED34D4EEF4BD1CE9BE4248259
:106B5000CBB4AD292E42B1E7692BD6784D6133BE57
:106B6000C93A9A5FB9E75622CB267F54433262E195
:106B70000FA90D7638E4194ECC13217040564057BA
:106B800048F3C91713146B4430B22110EFCEDF2A3B
:106B900012474484B43386D9197DEF7F0B39BA9BF1
:106BA0000F69FF43CBB159C667C29FFAA231C160DA
:106BB0001376B2D265FF3A5B3FF84DD6530D60CAEB
:106BC000E8F505514507321D5FD5AE28D0509E2609
:106BD000B55A1E6C44D59C503C43BA092361411CF4
:106BE000DCCC14FA8E27F558EE15139BD82FA6E3AC
:106BF000D4EDD416A37F0A3F701064F9B7F618BC21
:106C000046AE31E99049EE30F5FE45CC39252931C3
:106C1000EBE25BA3461B5ED05BD59ACFDFB1D81BFE
:106C20006D3F46C707342BCF7FEDB656E1D805310F
:106C3000CE33D92C9EEAE02B2CCD31A63DC1531486
:106C400038AED93731ADE840F8ED42CC1BE6B73C61
:106C5000DB00B43A4045103227AC247F5E6EBE0E96
:106C60003E2B315DBDFAE92ABBB40E1F6498F4E1F6
:106C7000F754E41D393ED428D8EEF540E2BD47B0C4
:106C800055E0B6B9813605F62FB124A04729D04585
:106C90001245EC3013CD3EAA0AC16587C8CDF00479
:106CA00024060443160B99B36EF4F654C416250E4D
:106CB00014BAA19A5EC1DBAF4D386C079862414FA0
:106CC000EEB74BE0CC454D935A26B6430652A69AF2
:106CD000CBDF3BFE10F2E700D7E2390BC42E53C0E6
:106CE000D0B005F7D408C6F20449E20FCFB5361686
:106CF000C5EE56483B00187311A9292881EF33C807
:106D000043C9A7F1F2C9BCB02435D6F6AD27EE00D1
:106D10003BAE5BE0B1F5F33D3E90970230ABF69FA2
:106D20008B22181BDA4B33BC2843B6A8D09E2D57B4
:106D3000BEEF7FABDC39BD2164FB525B96232A4F4B
:106D40006C23259852D1FC45434669FCAC68FB7E18
:106D500041037026160AC3681874D33AD0A053BFF3
:106D60007F27D0C223E55A4BE7D0ACB92C2B6D2C32
:106D70006AA617129F23FB5C3EAB9AD86E390F0CA4
:106D80002AAE7F0C2276BB6CCD1AC85EDB2E456A1C
:106D9000D1B984FBADFB6F46A7412B1A518E9B22C4
:106DA0006032A74417D6A0635E083E6D8B9D2ED43B
:106DB0003F12DFD4F4A7723DF06B167A734010E8EF
:106DC000DA31226A81B9E86E16BF7E4C5956C3FB90
:106DD000574F5245D104FE27C90CB3E90EB5EAC698
:106DE0002DAF159C8F10B1D7A14B649644CA57D1D3
:106DF00045A826B24C23AC31DF66B8A8214A4950D9
:106E0000B2A7C0FDC4063EF7D55888BC4AE63FFE8F
:106E100045B3FF613424939F2B70DE201E56FCF493
:106E2000F6511E59EA37EDD8048112D068BE691BAD
:106E300094066E4ABAB215AF82D2FB33BD5CF2172C
:106E40005E5D962EA6E34C5DACFE2ED8F26BCB4376
:106E5000E6F893F8814DC6BEE1AB533E1DBECE723F
:106E60001EC8E3EBE616A7BB501DACA0D2E2E0AC17
:106E7000C27AF1D8FD23C0519BED3F5FAF5F1ECFBB
:106E8000EBF8630C160BF60C00F9072104BF04AFF6
:106E900039F0CF014EA54ACA033B0D28A4EC2DD4EE
:106EA000C3FEACF10A09B82D31C2E8CAB6A351231A
:106EB000EC417FE1035DB458F7D6F935FB50FFE9AB
:106EC000F9CB11540DEBED0FC6AB8153C3462C002B
:106ED00036F306B950000AE6955D192FC8ABECC22F
:106EE000151797F3C8541C58A066C2B6B0B95820FD
:106EF00053F2A80A3840F939F2B2993C3202B5513E
:106F00005B5B39F328F639EEE2FF6BDE411828307F
:106F1000E911FAE2E1BC20623679FFF1F1BB2FA55D
:106F20005216810CFE30A202E23BAC91D1AE3AD1B6
:106F3000C01CFD46DCCE6BC8B45196B65D4E0DC28A
:106F400033BC215D1BA3B7F2CBEE9F2DCEC62C1414
:106F5000DFDBCF2918FF5130D61B41F44FFA051C57
:106F600081AD02BD2047BFD7B1DA3B44EE0103FE3D
:106F700019DC2AB602EC13ACEF0AEE35310D0FC95D
:106F800065F08FB56742BA452853E121347FA04BA5
:106F90000A0F0660B5382326BBE5B74BD5C447B406
:106FA000A17A6045AAF366E0CCE0AC904954E424B1
:106FB00045FDF7D202D8ABBDBF53C214A6437C0E29
:106FC000B417DEBE3BBDC3B13F0D814EC428513660
:106FD000E3D1FCBAD3FD45F553CDF42C2ADF495358
:106FE000391EA94144EEC8A231ABC6D6273FAD52E7
:106FF000DBEED100C355C0D8EA000432D1E7122D30
:107000007FBECB61354627BA473E013413D0C0ED71
:1070100044B3FF4124B1D8441712D433F94CBE16FF
:107020001D0DD404DD35FBE24323F40718A1D3572B
:1070300007632310E2D125D11A0EFF19ECCEE367C6
:10704000BD4CF1DC06D4CFEEA6B9F7F3930457E0BC
:107050003DB244084E08F70E5572E973AA44B14791
:1070600054EB7F0C4DB532FCC1E934B14028161405
:107070005345D8DDCA1A08A4BD3442BF3C6F1E0A6E
:10708000EB9DEF07FC0F6CA832B10B208C91EFDB6E
:1070900031CA44F5192B8FA3455B81122AEBD75ACD
:1070A000F171A8E606ACCE72722F0C110DFDE8BE90
:1070B000C6533B245016CBD749FF64D0E2159A48FB
:1070C000403A9408D4A409B2618F074C415760A597
:1070D0008C8BC94F3CAB10DFE44A55E3CBEE2EA9B5
:1070E000D2891BC45EAB52B7EA42F221C920F4A296
:1070F000CDC38C57EEEE4BDA73D81881F7D2C4BDEE
:1071000051E164CCBA012961AA227C1481CF99B7DC
:107110004063E6398E5F3741253581F8D1A6C93005
:10712000082229A6F3DA276B00C2241A215601DAB5
:10713000DDD91E41171534242BC5AC2212BFCAF568
:10714000C8F9D3ECD1CD3F36D9FB16A533ACFEFC44
:10715000F609021CCAB916FF36A445D024F732C07E
:1071600040F906C7D60230C1D599FB501337F0E578
:10717000F8B3AF3DCC22A3CBC6C13A7F162028ABD3
:10718000FC374C0D301018AAFC3593C9F1C549A243
:10719000ACCECB0A7181EFEA26124956353E1BE68A
:1071A000A9FD4D1657C1D3EF1D53E31BD3BA0EFEF5
:1071B000ECCFA729CC1CEE14B91C1C06D53427E152
:1071C000E6194608D0F4D048EDFE4DD715EDF2F89B
:1071D000C22CAFF838F2CA4EDFD181BD11411AB7C7
:1071E000C9E4A2F20405D10854AFF8F438DF00F77F
:1071F0001B0EDBF2129EA1C9B74E5CB4ACBAE02BF9
:107200000ECAB83B630B5698E45106BFF3F5E3EEA4
:107210002DCABBAACBE6226EA43909D5530923FA9D
:107220007FAA3A967B53D0C2EC69FA28615AEF44A0
:10723000D7CACE6235AC45AC3730749A4AFDA7D375
:107240004ED22FFFEC383E881F28861284BC246E55
:107250003F7B0048325E51251087F1F0C3182EB1F4
:10726000310AEB876ED92215A4F8970C74064F5D8E
:10727000039BCF023CCD9E28E9B20C81E85E69F801
:107280000ED4B9AA5BF3D2F4DFE45AEFE901F512A8
:1072900031D219E10C33D8F34B4CE1CB0EFFE7E8C8
:1072A0003FC4B0F03FD7E5CF1CBDD40AEA47C60FB4
:1072B000C408D41DCBEC08B215EA8154FBC73D3C91
:1072C000BF450D5B5E4F93AAD30BAA0CD5CC191505
:1072D000DEF47FF2D23C42CF0D0137404F11CDD7C3
:1072E000CBAE0ACE5F06B222F630021307B0C00E54
:1072F000541FEB37FA5609DF66B65D12F543CBD063
:107300002FE0B4A33AB43676DE921E77D43F361916
:107310000A3335D5ED5FFC5B4C24815FD4B0D45883
:10732000F5F815F00B11756572ACE8D656BEE0F8AD
:107330009869EA7F487224067731483048489C545F
:10734000CFE3C2EC389D45B7B3190AFCB6F14F58EC
:107350001EF6FE20F63C07CC1D406713C2083CC554
:10736000C1E1654EC1219821C3E0C329C1DCE1EA36
:1073700002E355A8088194B81AD52EFB5FBB65EED1
:107380009071AB3ECA1F4EC3E52F57A465C1E94EAD
:107390004B34D076D5A93CE081E2A73AC2D530DFA4
:1073A0003EC1CF1F550870ACE8539FD65061BEF365
:1073B00040B760BF945DAE47E832F2AE841D312223
:1073C000C61036E0A378A423D5C01DD34AE4DEA9B5
:1073D000D6702E30D5EFDD327139A137111DF0D6C0
:1073E000027FEB3CAE03104D68E9270ACB48873695
:1073F000993633063701C81FA4B22DA41F569F1516
:10740000891633C434E59CB031EDDC6661514C4DD6
:107410009C696204F362BC3DB74C15B59B61A5E560
:10742000A73BA4683AA8C120F09021E5DF3E26FAE8
:1074300055737FA04775D5EBDC400B1705B39A2039
:107440003BB813ECC011BD345BF77F57260D1B14FE
:1074500053AD4005A4D230264A19BCD9C209C5F69D
:10746000D81CC3043CB7311916A536FC1CB85AD039
:107470000DF0D3DEF00B5CE615CA65F955DAB6C03F
:10748000BBA2B4BB4845C1EB3EFDB36047B6031891
:10749000F2DDCEEF2AFAC62F2181DF44FEAF366C33
:1074A0001DAC28492251DAFE221B0A315AADA4F83C
:1074B000F71ACC29F150C6470BC1052BBB0A56E180
:1074C000E80070BEEF6CACD59E113853265D21C22A
:1074D000C7BAD05629A8C5EC4470213C316516C105
:1074E000BC243C43BE0143F1E4DA47382DD0AF372A
:1074F0004225316B7FD410B302B8C606D9E05629B5
:10750000F1E42CF3E450D31E1340483562EBD45918
:10751000F99810EEA40FDEA81640E4FC0FB8BB1AD1
:107520004E76FE51E437B4CE0508FBAFC4BE431817
:1075300031541E71CD819B0E71A3D629E18AE98A4F
:10754000EF1DDEE33FC43F4ACBDC04F427D5190826
:107550007F5DE40EBC0CF8BA1052603E43A8A61D35
:10756000D797093DDEE65A04DDC1F93EB848C75257
:107570000AB4DACD40DB3399C5FF3EE9AAF19BF3AB
:1075800090C0DF07D5FB062EB119DE303E39DDC8CD
:1075900025FA353C2E2CCADC16E081F013E8C80928
:1075A0004A461A601817B7BA3AE70A45F3BFC3D973
:1075B0002BBA3BCB4738C0AFA723F340F813FB30BF
:1075C00030DB7981CABCF157C3B6EFE6C228C28569
:1075D00059ADF209ADC5E6C5EB310BC6262A5F6E83
:1075E000EC3B645EA4F7F109E2B8BDAE096C641D22
:1075F0008319A8E925462B2D38C66A5230DF8FE65D
:10760000A06B7F2BABD0C6F96B6C0DBF58ED08DDBE
:10761000616BA20C52A55DDE464849544FBCF0BBDD
:1076200068B66CCA635801EB1AF09AB0D3AA9615E3
:1076300056D610F4DDD5E3CA5A218853E71A3FF62F
:107640001ED35A063D201DB745DEEE1152D80BC29F
:10765000207855F5EB2823DFBBB9AF0A811AB9E3CF
:10766000C09FD0D3DBE91604C33AFFEFBBF009603B
:10767000C24DF4771EC26B9BC1B2A6894B3DE1356A
:107680001924161CF9C124D828CEC3E1D99CB80905
:1076900019FB0527C9DE40B431CB7FC7EA05F120CD
:1076A000D80A432BE4C5F3281D06A6DBE3F6F2F760
:1076B0005BE34905019806154C3BA3AC34285337CE
:1076C000C80FE5E022EB3CCB10C65DF20C49DC4B69
:1076D000C6B712008B36B72224448141F10CD30B7C
:1076E00015321FA7B139C2C4D9D828A835FBA6C7FF
:1076F000F709B019360D6FC1B700DAA62CB4122203
:10770000D4D1EB489DCB76DF68D199174346322D13
:107710004B2F53CA24FFC7C7FC31151CD65A5F3AFA
:1077200026C17FBBB0341542563275574619FD4508
:1077300012983FA1D4012CB4F2FD2D5CB66875956A
:107740003899F4A8FFD607B1DA9FBDD4ACE3E9B508
:10775000EA427FAD12B3A48BB241E672F40D0D1074
:10776000910A49BCFFE951B7F2388F274F29444E9F
:107770001B1048092CF24623FAE6285E54BC58B385
:10778000C89444EA81CDA255A8E7A0D9481EF4FACE
:1077900092E4DCB9F36D30CCD9F6BDB34244462552
:1077A0004C423B0BDD51584862C7C7C820A927D2BD
:1077B000C049EC30345D1B2AB2F578C12DE378CC9A
:1077C000AD2E3A0F3A28D0CC67D6F314F0FE48100D
:1077D0002281FD4CA0FB06ECEB8ED3DDEB0919EA10
:1077E000DC65CA02F4F1353917CF18C13F13CF0356
:1077F00005F4F4DC067002D9020FF9DDE2144A3612
:10780000D51DFD1F9B09B4411B317A27D7FCEB0620
:1078100014E25F09AA37D582407A8E0E2E372326CE
:10782000E60035FCD065C1B8FF1C17C6420A721EBF
:107830000B408EDB3ECA03E1F84AD481B9BEDFC6F5
:1078400057DCACF45FCFE4B5CFBBB72D2FC1AAD4C2
:10785000F15AB135C13237655F9F0BAF1AE943F476
:1078600006E1D727BB05A93EDC07D533BFAF2B1BED
:107870000BC4C1AC288AEBFAAEDEDAD0D3CC8138A7
:10788000D19FF3C4957CE1412DE47FA8892024F3A6
:107890001D3EB5FB09C7490B2150F8B0FA3404EF7F
:1078A000134A139F33D5BC2DB13B5BCBDC2AFAC402
:1078B000CF1AA59B0D2656A4A5A4F20BA92D16BA86
:1078C0001E04A31CFBA8B215046F13CCC6D619B1B5
:1078D000ED8A1121AEF1C313F9ECAEAB059D6273D5
:1078E000DDC8236D6865B0416DD83A44ADB2A1AB37
:1078F000BED646F0AFCA96A2C1F36A58C97F0B3D07
:10790000BFFE99F9FFD82321C24E0331E3B24505EA
:10791000AF553841349D65FBF5D935A0449521F923
:107920004CB43C903140F221B9D043A6360A5460A1
:107930005B5EA1EBD481ECE747909828600706488E
:10794000E8FB27C35C52D705B64E4096CA79DAC524
:10795000DCCC4C51471ECFE32244E15E254D25E3AC
:1079600021583613F90CF1CD3A2CA9B4501DC73665
:1079700064442CC74D392538811FF536B5EDD8B78D
:10798000C9BF00F1CF20EF3ABE01B94D57343EDDFB
:10799000092402E147DD3417A9280401B631F53D79
:1079A00003FECDED1E19BCC5A62A0ADB14E82CAFD8
:1079B0006A26B6DAF8C3D608407F216E3B24D4B3DA
:1079C000FABB01FF23EE697DCB455017212E264CD3
:1079D000213FB951DC06DB2DD0C213E4D9D24B7460
:1079E000D9E07F51F9E10AF064DE6636AFD43E5A41
:1079F00035191436F8FE0AA1D6C2E21406F4514530
:107A00007D081D54AFD3465F2BCE5481B917390C76
:107A1000C1C2EFFEE8A55030DB09F7C8BA2726152A
:107A2000BA5B4A8DD75BE1B23FC1065C2D40DCC337
:107A3000528AB93D17BB4911D254C4403716E9B92F
:107A400039D1A2C1DC311E33B401F21725C9650753
:107A50004998E86D3FEA1AE13F3527C9FBFDC6D0DA
:107A60005E78009C180BF8A03EDDBF3B9918D53E10
:107A7000C81CBBFE81A36EEC3FFB05C8339FC9CA7F
:107A8000F8C2F922C5A90FE53404E9CFD1F2B54215
:107A9000226B5D44D916C4F28CEFB90FB3BA9D6561
:107AA000F9FFB1C8ECF2E5BE163F4ECDE159FBED52
:107AB000F3C812541B3268B8F3E8C5812CC867EBD1
:107AC000B0CC9CE69D0E0C0919361902320DFA1540
:107AD000E2453F0340BA1FF7D91B56441424ADAD0D
:107AE00051BEE7306C9ACA27DB2BBFFFD7BEFEC959
:107AF00046327FEBCBBA2D421AC0E6FAEAF692C8BC
:107B00004C3363FA6DDF11AFE99E53FA6EED2795A2
:107B1000FBC2AF057F6A50913E98D546FCE03B33EF
:107B2000FF201AAB555AC4D2FFB7AEFEA7A8B123A7
:107B3000622D25D140379DFF09D99BF6CB4DE0A79B
:107B4000A236CCBF00CCF2336A963FE008CD065196
:107B500002A64EAF510242E143362B9FECD8233CA4
:107B6000D20C523B3437819D75A357EA53D41BB3D3
:107B7000FDA6D1F6D0C9B9C8FAE8ACF1C001FDED57
:107B80004EF6E708A80EC3083CF01BCD81D551A1E5
:107B90002DAB305609AABA0D62CA2FB2708D6DF0A6
:107BA0002D092639CFCF38EAE9551EC440C9C40D86
:107BB000D34B2EFBB6FEE9E5CD153F58436E5C175F
:107BC00093D460F2EDE8A5869E1067E8D969EE0EC1
:107BD00022AC23F039D197E809E2AC12C86293D104
:107BE000457FEE0C2DF6D5760633333550BA984ED8
:107BF00013483F0AF94EC3B387A02B5D3F2B428E3B
:107C0000B5E81A4422AB32E60536C42F20C038D876
:107C1000A80B3636CAE7D3DF6CD74A54F5D3FC46F7
:107C2000F05F06F5F626C410C6ECD33C811B5A0063
:107C30006DA0401E4DA6F1A35C150B2D5917970B97
:107C4000BE35BA049DCDEB51FAFABEAC49F9D1E389
:107C5000E5F0B3BD2FF6E3301E9442D1E3E1725953
:107C60008D81476D59D867A66D4412E96C02314188
:107C70004E42732845545DDABA33FEA1EEE525A0E5
:107C8000C357D1040EDEAC3DCED8C0E3B8CA7F2CBA
:107C9000B7E50B490A00D7CCE94B453ECEC8012CCD
:107CA000A70021E5744E2F51AB5B1172F8AF500E57
:107CB000C964EF6ACF1BFEBE8D079655C9F70F4802
:107CC0006734C4CAB034273735171F0A9F9C301059
:107CD000D6BF9A51E11DF40BA5FC341DFA7BE0BF21
:107CE0003A79CC01D940083035DE5E4650BFD66EB9
:107CF000D7FC81470E38BDEF4FB996FD4DCDDECE96
:107D0000BFE9F9D10965D8C4469FD83DEC004D477D
:107D1000C31B45DBD1C2DC52F26EE71647EE09DE2B
:107D2000AE7F09B7BD38327CF62204D0CD22BCC06C
:107D300024E0D1DD45E32307413727BD192A25B2C9
:107D40004799FBD94277ADC5E552EEB0D816B8FADF
:107D500042190C5D1E6FA2267F2F1DB342E9243EFF
:107D6000B5D5EDC1653CD0094E49DF2058B64AF87B
:107D700010040A0AEEA82A5EE81F02D1C129CEF833
:107D8000703A46CB4FFF002A91DBEA3A4D044E9FF2
:107D90001DA6F35686762FED05B4D43BBFB518214A
:107DA0003C513326CE3C0BB093457F0E283047B074
:107DB0009A2D822B579E9E2855E49BC94218A319E1
:107DC000B6409463BD504AC3AA1CCAED1A3012B41F
:107DD000962738A0FE1B16E175993A082DFA72DC39
:107DE000A6FC2E9C89F4B29AE0F6F234F92D75CFF8
:107DF000CB81B0B84F4932CBE510FFCDBD1B4D173D
:107E000009F7FA5AB45768132DC2DFF144722522DC
:107E1000186CF866DC1A9AEC5F1C61D6994D8ED806
:107E2000243BA6F937CD329B908145DB8D2BE82E84
:107E3000DF29DE42D43437BFFE961DBEB707CAC065
:107E4000E7123E49F3CF69CAD62D684B31ED36AE05
:107E5000DC213B7F0710A2C74FD236D349AB65A5C3
:107E6000293256F33A2C38CC1DF500DED23316EE0B
:107E7000151EE8B0B4B6D25F150EB2F10EF9CD41C1
:107E8000DF88501F645D222ED6F55FD3EFC0450317
:107E900064D7CE72516C2B2622D243F4B9D7670136
:107EA0007AB25DF489328DBA5BDAE03B551A64A58B
:107EB000B8BCCA2081177B8EB0A167EA1DED0169AD
:107EC000F11753B48EFCF86BB5D96FE01B4C4F3CE7
:107ED000266DA1A60DF61E25C62AFD00043727949F
:107EE00043CAE13A984CC86D2A2C1447C21E98CB5D
:107EF000B23643957F5F21E8ABAEE2EF27ECB5A841
:107F0000A030DEE9FE39B39850CC5AE623E11233B3
:107F1000665D739C572DE79F3A434345E1A13AC7FD
:107F2000BB2C47B751B3FB168EAE81BA1DE8403962
:107F300003D4E5B7BE134B984FCB32281DAA6EACC5
:107F400038C17F398EE9DEB5610EC7E437DCF8331E
:107F5000A5CD4C1B502013AEC8977BF453CCE984BD
:107F6000D5B1D762F8B31757F772B138CFB64F5BB8
:107F7000F7D6E9525FC9AA1FFD95F9A31DFCEDB61E
:107F8000EC2DFDCCF1B8050E5DC32FC21EC6191134
:107F90002D13FE10FFCFF0AEEFC6B7EFACC9D7FC84
:107FA000C13ACDE4F6EF012748E4D7C87F0F42C1BC
:107FB0002FDD40EB93BDE4E6F2F56411F5E142F20A
:107FC0006213E146DD3906AAD20E2F2A645232EE40
:107FD0001CB38AB603F5C57DBB5141A0BA2C8131D3
:107FE000EFB7DC066F54D170B7E0FA2D81FD76480B
:107FF000E318C5E4923E5D6AD0B0AF20E4D7519D4E
:1080000001645A5741B5FBE65763BEBE5D1804C410
:10801000AEBFF0E71EBD53D036A6D7C82ECF6AE25A
:10802000B08D002A2842B081B5480ED95A39114185
:108030002BD6C1D5A0980AF4359BE3985EF2BBEA33
:108040007F1B4DC35C0CDBEF0CB75501C6C446E982
:10805000B170F2C8A3092AB517E7DFE85BA2D0DA4E
:10806000D3B5FA51383855C01D61A65307A2B35392
:10807000AB3816B58756303918CDAB96C6E1CF4F21
:108080007E5C12BC93B91C9EF77C050727412F0F1D
:1080900091EC5F45CC3A26FFEB2FB616966065B59E
:1080A000E0E4AB08BCCF03711A2B3960FCB93D6B1F
:1080B0000FF1EEB2A61F0BB932CF6212D07FDB3ABE
:1080C000F4E4F60A174C81DD2A454FE4C024D54379
:1080D00045272E02D53F13DA2EC33DE5EE08AC0945
:1080E000FEBDFE50EF22635014CFDC4BCE1FA236F4
:1080F000B2D834E1B0E65032BEABD612DC41D0B8D3
:10810000F29B534BC5B460E3A081D856D05FFCAA64
:108110003CCCE301BCDF585DAAF4DA4466CFC4BBB3
:10812000FA51D95AF00EF9FD8E1D590D6EB004A901
:10813000C9D224345B8BCDE4A310D53E3F0AB7DF10
:108140001642DDEB125E6C24C8F5CBDE2723397FA7
:10815000DFD1A2930EBFA2416ED0BB9057595C2CC9
:10816000B76197C6960C313DFC503CBFCFA2E831B9
:108170009E16816643EE1FE1296213452338B80D30
:108180009F0C1C4596B61DD6D745113ADBD854092D
:108190004CA0E5E27F04B94703DC3F3E25082C28CC
:1081A000EE1B42D23ADF4749161B0809BD1AAE340E
:1081B000CEBBC42BB33A0636E2CF2B9DA8ACB2D3CC
:1081C0008E40FAEAA567FE7F11323338FDA94734A5
:1081D000372A0FE42AB09C950E20BBE814F0E5E99D
:1081E000FD0403730B63952656A8D55930F36661D9
:1081F000DBD80BCDC24ED54B3E3D14ACA0E41E1EC9
:1082000030F7FFFFBF1D00007EF0FFFF061C0000DF
:108210006D4A00001EB9FFFFE9030000DD4E0000BB
:10822000B207000045FBFFFF0CD4FFFF2F16000034
:10823000632900001BEDFFFF9AE0FFFFB51D000062
:1082400075CBFFFFF650000026010000F627000066
:108250005D000000800000005FF0FFFF34E2FFFFE0
:10826000B1EDFFFF93FEFFFF0A0B00001D070000AA
:1082700013200000FDB7FFFFEAF1FFFF4BF9FFFFFE
:108280006BFDFFFFD01E000037DCFFFF89FAFFFF08
:10829000AD0E000064A8FFFF4CC8FFFF0ADBFFFF24
:1082A0004EEAFFFF33D1FFFF04000000940D0000F1
:1082B0008B2900002DA8FFFF81B6FFFF24F6FFFFEA
:1082C000D7070000AB21000062F8FFFF3A1400005E
:1082D000A8010000AE1E000027E9FFFF7E1B000082
:1082E000FED4FFFF6DE0FFFF0804000066410000C0
:1082F00017F4FFFFD62D0000A80A0000624300001B
:10830000B4E8FFFF83FFFFFF4F28000074E8FFFF82
:108310009198FFFF6D1C0000860B000027FFFFFFF8
:10832000FBE6FFFF58EDFFFFA601000090D0FFFF26
:10833000340B00006F1100008E0D0000750B000063
:1083400071D9FFFF7722000060110000E52D0000C9
:1083500069ADFFFFEB160000C4FBFFFFEB00000060
:108360003D060000545600000A280000382F000087
:1083700061FBFFFF82C8FFFFF0F6FFFFF4ABFFFFDA
:1083800075FAFFFFA51A0000042C0000B4110000CC
:10839000C20600008D240000D0ECFFFF0F03000098
:1083A00045EBFFFF20EBFFFF7DF0FFFF81F5FFFFB7
:1083B00060F7FFFFB6D9FFFFACFBFFFFAE25000063
:1083C000C90A000049DFFFFFCAD5FFFF60010000B6
:1083D0009A010000271B00004C2600000C0A000038
:1083E000192A0000C11F000047D9FFFF3303000016
:1083F000162C00005EEEFFFF26110000DFE6FFFFF7
:1084000093283209C4577F0C32D6597F8124F4E275
:10841000321CDD09337F2DFFD6F5C8CC47EC44650F
:10842000F4C1E4644B5DCA7C78367E067F60E3F776
:10843000C95C7F5964ABAFF734F9C4D6EBB5818121
:10844000AF0FB211F32127114CE20D082B101A1DAA
:108450000BBEE1D1286A178175DB6E3BF6992E843D
:108460007F86CE9EA3DFBFE303E7A80803C28ED0BA
:10847000152D2544FA7F2D757FE7EDD20DCA7FEBD0
:108480001E99CA392E1BB57F35D4B1E1DB70FC2DA6
:10849000B4005E193D78A253A1C5117F81C77F0644
:1084A00095DE81433D44BF6D0C3786EDF21B0F35E1
:1084B000CF56E5ADF8A6B2C8A606FAF3EAD1AAF6F9
:1084C000881BD3E8ECD7287F7C219E4F7F27E2785A
:1084D00087E2BDD1FCE14FCF9C81C781D54EA8A5D5
:1084E0003D817F813BBBE0CA9755BB7F39FEE3DE10
:1084F000D099BD7F81DDB5980A5C0B7EC681E6FF11
:108500000C1F4C42FED3C9EE65E595C0F435EDBEB7
:108510008118298181599165AED57FDBC6D920BCF0
:1085200056D6452A8E11B7543E461500E1817F5339
:1085300054C6DF963BEFED130F5D9DFA1833A5533C
:1085400057D81D984FE196C303DDFBB426EFCCEB63
:108550002232671850F8303C7F22812426E30E7ABD
:108560005905F724157F15814212AD7D282B71D94D
:1085700036B1813BEF0E480470818128699B3CDB5A
:108580002C335BF31FB4CB258116A12D5E35F5810D
:108590006FB9E3C124468192D47F1B636CE06B7F8B
:1085A000817F308FCF7F188E817FF58192C31681B6
:1085B000BBD657E99A9EE40917A477307FCF36439C
:1085C000312A7F257F3E2518FBE9B67F15C57FFC44
:1085D000315F7F7F1C8C04BB89452444DE0D7D1CEC
:1085E000F76CCDE65538C112CBB30964BFFE39D95B
:1085F0005BC56EA41C24E1C36BF2CD18FA944F7FC7
:108600007F81F9B60108E69926A30E163814D5EB3A
:10861000E21EB56D0CEF314D7F7A6DBBFD7FD5430A
:10862000AD06AB814AC649904A198D8EEDD4B7D0BC
:1086300022461BF6DC890A3B017F5621DA0437F615
:108640005D7314FB3410251D957F1F44E086143A9A
:1086500081AD1AEAE8D43B077C5A1CFBA57F81FC5C
:10866000CC9CEDF4A443885C34A181F9007F2BBF3E
:1086700081E0A2F6F5A27E927C35686BE7381E0891
:108680002EDA81BC6757AD424F47D4B30C4D2AB5A3
:10869000A5B41B42DB1BEA9007051BB7305325F23C
:1086A000C1DDE55E7ABB2D03300AB5FFB190F11B49
:1086B0001F81558CA7D244447FEB19F343336CB42C
:1086C000F27F38FCC3B893E3072281D046E6C0129C
:1086D000CD4EE21FAA0904DD71B62DA1D61727DD04
:1086E0005AD6F856C27EF10F81D861E7F5E60B0243
:1086F000C4F29748D98250243D4EC3DA912E44A447
:10870000A1D7EC32D5CCE5EBD6CE7FA7141E442DF5
:10871000427F7FE1CFF0D41ED226300B33D15E28CA
:10872000374DFBDE7FED815228120CBF4583B9CA5D
:10873000F0F1FBF07F02AB810D247FDD4364962BCB
:1087400081FE27EAD6F481FB91311253172DE819E7
:10875000023A69E409B20A46E133FB4781D218576D
:10876000C8BF7CC27C2B2115B77F93D081CB81EE13
:10877000411848EC2AF4A4F7C9E1C97A7FD80DB1B1
:10878000B095CB3CBE7FB14EEA70059E3081181487
:10879000CD35313F9C578535F88255D9BE40454788
:1087A000345708C696181810E2778162E1411BED34
:1087B000811236E42E7F21D2F708BA7FE57F05C00B
:1087C000F55FB4814987F9192D093EFB4C81C13809
:1087D0002D7F17C9818181C806153C0408D6AD7F5D
:1087E00007BA2904F9EE81796012CAB3E522E4815F
:1087F0006005FD40DCBA3F382425947F239D2EE898
:10880000F730F78181F1304F8B7F00F0EDF67F0577
:108810005ABA03294AF5EE7FEE40CF6672C608C207
:10882000C285E122DD2DD17FD3564210D991F6D5F4
:108830003A370981284E7FC30AC43523FAAFCB9655
:1088400042347D3F1081ED6F7F0F0230DAFC037FF1
:10885000F223CCB04941CB1977B11401FCBEE3B28D
:1088600047F6CEE881DFF655BED7BF0D3FF584B59C
:10887000DA812743BB5D817FEBA96BE452552C3F26
:1088800051F5FFFFF01500004CFEFFFFDE05000074
:10889000D4040000EAF9FFFFC50F00008FF9FFFFC5
:1088A000690200009501000039FFFFFF2F0300005F
:1088B000AFF5FFFFD8EDFFFF31FDFFFF54080000CB
:1088C000FF010000AAFBFFFF92FFFFFF58F5FFFF2B
:1088D00089020000EAECFFFF6C120000BEF8FFFF07
:1088E0005200000099F3FFFF9AEBFFFF0BFCFFFF24
:1088F000B9F9FFFFCDFCFFFFC8E8FFFF44F2FFFF1F
:10890000B4130000F4FDFFFF450D0000AE060000AB
:108910009EF4FFFFC4F6FFFF0B03000011020000EE
:108920008CF8FFFF4EE6FFFFF01200001F1300005F
:108930005A0E000085100000150100009903000088
:10894000270B000084F4FFFF76EEFFFF50170000B6
:1089500003090000E714000091FFFFFF8E000000F4
:10896000E9FBFFFF1EF6FFFF9AF0FFFF11F7FFFF85
:10897000D0FAFFFF6AFBFFFF4C030000530A000020
:1089800053FDFFFF77E1FFFF51F9FFFFB90500003D
:108990001AF2FFFFF80900006103000009F1FFFF70
:1089A00035FEFFFFB7F3FFFF0D0400006CEAFFFF89
:1089B0005BF0FFFF80160000BBFCFFFFC8EBFFFF72
:1089C000F90E0000CAF6FFFF22F6FFFFBE0000000E
:1089D0003B0800003E1900005CF9FFFF5005000055
:1089E000EEF1FFFF3402000059FDFFFF9206000088
:1089F00073150000BAF4FFFFCB0C0000100A000052
:108A000017F0FFFF881C0000C1FAFFFF8B13000066
:108A1000C60500001DF3FFFF7C18000084FCFFFF6B
:108A20002C0800009B09000083140000BBEFFFFF2F
:108A30004CFAFFFF95F7FFFF9E0000008B18000027
:108A400011050000A20F00005B070000F3EEFFFF1E
:108A5000AB0A000053050000C0F3FFFF940D0000B7
:108A600020E5FFFFC8F5FFFFF60300008CE7FFFFDE
:108A70002C040000E2110000CAEBFFFF67F9FFFFC2
:108A8000ED68EAC7DA1DDBBCDE27C62D182E0BC643
:108A9000F7B50881B0DB591F513207AE2E4716CE0D
:108AA000F523C4C9F30C69B9BC482BF4ED2DF1C111
:108AB00000FF4A05DC342315F1CB2310D904B7F4A9
:108AC000CBD4CD3AF0F2FC2DB64B1C18C8D6F04FE3
:108AD000DFC726BFF094CE4FDF113ED261493FD0B1
:108AE000A5020F98F211E25F2B1709E3FDCFE09E7C
:108AF0000E09D22237C5EB29B3F92740030AAFFF8D
:108B0000F557533509F52534C340551659544D29A9
:108B1000E244BE1F50F7EEFFA3B05D274D9D16B493
:108B2000A640243ED1BABCD3390AE5CB1AE40B3BAC
:108B3000352FADE824C7354D01E2EBF8B00CD83D38
:108B4000F831BD1B183CF31D81CAB1FDCF32AB2CEF
:108B500056BF1BDB4DEACD9CC05D9C188FB848B753
:108B6000060F1DC84C1C5DEB610152DFD4D211DB36
:108B7000D44017A4C605F1E63DF4FF07DEBE425718
:108B800025B8FBF59BBCEA210DCAEE6733FBA2CAF0
:108B9000E0CBBABA6061FDC84724479425E9D3A663
:108BA000B9C3FA98C8D92EFF9AA92A2B0F2C2B12D9
:108BB000FE0CA13DB5AA4EC59837EDE01E22C7B800
:108BC000AF6C16C7EF45418102FFBABB2ADABFA9D5
:108BD00028B9EEC3D298CF48EB4E40E196DA212B6C
:108BE00007FD54B94F4728402E32A129AA0CC9B419
:108BF0003EC136ECDCB7A72FFBCA1E99273C36A432
:108C0000A84D70320BB1061B5E63DEFAB250101B2A
:108C10001245F7A90805E4732906392B33370DD01F
:108C2000D25D249DCC3AD4DAA1EBD650C522AA035A
:108C3000B0C74926BCFEBAB14A1571713B0D2C0074
:108C4000FF20E40450EE36C87FAAF73BCFB4DF41E3
:108C500013383343D3A3582EC8641AA7A108A31C02
:108C6000130714F97D5ABF3AAB09FE223326D6DA30
:108C7000001FCB00A3E5C81407C3A945DBE0E45CF3
:108C800038C4BDB7E71F47425772C5421C3B1A9311
:108C900034C6FA1E498E0FC3133DD1693422AA2669
:108CA0003093D92D2A7FC7EDCB2EB3CCF26FE8BD20
:108CB000E55E362B1A3307DCB53FBF011609C7AA9C
:108CC000FCC653E996DEF50FB364A9D81ABBC9E315
:108CD000B5A34B523035C92F0605F35D6C02365CE7
:108CE000AFCAC046484EE648D5F8AF2ABEDBD1D75A
:108CF00018D3EEC0E94E4654C948AFED953E47F251
:108D0000F443B123CEA40EE70652021F244CD6D65C
:108D10000E09D800F1FD1C309AEECA261F60E6BD90
:108D20004E1BAE48CC427F3C5716B55E41DD9BB62C
:108D3000D4BBCC65A04934DB2EA004577D5D0C006C
:108D400095E24822CAFAFA5717460F249E47F3F9CC
:108D5000A31BE52910A3A82423137008185609F1B2
:108D6000C1F4F2D4B0C31321D326F5C79F3C1150F0
:108D7000428BC8EBA20017A1E3E355690CABF9687D
:108D800052DD0A40BD4647FFB4492A40D18CC7D7BF
:108D9000D9C327C896F7C525FDE7E658D89AC3B1C9
:108DA000F3256651C32203296DCDB39DE34C6A467A
:108DB000E3EAA48BD0D6F271AA7E323EC4CFABFBDD
:108DC0005A1EECE6C76B94A0C192E6BDEA409C0D2A
:108DD000B207CDD4DD30CED22C1EC24E462C01B10E
:108DE000EED381DEB7E4F21BBC44516DCEC96C02F8
:108DF00048DD04B0D1CB8409C23D2EE03B9BB7CA0D
:108E0000BB401DF9419114DB58C2129A4F0AE7EF9B
:108E10002540221635EB4BAEE334C952C7F3D2A03E
:108E20002EE2EBBD02038143F1EAC41111BE3B60A7
:108E3000C72912A7150C4AF929E2B40845442B03A7
:108E4000F33AC62FE1F3EAB2BED3DCE8309CEA364F
:108E5000F619F7B9FBB10D622816B1391099FD2248
:108E6000D6FA0C4EC4D6D22631054CCF41B2A32837
:108E7000DDD6AD302493BE151155ABE431E3A0A28D
:108E8000683427F05C584B17E50FA7AFC707B0BA97
:108E900018B9E21D5EAADFF05CA1C6253740C17794
:108EA000B8764D99D75B292D82CAB3176EA3F60108
:108EB0003B26054B50BC0BFEA6ACE4A3F33CDE0AFC
:108EC00019F93505D9BC6D4C5C0AEADF66320F47EB
:108ED000DAB83D6245620C112B1DE20C7432949994
:108EE000581FF1D7741381B69AF1C66F3EB0B6B869
:108EF000288D58CFAEE1A905C534BEB97C289A1497
:108F0000D2E03AFE41CA3509A912E80627364CF9E3
:108F10002CF0D4B6EA34A1D415072D07BAB3F55313
:108F2000CD58FBD23A1A2F4AA506AFB6E7F5BB4992
:108F3000B32E0CAC444D9406A9380A0E2EDF0ED287
:108F400020D567C638079FB866A5112DDEF5B02E6F
:108F500040B41675961417C9CAEE4D1B7FF9B517A4
:108F6000023103EE552E178BE330EAE6B4FE6404BB
:108F7000C1CEEC90FCAA74194620F8CB24BEFE03A7
:108F800030F145027F5A1CC723133C512FD64FCBDB
:108F9000A2F94D175830E9040E075D3BB247F3F7CD
:108FA00033031ECF4D510D1EEADA00402334130760
:108FB00019C3C245C1B4CFD24CBF110AC6D03B536E
:108FC000D0FE6C2DFEC92CBE10E73D521723E0E702
:108FD000E9432A215729685D5829FB4F1CB534F213
:108FE000C9F90A3D509E48DA685AFB5A0CEF75D20F
:108FF000DAF7D1CF03CB0B9CFF24C0300E13EA3439
:109000001706C12CE6ACD2C540CD3D1A34251FF55C
:10901000290523111ABBFD1D0C09D7FFAF5414CE2F
:10902000D73B5868D7EDE1BBE0B55345D3045BEBC4
:10903000F5FEDAB27F3B4DBED45406C257173E0749
:10904000012405F21A3AD6BD02360ACF965212CC46
:109050009D10F72FBF06184D171C031FC6F34A4972
:10906000EEDFFFDCBC89C6DC16EDC4FB19565937B0
:1090700024E3FCCAD62008AEC8D2CFAF03E34E1F0C
:10908000EAB723760AEC3AAEA1104E70A7C4303787
:109090004BC8F6B27F4AD60AD956274CAEEEB22359
:1090A00046B2C75A3BE25BED38AE2B1B3760017707
:1090B000D210F2E649B2FD54213D019F1970632898
:1090C00028BDF3D05C01214A0A0B214A2F10E3117D
:1090D000BFFFAE6AA334301A5BD63C29DA2A4F4D63
:1090E0005E26F22459071955D3B2233D3F1F42276C
:1090F000BA31251AC8AE0D2CF6A7CAE100C7A409DB
:10910000D3E9144DECB645BEB6A4BC2CCE53D8DD85
:109110009B2013A72AF649D0F00467A1062508BAB8
:109120002124D942CEFF909218A518C8C82BF51655
:109130004023E4CCE8E2B437B0170E054C00E83326
:109140002E17DAE8AF08E3211324F3DC8617B348BF
:109150002EE206DA3BA5CF250940C0E11C24F8DB4E
:1091600075396AF8221F93CE54473B7B54FF35F084
:1091700034818106C335FFBD068A9A3ABA22306629
:1091800022306819AEC4EE609BB7FFFC05AA45DD2E
:1091900023CF1109AFB32E5EC39FDCD9101401C2D7
:1091A000562033BEBD04A330C3EFB94918ADE0F477
:1091B000B91ADD9AD4B6F90E9DB90066D9E32F200D
:1091C0005AE7E543C0FD150DAC44F2302AC4E5A5CD
:1091D00049717F04EBFE3F24420E20C595E94FB054
:1091E0004005D5DE4634C4DAF4D0D7F32C538DCA0B
:1091F00001299CD324C99964251DFF72E1B853F459
:10920000B6CB48E024D8EF241E518CC6D8F8C11440
:1092100055BE20F90AFAA918C6A44DF4E53718B3CB
:10922000D5CDB5D04E4A4911305FDB6027DCAD09A2
:10923000ED5F5AE91A5C56EDE3C533387558AE0454
:10924000D74873EF4B2F110820CCDE3A2B563FFE48
:109250005E18E6D3993EFA00EA150A1DD8D8A5286B
:10926000624002EEE745FB7FF2B88D0507B30F358C
:1092700065E4A7B74732E028EC3793FEC10BBE2068
:109280003A1013C3220930BF4CC601ECEA48F4DBA4
:10929000DEACBD3359DC377F07C6B1E154EE3FB6D3
:1092A0001DDE1C3C562C0D00C83A4833C93CB85D45
:1092B000A519B4A701B8411A3A0539E308CD45D537
:1092C000C2B065DC294ACFFE0A67D9DEF7E7F2E6CD
:1092D000E546FCBCB81F212CB8D2DFFAE9DD6CE210
:1092E0002C16E73FBF95E3A047FA5BF2612909B866
:1092F000E631E8E136EB9F4A3443AD45D5F6D8D99F
:10930000E7FEFBD7E71191A82F632F82F9C660D241
:10931000F8C3034CA6954715380237552AA90628E5
:10932000FC08EA41969F463D12DEF6FE4081B7C733
:10933000031CD001BC2841C2E273B0333DB4D3CD8D
:1093400006D5DFD845B6F5DB24AC3ACACC05132EDA
:10935000D5CB282D9D130D5C13E0E42331B31934D4
:10936000EF3CA11325FFE2E2E34AAE1FE81CEBF954
:10937000B747E7FDAB14D52902D4F9EDE34D289AA0
:10938000B66014B7E2A11C39FD5F49B61F41E50381
:10939000AD500D03535A09912D23EED2F706FB9AD7
:1093A0000614F83F061C129EA0111D3A5BAE6048E1
:1093B00045153E67579FB8AA51FD28CD9F2728BB6A
:1093C000E0EFE7E3BC3F18B5191946980EEDE2EE61
:1093D0000BAC473E06B30A06B031DE0BAE4A4F2E49
:1093E000AC353BC6BFAD262B3F0EF88102C401CE83
:1093F000C98C3011C12D7B1431280340E33A9F23DF
:10940000391F93F6F0DAD712FC1C101B4922F82200
:109410009CE1E640F16EE431AE8E369DC2FBD62C67
:10942000FDEC0783F88FB23A3047AFC558110F0AE9
:10943000CA0CA737DABFFB07BAFF19F7894DD24923
:1094400005EAC32A1A0927C0066DCDD8FA31058866
:10945000C66C7729D02E9212DAE41944053F34B352
:10946000C240C14A2A47624EF8449BC429D1E6C68D
:10947000482EB1170D0C6FB51F7F243949069ABAD3
:10948000C8A6CD2AC2AAD11019402F7D311A7FC893
:109490005FFAE6A6C0B4CA94235C1FBDF6A8D0FA52
:1094A000DB97FDC8E200CAD1ED9230923D22CA0E90
:1094B000BCA107E353C016D55A0C8E5A020BECDA46
:1094C000EDFCAE4440E2520268EBD0ED6ECC834E30
:1094D0005643199FD0593CD2BCDE281234B76CF9E0
:1094E00094DD181814E0E3DFFA02D7AE4220B7C2C9
:1094F000EE2C2AD849E3D260F3173B1BBE1E24187A
:10950000DDDA98234B223E5AD9E12CCD902210BFB0
:10951000C13F81110F6814A39ABE1EC8E2BFF715A0
:10952000289B53FB491B46F72BCA25C1A823C344DC
:1095300022274114D392F5ACC43EB1DCC5F0ED3224
:109540003134149DC55CDCAAC1BA23DC1C3F12D99E
:10955000A865C0493CCCD2F1C7EAE018DA8FCF2722
:10956000CCAAE8B53F382FEDFCEFEAEFF3C3D2C445
:10957000A1952FDE86D41F5573103DA9FCF802DF9C
:109580003E1EBE291100D62FDBAA43D4DF5A02F6B5
:109590002FFD5B3911F80FC8115C9D7AEEE8E1A54B
:1095A000B94DE59E457DE4AF0466B14D53DC4B40BB
:1095B000AF3C4A4C59C44C1710DED02D6B60D81705
:1095C0000F3A0B4FEE892B204ED14A7FFAC4F4C7D5
:1095D000B10DC6CBCBCCB899B84B1D251D6805AFD6
:1095E000E9362E3EED3F6DFD8E26C7264CEF2AE66E
:1095F000B23B37C7C345D8E6F3CCCAE6EBAED30AD5
:10960000C5E7C7C955322744B1A3F02FBB0902DB18
:10961000469333C8FFF4D9A6DFBDFF0E27A7123249
:10962000DDAD0336DFB44061C2DB2BCED9AB652C98
:10963000183F9F25CAF7C8E3E8D094CB1EE30D007E
:109640005D9CCCB55603B003BBF18E923232464AD4
:10965000ABB1020AD5CC0519279890131E7EBA9596
:10966000C39BD92081C13AF920D9925462FE44F6B5
:109670002F61E9E6064B36B42CB6AA54E62BB00AA5
:1096800040E1200573ECB1AB5B55BFA88F1A52C601
:1096900000F51243FC4614C0B2C3BFA868153B9C3A
:1096A0007DFDEE21EA2255D53F61A6E8A108F42808
:1096B000480ACEE60FDA68A97158EF320304141A8B
:1096C000A534B3C0348C2DB61A2042D92E02A7C7B8
:1096D000812DCD4CF6D1EFC60F1EA7E1E0C10E9C47
:1096E000551214F8AEC01FB7F20EBD6CD5AA5CC7F8
:1096F000D1DA1908CDE348513DD83E1726BD9AE985
:109700003C44073E9247F44B23ACFDA20B12F7ED0D
:10971000C3ED3E4253C6E6940CCBF43101DA87190F
:10972000467116C7A8615D46EBBFBFDFFF4C440B17
:10973000E820C4BA2341D9E528B041F02C203AD022
:1097400032F0DCC9CB25C921FF1FFB014A68590152
:10975000F2F28158CBADA6B0F5E644CD28B718BDDE
:10976000F3FE055BF725AD06B7BD2EEA58AE1F0E1A
:109770005D2EF1D656AE5117FE29EB2CBD040C62BE
:10978000DBD839ECEF8C5AE22912D732B7EE08B9A0
:1097900013342AA4383949F8EF5DF8FE01A101C25B
:1097A000C318CAC0BB9EC412BD22D93606F8B4364F
:1097B000F3DC4B0223483A13C83C54B76CE9E53755
:1097C000A90B37D1FBD06026B8AD8F1CBD475B021B
:1097D000FBDD9C531AAA02D70F00BB1EF8DDED007B
:1097E0002738FFB456B5DDA6C2BDB9EEF33C5CCC5C
:1097F000F96330BB594AD9BC7FFB23B507E815E2B2
:10980000426045D19A9FFB9CABB22DD00FEFCEBCEE
:1098100006ABDD9F26CB5E83F9DE8ACF3DC328C42D
:1098200047290BD7A1DA26578BF2D681BCEA96B826
:10983000C30EEB15DA85A9EF922508EFAFE3B84820
:10984000E29DECA0FC9B3F0F30B63F35554C48F1F4
:10985000E0B6D0BA4ACEDBAB3361B91AE8F9631788
:10986000151FF357E6B432A0085F3BAA19C834109D
:10987000F09FB949E05D0D24E95EB1FA973B8BB4E6
:10988000E3435B4B9D367F401220EDB00FB548E3BC
:1098900048292AB3CEF3E2D95AA3311C69F31EDA60
:1098A000FB3BB1EA42E9B750B8934D2C68E27876B9
:1098B00090BF18D7B4B01394764BEBB9250C154173
:1098C0003DF95F14B1C1CC4C5AF29039BA2769B84E
:1098D000CEF610505EE55E374F27E37B5891B462B9
:1098E00007E23B28B34F8642C0A9CBEF311833BB08
:1098F0006A6A2025B024BB9EA6D1F52D3DDF046801
:10990000E2FB634AF3579A5551E5B46051B71EC55F
:1099100017E188DD19168F16CD36F0CDEE0563BB45
:10992000B73A5DDD66066A2D5727C9A8B1F1A4E8EC
:10993000B3F97FCA502CE5C8AF5292E535F6412203
:10994000449383B96000B725081A039EB59FEF556D
:109950002E0E4ED6CF4C3A3CF54B043F1330B82E6A
:1099600051FAF3F9AB13CAF24703292F221A0BB0AD
:10997000F7A160B953AFE24C313125180DDDAC04CD
:10998000D634E7A709DEB049BB60B5FDFEE403317C
:10999000D6EF4616E14137C83AF8FFE73E3DD6CD4F
:1099A000E9501FAC2E81CF31E3D03900C654A21E3E
:1099B0001F09EFE65C29EF5C1DFDFA41E6364CAF6E
:1099C0005A2440EDDD3BDF06A4AEC528B61E145D6B
:1099D000BAFCFD3BCD49D8D4042B0AAB5CA74E0999
:1099E000E038BE0E14F2E247D4FA4EAEFA00EF3081
:1099F000B4064432E834E971CAE0F3C7C30DDD2090
:109A000054814A0F2C4FF44BB83F280CB44C6CAB2C
:109A1000B1FEDBD742FEE8F6482537EED358CB0837
:109A2000DFEFF3D00F3212AA51ECC5DA44F1DEEBCE
:109A300009D09740D9CD1F01F0FAF405A8270E45AB
:109A4000DDBAEEEF0AF6FF615C2C354503210E2CE2
:109A50005EB5B00EE7AB05E13C175AECD5E8D9AFDF
:109A6000CAE6B84CFA5AF4F1B5CFB4F6E247B7D823
:109A700044D5223143C4C42DE210FF6013C2240533
:109A80004B153409C1BED73DD4584B914DC0C3547A
:109A9000A7F4B62CE2FDCEC159BDF310434F5438A4
:109AA000DD9BDC7FE3E2E83FAADF713405952BC044
:109AB000C61BF0FB05A960CDE694328844C96B1E35
:109AC0009CC303C6BD50E32BEBD95E4F6ECA14D2C4
:109AD0001FBEB203FBB6B3C6C99A4DB1BCE300C802
:109AE0000059CF4768CC3DF094E78D5F1A4040386D
:109AF0000BC71FF02C065558D80A4443D144A75D24
:109B0000573B18F842CED95219C0482747D52C3FA9
:109B100023DE3F19F69FDC0BB8B99CF7240DC21C5D
:109B2000E4080855C6A65CA511BF262EDC9B51CAC9
:109B30007F31CE2C5D6E6AF8CBC99E2CC604FA42EA
:109B4000D3A6BF24FDA6EDF4EF5EF74D07992CA731
:109B50002A24DC8105FCE8AB672511CA4264690947
:109B6000D3FCD80E58A74C5F2321A4D944CFC728D3
:109B7000F71B0947B94D1447D708CD9EF2D5B7ABAF
:109B8000B42639BF001FB5EEFEBB07330331AB155A
:109B90000AC51E233802D5C57F58C3C21C03B0CDE9
:109BA0003E5EFDFE1B45D74262B6259E790FBA3B4D
:109BB000DD2B37245BDAD6B7B9D4444EA200C01AE5
:109BC000DDB9FDDC015B43FBCBBA23171AE2C00110
:109BD000E7DE12CE50331CF3D2212CB614E1A610CE
:109BE00025CCD3FC08152B47ACCBADE4CEA0484127
:109BF000FD48490272081F04F4284C30DA0F195549
:109C000006F65C21B622D7F65847CF2B70B5D4E6BE
:109C10007ACBE2C12B3E12CFD32BC2FFEFDC44F94B
:109C2000C7BFF5971149D5E4B8B917F80B4FE13222
:109C3000F3F92271BACA2D2C3EE8CA34B859BDB71F
:109C4000F5F7BE16DE13A415CEEC342AA70C1A15B0
:109C50002EA40FE4FE3C682CAC1EEF5EF5B96D66D9
:109C600052C07FE45A4D9991D05017FB5219BF2C26
:109C70003D016AA3A8E6E4F608F48E45752B27C8D3
:109C8000FC11302A1A50A950C947182212DEA9C562
:109C9000C3AE68C9B3978ED6122FF4CBE59EF2E51A
:109CA000AC7C24B8CCF608BC01F524055F84C0DE8A
:109CB000B03CD36F2540C11B1C1A062F623B0239F2
:109CC0000AEFC3B0A44AE755293298435FA24CD7A4
:109CD000DED32503FF463431CFDE3C53ED5EB5D3F2
:109CE000297A339CD10D654E67E100FB1729E81BEB
:109CF0009F575FF936CF07CA9FFB0B5A672A4F7FE2
:109D0000233C9FAABCC9A146488177FCEA5144B6CE
:109D1000A1644B15D4B4FA3E14EF4A2DC40C4F6520
:109D2000C045620FF2AE240FF1DC2EA9E531A8F197
:109D3000B4F323F5C71D111A27683150DF09DB681A
:109D40002E0557EFE488C1040AF42A636CB41E227E
:109D500018011EA734B4F4CCF52A199AEC6293A822
:109D6000BDBF342E6ED2EAA7EFC8CC4FB303344543
:109D700092FE4F753F36B2EDAB2057E61C2BEB46FB
:109D800040F8C361E95705BC3296B202304A3B65E0
:109D9000D525A8306C31FBF14E58FDF02EB72D5A69
:109DA0003FDC4160FA7FA4046ABA1B2CDB7910CD3A
:109DB000B0E141241ED2EFB51125BDFE4BF7F7CF20
:109DC0003EE7321A39D63E0D13F502D52728D025A5
:109DD000C60B20083BA74A21AC20C2F01A65F2F856
:109DE00022200143FEB6CC9C25620F4644E81BCEE0
:109DF0002AF0AB05D22B1C478D524B58C2AEB8B4DB
:109E000037555DE6402CE846AE37EEADE04CBBB1D1
:109E100024D8015EAFDC26D5A6CF7F07C3383E9994
:109E2000C535F058B02A2C9DB397046B5693C42ABD
:109E300056B15A29DF36EA12C739E8075F3BF9DA2B
:109E4000155D17AFF82EA33E9DB2FA47E6F3F4D79F
:109E5000A09B5ECCFCC6EDB3A2E4CFE0F2DF3F53A3
:109E6000F7F7563B5408FCA059B14DCEA0F6BEF012
:109E7000059D4CF1601EF30D196CE4F3B83F2C9670
:109E8000E0FD27224374571D261C5324FA31E64F68
:109E900016F8000DA9E8E0FBEBD91225F6C0C7B112
:109EA000B39908281E9E7FB42B5F250DF8042C9FC4
:109EB000C310FEF96A1C6F26E250BA46ADDCC12E13
:109EC0006A95D9D71F4452D61449FC1F02A5C4A8CD
:109ED000DEAF2D2086F8FAECD45529FED82D654743
:109EE000C5C5C6D708CE3516C5C4E721C96940D750
:109EF0005C44ADA30EE5ACD793091B08155FB83BD6
:109F00000E063BE9B3F4EA9EA4FEB1F47021BFC98A
:109F1000F738349EDEBDC115393C45EF5C31E99719
:109F2000192F49251CF505D153294622DCBD130400
:109F3000D2EA6BCE1549C31CF81B2F573132E6EF1E
:109F4000B611F8BEC009A3D696F949C739B5B9CC40
:109F5000F3187EBEC2DBAD07A631D14CB33915B8BC
:109F6000DEE5CC262425FCF826C81D51E5D0BF46E9
:109F70002E00FEDD203D2DA434FF8142301037F04D
:109F8000CD261A07C2B90BECDF40DE2736DBFCD04A
:109F9000D313CDD7B3E2EBE7C811F8D2AFF238CD87
:109FA000C2E3E1C64C402C251BD751E977EE3C19A2
:109FB0002D11D6EDB1CEC148E305D758F2FA24A64B
:109FC000D94C4993190EFEE4034CDCFDF0FCE8F497
:109FD0004B394C2CD54E04F12A7FD41003162AD6C7
:109FE0001242033F0FC52DD12F12F0B3CDE3ED1276
:109FF000FF332303EE39DAAADF080FBEF92AF52D65
:10A0000055CD989D151925076FE5E0B8C6A71C50DA
:10A010003EA3F5A92CBED763482B4E7F6309A3DD71
:10A02000FF9706BFC3191649151A0FAE3AAD6F5701
:10A03000430C61885E3998E51A2747DB3E33DE9092
:10A040001216C9AAEA22445A444E929F42A5F143ED
:10A050002D290DDA9503EF3E41A04FFF3A3EEF3A2E
:10A0600090FE2F760933F7E003559B011F492555D4
:10A07000AA84B861426021C94AF909AD10A41B4BFA
:10A0800073DDB41FF9E5E30DF0F6BE48C81BF5C358
:10A0900050F660A4E052ECDC2BB348E90CFBF11362
:10A0A0003DE358D30BE39A254FE1F5F133F4C42394
:10A0B000443DB974501FEED6EAB94D486CD7D2472B
:10A0C000C040F1212BC41EDC8C4EBC26E8FDA1272C
:10A0D0007FDD430CD3E03BB50BB7A3C2C959C9E23E
:10A0E0003EAE0A4DD323D13A1534FCB744794FAD77
:10A0F00017F72DEBC1EB2E31F1BB3B31DDB9FFF88A
:10A1000042FBCFD42BFA21CFF2D224F1323EE12010
:10A11000080B5FB0A6DA594A733AC052D3C78AE037
:10A12000DCAAFCFBD6013FD9BFB0C92A2EB017610B
:10A13000081E96C814E7F5D023639CD6270C25A6E5
:10A140001DA7DFE6232AB320A8CA07472059FAFC37
:10A150004F81E7CF41446CF36A2FFEAF004B4D2790
:10A1600049F80DE2DEE0F9EB139D27DAD3B792B799
:10A17000D62D3920CEE84835BFAFEDC049003FA00D
:10A18000CD19E099C8BACA22B4BEAF246F2CC92D2C
:10A19000A419F0E8D20AFD196B2942B9EBEC43315E
:10A1A0003D022DAADE9119D600B643A5AF233FD2BA
:10A1B0000D1C7C4938E64D7DF0AB360398CAB84497
:10A1C000ADA57F4B87204F14305335F7FAF7C08485
:10A1D000160E0006300606B3CE3401F053EE37B744
:10A1E000542C29F2F13319F3B7D3313DD8E60011DD
:10A1F0002F00492C207CF2191236D9CA1314264A92
:10A20000A907B60738F0F6DE1BCEB241E8EB331CE7
:10A21000602E2357D0B0BE8137E2289BF2AE0AD41D
:10A220003DF7E624ACC6C2A933E132ECF439B250B2
:10A23000CAE5B5E8C9DB2C145F270E40D7435EA200
:10A240005C387158264712C7E40211BC441AA65361
:10A25000F765C52553F13EF9924FE3B545B24DCFB1
:10A26000054CE314AAABE701C59BB13A9E6EA7F17A
:10A270004ECC491746002B1219413E2C64F00FDEDC
:10A28000B16ADFCA2966FDF00D213AEDCFC005B5F0
:10A29000E6F20DC82A406FB10298DAC499F0150BA6
:10A2A000570ED72E81C64EC90BCEC0AFE414CBF3E8
:10A2B000395519D4C72C6422D7002D8FACBBB0D52B
:10A2C00045B9022BC1466813B25542124C1EAEC5A9
:10A2D000AA6D9A2E64CAE15D03B804E3EE31B33986
:10A2E0002D16222B10DEC50CBCD852CCD1B9B4E54A
:10A2F000DFE8391151EB1F14F3BCF4DEB8D102CF03
:10A300009BCDB8E3F759612B61442AE0B39D98C611
:10A31000D8E519FACD3540B7D82A9B0008F471E387
:10A320009F2DB1ACC916940E08E7464303F5E60D20
:10A33000CAB4FB029DD2D5FA075D0225F13809F1B6
:10A34000C7E34FE8ABC1D00A2437EDF759A5F2EFC8
:10A35000633210F2A569323FA218C5DD48FB5735BC
:10A360005A7F44C53AC9F0D499B9692225AB1B2458
:10A370004404C21E3E2E2EBFC897B6F8AAEFEC12B8
:10A380009E25FE0D25066363E294EB23B067AC3790
:10A39000ADE99596C4FDF29BB0A533B6723DEE10C3
:10A3A000AD4BED2D013043FB2BDD409FD11AA5D9DC
:10A3B000C53C6F60FD2725432EF0594F2AA0338BF3
:10A3C0005DC1C725A4CF41D8FA5CBC25EA1F59BBA3
:10A3D00046556854B4436E439A9BA8A8C3C3A8A625
:10A3E0007FCD286C59A7C4B2E5C6607D3B3BAAD798
:10A3F000632E8A51D65846D83B2B774BFF27B45350
:10A40000EBE03DFC2709E3F9D0DAECF8FCCEE41DE3
:10A410001210B0DB3D34ED3433DEF14D450E41CD4D
:10A4200000DD2BEDEE3D32EAE116FDD002F435F50C
:10A43000F221F736F71FDEE07FBFD7170644F6E1BB
:10A4400031EDCF12E5F034ECF22B1A14D5F01A39B5
:10A45000CEC94D0F1F051417DD52E8D9FEB0FCC65A
:10A4600050FFC5383D091A2104D4D232DFD511EA94
:10A47000BA0CF028E4CEF9DB2FF128EB1CF440B63F
:10A48000C5909DED663602AA4AB0C50F34BAA23A0D
:10A4900054BDF7FFFA30ECBC744FE03D0193F43546
:10A4A000DA61E1599DC67127384423A1C4E83C2CE8
:10A4B00039C50DA209E9C63E434400DDA85A3C3027
:10A4C00041813A372A20C07338CC4EEC02CC2ADFC7
:10A4D000CAA688470E08F02D1F3A5CBDBC26B5BA47
:10A4E0003EE3BB75BCE69616D48F2001052BEAA986
:10A4F000F43A37F53BF21758933DF7D6D132AFB760
:10A500001F9AD63F9FDDC3FCC6E1F6F6E3E5394668
:10A51000222BE19D9DBCEBEECAACD1F3DED3232E02
:10A520001B0326B8FAEF0FB8C7B753AB45D73A5459
:10A5300009810B0806C8623AD4D29700F7025AEF95
:10A54000F96F10AA202818AC4045077401B7DFF551
:10A55000A83B5612FAADCDA853F4B25BE0232A50C3
:10A56000F81E0FC8EDD81D25BD44E79DE3E7D506CD
:10A570004FF3CE93104BD8E7075A00A1B2662705D8
:10A580009C2E01F7F4032EE916D7114736FAD23282
:10A59000B71E3639BF303A642DADFD17483F1FC98D
:10A5A0003BF127E2C2E90AA0643F020730435B2681
:10A5B0003C9E9EFAEC0A2AB5BE1DDB02AE6E7D17EC
:10A5C0006C4117BE27AAA8F46F2DDC142598AFCFD5
:10A5D000E0DBF7D9B548A5E5BACFDD20385AD52458
:10A5E00067DBEDBFF957B19F38DEA5BF31C9CB2678
:10A5F0009636CB674C0BB9F07F260E50FD0FFDBA97
:10A600009DD41D2CEB8EE2E308F04DE50BF831FCF8
:10A61000FBE8B1A21B64CCEDFF25CEEF2A9D2FB342
:10A620003B5AAA2FDA207045F0091C81204AD34AF0
:10A6300039B104D0710AF4311B948365F00E2FAE4A
:10A6400020A58547656BD8FE74430531BE70132A7B
:10A65000D95340AB7300280445A62FF20D986E0F16
:10A6600038ABF694A6C2D7D666D156AF50C8CA3317
:10A67000A59FF251333C73AF522D25A3D74F2CEB3E
:10A680003BFF559DF969C1F173270EE91CB426778C
:10A69000C6A8AAA6BDAA325382CC54B5813C33E4E5
:10A6A00013F6E6314FC828E608CE412833ABA1386F
:10A6B0004C1A49C6D2136DB1C0BE3DCAC825EB883D
:10A6C0002E7362C5B14539E1F7473D7B0F4FC83462
:10A6D00052379E05F41CC34056C389B4531A43E64F
:10A6E000B8212CB8D46B1E44EC6365E3EFDDBD2BC1
:10A6F0002EA02527AB209773A4999762D5C22B195A
:10A700000032F3B9291C98CABCEF370725C1D02BFA
:10A71000976A51E94C233C9C53BD6E07F7491ED5FF
:10A72000F8083B132D24B9042C1BECAB4CFB00DCCC
:10A73000E6093B596C81DD00EF19BD780405BEEEDA
:10A74000029248E52643F18BE5DA9E1A533B69CB2A
:10A750000C4F169B6FDA23CEC0955A983B1DD51827
:10A76000ECFAB1DDAB33E744BAFA4EEA601FF352BC
:10A77000099F18A6D74FCD8C5EE23EC609493D41E0
:10A780005316A60D3D0575BC03F1EA3670904F23B4
:10A79000ACDC2E03E844EF4AD4143D499B2F4BDB3D
:10A7A00070EE9F01024C530739462EA39F1D96AFB2
:10A7B00025575C1E9720B5E9CF9E39BAC83C3FA308
:10A7C000D54D1E209CB3374577663858C7E2DCEA82
:10A7D000F604A1FB45AE25C5BA1ACA510DCFCAC4AD
:10A7E000BBD670EDC7FBFA81B4D0CC4A650CED2B1B
:10A7F0002EAE2F526C2B098BBF2E0BB4F5011AC94C
:10A800007026F438B8D9278859BC0699EC5803D675
:10A81000D1DC7F30121306E12458E42EDDBD2FF485
:10A820001D3A28320EECB6D74A0A16132FA60F90FF
:10A83000216B1BDAD3F43075B661E40540316A440C
:10A84000FAC3D0F4C144B174A4465B285497E8B16C
:10A850005E39CEF626D708670BCDC2A2D8035EFDBF
:10A86000351D26C862F71C96BC92076E2D91C9074C
:10A87000470FA92AFEDE54C317DEFEB4E913B6540F
:10A88000A5054BCD3814E954FC9B911ECBF673CF34
:10A89000EE701DED549FB2BCC347061835A2DA1CFA
:10A8A0002B45E3B31966CCF8A15F38047610F1614B
:10A8B000E1B4F734C8E2015EDBF3DA9CB9EE81F96A
:10A8C000D63FD81567D0C1002EBC14F227A8E3618B
:10A8D000A6CA0DAB9112C456437C48FFA226EDFADE
:10A8E00002333CCDD22F1CE6F54F1A3136191A210E
:10A8F0003FDF3231700430B8BFB8DEA72FF9533CC8
:10A9000073C6C63E31C03FAA044F0F259E4F2AC6CC
:10A91000B63ACBF0BB4F15E6B8A8E0ED246DEBC31B
:10A92000BF0FE3F62F0CC610C80653C43101C24155
:10A9300019473EB62B2CE63A2BE9E51F4937AC60A8
:10A9400026AFE148C7B04D1A162F27F2A84B12C008
:10A95000FE29F0F2AB1824C0FFC6171CC626CE5243
:10A9600034D932E90EAD0F36CCBDC2505EF3944FF0
:10A97000AC63045ECB090F6F20DC327FB7EB59EB81
:10A980002CC21A3C67C9D32904FB3439B8B1A60CD0
:10A990001AA8F94FE7F0AADFF23D4B1C07010002AD
:10A9A000036737C9FEFF94E322FB19BB4881EA2DF8
:10A9B000171AE0F7D0F6F43D24E20FF85136C7231A
:10A9C00055EA2A2449A8030AE70AFA19E82F4CA1F4
:10A9D000EDA250E2BD3DD1DFE3DD13D03C3DAA291D
:10A9E0005537D0FFC92AF649DC62218E0C37A1DE2B
:10A9F00027E852B9E912583D8B4E4E07D511B21FC8
:10AA0000E69F2C364DB69D1C3E56D63A17441C4B3D
:10AA100064C4D32D13473DB30339A471D3172A500F
:10AA200054DA20BC0966F44B93B2C550AC480F34DD
:10AA3000EAD7574B22BD82A04F06672E32D983F04A
:10AA4000BABEB6F30CB5C34CC7695DFDCEC820E3F2
:10AA5000A77CCA3647614ADF5D68A96154C0D07FD0
:10AA6000B6EC10C825549EE6D235E818ABC9441B95
:10AA70004097B7E9BCB6706EB15128480F8B377F4D
:10AA80002162DC044422C4D002EEF3EC0860E10E43
:10AA900040AFF1B0D03A4FF4434011EC13F24EF214
:10AAA00020FC25E92D44A1C025F2CC1DD7F611F9D3
:10AAB000CCC9EEDA25F5FF44E1E7A80D49180A39BB
:10AAC000D5F3F90A02F90DC0B7C123FFF55E49D2EB
:10AAD000F8B4C3BF1D3B2AECB725C0CEE71F0BC996
:10AAE000CBC506A705E53925E22BEC37F4A631C422
:10AAF0007FE34EED1AE1D414D63E17D02FF7ACEF1A
:10AB000018AAC43CD7B6196B2DA243A6594A4B26A6
:10AB10004FB7ABCDCA0CDEFD376C4B64E9303A6AF7
:10AB2000E992CE9D51535B6AA04617B34EEDF27287
:10AB30005043DE090C5F18D75133B146E52075F953
:10AB400017D4A326C55FC35872A211191C203B530A
:10AB5000CAC03403C8E62E5BECBFAFEBD6BABCACC0
:10AB6000F160D53049F51C5DCB7F5BB63F20CBD97A
:10AB70000CE0822E8B0257BB3AD6A64333946AA6CA
:10AB8000CCAC1660A92B69E707243B88F9CC423A84
:10AB900009E9D7C4C34A4C840846553300A2CA66A3
:10ABA0001BD44D12D0C69809FD61B022D3F225F412
:10ABB000BD75AEE00FD646A52E995AAA3C27365D44
:10ABC000AD81C9E0E74949B1445351E0DDC13FF7E8
:10ABD0002589205858ABD8D5BFE80A4CF0F29E0022
:10ABE0002D294535FA9BC251E951393F0A64D5B741
:10ABF00032BFA9450B682AD82A4DAC0B5D92536F22
:10AC000056E82A2A3492FB07B4CD5AE5BC44D54E07
:10AC10002E276EA247DCAA7C28A217D91C6C6BC514
:10AC20001C47F2610B32DBDA7F19BF2720B877E1CE
:10AC3000519A461910F8FE3B4F0B49CDB2B3EBFFCA
:10AC4000D0391F0E6008E4E436D2B9BF76C4A7D865
:10AC50004D4A465C3E5702241F954F605B1FE73B01
:10AC6000A7EAA34DE9B313321A43560224F137A9D8
:10AC700005B52CD0C8EDBCEBF5EB1F2850B0C8A82B
:10AC8000081E592DA31AAF21279114AB3CF4CFFB1A
:10AC90002A4DB5047FA3A384DAB2DFE4289469E7E0
:10ACA000CD764BF820629A2B3938B0BFD5A63EB886
:10ACB0000204FA16E1BA89B649EBE98A522B69CD4A
:10ACC0004E1432BA04BB01183E41DE333B084C97A8
:10ACD00054D5A1054F55DD698C2AD7C4706B401F30
:10ACE0001DDC66DA3E6657A908FFFE58FEBBC30EA0
:10ACF00072A74352EED1F94A4BE7C2009E97245601
:10AD0000DA122703C4CC51E1B4CC5303E843AFB407
:10AD1000BFF7F6F33AB3D30E4124F21C1DD6FA5016
:10AD2000DAD2E7F7D735AE1C3BC8CDEA43094D422E
:10AD3000316BED4E1AC8CB3107CE1E3ECBB862A4A4
:10AD4000C8281AC1E89F244DA4CD9B7F096B3EE122
:10AD5000C8E5F4FB46A1535BC5E7FDA8D5F5D15B7B
:10AD6000D70154AC3CEC21D0560A3E11DCB322B7DB
:10AD700001DC25E759F81E48A40528B8CCB3B2E891
:10AD8000C75844FC6755FE16F046AAB8A5ED30DC5E
:10AD9000A560445136A30B3140D8F65FF805385909
:10ADA0009FEFA1D960823B5CFA24441DECF7F4CC00
:10ADB000DEC1EFD5012FADB33B3322DB074021B31A
:10ADC000B46554FC6CB89C3463F9CF0B923BFA54D5
:10ADD0001BC7A95FAAAFCF5DF8FDB8BCE476C4BFBE
:10ADE00046E0706628222E5924CD5EF71A292815D0
:10ADF000EE8107B0C1C58935F48C2A91F0C206FEF8
:10AE0000E8F9A434B90A43158CF1303E4AFE1834EF
:10AE1000A6A341F3BF13EEE2055FE8DF12F6420C92
:10AE200034D5F34CA4C253094AFDEC384640FB2507
:10AE3000DED935C24925F600D034DF5F1DDCE4429F
:10AE4000182FAE0F95A61E07C4E1192FF059EF4732
:10AE5000EB38F2D193CB45275BC9650BDE58B92A95
:10AE600051F2DF29E9B37F4D22D41FF33B6468DB45
:10AE70000846E249399E096DC82BEFEC53BC2A32D3
:10AE8000CDAD3ABD47D82D3F35D0FAEDEB4CC8BD1E
:10AE900023462FECE1C4BF1DFCEBD1F924A024E62E
:10AEA000D9ECCCC72E4019FAFF34EDBB09C8D8F64F
:10AEB00062F5EEF627EE0DC1C94AE60B37BB124A22
:10AEC0004E15410200BE207F56D118C4BD35F91F72
:10AED000394A103233D961E60D2500B731E2F1135A
:10AEE0002706E62D21F741D23CFBCA533F3C05E043
:10AEF000EB26194FF0C0D2C4A82EA3382312BDFFF1
:10AF000001A9BAED310D92C6A33D07F14FF404BB80
:10AF1000EDDAD9D63C5C290EFEA89C0957E4FCA2C8
:10AF200013B5DBD4EBE6660B1E8103E3F2C6BFBAB2
:10AF3000F628B8A15A322F6F0002F8F73B1E9E2B5D
:10AF400030E0090ABB2339C19D1EE7F2065AC7B09B
:10AF500038CD5A08342C6FD7F2D83ADC3EE7BDF52D
:10AF600023C4F2C4E23E2FFC40D2D3A61220A20496
:10AF700027DB45D446B2D40F4CC0CF01333817FF7E
:10AF8000C35956143E042D583BE2AB15430413FD40
:10AF9000EEBC1955F1D23BA9AC8206BEE70108A66A
:10AFA000C32F1D08DCC5AEF813ABFB05CBD8D2C947
:10AFB0002F444CD9F6D8A27FE9C2C3CEB1F83CD613
:10AFC000E33B483B0241FA3A1C1A49CD40C8ED2DFB
:10AFD00003EAB351C0E3E86CD6BDF62CC19C24D67D
:10AFE000C5F0AD46DFFF45C52BE5A2BB0111A81397
:10AFF000C959E51BAF4320235E25293A23C5DFF756
:10B00000B6D0ED67F9AEB8D7250D3E545144165968
:10B0100047CA06144A65AF62ED53E7EA5B618C40AC
:10B02000E05118A1702D4ACD2B0FAD41AF729B9A04
:10B03000D2FD240D0FE3C60BB42144FFD48819D7E9
:10B040005DAB365A0E4A14A6DCA545E4544B2AC41F
:10B05000F845000814813208D9B0ECF95BB33A5DC9
:10B06000F35A4C5FDA28FA46C113323701F7B5C9F3
:10B07000EEB65ABC58E8F601E73108531757B152FB
:10B0800040E6114AEEA8D0D7C43CE3BACCD21DBCEE
:10B09000A9D71FDED452120DD5C8FDB7FBFAD9A629
:10B0A0000CBD0E1AD6F2D3BEEF21A34A3621121AD6
:10B0B0000462692D40E412FAC31EEDEEA1D57FB7FC
:10B0C000B6411B53F7F4085BDCCB42163B0A47B989
:10B0D000F102531726C0D94F0A54D119C453FC2A80
:10B0E000F6D6C5E40230E0A917D0DB50460AE915D0
:10B0F00053B80710C10FDD0BE216362247C92F4A9D
:10B10000DBF2CCCD24C9E9F3FFC52AB5E666EE4CE7
:10B11000A3D1E51103D0B144812EE2D5EB00E19F2C
:10B12000FBFE21380F31F7FE2BFD4EB5E2BDE147A6
:10B13000BB1EB9C34DD13B12F7E7D29BDB0FB8CF93
:10B14000AED6FA0B1C5222BBF7C4060B0B0B99FAB6
:10B150002DEDD01CA6624FF9263643B15CD6E00A2D
:10B16000DEDF5BD9134CE83D6E0A5F5C08EB1CE246
:10B17000AD34B4E205BC18C91CEBC202D7CC32B85E
:10B18000D0B14A5712051BC29E253E6F32AD2E0824
:10B190005EE94D0240DEDFFCED390C2CB0A0384CEE
:10B1A0002670BECC4ECEA3811E0175294BB4D2327F
:10B1B000A0434557512BBF0DE028EAF5F301B172CA
:10B1C0000325C8E0B0021FA40BA3C3335FA1FB0D8E
:10B1D00022DD5712CF58352F18AD4504D8EC2D027B
:10B1E000F7211C2D40E2FAB01407B8D9D2B4B6F456
:10B1F0003A303040C0C5010C36BEBC00FCAB11E299
:10B20000C9BF37EF3149DB1A199E425DFFFECF20DF
:10B2100016E902FF3150D6B92B59CD2036B92F4F40
:10B2200009FDEE0CFDD028D60FCFCDFF2EE6FF1E78
:10B2300029CF205CCCFCC1F4D405F22F13A923C282
:10B24000AF47D737D0DCD53525B635F405D7F81E4E
:10B250002AFB1F5CE44201F121D818B6E5EB1D176B
:10B2600019AAF0A4340BD9CC031E18C1431730B26D
:10B2700019BDBCD05575CA4C7F235347269EFDDEB1
:10B28000293DC6EDBA2C31522D29651EEDD6FE6D35
:10B290001D575ED24BEAC83828966607D104D1CD37
:10B2A0008343C0EA3BA0DE00AF7FDEF91E190948E8
:10B2B0006EF84B09C4F35B554FBA4DC5B830A409BD
:10B2C000161FB5A85A10456EF07417CAE1C49C62E7
:10B2D0006BC30E6BB4A19F39F4CCB3D73305FB3AE3
:10B2E0007920C4153CE4F3436237F50A9D573E9D2F
:10B2F0002B53A4401EE3C8DBAD3ADE9D9B5BE5ED1E
:10B30000B154C23CE79DD9D3B6B0B361BEEF32B8F9
:10B31000EAB5F341ABA4F6D9EFEEB0ABDBFBE6AA9E
:10B32000EAAC262E57B7C253D0E615D3EBC545E499
:10B3300062E969DB0CEDDDEEF4217FA130E76ED62A
:10B34000360D922D4F6AF34C9D1EBF922734121B6F
:10B350008CF4DF590F1DE5F9BAAE18F6153E2AE355
:10B36000A648132CB9D34D3C15AE13B0162D0A3197
:10B37000078F39BA1426E6EA110113C057B3A7277D
:10B38000D59E3DB0623F724CD1DA406EFD3F6AF609
:10B390002D3FCA0FFABD4B37E6A7BFF7C7E04DDD1B
:10B3A000D8D110E3B0CB1328FD59D533ECDD81D8CB
:10B3B0001900C12D2BF8414B5DAFD1CB1486CF10B6
:10B3C000B3433AE81DF521D4771F8FABDECBE133D1
:10B3D0004B0E07F6E64709C1FACE16035633E002D4
:10B3E000EA3D6C2BBD4F4529D1CDD349211AF4ED4F
:10B3F000AC3F7EBDBE51965D163D0F0885F4976F3C
:10B40000AE3F81CC3B1CEF17CB5011D561E9DFAFCC
:10B410005217E8C147EACABC06342C3ED6FEDE68A5
:10B42000082F1547CF0D321D9AD7E691B327BA05DD
:10B430006C64ED43920F139FC0E3B3F23DE004FE52
:10B44000C3D87B3562DCC07276E31011C3EE2BAA41
:10B4500051793E31F6F2BE1BD06BDD52B0C95AF8BD
:10B46000CC49D9853065BE47662EAD3FBCD8784DF6
:10B4700028CD13FCB90B035B31FFBA7DF8FE1BC965
:10B48000B063D2C7CAE9142249293E2FC5999BA2AD
:10B49000F2652405ADFB65FE904AFECA48EFD7F27F
:10B4A000690A33AF11E147921263DBC3EAF0B99F37
:10B4B000075246E19D2EC6A4CBD65EC327D95A5368
:10B4C000FE23E51AE52FE5B000EC9B8FBE52443316
:10B4D000E2DE38549C3AA23814A60B156FDDCDFB82
:10B4E00081145BF8E1299238FD02C1ABBA1ADB4343
:10B4F000AFF323D2B2F3F0F114D459725EC2873C99
:10B500004D6325C2512406A63AEBE551E21B244CBB
:10B51000E0283E8F10C4E314532EFED8B553CB362B
:10B52000C4B7A7A2FF1360201BEFF53EF3E8E129A3
:10B53000E810A41AB40F42B806FFBB42D024C522BB
:10B5400025B6DAAAAFFB32F33FDBCAC2CA2A071517
:10B55000565D1E4D5FEC360A0E020311576A2DE947
:10B5600040C6F37FF8EEBF46C3C3362C3A5BA06FEC
:10B57000042EA247C2106C4C4551E750D4CB382E54
:10B5800029A3B2ED336004FBD5F75A2802BF260287
:10B5900023DECA5CDFDD63C8478A1CD20EE9BF53D5
:10B5A0000F09EACE3435CD5234CF44660F9B08A83C
:10B5B000244F4B1453033D45F7367FDB1DCC0AC89F
:10B5C000BF16126035E9CC903154F31564070802B8
:10B5D00077BD8DC45615B4FAB80A5BDDCFB8A41D8B
:10B5E0000AD32BE1642210FF223A41A0011BC68836
:10B5F000499F33A016BA564845F8CDF5C6B2CAA839
:10B600001109C10430C748FB0BDA5A01103AF6D7CA
:10B610002D2DCDFB3E2D2637BFB0280C6D3FF9D622
:10B62000175C20B1AD3827B6E5046ADE3104070F98
:10B63000A742167FCC08AC173A204DFDF10314FB4E
:10B640004F33A28A382E5EE86423EFBAEAD75FF65A
:10B65000D5F8CF5613440C891047D64FD7073BC7B0
:10B660000A611241D8D0ADF3DC37C528D0AADE0478
:10B67000651CFBC0F83A2512F4FFE364C83630F7C6
:10B680001530C79CC0B9350EDC31F4B31937B9A6F3
:10B69000DDE7ACD8A1EE5AC001EC1D2249E5CEF998
:10B6A000BF0AB7FADFF334C91B3AABC59BBDF9FB40
:10B6B000491AA129C804129344D3D4DE0436C6FC27
:10B6C00021E116B2D5D9E3DE0E3C1E083410A802E3
:10B6D000F1AD7A2730810531D1F326F0C5E496DF4C
:10B6E000224B71D14D3707F05D683E92ACD3279461
:10B6F000105824B069AA09F22DF0CB43D45C949978
:10B70000AB1DD32C95EDF875BCCCFE11BEDC9CF1C5
:10B710004A52C0656406923DC43D2FEEB55EF810F6
:10B720001663F1F55C250B66D52564EB2B3887ACE9
:10B73000E0B6CA2B88DC03E555542EF865AE250229
:10B7400046F948094FBAB31EDEAB47650AF5120A3F
:10B750000BC58B1014E5D8D54EF33C284606872C34
:10B76000287F46F3D34DA2DEB32E005C2B1BD7F708
:10B77000ECE33BC7371146A9C4FB54F738A10FCF00
:10B7800048A443F0F0042CE902BEDD0E223D2A4B12
:10B79000383A9A02E1BC23BA8D2F0BF55E2FD110F7
:10B7A000E9034324D2DA1CDCD80F371A44EB1BB46C
:10B7B000F1E6E524B6EA39C01F92EDE9F3C433B9E6
:10B7C0001D15230433DF0516ADDFC1B60E074C048B
:10B7D00047ADE1550532CA3BD9315A22113C815758
:10B7E0000F4D3231D548C4CDF72BDEF3D81D314E85
:10B7F000016EE723F93D1CDCDD1C21DFFCE9BB26E3
:10B8000076E4128271C9BD81E4CCD05805E60649C0
:10B81000E15CE0A8CF16CECFAF89124AE29E96082F
:10B82000CDC9382A6FFDE4D7E69FBEBD40E0AEEE3D
:10B83000F797BE6097BCB3AA2AB86C19D00A5023F8
:10B84000935369BB44E35055F1FAB5DC10D3EE5481
:10B8500062BCB65E684B3D5AC910283913579DB873
:10B86000C830BDF89E5C72BCCA5C1E52C7D77D5200
:10B8700010DEDD242C10BBF1DFA314C397C017C466
:10B8800052A562FFC3089BBCC03EB3450258C60424
:10B89000F541CC9BCD40479F23059C0940B2D8B1D0
:10B8A00056D4CFF754EC30D0D6194B1D1D3E45561B
:10B8B000BE6C9F632B152140309D38432AB1A0CA2E
:10B8C000D6093901C22CB4E4FB21A9EFC8110252F8
:10B8D000EA1145A707BF14C91CC6E526A1042B0819
:10B8E000F30C72E216A61D0DE2DA6BE653FEF3AC22
:10B8F000C1D4B741AC7FD64558E0472CA005BEC1A6
:10B9000020A5EFFAF30EF830A0CCFE640FD2D39F3F
:10B91000A32A974BFBDDB954B262E00840543818B3
:10B92000DEF81715DF4ACCCB65F40B22B7E6D984D5
:10B930001CEB441AE07F47EBBDB5E424DA1F03B0EB
:10B9400000D80701C1FE33BF467B9EDF256D3A421A
:10B9500066125CC6E0FC091BC71BF7162D0FD54607
:10B96000CAF13625CE03425EDB26F8A7BC11EC29CE
:10B97000A46803484F132B46F5ABF19AD42B4C4DDA
:10B9800040F6B8E91BE9C8C0F32A5230522C3355AF
:10B990006ABB7608BFC42BBDEA899BF897E5D6043D
:10B9A0007F76B223BCC701B56D3DF348B95B4D52FC
:10B9B000CEE8F2B327F9468B10917E287BB51C3177
:10B9C00091A6F10B25525417EE513B7B5DCA31BA5B
:10B9D000892DCBDFB3AFB370EBF2C3A95BABD3421E
:10B9E000172F3EB7F6CA2A1CAB3CAC64D6A129E39C
:10B9F000D5F571AF3A2FE79C4A95E665D5D0112A67
:10BA000008972729A05BEF0654B0E5C0C729A8F521
:10BA1000362F6DA43C821A194D26C1EF2470A0CA9E
:10BA200055360F3BED4AF0E7ACB324AF8183FB4AB8
:10BA300028CE4CC432E444C69C523AF6BB6551173A
:10BA400025B9B96CF0215CD040C64C064122AFB498
:10BA500054A4CD9E9DBB11E8B52235D06B2359C8A7
:10BA60003CD9BBD9502767F1EB4407D91A38DF78A6
:10BA70003E010B52DB1E73CA1755D229B6E133CCF7
:10BA8000CC10FA8524A0B2F94C60584C283B813187
:10BA900066F8C338EFD3F22DDAA336B4F811CB48E9
:10BAA000103CFCFDEDE36F081D04FF4E745EFFEBE0
:10BAB000A8FC3A1215B111602304370E6B7483FC95
:10BAC000E9F5EA4D3D90A4FF01BD3BB239BF185ED8
:10BAD00031F9A5D60FF6DC4AD5F620D92F9945F6CF
:10BAE000D2A31BA558C658D2F0EEC1CAD59B0AE70F
:10BAF000A36D12BEAC72901E52275CD94E1A02D3AF
:10BB00003E4B1C34239F11FFAF0DACC12CCBC4E1C5
:10BB1000D165C33627DBBDCE97A7C3E2E1DA6AC49D
:10BB2000B51E2A3A0A0BCC08CEEABE4810C5EE2054
:10BB30003FE4FEA0C5CCB09451E2B5ABFDF2F5BF39
:10BB4000E9F00DE1F0C1A8EC61B5FBD1C7DA37E14E
:10BB500035F7E9E2F55EFA66AE18AB9E82BC02BB31
:10BB6000819ACA07C326AB8E1A2EE2671706DBE15D
:10BB70009F3AADCDD90103EDB6F24D248B0229AB2E
:10BB8000DBC34D314D19CB47C4CA34EE14EB4345EA
:10BB90004128B451A16976B2FFE53356F5D152EE92
:10BBA000BC0D6EEA53AA05A2A1DD2BF9EC9A6E56E4
:10BBB000CBCDD81AF016391D30BD73BF6400E1CF6C
:10BBC000C44DDE16E7DE1F08967B257FA242FA668B
:10BBD000F21D2F1EE711E9C41AB2F502C30CB024FE
:10BBE000C7483FC74C1FF011632D52040CADC98BE1
:10BBF0004306E4F939CCF7D82DD9AE36F0A0E8AE3B
:10BC0000B4C2581869DF151A63B82C35C333CCF2A7
:10BC1000CD29B8D8CD60F029A0D4CC022DD73F4093
:10BC2000F4DDCAD2FB5815AF23B7901BC3FA481EE8
:10BC3000E4380668F221DDEB31BC520F9FDBE16D89
:10BC400018339B19D03DE9B4C1C6B9E303F72125E8
:10BC5000173308CCDB045D97C3F69EB59C8BE41CC0
:10BC600081600DE24927025626E431D61CDD509E44
:10BC7000F4AAE71523F55E00444E35B5EE282F40B3
:10BC8000FAFB3FE93E332E19A659AA3A27140BB600
:10BC90004BB2CF5CD4532DFEC047394E701BB51B41
:10BCA0009632E108DC2C34D191430C2E0F16A2BF42
:10BCB000C2F8E0F410CFB2DFDE64D920214008F7EB
:10BCC000F9B2CB495CA4B1E5C08FBBC41ED25441CC
:10BCD0002AC828DE071822012C81E3B920349CD61B
:10BCE000AE07CCF7EF320154C694E9C5B22ABD9A2B
:10BCF0003FF3A99FC976514545DD03135364563A76
:10BD000018FC49343216BD9ECACCD0DC4E4DB91C4D
:10BD10005C6FBFFD2FF1BC5C2E383136B6220017A8
:10BD2000C0AE4A0453FB0F819345B1246A49345D88
:10BD3000EF430BB3D5C70C551333A7F7FD1911E526
:10BD4000E537C3DAB04BF567F6C9C7A912589ED1DB
:10BD500038B425EB4FA3933BE15FD5F7F52619B037
:10BD6000A6323D23FD3FF7BEA9A3E12EE1364F4D9C
:10BD7000B7114BF0CEF72FB62F274956AAF4123938
:10BD8000B33F990C6CC60450BBDCD0214C34B2E5F7
:10BD9000192CAC5D99AA1F4FD5C44C9E270D170BCB
:10BDA000513638DAAB352BB443CEEBC57F92C55D47
:10BDB0003EC2A808D1B500B6B4BC5652C36BEDBCA8
:10BDC000355044FA93C73DEF40E8CEFD96F2CE3AA7
:10BDD00006C6E0ADA02F9EC85C7C27CF380A89AF8D
:10BDE000D94CDBA71764622BC0B65F20C61AD29865
:10BDF0001F32FA5C14B41C9F2DEDE36407153EE975
:10BE0000F0EE33BBEDCB56C118B535006619541BA7
:10BE10001ECB34B2F6AAF8941AB8D0F3D0CE03DD14
:10BE2000E5DCC643BFA8140B2F033BC1D5C11629BF
:10BE300005DEF34281E31F101EF4A9F91130E4FE80
:10BE4000FE2E2402EACF34F9DFC6C8BC0199E6F41D
:10BE5000F2032AC536F3E839D42939BA99A22CC994
:10BE6000434D0818D2ADD2F25440D5B7F618F79C1E
:10BE7000E020C6BB1DB2EDBEB93FFEC6963C2DDC30
:10BE800031DC21E68869F03003B8559CC0D3F291CB
:10BE9000ECE0CAA3648CBB082964FCEFA71EA92EA2
:10BEA0005D9CDB9D1B4A3E2E6AF76ED66D274C8E3D
:10BEB000D22CC3AE50D19A240EBFCDBD35FDE0BF0C
:10BEC000CB4A8ECFA42AEDA4E75234F15BE905E416
:10BED000D3FBD7C2EA2F59434EDD121B7D4B22B84C
:10BEE000957624F04D8C3B51AFFFBF0A31DCFB67E8
:10BEF0001270F50C4B9EDDAD81F620DAEC420E8F10
:10BF0000F7C6432C1EC664121D430ECE1891ACDF3B
:10BF100024036DCDF5C2E3FFA25C665EC342DA3254
:10BF2000F4539E5EF4A85170E8CACFCF0FB12F0D25
:10BF3000F45E0BFFA5A31B40A01444A5DE1D1D1B32
:10BF40002915564BF7F168494259D95AE4EE360B98
:10BF5000CFB2EA6D395A36F2994CCE58B8E84CD780
:10BF6000204012C73D5AAA41484B367FF83F4A1835
:10BF700005FBFEC85B27554CB63C1672D4E927AFCB
:10BF800061B2B212C14256D3F6F5470639102AD42F
:10BF9000421A36C3FA49CEB85810A0510FC5BA3765
:10BFA000AD38BDEEDADBE809B429DDD914B4310CC3
:10BFB000393007FAEC36E211E3C95BCE0625DF0D16
:10BFC000003BE44514D5D13DEB12F45631D8FFCCFB
:10BFD00044D3E0FB05DBFEB1FD3B524BF21CF2FC0F
:10BFE0003366AFF319240EFF7FE6F3C8CE504DC67B
:10BFF0005557F8181104A06CFEC5FB30D1FBE4C8FE
:10C000004BC1A8DCCB671950ECE02310AE1A0C042E
:10C01000ADED23B4081AD0C622BF2C2DDF28F11CA9
:10C02000C3A735BB12E7C52C4032057F4DB7B1D150
:10C03000B25C201BCB53026EE0D3CB3EA42DE92291
:10C04000A2A36DB3BAEEFAC35D04CA25C714D838EB
:10C05000A2243730E2E100C0B7FBB809DF9CEEFD57
:10C06000A96D03A3382AEEE34B1CFBA7AED3F6C0A1
:10C070003D9CCE4FCE3D0BB8A0033ECF4C5036C5B5
:10C08000D81BB30D8154116DECA098E8E3590F67EC
:10C090009A56D918F9DDEDB054DB0CEA263B8A3DFF
:10C0A000ED0CE948D381E34E2C54ABDA9B6642B9E0
:10C0B000D9CE9EC5E849C6CB27BE03363023C2ADD4
:10C0C0000E5AB8C7C7F8062BA14BB8D03BF45B3D5E
:10C0D00094C127CA4CDD9033CCFFC9A0BA42FAF410
:10C0E00011F5C32D0197AAE461F046B61D1C1F236C
:10C0F000E147A8350A2AE26601F41F35FCFE52FE2C
:10C100001ECE62CE9212A3B4F51B139FBDACC6AE79
:10C1100064BED39A3746932A2574CA12C0D3AF3966
:10C12000E28355F68269041D78F10F0656D058B2A5
:10C1300057DA0A51453AB3BCDF81709C204E4E0657
:10C1400008EA7B0AB5FEF52858D5ECB326019BD347
:10C15000F99E926EBF3CC65EEECC0B076191586FA4
:10C16000609F9B1D58C3B5B53D98464FBE5E959FD9
:10C170004D7E4D19DA2045D0AA873912F1B7CAFC95
:10C180008F4AC75907580BAC09EB5A7FF99DC5FC7C
:10C1900036051E9FB7E9065ABFC2B6BB00420689E4
:10C1A000D628CDB6F147E4A9ABF0440E11CB0AE98D
:10C1B000EC4CA50898F3000BBBEC35C1B8BCD324FC
:10C1C00066DA14AE9A04574B4FECE595FCD7052080
:10C1D00039F314896C289239E3D2D946BE15D5AD0E
:10C1E000C6B2E6C8FC47D2AEB6233CB0C8DBC71522
:10C1F00014F71DA444692EC96E0B043CC9C410EA8F
:10C2000006D99E47F731B521D2F0DB148CF6121B0C
:10C21000BAB5BCAADF01FDFAAC2C21AA06C0602B7E
:10C220003FCE85000037F8BEB4C6FD1B4420223146
:10C23000C1513B8DA85847F6CEB817E3B30DEF0CAC
:10C2400029D6AD4A16FAC3CCDB7F1328BB8AB84582
:10C2500011CB9EA9E310BFA43AF1FBFD00D2FC1064
:10C26000353DD754EB23D96557E0F99C135DADC636
:10C27000F30F0DA6564E47A92C1D6032981E94B29E
:10C28000F9CFCA8CF1E6E3ACCEE9DE145A2FDDE536
:10C29000BC9ADAB1E2FA3B6113C610E3609EABF4DC
:10C2A00096AF5872C9E1F7DFFF51E322211FE13C4D
:10C2B00014C52AA1812837DD53B62544B447CBCD18
:10C2C000154F47C143DB373DB198D4DED544BA0B97
:10C2D000DBB0983B0EEA74F2D0DF43CA9D53CC48E2
:10C2E00002F0A5B8F73458CE44DEBB9F301CDA17F5
:10C2F0008C11A014D5AA01E515E01D0F35AE15F47B
:10C300000432191E1C8F27D7EBA123D1225DC2D482
:10C3100099BB094807C60F49723CD4B9DFAAF45645
:10C32000E1B003E0D70325B246A6544BD9C8BC59A7
:10C33000E7B20247A6E2D1EF282906A5D0109EBE9B
:10C3400054FA33F6BEF2094310A7344181BCFA27F0
:10C35000BAFAE44A1BDE518903CEBF1F1C2351DF0A
:10C360001FEA2C1DEC1BD2CCD11C3845BCE017ECCD
:10C37000B0531E58E90912FC24EB3D01B1125FC213
:10C38000E40C1F20BDCE07FCE125D1153B5F4A51CF
:10C39000B0F0BF2244F2096BE38EB1C1424569C3DC
:10C3A000810B285657DDA1464F072F72BE63C65C2E
:10C3B000D7DF8525D396DCF3D10DA5EEE2361A2B17
:10C3C00010C340D1D7F8BBC90D893112B632C3E9C9
:10C3D000024DA6BA16F1AA30C3980D4BD13E0027E4
:10C3E000F34F2BE02E2A3E1A4265CDAAE54339B918
:10C3F000146714093B99C203D8BC1508FC15B8147E
:10C40000E4333EE15A6A1A8F97F1675E1D5C5BFE6A
:10C41000ED1636220FEFD5FF2800C1272CC4CE071A
:10C42000F87E72BD293BE66F1B30E559B4EA1E3336
:10C43000A7149B6B46B6A09BD6CA09BF1F7FFAED17
:10C440004B06D2DE6A4D5CB7CA1ECA6796316FD9F9
:10C45000C200AB18E39C5532FBD7A9E04E1C2B5D04
:10C46000B03858A826D412E9AA30EAA1F7E03388F8
:10C47000F71C3C2649013D21D4CE5215231204CD90
:10C48000C63C3EFD54E7EEEB45E62FBADE03C60C94
:10C490001AE8E1104F164CEC2136DC37262FCCF28F
:10C4A0002B09C7E42D24CC2C262611CD0A0EF41A14
:10C4B0001020FBECDA21171722BED0D735417FB20E
:10C4C000DB05FCDEDB272B1BEE451740F7C0D9252B
:10C4D000F0C2EDE8EBD015EADBEEFC2AE614D9F564
:10C4E000523633361FF9B85247F3375C2AD82CB38B
:10C4F0001D2B26551C1832EDA0B23DC4F42BE14192
:10C50000E0FCA3C6DBE1C5BE28FE3830E7ED35CC44
:10C5100007D9763BC5893DD55266AD289E7E34CE7F
:10C520000C69C5988DF1DDD1C033F3A62049E7B47D
:10C5300010AD14D931672F2D46C44EAF7D72BDECBE
:10C5400019E55566F4E04F0837D4A79FE0FB544B3C
:10C55000E6648C7FFA3001EA4D3652653BAC084AFE
:10C560009E424A2A0A44B456F0D5F96DADF101490C
:10C570001129398349A5332616F66A09FBFFE277AC
:10C58000A9C3322935161E2B4FD31C188130FB0747
:10C590004F8532BBA91CA6CB52049750ED0A976871
:10C5A000123839D486DB90DCA5CC149A459AB4A80D
:10C5B00046D1DAE34A6614280FB4CCE5BF4B4814E1
:10C5C00090C5C01817EDD4B550A826FEB011FCE9EF
:10C5D000F874A54D03EED72604302B2225FDD4DEBA
:10C5E000D5F2971F3808B7E039613FFF4809C719EE
:10C5F00069CC1B52C929B9635D35DD1623E1E4DB43
:10C60000212C0C23E7FD24ABF107464DC8A7BD94B0
:10C61000ADEDBF27E215CC0BF4221C3BB81C062F56
:10C6200021A4B3542AECC465ABA5FC221525ADD8D2
:10C63000C4A63715A04E1EEE345DB3BCDD0C005F02
:10C64000EE7FFB176C37C7D40B259FF324F167B23D
:10C65000E0009AFCE33DD4FF8CC0CB5D193797090D
:10C66000FF58DA43D748E7422DF3AC0727F69CD5AD
:10C670000A0F35CBAA9784E5D7C3AA0317900F6F8B
:10C680006BFDEAC24031B563C3A9CCA734EA1143BC
:10C690003D5A4A05DD9F0F331A0AE1F0B451FA06FC
:10C6A00005CFB2A4D8DF2243722338F5D2FB19CFCD
:10C6B000ADAFC01E54D93FFE1ECAC094F59EA296CF
:10C6C00019F1FCDB08EF64FC35A919F01AA3B1E5F8
:10C6D0004CE10343C95435FC2BCB381DDB0D9EFFC9
:10C6E000D201A73559E75D55C2D813E249E54C7F21
:10C6F0009EA1A69EC652216228B82323CD50EA25CA
:10C700000DF4E123312C11B1E64024DC3EF52A0C76
:10C710004DFF0CADA0461318DAB53B41F7FDC51629
:10C720002D1F131538B7E6CCC0F51D0FD6EF38FB1B
:10C73000C104241406CBCDEC62B0B82ADDDD10CBE9
:10C740006231D1C418CA1F81F7FE1306C3C010FAA4
:10C75000EE1D3FB9E8FBE801FC3AC1C4E20E36FA2F
:10C76000A3161F42DC36390AE324FECBFCA5445A4B
:10C770002733A80BCAD1BDA167411E0E1237EFDACD
:10C7800057490BCE4DB6232F2AF8D520F1B1EFD45F
:10C79000395044DB42F2AC0902261555C50996E131
:10C7A000EF54D62CC9FA1B9908430FC0E2C018D821
:10C7B00021D60B3EC1515CE0F225FB4A217FE38A82
:10C7C0003247454A40212932ED271C651E63F8F6A1
:10C7D0000508E10E47EF5414EDC4D70F1263CB5C8C
:10C7E00020C8A766D7E43CFC34F43B39210B5FC07A
:10C7F000D1D70D9FD1A04D06CC01D2B61ACF31169C
:10C80000480C1839AEDE2B2CD8FCC6CA32CF4BEB05
:10C8100014D6155E27C8B2091BC2F34F045CC5B716
:10C8200049FE20D6A993E65DD3E34E28EF60A838F1
:10C8300033D86422CB82B3F80351381FA0D45FC130
:10C84000C9762C27E4CA40DBD345F4D1B94A691D27
:10C85000450F5C31D6542E324E0B8E0881B803B191
:10C860008B7247A6CA5B4EB535ED2FD926AD55DA8A
:10C870001E48F745D605BADECC0452BAE02DB8E220
:10C8800063B0C7C6C871FE25ADCE3044369D2CC2FC
:10C8900099308A6FB819A2E1F793F5134167E30A5B
:10C8A0006C03BC0D3697F2C9472601C7812FD9C347
:10C8B000E0FC2700057C1E47FBEAB327FAC70D9C66
:10C8C0004B4C33AC71B2DE04D729ECD9D4966AB69E
:10C8D0002AE9411FCE58C0B9D8A647256FD63E4792
:10C8E000641EE1F9013102D9742568C5AA4EF330FE
:10C8F000F14E436FBB15973313636321C8B8F3C977
:10C90000F91DBEC51507C740E6572661FA259FAB3E
:10C910002CF373464D12EACA31B7E4153235B292A0
:10C92000410DC61504E3EAB4E4AC13ECB6937BF511
:10C930006FA6F7559EC966354BF8BF10364901DA28
:10C94000534DB126B5D0BB406154CA4E6EBBB6D074
:10C950009AC727E25C425226C342270E1C30CBBE48
:10C9600012810E00ED2AEDD6230F393615CC132394
:10C970002CF7DC66E81BC62364CCB3E5A732F21DB6
:10C98000DD5BCCF5B6F95841ABF757BEFF19AC30BB
:10C9900022473A4B413521B742140FEF0FC943D814
:10C9A0004E2DCFA9FD5AA7E09DB547FF2A31F1FAD8
:10C9B000C2E2F7DB19D3BCAD49816558101FF419E9
:10C9C000D30A52CC1101E522B8001D441756AFD14D
:10C9D000124F15B102462B54427B364D42E6C8B089
:10C9E000C1C6E2410962CEFF76F841FCF4B7A7DA8E
:10C9F00047E62A1DFAA8E6A10C07F93F1B0E3403EF
:10CA00001F6813F0CFB8E00201BFA13433D453192B
:10CA1000CCD1CFF7C0B69E3320B8D23707D8641C2C
:10CA2000D28FE85C1E0FB9237F7AF92BEE6CE741B9
:10CA3000E55BC23D368AD01305B207D4C3C4EFEC20
:10CA40002C32C3ADC5B5492304BE5234D2B453FE13
:10CA500028905C38D7040EFA105644DB1C3AB554C3
:10CA60001D59CF51DDD62ED0B41648A56AFCB74F5C
:10CA7000525BF25320EE0641A3FAB0E911F727EB1F
:10CA8000E5200000BDF3FFFFA17F00005ED2FFFFA5
:10CA9000B2FAFFFF2DE1FFFF737A0000304C000077
:10CAA00067FAFFFF211100007A71FFFF81FCFFFF91
:10CAB000A37EFFFF1F25000013410000B2C1FFFF4E
:10CAC00014F3FFFF574A000068FDFFFFB5FCFFFFAE
:10CAD000803A00007E8A000084C4FFFF34780000A2
:10CAE000BE2A000055EBFFFF6A2F0000349F0000B4
:10CAF0008DC9FFFFD3E8FFFFC6E4FFFFA1040000DC
:10CB0000570A00001EF8FFFF34DEFFFF7DFAFFFF2B
:10CB10002FC8FFFF60E1FFFF63ADFFFF7D1800003E
:10CB2000AB0700001B110000EEFAFFFF46CFFFFF2E
:10CB300082EAFFFF80290000A2CFFFFF26EEFFFF61
:10CB4000404500001A2E0000F6DDFFFFB2EEFFFFA9
:10CB5000741300009F4E0000DAE4FFFF89E5FFFF39
:10CB60008BE8FFFF52E8FFFFC1F7FFFF9AD6FFFFF8
:10CB7000B2FDFFFF41D6FFFF3AECFFFF0AC0FFFF07
:10CB8000A61400004FAEFFFFE4EEFFFF71A8FFFF09
:10CB900069EBFFFF961B000040F6FFFFB09BFFFF15
:10CBA000F7DDFFFF63360000682F00000DACFFFFCC
:10CBB0005804000056450000B3F6FFFFC8ECFFFF25
:10CBC00031C7FFFF764D000012E6FFFF49CBFFFFA4
:10CBD000A83F0000ABA5FFFF58F2FFFF09B7FFFF1A
:10CBE000E761000095E3FFFF7CE9FFFF8E43000053
:10CBF000D61500004CDBFFFFDFFAFFFFBCDEFFFFB6
:10CC0000C5F2FFFFFACB0000E6E8FFFF7219000053
:10CC1000D014000086E2FFFFBA140000BF840000B9
:10CC2000422A00004A7BFFFFE8D5FFFFB254000014
:10CC30000A3B00001E330000816D0000A25400007A
:10CC4000B16C000035240000870D00004CC4FFFFCC
:10CC5000FFB0FFFF40B1FFFFFD1E0000E84B0000EA
:10CC60006C290000BA1F00005FAFFFFF24FFFFFF29
:10CC70000BEFFFFFECDFFFFF5AC8FFFFDCE1FFFF18
:10CC8000921BB82FB3819E7F2BCCF5215ED49FE6FB
:10CC90004981E8CB36EF6CB809C2C83F571BE8772B
:10CCA0007FB66B4015253E6C81D00D939529A5511B
:10CCB000E547E4F1E593EEFECA3AB9201F86FF2E60
:10CCC0002FEA455DF97FA74D437F6D5024303DB974
:10CCD0007FE8D75F7F7F2A59CCA6672B0942B9B975
:10CCE0002EE7DAE054170389C930033D7D1B3A7FF4
:10CCF000F5D1B8FFE6E428ADE01AF41CE57FBD3AB3
:10CD000081421DC02979D50F587D56D7288FF32B26
:10CD100047CA229645D47BA73426D132EF34E34A62
:10CD200014408F735B402E79E1DF2557E02DC068FA
:10CD300091A5EFC2A3C2C94A75BC4E26819891DA6B
:10CD400003D3D5276BE8C9201499F023949F81A2BF
:10CD500064C856D349EE81D35CB05415101E3C0C08
:10CD6000E8D8AFF5D8E86036DC81BDFACC562EA7FE
:10CD7000C2BFB5F0E9A5EF8981E2D8813F73F99F81
:10CD80002C7F6E85F872C3220AD2484C680340F5A6
:10CD90000F43B853AA16DF2F1D9AF7E18181CA2AE3
:10CDA000ABDCBF9C81F6BB81F47FADDAF9BB81B906
:10CDB000226FFB2FB8171E8ACC8108F8CC81F6EAC7
:10CDC000817E81CDACF9922B32911EA81644FEFAD9
:10CDD000E5E2477FB7E998327F31581D7F81143CE7
:10CDE0007FDB7F4CF7251D657413E1EB5B4EE6E5B9
:10CDF0000738A6C619938D7F19F545DC0C1F7F00F7
:10CE000036693D0719A2E33652A559237F7F81DE9B
:10CE10007CAE418137247FD92214CC3E0F37812B41
:10CE2000EF0D7F50F7311A500EE9F5889B36BF039E
:10CE300081CEA4F40AFC3CCAB1B3AE42E789A3BCDC
:10CE4000223BB40F0648EA2DC3D27F3981CFAE9E74
:10CE5000BD4361F7D83CE1941806C66C5E5918834F
:10CE6000302F9D7FBB3179817F896CF559EB47AFBE
:10CE700092DB05F81D2DB821B7FBF85E8104B9FBE4
:10CE8000EDF72086656DC4DA815E56F15041827DF2
:10CE90007F23D01C20D8E281DAFAF53D03C5BD34EA
:10CEA0003E45E16ECB7F6AC8A7D0BF7CAED903B048
:10CEB000E3C90E15EFE214677FD818C9062B5B8112
:10CEC000CD2FB7029674357FD6D21A29EEB383D010
:10CED000528ED223FDD6FDF2F7F0EC6A042DB77F17
:10CEE000623CDF273481810F291668C28109D3BBD8
:10CEF000B37FD37F167F53AB6938D5BF1418C78172
:10CF0000D4297F5332D31C19689E9A8143D1B2B180
:10CF100033F281EAE70058D5D76A8181CBC1048119
:10CF200007A2CEB778B54C060AADB53281C3AEE6DE
:10CF300077FB190B127FE48222FDAB81FFDB9FA3FD
:10CF4000CEE720DB6C9DE5C10A21D12C40852C5217
:10CF50005826E55401FF9A87F57F7F2B6C437FFEAF
:10CF6000C4418D041685BACEB72E961A462FB8DD69
:10CF7000286481302E6F7FF7ABCE762C121DFEA376
:10CF80004F2A2781117181DE0E507FBDB9E63DA485
:10CF9000E49FED1A8B7F2BAC817A06F708D12248EB
:10CFA000F38116811F764BAAE6F20696127F209532
:10CFB000AA470E51DDE3638129F6CD5002D681BD2B
:10CFC000F71A37811A6C7F2C1B079A7F617F992C87
:10CFD000BAD453CB7C82E9EFE1551881FEDDE0C87D
:10CFE0000EE3B001F7B824F2DAEB7F1403F4F8484B
:10CFF0007F09E3207FEC1FF6657F03E3435AA65CBD
:10D00000B3E36F18B80F50F4FF81F8C4BBF8FC4FBE
:10D01000C23C96B27F1B35B6DA0F253A9C8C77F36B
:10D020002E4F70A040EE56B8A8D47F7F09031C8114
:10D03000970A81817FCDD6A019F47FEDFD54B4DC31
:10D040003481A74AE3B7AA677FCB3E070AF4CBB87F
:10D05000667F7F91770832D01896E1AD026D2B1F65
:10D060008B7F0904A80CF74861B3377F12FAF9F4F3
:10D0700051F67242421EB93062133256A794F93605
:10D08000AACC90048119E7D1261E8ED1FAE2E07F66
:10D0900041E700FEBF914F49C07F34A0B014D5AB2B
:10D0A0000D0AE79FE43D812DE8C4DEEB59DCAD04B9
:10D0B000117FF9254B787FE5713CBF3CAE37D8EE48
:10D0C0000AD299467FEC0643605DAA43BAE1B87F75
:10D0D00024FA0546FA60D87F072630FB9D2762A90F
:10D0E0000B5AD4518129CF3ED31D1FBECB8181E580
:10D0F000F723322F0CF8A3862E127F380C9C9EB794
:10D10000181500009EF0FFFF66E9FFFF6C14000099
:10D11000B4FBFFFFAAF1FFFF651000002CFCFFFF2E
:10D12000A9FEFFFFD102000090EEFFFF0308000000
:10D1300080ECFFFF54F6FFFFEE1E000032EFFFFF12
:10D14000EAE5FFFFA40F00009E1800009E0F0000FC
:10D15000DFF7FFFFE60100008FEBFFFFD0220000AA
:10D16000550B0000A1F6FFFFAB100000000000000F
:10D170004715000042090000F9110000D8ECFFFF3C
:10D180009BF3FFFFDEFAFFFF670A00006A0300005F
:10D19000AFFCFFFF5DEBFFFF7AE9FFFF52F8FFFFF7
:10D1A0003E1800001F0B0000EC110000BBFAFFFF4F
:10D1B000691A000005F6FFFF15120000490800007B
:10D1C0009E18000033FFFFFF7F09000049030000A5
:10D1D000A6F7FFFF2BFDFFFF95F6FFFF761200007D
:10D1E000FEF0FFFFE7100000D4FEFFFFA5020000E5
:10D1F000600A00007E0900004B110000EC210000D5
:10D200005405000071FDFFFFAE1A0000F0FCFFFFA7
:10D2100040FBFFFF4FFBFFFF6B0C00003DE2FFFFF9
:10D220008AF4FFFF2F08000064F4FFFFF0F3FFFF14
:10D23000B6070000D90A00006F1B000010010000B3
:10D2400033E7FFFF390100001AF4FFFF45F0FFFF4D
:10D250005CF3FFFFF6FDFFFFDD120000480B00004E
:10D26000D2F3FFFF2D010000F7EBFFFFA8F3FFFF54
:10D270000EF6FFFF94E8FFFF68F4FFFFEBFBFFFFF4
:10D2800050F5FFFF81EBFFFFD41300008EF1FFFF8D
:10D2900055040000E1140000FBFFFFFFE4F9FFFF6D
:10D2A000C1F3FFFFD30B0000BAFCFFFFE002000058
:10D2B000EFFEFFFFC3F8FFFF57110000490E00000B
:10D2C0009A06000088EFFFFF0E12000032EEFFFF0B
:10D2D000DFEDFFFFB0FAFFFFECF9FFFF39130000AD
:10D2E0006B0000008BF8FFFF28F6FFFF8B090000A2
:10D2F0000205000075FDFFFF98FEFFFF33170000D9
:10D30000E13BA5EDE45E2730AD2C36F840D3C19A61
:10D31000B31EE50C153A09E359F5D465BEEF223585
:10D32000240730E79E6553D4A9D108ADE22A2946E7
:10D3300081FD45A6623CA8135DBE17EB13AC512AD4
:10D34000A5F1953FA70DD7BDBC3D3D0D18AAFCB476
:10D350003B13BFBD2DC563154FD74E12FE05DE3EF4
:10D360002CBC0130FFB4DBD75BE732042143D83655
:10D37000397D6097E042DE3416FFFA0E4AAFB927D6
:10D38000E4D30A8AA9C7E0F5FAADED47766DF6B2A7
:10D390005555CFE88B64340820224CC8B61A46DFB6
:10D3A00002C7C9EFED1333BD1A63D84E2503CD92E2
:10D3B000F5CFAC24B32FF9D950424BDFCA3E6BD422
:10D3C0002607B470222941315DF020ABBD19FE9CC7
:10D3D0001E5A59CC192CF93D28E8014BCE3F1D5758
:10D3E0004E0C15095AC8339D53F0A62FCF30B522E5
:10D3F0002B658AFCC786E67F9E262003922016882E
:10D400006C591F000801E013FB0EB9C33D53F12E08
:10D4100065604DBCFBB9AC11D1E9F6DF38E3F92604
:10D42000C1F51DF4D8D44C102D7FA65B6E18902644
:10D4300004C0B133C748BAC5AF38382CE91FDDB9CD
:10D44000AADDBCBFFE4F45FD20F84F14191315F699
:10D45000C70D1FEEA11BB0E504234AB336B91CA9C2
:10D46000F6D9A00621951BDB75194D1AF21C14ACD8
:10D47000E8BFFB88C2344F93F34836A5E90F513219
:10D48000435158E1CC5928255AF00A275203682FF6
:10D4900063D5F22E1EE664CDA45CD4ACF5353C7F9A
:10D4A00062D4D6426468FCE64E495FDFA90FF5CD31
:10D4B000F23C44563810D0FD8624B03D0DDAE72CFE
:10D4C000C1ABD02B11D3D5C1B83BF214641B30D9FA
:10D4D000FDD204DDCD30155E3EA41A646346A1B2D0
:10D4E000B821F9B9CFB454AD359436C35EBCE32549
:10D4F00010C0530B4358E94A171814D3D9BEB2EFE2
:10D500007EC9025FC741A73A4A4631C616FB74225C
:10D51000B4A8EB0F4942E9BE5625EEB1C44058D934
:10D520009269C1D54637E4EDED68C1FEF053AEFC1B
:10D530001EC32325BCABF5CDF6BA6DED68C85DDA28
:10D5400023FE43681D14693BEB9CB5FD1AB2F54BF5
:10D55000AC28120BBFB6C3B044E6DCE76528E90A85
:10D56000ECD4BDD4FEB1A97F33340AD000A8CC4797
:10D570003E10FA4E15E13CC1C049DCE8E0F4DD1D87
:10D58000ADC8D23CBD5639AC2BC1959F2F3A151270
:10D59000A5E5321F420B6F0D1E7FDC5DEBF0292CE1
:10D5A0006D14D61E78B0382C1AB23DBEE5F9390894
:10D5B00039732AAB30C72E322ACDD1B0F051E6CB29
:10D5C000A5334F3B1450B1F6E5ABBE313B37114AA2
:10D5D0005D34D40F3D6303D9F352ED3728281BBBCC
:10D5E000DFDA3ADEC6055231DE15DD2C3328B64DC2
:10D5F000A640F3B951F072F220CB0542C0F932CB0C
:10D6000003143FFF4B902340832B61263CE285BBF4
:10D6100022083539FE0F2366B0C30C17CBF08FBD3F
:10D62000C3BC0E140C0B1E1EB1D99B07DBDAD52729
:10D63000E0292910A73AE9C9063A41ABC1C4F7D895
:10D64000162BF6953E54510E552D4607183A672174
:10D65000ED5DDE60363FC80D3968ECC91DEEEE8425
:10D66000AE5B924FBCA4BF580C4393FBC61A814ECD
:10D670000C3A47041ECBE5D1BD58AD452FF90ED26B
:10D6800007ABA4E4C241BEDFBDC01257A48AB122D9
:10D69000D2F29F300D54C2FDB6F935073616F76544
:10D6A000F94F1F2877ED30FEB1B3CAF7D347072FE4
:10D6B000CB0EC121D97FABA4E9BD54E2BCBB0C8821
:10D6C000EBA268F1BF53370253D6A7E9C32B203230
:10D6D000CADEB110CAEFB721C1AF344CAC5E9BF5C6
:10D6E00019F80AE1A6F250E715224139C7C0E6C988
:10D6F00074505FD26F71DB6719C7A82BC2A895A9B8
:10D700000C46FEEA31D1C1D7DA44E826AA3DA1454C
:10D710000E2AF28D1AF620B728FBFB0BE2A842C0B6
:10D7200066FBF6C7913FE811CF23D969F0E2CA2A18
:10D73000EEDAC319F048A3D933E0C315F1BFB4241E
:10D74000D4AE93F3D9911B19114A61DF24DBDDD1EB
:10D750000CE3C417B0FCA7D527EF211C03AC00E4F1
:10D7600025AA22B6E381B1FA43FCEC3E890FC1DD64
:10D77000F6DB5C2745B13D7606237DAD4C9EBEFFB2
:10D780004137A94BC7385CE3C226A908B7CAE2DD16
:10D790005509ADDCE5CD4F0CF271E329E0F0A40CA6
:10D7A0002C9E62124AFDC2B0E40D161004391D38D9
:10D7B000AFE23514EE011DE708DFEB4CA8D1C43B06
:10D7C0002F17BDE41AE6BB4502EB0EDD2129E7B7B2
:10D7D000B3D066BA7F442F4D36034114CCBDA2D5D9
:10D7E000A964CF07DB43F448BE3EB3D4083C456F81
:10D7F000E8CE0A434033CFDADBCA50EBF1E0F1E484
:10D8000062423EC0380E18F3D4D4FEB901E8D1D03C
:10D8100001BE371D4230F94812F842A3D12628AC88
:10D82000D0D832A9DC0CC76717026E42DCFDC909EB
:10D83000DFAAE355B227D0204B8170B5D4E8362F4C
:10D84000305ABA11FC60AD1C3BB2B43F9E3CF4F0C0
:10D85000C517FC1ED06217F9CCB3CB6D0457BBB112
:10D86000E5EF1DC6C33A45BC52B9DB01EE2BC448F7
:10D870000812DC2DDB2D2AEF11563A015A4C4CE6EA
:10D88000EBC0F3AAF31340492EF45297EEBB2F508E
:10D8900040E018BE66F10DE8342CBEAFFDE3112A5E
:10D8A000E5AC4DFBC013E0C2F220061EC1FEC2E093
:10D8B000321E251BA4594FEDE23BCAFD309FD1ED2E
:10D8C0003D21982F37FB1B6619A3FB435633090EE6
:10D8D000C8B9583E2C0F9FF0F93F4229D006255F6A
:10D8E00020C506D90842F0270D12F5197FADB151B8
:10D8F0007D27B348BF2F64CED1E5B4B1BA1FBB2892
:10D90000FEBFFF4E9DEA0F0AFEB2C51E9FB563DA49
:10D91000547B98A0B0B24FCF651117B5EC92510768
:10D920000E4C2E9C276BC043BE5C211DF04232E1A1
:10D93000892D24394B0649394ADAB12CBEC843D95E
:10D94000DE052233341AC0002EC4CB4C6AE9A4D8B9
:10D9500077C2FED4F9F1E57F26E95E4128D5AD64B2
:10D96000D50E415C334CF8F91016D1A79EEAE8F1C8
:10D97000F69F27CF415F67CC16596641E42CD9A8A2
:10D98000CD1B1E2AEA2B3139C1250318ACD07F4BA1
:10D99000AF4C04F45B47FF3AD975ADF68CE90E95B0
:10D9A000DAF1A8C8D5AACD4BEC4348CE730DF0D31D
:10D9B0009CD323E638DAB0AF492C2F5DCED2246752
:10D9C0005BE07D3F2BE1CF2401A76ED2EF06EF2570
:10D9D0004EFBECD943165DF657FF599B558C44A37B
:10D9E000604518A38DC1F7F1F431C9B2AE530CE311
:10D9F00012C5265EC0CB0128379275BDCD85A844DF
:10DA00005B62593B2FF2EBFA65C7D5CD9DAA0D217C
:10DA1000C8A82E4C82EDB9C41C400058AC3245A8B1
:10DA2000EB66E71F21C5B35E0B4BA85E3CC5375EB6
:10DA30004364D303ED03A2CB6A45FE3AAA1F22BF7B
:10DA400050C5222EBD2103B114BFD1312DF478B4BD
:10DA500056680863AE16C1112E4BF84A529823AF90
:10DA6000205BF59036F3AC0B1EE7F2B617DB07F739
:10DA70000BF6EBFAFC7FAB965F515DED3A19D82AB5
:10DA800001FB44C65C0C48DDB9334E01DDC848A635
:10DA9000A02E39A0DF561D655B27D9F73BABE253BB
:10DAA0001436074BDE28DDCD23C7313F0B300F0383
:10DAB000C1C6ECD697F1F53E12A7291E4452161C9A
:10DAC00022B6C5189026C223F6E433B4D4E02AF176
:10DAD000E7D630C804EDAA39BCA181C5F9C6B6E1C4
:10DAE000201E241F540C38AC444BA4AB41F72A43EE
:10DAF000B90BC48E39A9BA3E180B03CDD0A627376F
:10DB0000423EFEEA465001FD58F53BDB504A46F8DE
:10DB1000201458E0CBEF3156AD2BE311264DCBD975
:10DB2000613842B63DB616E034D10D8101E31A6E7C
:10DB3000DFDC1EB509F6A83005EA195ABE03ACBBF6
:10DB40001BFBAC5E44F6CCE8FF09F9CA54AB242CAD
:10DB5000E7DCB5A9416C3730171ACAC5EA4D8F14F6
:10DB6000DECA03BE4EAD53356530E5E64047477922
:10DB7000250C315C7AA63E13401238F1D8E10CF541
:10DB800031E0C167A0FC38FBBBB1DA7440DB403F39
:10DB9000D639CB01EF1D8DE300210936F82382CE63
:10DBA0002AFC431BD337B6192417AEBF1A81364C53
:10DBB000EA4C180F55DCD3670FA21460C7F82CC8C5
:10DBC000CAC6E1E1F3D02EF7D0B96C72A55DAD0104
:10DBD000E20F62E0B4C6E6FDC5638EBDCF115F30D3
:10DBE000C2AB0F2B3D2AA436CA326004D533F231C2
:10DBF000AAB3ABA4F8B9A3355D789D1E6BF5A79DBC
:10DC0000D5DC003349E3F61CAF02A3AB36E3394C55
:10DC10000335DCF03942BC0ED5F2278E24DEBC1F62
:10DC20004CD9011A534F02411CDDEE50F208AF01EE
:10DC3000C61D520EBA63D0A41B3A37D65C0F8E5D58
:10DC40003CF359541FA27F0513BB25CDCA194AD4F2
:10DC5000062B0C1051B6F1A1FA076DE5C91052E779
:10DC60006ABB281740D1AC1418D2D3B4CF12E8AE97
:10DC7000331334EAAAC297BC46C80BEB0704CB2681
:10DC80000939D22BF02BDEFF282518862DF2C5D1BD
:10DC90008813892B17D3D425D07F84D0EFE4A2EF4B
:10DCA000AFDFF6D4642DE8DC6E10BCD5B1359B54E3
:10DCB00043B2395B4D3E341246914597F70442CC4E
:10DCC0006AEB3B2FCFC7969F45E326A6FD06474646
:10DCD00048D4BF1514CE09A32EC8EFC7091764F89E
:10DCE00009B93BDDF224B966DDF357CFD98ED8CF21
:10DCF000B3B1E7113925F598F0E143072E11F71D6F
:10DD0000C1A3CBB23801526CE4C3F85358EF3CF5D1
:10DD1000D5BC3C134AE52199DAC91162641E184B3F
:10DD200011CE0E72D02930CA11C47D93C7E8A0F479
:10DD3000F90913500FA0CFDDA515C7279BD27FA6E9
:10DD40001807C0A5AE03534E2B5BBA1B2257979101
:10DD5000109E4F54C6C3D5B32E250BA830BD954792
:10DD6000722A73231F84D02D05EF2D51C8093B144F
:10DD70004FF833CBF659434939C026D3636C0FFFB4
:10DD8000C5994DD8CE2146E47AF2D531F6FD58FB3F
:10DD90004DAC8C40F5A2F6A8CC51DAE23953F5B679
:10DDA000DCDBF61B2711DA3DCF5FCD1E0CE24A59B2
:10DDB0003D372AF4EBF6A01E1E21ED5E06C63402A6
:10DDC00049A204773D1E0DB4DF4E3F1922E385AF13
:10DDD000ECE2C0E9BEBAB907936F2AE9F010E2009D
:10DDE000B1113531DAF2F91344DFB8933A9C3314A8
:10DDF0003AD383A857AB9EA7CCE35C81C2E02FEC5B
:10DE000033338D57DA8F992EBA98DDD614CCC02AC9
:10DE10004ED55C9BE521CBDD0447302E213F9FBED4
:10DE200040994A67BEFF400D64BA6B484F66FC5488
:10DE3000C8DAF318DCE4693F223D06DA1DC43D3F31
:10DE4000C8A4E86459A9FC1EA7FF7D3A2597A0073E
:10DE5000BF4BABA5812F5D422A9C79B4F67F582039
:10DE60007798C43250C6E9DD2A8EA706B5FB439CDD
:10DE700074479F45473EEFF62BD59F3BAE563C423D
:10DE80003EA31A4BBB0519FFDA08141CEB2C290220
:10DE900050498BD6CEB8FDCE3B0667F8D0F0CDD337
:10DEA0001FE86866F7511132FFE300F0B47E1D10E1
:10DEB000021A5BC706DD402AA1021C1849425843DA
:10DEC0002044D3F3D618E548CA109ECB2257DC7FF6
:10DED0009844AC990F3B4AC7299DCD4221422AE183
:10DEE000B6E4F864E292FF7054A61267DC53D1F3F3
:10DEF00051AADC1956EDE35060F6D26654E08A2B45
:10DF0000D911CA59EED93CDCFAEC1347CB324CBAE2
:10DF1000C9CB323F963B411111BCB10FF51FACC8C4
:10DF2000D5AA6A93AEBE065E3B58C24CE231D9DC3C
:10DF30004461C2390700A3243BD8FFD7EE816AC6EB
:10DF4000C823BEC0C753BE1D0D2EB214174E2106E6
:10DF5000BDA623F69741B150073FD5CFFB529E0F88
:10DF6000BE134222334C394A53CD4B1AC93B4200AF
:10DF70000F372FDF6A0D043DB2E2203507F27CFD3A
:10DF8000EDFD9B4D31065533CBAF24030CE8145205
:10DF900020E1AD3C200073433D2FA119F0BFE3A069
:10DFA000E5F045FE57F539E47FB95D160E4F621175
:10DFB000F2539C09AA930CFFFF101BA8B1B9B372CE
:10DFC00016B54414FE58FCB252B03E06AD40E920EE
:10DFD0000418E5C8184493B566A33050D3BE430F68
:10DFE0000D3CE91FC2614A09061F25EB3D7BAFA925
:10DFF000E4EE69F5433A52C503F9A0C84DCADA4ABE
:10E00000F551FEB5EC95C1AF8F162E2FB1242D5AC8
:10E01000C4FDB6F9A3BEF652DD544345BA301A5AD0
:10E020002CA0E4B5AB0AF05502F65C8D2A701EE711
:10E03000E740C495EAEFB11DD3C868D39B231CB752
:10E04000E01153F13C4B3ECE9F4895EC31DDB517C6
:10E05000C6D50C05B95317063B4FAADAE5D498028A
:10E06000320BF4E7180DAB3EB6E5A21D0B273EAA16
:10E070004CBCA527EDC849CFC481B048C44F12FCA1
:10E0800063BED836133E11B5CCC4E4A6FA11E155EF
:10E090002657EF5E23E05A16AB3AA7ED5332BDF395
:10E0A000FFCBA0445F4037103FAB4BCC2EDB40CFC3
:10E0B000D1041F29F236CDBDC05F440312EBCB5E05
:10E0C0002747E9B14B27FF327F0520BA12DDE42450
:10E0D000B756E6FEF9ADCC5458FF54E41AB162527B
:10E0E000D1E8D7D93EF0D1EF180361465C1BF4BBF1
:10E0F0002B2DD0466F38EB2DFAFF05DE0B54C6F9F9
:10E10000ABFE72CACE512C506660379EAD5652CFD0
:10E11000BBB3161FC3181C14FE43A759CE5AB5181B
:10E12000AEABECC3CBAB50C2E10FFC1DA2ADDA2706
:10E13000D319CD10171AB8EA23B0C1CBC2230F1FD1
:10E14000DA725602E9CDF17965324DEB31BB00F25E
:10E1500054D7474D089AAAF081EDACE1F60127D6D5
:10E1600011D9D82D371FE99E1FB7E646BBE8F655F3
:10E1700000CDDE236D65C6214B61F301ADFBEAF6F0
:10E180005736E7F3F82805C496DA3915D073BEC8B8
:10E19000EF96480C1911C136E7361CD53F1A2C33BF
:10E1A000EAA51BC89FFF0EC41D99529B006AD4327A
:10E1B000DF3EC1F53E530212AA22FE0BE546163B96
:10E1C000C48F4FD9F8AD9F0B3F6718EDBE0F1625D2
:10E1D000141E51E245A6DFDAAFD69FCDE0A4B620EB
:10E1E0003247FCB9C2D135C8C2A73459D1DEB6CA4C
:10E1F00021DBE324387F4628AC5552FBB21B18E9DB
:10E2000055BEBD81E3561501CC07A1D3AD2852F60A
:10E210000B50F6F9E8B8B1AD31E6B8CE33D7EBE53F
:10E22000D6394F16AD2725110917613EE6270EEEA8
:10E23000041E0BDAADD64F38EB2E1ED8A6AF530E08
:10E240009DF19EF8AEF85C3925B4EB1F08EF0E4A3D
:10E25000C9D7552021DF21F4BA18FED039A013D830
:10E2600028B53B4208D147463CFA34402E3B00BE1D
:10E2700049BBEF2852C1351BE20AAB06B5E059375E
:10E28000FBC5CD56A9C0F1002A7FB1D055D9B7FA48
:10E29000D52521CFB2491031453AABEA592F14C5E3
:10E2A000DB13BD41B1C5FB13E1E82323F23A3D5531
:10E2B00008C42EB20DCBF0333BE73CE5FFE5EB2481
:10E2C0002B01DAB15640C96CC4C6B2019CFB3516AD
:10E2D000DC332B2BE4B41EC2030A18F60CDA5FDA27
:10E2E000ED24D53336C837FA9CB2B8B6C6DC4A112D
:10E2F000CED53A30274FCBF94E20384D0623D537AF
:10E3000023B904B1E90FC40B22CD4FDA11D7221D76
:10E31000E2FF2FF01BC5C6F3EC09E909D0D8BF22F4
:10E32000F1DB38E31D38C2C8241649D1D27F55A885
:10E33000D9DE18103D044D9FFBD73831F51CF4D5BC
:10E34000EADC0129343BDA211FCE1BD7DFEAD1C634
:10E3500032B80DEA3CCF36DACFBADD0908329E3B3F
:10E3600031DBBFDB22F951270FDC3430CAA804BAF5
:10E37000CADE444D660CFAD80028FBEAAAE2FCD3B8
:10E38000E73BC6FDC905214AE886F6FC81E9B8BA33
:10E39000A91C2B0B361353103BB8D6FD1AB5A63665
:10E3A0001E48AEB6DFCC0C6951EB5CC39C0F343514
:10E3B0002FA836CEC944D240E84F48D1D33808B54B
:10E3C000FC50C8CCB3B31BCABBA2300D48022A3FD5
:10E3D0004B04ADAB3905B7C02E2148200EC8F1D98A
:10E3E000B1E1D5C430A77C45D92C1860F1A63C9684
:10E3F000511A172FBA24B2D5E2DA23E91031D0D25C
:10E40000E8CF381A02099F1FA73EFBFFD8EEC29B38
:10E41000A62C1CE65BC73CE450DEB729A92DCFC56E
:10E420002F1EE01920F8E3DE31F4CEDAC7B03BC18D
:10E4300054F9165EA3E9E5F05B9DD33947E2202D40
:10E44000FDCD30751E0E4DB5C0D33043812A1EC799
:10E4500008E73DAD3BA746B019E3EDE9D6AA17D1D1
:10E46000CEEF08D12D1842D4EDFE9251F46F3AD57B
:10E47000E661148C039F9DC6AB0231E0C0CED4E3AD
:10E48000B5F9B5FDDB0D8126F028A2162442A73E82
:10E49000491E0C343B5A0F2AD4FF3B455AF0AD0CB1
:10E4A0002BC6D2E9DA07F7B5AE22BBC6BFD2311E02
:10E4B000C9E7E9F6A9F3004C0FF756FE2D47B03C2B
:10E4C000CE45CC28D6471217050F4C6DF96A5A2E47
:10E4D000E0509616FB51CE04944FC0E417AE24B220
:10E4E000B5EBD2C75036E4DC3029CD42E858AB4E0C
:10E4F00002E253BD0ECEDF0CF42512000ED033B372
:10E50000BCEBAA394EE7BA2B39F230491FF4C9C720
:10E51000E8F9E31C4A5325B531C207BBA6273CCE18
:10E52000B22C0F63F3B46BDF082C1C5FB4095D2EB3
:10E53000A7F0F732E01EC0A81D4D52FBD8F3E70547
:10E540002EC9162B9B6D9B36FB00E18AB7C54BD7B6
:10E5500058911A07F032DCC87F0400AAB6D2C5353C
:10E56000ACD1540355315BAFD50FE26F1DEB40C208
:10E57000310B0B45C2BF0903D323C50C04BA55E5C3
:10E580002D0AEF249DD1AAFF174B59C6401C2ECA55
:10E59000CDD731F5FACD14A0C95698D455D91D5A06
:10E5A000ECBB25003CF8FFC9B6FEE612112E18F6AA
:10E5B000102222282BA43C1A81F825B7F5B93ACDB0
:10E5C00040F51108DDF00EC62536FAF5C9EDCC226E
:10E5D0003FCCDB0E421D2EF3E8E623640F1439AB6B
:10E5E00022FFBCF708BEFD1F160221D5EBAD12E5D8
:10E5F000032DBECF3F142309FD4CDAC32A2F44D488
:10E60000D1C66ACED54F3911FDC7EBEFAF2E3E51C3
:10E61000F4A437380D2D5FBBC249280B43E7E6361B
:10E620006AD5E90232DBD2AD5666512F1B3917533A
:10E63000E73D3D3A48EA5D4DA811AF2A2E49342BFB
:10E640003DCF1BF8A5BE7F221DD82AE1AF3F3CE994
:10E6500007D819E1B731348C53D219ED5AD0C00420
:10E66000E7355222FEC9ABE26B055E2413CD23A72A
:10E6700044F11865EA423C03EE13CFF0B359CF4B97
:10E68000E14E5EDACFCB37D03C14C9C24CC521DF96
:10E69000F4C3CA4F2939474DB2E6E7122FC0F2033F
:10E6A000E9BD3218F34E4F4D6B7FB755FFCBD54ABE
:10E6B0005EE63D6526C4DAEFF7BC34EF2237303E24
:10E6C00050F642D237352E15A73941DDE41ABF0E78
:10E6D00010F2ECB7B00817B61611EB314317081259
:10E6E0003211EDC70A19A7F2DCD3275D0CCFFAB4BB
:10E6F000042F451A9E3AA2CAD237BDC10EBD1E2BA9
:10E70000502FC95527F7221CDC104B91CA323634E2
:10E71000BEC9CD13D50FA4E59121E9559E9FA3C392
:10E7200015BFF057B5A63CBC391F77AC543C4EEE34
:10E730001ED0E09E2EDF45E1DB461A671DA55E1A5E
:10E7400033E0D2DEE624ED40D83D01F6E51A54E789
:10E75000E7491034C74E041AC0CA2A2CC79BC4CB41
:10E760001D1AC514DAF8465F7FC8AC48041A56343F
:10E770007C31983A31E908EB08B566271978CA3E2A
:10E7800031DB20A171DC59FACCAB99A9DDF36465CA
:10E7900093D825441F3CCA04CBB9F5532E1D1F2521
:10E7A000400E22B212214ADFEBBD377327E2B53F9C
:10E7B0002747FEBD422861DB30A72E06206541B504
:10E7C00043DF27C796292194E12D10105C4C2B0CB8
:10E7D000133231CA353AEACD139E4E9354D7BCC298
:10E7E000BEC7E1F4D4FDAC0E9EB4D398E2171F0E61
:10E7F00038BA77E8B659CA1F007FB0E6AF38A6B07E
:10E800002BD4561FC3B90002DCF722053F0F504836
:10E810002CD64208B544FB6500F539160CD5B80670
:10E820009CDAAF54EC12291F11CDABD740F7C6DAF2
:10E83000D73B45F5A9C452EB209D1DFB2C09233D78
:10E84000F7DD71FBC10DF39F9039DF270837E5EE47
:10E850005224ED1F081AEFDFA2C228EDB6C5A608A4
:10E86000531D093EA829C71B05EBEED12CB2AF1FE3
:10E87000FD40319D81DF015B1E10A12514AF00A971
:10E880003E204FAF36F9F93F49A32752D9E805B0EA
:10E890004C03E6D862173BED6E2701FD165C1B505A
:10E8A000EC0D9743E0E0F47826BCD6D2EBB2EC4F07
:10E8B00011E6FEE0F60FC37FA7BA4DCCE4E046B305
:10E8C000F2F70BAAC6DBA9D5F3615FDAE038D8F618
:10E8D000DCDC09B001B0B2A13FF9404016E10AF911
:10E8E000CAF18D7805302D37C4E9E7302CCFE0F937
:10E8F000EEBFBECA0F001623EE0203AAE53D0A13BF
:10E900005602A79B763050145B94ADF35BE9B719C0
:10E9100046EC2DABF4B1B19C94E2B123F20503CAED
:10E92000127D46424530DDAF71823D2907E621F375
:10E930005D37FE19E0E8C230BA587FCECC282337C5
:10E94000EBFAB80E200DC307DAC2D5A2EDFF4D4396
:10E9500075A76821D35927DD07F417C20AE5ED3EF4
:10E960005F194AE15DF78E16A9A858370DC39DBC03
:10E97000C97F0FF0E5CE0136302A2F5163E1610ED9
:10E98000499061436BD3352E2B4EDB610497322BBC
:10E99000E4BA94137F6527B42C03E52E1130299B2C
:10E9A0000EC9B87A119B9FEB4329B040DB3DC0F7FD
:10E9B000950953AC040BB71D0BD0FB43DA49423425
:10E9C000903B6FFBAD70F34C2EE2D844A42B0C426D
:10E9D000BF082AB758E61501DC5E33F24966DDF45C
:10E9E00030F7F2E926C35620B0C6229158061046E9
:10E9F000E0BFCF68A3CD4EB72D16B231ECAE32B228
:10EA000012EE3446531C57ACDCCDD10E2B50C92E20
:10EA10001CD92D4E49AD93E9451AE4382E0F9F328B
:10EA2000303331FAA2C729983701CF1BA8C525502A
:10EA30003C0B0D209F453A32AFBFF9194736FF5FB7
:10EA40000A1DF94FB3ABF92CBA1FE7ABE9D10DD1D1
:10EA5000E61A21AD11F5F860345DE4FBCEDE093A2B
:10EA6000E9B12C3249E21A5FBAC83A353044D8A825
:10EA700040F7BFAA0FE89DBAA45944812A90364BAB
:10EA800038CA6E9BA401B77F5ACD36BEC6D1BF022D
:10EA900062AF3EA477B5A457B91EFD7C47FF56BBB5
:10EAA00046BEE9BFB37F6238DDC3FACA2A3503DD4B
:10EAB000A32FE20AB3B3E401315EE7CA53B74FFCB8
:10EAC00087E10A2EE9425E4F0ECF5EFF4DB7D19629
:10EAD00027062061B649244B74584CC3CF3D301CE7
:10EAE0006BDDE2530E2212E5CAB5643C0ECEC1378F
:10EAF000B0A2455EBFB320D4A460C6D91A3659C7A8
:10EB000050B90148FFB80FAB384A5E143FAEC93A5E
:10EB1000C73319C838FFFDA0DD6AE62B55B999B98E
:10EB2000C01940A4D2CF17D6354D22613596EC0BD3
:10EB3000BF18EA6AE3E6F7C2C814F4B6DF3BA8E6FA
:10EB40009E58CEA10F2731F543EA35DE39B6FDD800
:10EB5000A4243DD381D201AF5CE1A4D6F9D0BEA8F4
:10EB6000E6E364BBFEC7DB24FEE3532E622A8DF28C
:10EB7000AD24FB5858F50517B6CF3E1E59F53AA1FE
:10EB800070F9DA08D781D5F28113F1DC45A4E3A34B
:10EB9000C7C4153201CDBD62D21EE208F338980E0B
:10EBA0001A1BE6C5A24307A41F35ECFC24CCE34E98
:10EBB000FD133DB8EC05B4B7913DFD12DBBFD24467
:10EBC00014D50611E803D4EFA20F5AFE03F0BD22BC
:10EBD0008B1EBCE01B0B282612E6A2AE1E06060406
:10EBE0004BC1260BF122275D1FB5F3F73A0102A6B0
:10EBF000E8851DCAA0CE16BDB601BC35BA3E2F565B
:10EC0000D80AE5DA1B4130EFEB3FECD5ED1A34388A
:10EC10008D0300DC17D82F972DE3A92947EBCBAA4A
:10EC2000B20CEDFBC5B43C5C43EB191822213AB39E
:10EC3000FC3BC362CEE32111272934B65237AAF137
:10EC40005A47374BE037976615921F1AE864261427
:10EC5000AEF7C4C22D2F4B45CC1A81E2B3D306CBFD
:10EC60004CB648E93C2061D99B0327A9FA0E23D171
:10EC70008DB3F2DDC8202FE59DE7C3B14898E30BC3
:10EC80002B2E07DA5E37BEEFFFFFEACA1634BAE86A
:10EC9000263E094D444E3E0321FAF54ADD25BC15BA
:10ECA000C82F0C52EBD1BADBFC0E7FFC1A28FB1BE1
:10ECB0009EFDF62FB032D55BB6B7CD4C1E05C80809
:10ECC0004BDE093E28CA620553EF53F90646F3AE00
:10ECD000FCE95BF81EBB50E7E1C7C2122C3948CEF5
:10ECE0000CA9BAAE3E3445A938C7B8A9532812BFFB
:10ECF0001903C9E10A4B1462D636050AEE52A10582
:10ED000031D23F0613E43C5718F831E535364C3E16
:10ED10003226533287DF9BDBFD97BE3EAD354C1D5F
:10ED2000F8315416ECC9C003F1FE0A41BB51A822C8
:10ED3000EEE80C04CC0010361F60D0EA124EB2ADE3
:10ED4000BC2A3C6128176AF3272941C6E00B3D5ACB
:10ED5000812B540512CAE62195DED0B011EB42EEAC
:10ED6000E0EBC7BA4257651452F64F4E3842CFE82F
:10ED70002BC6DF03E404BEC3EC00D03FD2AB2E4170
:10ED8000082EEBBFBEE40E37513A0A1226E920CB1B
:10ED9000FF05CA103FBD56210FC7B2B01B3039EE78
:10EDA0006943037F0DDE5339501EE3FED8DBE0E9F3
:10EDB000ABC90CB116085C73235D36143817DA9CA6
:10EDC0004460FAD5BD605070B4E4DF5859E2A5B78D
:10EDD00022CA12B592C8DBFB3D45069BE8E1A0C6FE
:10EDE000D8D64348B8AB2062D36467194EBE01C879
:10EDF0001E33331D05240FDF2902C4243011F13ED8
:10EE00003E17F03C49CCA4BEC6DB1BE116B02AA5D8
:10EE1000B938CDAD33E5B3F0A657180AE735D43984
:10EE20009D350FFEB51AE18125F7ADF81F5407C5D2
:10EE3000185A3BC3EC40CEFC2A7B9EA3EAEB1AE3B4
:10EE4000CB0CDC3614292838C7C8D913B74A22D1CD
:10EE5000F7E40FDA4ADBF69DE2BF835B07DB07B519
:10EE6000307744C71F32CAB640DDF92EC7AD102631
:10EE7000CACC99FB2401060BCEA3F84F1BE3F31E6B
:10EE8000090A561A9D08DBD7CBD2F3D0FC5D81F975
:10EE9000DFCD6FD0C5FB0DBCB71A504E24A13EF498
:10EEA000D0D541BE2E18F917AA53BA1F0CE4A9A257
:10EEB000D62C50EF16CE253506C2F9BC19DCB2357A
:10EEC00069AC7BD2AAD4E4950FE83D2E095F9B8202
:10EED00011D312295F0F14E4AB4139B743BB6F3D27
:10EEE000FED637E52CBCF00FB45BFB17BDD9D9EFCC
:10EEF000BBF104C5B5B8ADF800716303D249F9267A
:10EF00003BFCC945D25F6C540810C46B5450C4F02C
:10EF1000F3E145DEC2364B3CDDD9D4D6A158141DF1
:10EF2000C40240E5B3BA08BC033A9FEF2ACCB68DC1
:10EF30005F312BB8E5D13C7F3528C50538B8BF4EC9
:10EF4000C5A5BA04CD46A95AAF2EAE59FBF7C9FFE5
:10EF5000106E381BD75EC8DB4A2F7DBA476919256A
:10EF6000C32DE01935E3201CBCDD363612E1EF1964
:10EF7000D712C5DBFC3CCE9A295083611C0F413B64
:10EF80004046C5C020E667C36840E1DED74FCB18D6
:10EF9000A9E0B849E7C014423DDC3A9EC5A5A87572
:10EFA0002FB43B43052E3EBD0F9E547613CE35E164
:10EFB00006C26D9A2232303C100020E5578B9874BF
:10EFC0005A6F29E3C8C9CD7F48AEDDDEC620DB0419
:10EFD000F1F0C853C1E7294AB41ED945D132FA39F4
:10EFE000D3DC44E250F7FA05A429CE43ECDDC5009A
:10EFF000EC5582F94343CF6C01E044EA6F1AFFCA33
:10F000005416FD6EF2F66ACF085909DAAFF3EFE550
:10F010004511F1052CCB1CEFD2275A3840CC54B8FF
:10F02000E9D718140029B51A2C32BA35E3CCC396A7
:10F030003DA9EB4DB9E8181232E8FE17FA265EBE7C
:10F04000D4F9322E068726CFD81E0E6D99A7CC2D67
:10F050005CEDD0B56FE9AD9E42F342F10AF36CC4AA
:10F06000E9A381022F50B24A45B6FF23B8D2F54436
:10F070006E9243DE30D42CFC413BEEAF44E6E9EF28
:10F08000C1FE49B07A044F964EE74DC95AB51819DA
:10F090000B28FCB6E06828EB16DF9D631A4844FD98
:10F0A000B0641057DEAFA41B430BBB538ECE17B218
:10F0B00081DE64CD48C33F3DFC944D3817FF41E7E6
:10F0C000C1ABC6B9B83B9589E1C61317F6111AF45E
:10F0D000C55E0ED02D8FDF9ADBAA5DE6242328368D
:10F0E00086F5260FD945E6F691B823ACE5551152C1
:10F0F00024990DA89BD40E46F737CD98274EC81DEE
:10F100003729103FEBE46C25DB2B0FF9F25AA2FDF7
:10F11000B13AF1AF814BDE61C9AB32C651F911BED4
:10F12000D828ACE8F7E0A826D45CE4E21A4FA19115
:10F130004729DAC9021D47B71D183EC8F014D5BFCC
:10F14000160ACF2EC022F0C1CF13BACA1F4CF20943
:10F15000BD0C962041BC614F2AB8E4F0B8F9233CBD
:10F16000DC4DFD020BD213B72E22FEC72FE7D1F5DF
:10F170004CBF1515F7A7412BA7330BC1353BC92D44
:10F18000EB303829501EEFCAF428254913FBF069EB
:10F19000F03ADC3ACCC75D5B4AC8C6D258D1BC58FD
:10F1A000131301249A06A9A35AD44CD45CF0F3AFEC
:10F1B000DC5F3BDFE07F05A45B1BC90205EA56C0AC
:10F1C000C74318412F1B092F1BBAEE0012185EFC13
:10F1D0006EF6A646FD32AE67E9CDBE69A6F8671C9D
:10F1E0000EB440AD573D2E1BFB0BE1C9EB1D403A61
:10F1F0002A50FE28BAD6E345509E206DC2D1F811A0
:10F20000E0FD7863E75BC4B725728EBACC11B8E035
:10F21000B5AF18FBB5EDCEF9208923B9EDB65D6F1A
:10F22000D8AAEBE6621A40A50AE46D18DEFBD3B05B
:10F23000354D0405FCFF5A85DB127DE0671563E35D
:10F24000D193A5C53727CCF13148A4B8C16C3FABE9
:10F2500052FE42C05E0658ADD61041D64646A78A39
:10F26000A7EEFAE20720461CE08F403ECF112114A2
:10F2700093E27F4F8F2B6919B48EE3B6270FD52801
:10F2800027E3E2143D09A96269EA1E2DD6E68A0445
:10F29000F70F0DFB74EFCFA634F5492E6C63723770
:10F2A000CFB5107FAD4E4941C6E5C125B8BE33325A
:10F2B000AE091F15A1C9BB7C4A4CA41F1B9F20642B
:10F2C000D0EC43A65B3E99D942D6F13547599C4FC5
:10F2D000E0DD9EE536FC18C6E900D70E733BCA2A6E
:10F2E000DD6C4CAB000D5C0FAB3D33F155AD4428EC
:10F2F000C9038DFEB88BCDDFCF4BD2AB08B8AE853E
:10F300000066D5BEF5A54E155DA9CB016062B7AA12
:10F3100046022B05450539FD7F16FADCBB3BA534BB
:10F32000CEBC3B17F3C64AA2A94EEC5E97A1FA30B9
:10F33000D6DB01E52ACD5C0FBA73DA13BF404E4825
:10F34000D72C50245D6AF6021143D3D69EC1CD0B53
:10F35000D529F14C54F612C02A68BF58DE23531445
:10F3600011F05AFFDBDEA8E6426FE7DB4D11C2CF9A
:10F3700031BC51B9193D1A37001402B8A722CFFD8C
:10F38000F828BDE8581098BCDEDB15F053005D028C
:10F3900045536549A34BCEC75A6D15D99EF1732AC3
:10F3A00012E7FFB828059EB081AAF710C255FEECFF
:10F3B0007AD21E54AA16C8F3DC22C0E704196DDD08
:10F3C000910DA4C87486CE56DCC740E43B37C1E833
:10F3D000F9A4BB46BA314DBC55E8DC4337F8EE2101
:10F3E00016D562FF20C1D471A3EA361916CE6AEF92
:10F3F000CADAD2FED5C5CE40E713D4B3E2CBE3C21E
:10F40000D470F5DFFECDD621CE8E8F6738293F2E02
:10F41000B8C7FAF4D753067A4896E6BBDD155AEA20
:10F42000DCFCD1B6D8A298E90C21316269098E8A38
:10F4300019271FF030797620B1E1903FF6166276F9
:10F44000468AF4A2A18C3AE7FA46E9195F24E20B56
:10F45000B1C33451313BC022E5FCBDF7BE0EE821FB
:10F460005D1F23B4D8CC3BC6D25CE2517FC61A18CC
:10F47000145DDAF74DA64EDADC38051EEF8B1CCA98
:10F48000C29DC19A1E7614D5750001EBB6E2576392
:10F4900020FA6F2F3244F839DA015DB10CEE48835F
:10F4A000C7D913D921D7C3F927695B7B6A5A3AF6C2
:10F4B000B69D6B3E0B62AD742368A2236EE400DC44
:10F4C000A637B612F7CBADCBEF54452935F16BE932
:10F4D000EAC9BAC4B074C96EA5EFD74BFEE172D3C6
:10F4E000F153C2993B873D24A86FD81A49BF2EAB70
:10F4F0001BB57A342F440C9DB49005C87FE4E6090F
:10F500003EEF4718CE073CBD0EACB319E3252108EA
:10F510005658061B9D5C3047BEB95829B3341FFEB0
:10F52000330CF903C6170DD5E1EDCCB9040F15E680
:10F53000BD519FCDAA6672ACDA3936EE5ACE0815A7
:10F5400041BCB653B822DBCA4DB6024AF1C3AA5633
:10F55000D9CECE0CD10F33120BA54AE5122B55C6CE
:10F560001B07150FC72B1790CD08C942692AEF5BFF
:10F5700042D0DCF0CAB10151EE1E537FC4ED3AFC1B
:10F58000FA19C01EBEE760A0A5CD5D2298C7D3EBD7
:10F59000B91AB61D183193E195B6E830B8AA5928C2
:10F5A0009D30592E1006641CA33C37EAC9356019FA
:10F5B000D5321D6440A2C74DAB2F02C8FE4BC823F5
:10F5C00052A328E0DC366B7FFEB94221E5FEEBDC7E
:10F5D000E37443BB0D62B7FE3E0CF917AE23DC4B60
:10F5E000D146C81059B536D2449E41F12A18A5BB60
:10F5F000EBB4EAF30DDE451DDC66A564073D3A1465
:10F600004E3A2D115F04DCBA0543DC0CDD50DF21DE
:10F61000CD36C31425C761952358145FC9C613BFDF
:10F620002701B1C435E8BD0D1CE94F382226054E2F
:10F63000343FEDBE31E64BFDB8174E0B9B62F99798
:10F64000481B7FB93F3C16FC2A3FF5FF98A95AA4F6
:10F65000C29EC61FBDDCD90D1E0640F2F8DB26E7B0
:10F660005263DDEB60FEF358EBF6E6B4A1D7FDA4E0
:10F670001110CAF70DCB6C13E14DF503DB04A3DECB
:10F68000C32F53DEF40BA8E35603ADF5A00166BC0F
:10F69000D6526446F1E4F53DE4009E9EE4A30C6A74
:10F6A000B9285420EDFA39F4B2E9EB40C3BD324039
:10F6B000413AE12F57C296B27F47C55F01E74CD868
:10F6C00007D6DBAF9F20DF040139ED222051321530
:10F6D000CFA1F6E4E7D3184D401D7B2DB646486711
:10F6E00020D4EFF169C2B33DF01D3205E85AFE9017
:10F6F000D6DED6143D5EFE60AFF0C546F5FBF7D50D
:10F700000F4BD541FD1F1AED7FC4DE4450C242C9E4
:10F71000F44FE11055AFC9CD2367C663290C52627F
:10F72000E9C5B7B64E92E0D7E7001C5025FF2F235E
:10F7300050C9A9336165AC5B1AE227102A30F66A1A
:10F740004CAE24EA461D5AF848FF512CEEF3EACAA3
:10F750004D2524F472E7FCF3D737050FF7021E138B
:10F760001B3B0AFCD0BFD11046C5F6481DD7EB6F36
:10F77000F0299A33B9DAA95732590537D783BAC075
:10F780001FEE08D1100706D4A8F761304944F312E0
:10F79000DD5FC12C021BE85DBFECC04127B41BB28A
:10F7A0000785146001DAB25B1EE754115735FD205E
:10F7B000AA17AE2459393214C83A61FF39E633BE6C
:10F7C0003AA64B3538BE65117F2403E6F85FC7C7FC
:10F7D00056FAAFEBD6109500EEFE2D0756C3133840
:10F7E000FD3DD65EFC3A1FFC29DE15310744EEEDE7
:10F7F0001558D8FEB644A1B146B44ED346B9D71574
:10F80000438E541DA84E5C3B3038F5B166A6CA5AEB
:10F810004101ADDB2439FF02337FFC545E5ED137FA
:10F82000474216D25B76E6B602171E07D540AA25D8
:10F83000B94DE309C3C6BEA663B053F03518B42969
:10F8400013D3B04924E601229FDEB7FBFA4621BC60
:10F8500037E825F71136F9C7A7202BD5501CEA0445
:10F8600032CD44A62417F58A6BA8FBE39FDE67E53B
:10F87000A2C6A838B0D15E2F4E4530A3283C144A0A
:10F8800043BB0B1965B4934C3B0102BBD41A56BD64
:10F8900083ACEDB5BF97B5E578648E7F0B3CF199ED
:10F8A000F4312D13B342F63C0AF4CCE9DEB9EC2670
:10F8B000320EDC41AA41A056C6C94215FC92BED701
:10F8C0001D3E91FDBDA9E32859B34F08E353EFCE88
:10F8D00009D4BEF41C9FFBD2D6C84C279012AAA50F
:10F8E000463D73E90CF3C2B444D09C431EA4615B53
:10F8F0000E524A13CDB6D8DECAEC0D55E92D9B1732
:10F90000D653185AA2F65346BBAABC3B9C1FC42729
:10F91000CDE48BE3D843AC2AC0F6B892569FD1ED24
:10F92000279AF0B3B709DD764706C1D5C63A3A44FF
:10F93000FBF6574FB46E48D4B33EBA0945E7E57AB3
:10F940002641D554E39CA9AFAD08F086079E37C683
:10F95000C3B354911637FF1BFBE13E2A483F01E930
:10F96000EF38C96FC7B32CBC31522AB181CECEBBA0
:10F9700034B532EC2921D334FC0FEB5D5FA091FF4D
:10F980005D316A551628013ABF4F27EFE8EE16465B
:10F990002136AD5ABC259BE0CDCAFE258B422AB04C
:10F9A0003135EDB6A7EEFAAAD17F70931717BF1ABB
:10F9B000E7E965B00EC7366850CFEFFA599B9DB79F
:10F9C000C53606D29D1ABEB50E52A609D68E37EAA6
:10F9D0003FA05DFAEFDE3DB29E1808DF678F273843
:10F9E000BC0E1B17A01C25E0E0311837DCE82BC546
:10F9F000A907F2F3ABFAF21EBEF0344E19AA04DCEA
:10FA0000C8553D17AA2730D19E741141F644EC40E9
:10FA1000C4B123D285A6B4C0584E0D4BF628B4CE3F
:10FA2000021BD1275759F7A3B8B97DB9ED2808B9FA
:10FA3000E395676499DEF128459B9047DE073DB466
:10FA4000CE24B53359FEA8DDCB513D5FED8DE3E10A
:10FA500050D54F549F5CD098C8C2DCAFB915EA4A64
:10FA6000AA4458EBC12F231173CA4C7F299B3D6FC9
:10FA7000D896F9F9B279D106C91A1B1F3E47FF1B68
:10FA8000C312C5271BB1E6E8BAC3F7B6F23F9EB36F
:10FA900020ADDF09D2C6EDB720331D0DCF3C441693
:10FAA000FB4A40A124044BA8604655CCE8EBD5198D
:10FAB000F0C8BFE933B5EBD7F7E613D326203311EF
:10FAC000F54643FAB4185024E3FDE288B4500844E4
:10FAD000E4976D99EAAE6A0C4B19F73F4E3DC71596
:10FAE000C6EC2213F8D7A8574CAD5255BFFC39CD00
:10FAF00042ACBEFA4E2F3ED3A031282CEB12816AC5
:10FB00000A4947B8F314D831A21BA0E1D5FD060F6E
:10FB1000164EC64507A9DEB4289D002A333BB02DFA
:10FB20003DDB9626B9F8979F4F5D47F5A01F3DE551
:10FB3000355A3CF6BD2263BCA4069C5BBF2F274808
:10FB40004BBA16CFF7B001D301BEFDD20612066440
:10FB5000D2D516B7DE0B257F3CD0E7D5A92C545A59
:10FB6000A8533CCCC7090B4505F43CEBAA06FE8B19
:10FB70001056D901B60BC0D3E2F047EDC2DED5C0B6
:10FB8000571C5BF9A0A425A3BE28C81035513C5FC3
:10FB9000D5E226D44AC4DF9CB7342275EBEC699FCA
:10FBA000ADC5C747512FD84F0B15C3ED03B757F855
:10FBB0005523025AFF01585DE15BB79245E0FB61B6
:10FBC00064683AA0A5223F5A30B87FA54551253D2B
:10FBD000C60944200DF323303AD4B5EA3FFE31D9AB
:10FBE0003602FFE2E0543FAA9BBFB39920E208C768
:10FBF00001FE451C82BC45EFF510ED0954ACCE3A30
:10FC0000D5DDF41BFA053E13C20935FCDECCA33E5C
:10FC1000BCC9EC063850D3C1160F1AF9EA4F29B502
:10FC20002CC4FE2CC900B658BCE2115042C818B50D
:10FC3000D1FF22DCD4A0B0CFE2D61DE84637177F33
:10FC4000FBC4DC31F50702A7B59959E800AF4314AE
:10FC500022E3FEE028DC32FDFA274DF8152BCBF32A
:10FC6000DC37091B06E4EC4E3ED6FAB4EBD34BD797
:10FC7000503B202EA3BDD123BD3A06CD03F25C221A
:10FC8000DF5A9D333625EB6BE743B1EFD32CB3C777
:10FC90001103629B24D3EE38DB8147002207084220
:10FCA000B4A1A55E3BF050375B56F5B7C7DA550AED
:10FCB000AEB1B2500E5BD33B17E25B1E2FA9BE451F
:10FCC0004FA0B6CE59310B9DF9CDE81957AA07B20E
:10FCD00082978742D9F3B6BEDA911D0A96FB48CEC9
:10FCE0000D072D310AB43413E99AE40EFB291C14D4
:10FCF000C71F0833D5F14D674D4CB04BB12E57CBD4
:10FD0000FDF2282E5FD14BA34FC45A3F120EBE15F1
:10FD1000AC74919B2A41E97F854AE056234227D45F
:10FD200091E018E8E4CFC39A53E0DAC36FAB62DB2B
:10FD3000E5F09A26C767D15103F6EB41BD432ED6B5
:10FD4000F893C0EC1207837CE20AE8B92D195D49EB
:10FD5000BC47AF433C255437C9113BA1EFE2C8B5BE
:10FD60006F3B4CCB8121CA3044BCB2FA2C49A0D79E
:10FD700037A3A61F2AEBDE9BBAA0F54F1926AA3B94
:10FD8000EB04FACCB243E1D0C2236E5146F5F4A89D
:10FD900039D70B2DF10F664E44ECA0E1D200FE5492
:10FDA000D8D5CDF9E3D1017FB7B112FDADD45E3F17
:10FDB00035E0473FC258FC1002C343EDACA6C5581E
:10FDC00032F8C835E36298D7C92ED1AF1F4313A8C4
:10FDD000FCBDF2B1C31FC1F43F0B4731AB34681E09
:10FDE00050E545C71F0B50AF984922F1F21DE9BB02
:10FDF000F21CE7D9E4AB3619B9450FB24CDED8B5E1
:10FE00005F1ABB17CD6AC919B48CC063D1C6E5A609
:10FE1000A8DD167FA35A5445DC13D0E7AB11BBEF26
:10FE2000222AFC05A54D5F9DA62B0471AA3C3A2A07
:10FE30002AC2F7C4DB08B8A23C010925FC45A2731D
:10FE400059B39A193B0CB3ACC72CE332E4F3302A14
:10FE50002A4432DF31280ECB5F381FE6A6A557EBC8
:10FE6000594B218FC21D34E2F135AAF8F05830A960
:10FE700038CA5D57230853FA27DFFA046D5713C4B5
:10FE80002D6522E726199BE502092D032A45E83B4B
:10FE900043ED5D3C34DEB613C4B9FA223E2AD523C5
:10FEA0003C9EDFEF1FB6E9EA4476CB811227860538
:10FEB00070530536A6A2CFA1E03BD8DE37B47AA8AE
:10FEC00003E13938F4EB6FFA021B9EFAF258480C42
:10FED00001D6B808E6A4D9C7CAD1B11C47A240F9D7
:10FEE0000AAD1DE8103945FF431CCC3EAE03D3A339
:10FEF000F990C543FCB31FF503BCF0FEA458DBCB5F
:10FF00003BB8E9141815ADFFAFB9B3B2595BF93579
:10FF10005B0932FB02C6C45D1C93E1C033E85C5D43
:10FF20008113D2AF13E62DA808A4D50F5940438EF4
:10FF300091DFD811E2474ECEEB6D244D0CEAB52887
:10FF4000A924F3F428F1660D461DF7DD2EA03266D4
:10FF50004502370138CB5F47097C10F3FEEB17A74A
:10FF60002A336CEF00A2DB1501A1C7A50B553BFAA4
:10FF70005FFCF0D117A5346EAAD5E0FAC73B29C6BD
:10FF8000536C3BA33D033FF6BB4E0DC29DB45504DD
:10FF9000550C1A5D719B74A50AC3652F5DC5DF61A1
:10FFA000410020B049D6B79B51E87DF3C560F7F713
:10FFB000A12FF8AE92C6C4D994552D2913560C53CF
:10FFC0000D1CD4CD6B174C8E694D36F27FA2AE98C6
:10FFD000C0F36CBDAD47D5AA16C052CB1742BB9833
:10FFE000F0E873D3A5B404264B7569BF7591040876
:10FFF00018D238535756C938B6B9FF141C58EB48B5
:020000040802F0
:100000008CF6C268AC430B552E3C26D8291807F451
:100010004EC6094D1A110F14EC22DEEB994A3B2310
:1000200009492122A7895E61FC3431891A3F4DE6D6
:10003000100FAA1B251453FC0360C9341E2F8C5EBD
:100040004559A75AE42C9B239C3CB93B3CA049A8AA
:10005000C53C35C63571CD279DB5571684D3EEFC0A
:100060001D17BD263425B8A7F254119FF5053AF4A3
:100070001ABFFF89B98112B14984ABDEAB8DB5EFF0
:100080001F4DC751E60F46A3CA0295E852A7E7568F
:10009000481D42EEB70FD81FB8297DBEF251695EE8
:1000A0005F292D260DC5C0ADBD38E3AB10CF018B48
:1000B00000E695A03AC6B2A98507D9B95C2D894C4E
:1000C0006637170CDA66F254DBA6A4B4E0149C2E53
:1000D00065EEFBD00A4A2E32E2225FA418EEA6D8C3
:1000E0001DB79D43B837CCB3FA8AC73A22EA340524
:1000F00069FA9963ED2DA6ABB498E926FC14813B0F
:10010000F419DF4328B5DBE0BFD3FDF8FAB515CD10
:1001100041B029F4FA4546E0CE3B26A2B60115CD02
:10012000DB51BB23DBA72D536419F67FF400E531C7
:1001300021E802ABCE04CFF21549229E0AD1F0C2CB
:10014000323D2661EBEBEAAC3FF1D5D0EA2C66D428
:10015000B7A7E7BBCFA53F0BE728DD5CAE01ADBB82
:100160002CA3394F110FA0EC6137E3DECC484437A4
:100170001713AE9915D5B1136BE41E07E351DF09D0
:100180005AAB250F1024F102505E1800A75C2D46D3
:10019000D416E810F2AB4B33BF6B2AE50FBEACD4DC
:1001A00002F719AFCACB1A302A0005F2D462534FB6
:1001B00092F0F823563ECBAD6A62C24539B81FC4EF
:1001C000E7C7580544DC10BD3931AF5BA12B07F1FF
:1001D00054F2FEB74337A1EAA755268134C1ABD606
:1001E000E115E82A3DDB1C4616EA23F092C2BEC2A6
:1001F00000D9E658F44ED5EC1F1EFEE321262E3121
:10020000A12DD1C94CD3D5F840281808BE1017B17C
:10021000B5DB1116465845C0EE1734FB58D9D263EA
:100220003B441917DACF2CF5BC9D973A0E0E0FBD43
:10023000B2304B5BF708DC2AA8DECAE8CA2E06BB40
:10024000DC3E30C6A6DB4032208BDBF6AA43A60A92
:10025000D5C445F02F2CE1BDBBE845FFCAF7C1C0AE
:10026000CEE4E7E91BF3C1E0D9528EFEFEED2ED8B5
:100270000227FD81C62602DD545BD6E11CA2A249FD
:1002800027F1C6BC1943FE923A70A4C03503560E3E
:10029000B2EB46ADD726ED4045E63D3E911744A270
:1002A00025598FF8341A1E50E83C0D02F73507BA6D
:1002B00040DC1BD2C30DEED2F541231DB7C2720B39
:1002C0003F21EBACDB279EA7EDB656F2BDFDEA81E0
:1002D0008ADEA73C103CE6E5CCEC25C421BA52747A
:1002E0001811E0D2CEC62A28EAEB1A12CCFDDEB0F5
:1002F000007946B70566FA7CB8BCCC59BE5BAA90BB
:10030000A1DD4E5D022447DF619C511E5CD54A444D
:1003100033ED4854D198F94FB8C6B1BB954AF9B6F8
:10032000FF57CC50D5EBB1B91F9E41BE1C8DB8C450
:100330009B9D21CD0B43C60AF33B21B82C17471FC9
:1003400041B8C4AAC7C3509BCE33BCF6F8D62E0220
:10035000F2E44A0355D03E647F7B47079E4030E479
:10036000CE8C5CD4B3E41D4213720DD8CF322D3045
:10037000575709BB37A8DA6C5D3226C9F9F6E9D9B7
:10038000336353F808DAE807C97FE4D0F13E572F0A
:10039000D3F0AD144325C1CFB606441D5052EC51E5
:1003A0003691D02C4B221A1BFEEE715C615435F451
:1003B000F938F3692FDF93CE68E5ACC2C7CECEE83B
:1003C000D4B6C665E2E73ED0224D31E7F7F1CEBAAA
:1003D000D2E86C221D34C209C260E0E7283C65CF38
:1003E000BE997BF4C8E0BBADBDDE47BF6AC2D54A4B
:1003F00037020D574022BF063CCD6CB7154AB3F803
:100400004BABD00318232499DD0CC5233F25C2062E
:10041000D3AA3ACCBF34A750F2288F0506BF4CC5EB
:10042000AEC3B4654EAE2CE2F20D5FD0541BE209B0
:100430004FB9D3FD4D1DA8474936E5CE99EA82C292
:10044000C9EDF2E55946B43B73B10AD72F334E9547
:100450005CB31D312BE706F98D39ED471A291E7F54
:10046000C73142EFE3324F3DA931F1DCB9D1D72A90
:10047000E3DE3EF40D7E053FFCEC1B2C29D32BB2B2
:1004800029CBECDB5EF8D7ABDF2E522EF5170AF640
:10049000A0A9423C09E6EAB912DEC05ADDE2E41A3C
:1004A00024D94C20EF63F459D2340852FC48719B94
:1004B0005259FE2132AA56DF3941F01235453041FA
:1004C00094E0004D0868CD5778C128442CC36125BD
:1004D000EDD0021940F5A6FBC337BB2CF08ED1EB53
:1004E000395C4C91DE59DE46A816D8CBA727E60228
:1004F00033DF61CF667E7F531B9F59C92F390F5958
:10050000B835D0144F1B0BF21039FDA4D9E9DCDB50
:10051000CA063081D4A7694DBA69281442F937B7A1
:100520006128F0CAC1F1E075BF8FF9AA32E14539FF
:10053000B700062E5ADD10E8175ED722D73842489A
:10054000BB5AF210F2BA9836C1D5103E532EA1CA4A
:10055000F528D5BFF6400CB55789B81549994F52C3
:10056000B2CD24683DD13A3898441F08FA30FBDBFD
:10057000E7ABEFEBD0C114C1F43B66D9421CDBF70B
:10058000DE18DC4428BAD71D15DF246E2545371147
:100590005942F32270E6DE086DD45DD03D2303D2CC
:1005A00028B6864026D1C76CE20C27FD9D1E6B1B2A
:1005B00014D007BB0E1F3BBE2C2FFC34096E0FC19D
:1005C000F4C5ABA14AEC57A4152C6CE8E6253CDB3E
:1005D000BA9D81C42E46F21E7BDF06E724BE138B34
:1005E000FF1A3D2D230F3DEB4EB7F79E28B0CBDA17
:1005F00073189368BF871F34C50D29D49F26A13572
:10060000ECFBECFCE6570009EA5E68C35043FEC60B
:100610002A31E4C7ECA22ED8E5C71DECC41D39125F
:1006200012172AB1E90D4031B413B6DF955DC4D07D
:100630005F43E447DF3BDC3AF1023117092D10EF4D
:100640004FE151B62E2CC405B94113044CD8360BDA
:100650007FB4EBA4C434DD0EDCB94C55B74DDE06D7
:10066000FC9FAADAEA46EC0254FA462C0EB83A236A
:100670002A26312FE6AF04EB0457A5EE6AE7F59B77
:1006800044DEC8FFD917521BDF3EDAD647321C19A9
:10069000C8C822BCC2C81FC72BF35CB7F4D3BC0ABE
:1006A000E8C2041B00C3E7EAE6303BB1081445C9C1
:1006B000D2B9313512CB0BB7ED4AC315EAE5DBE60B
:1006C000DEC520D754D7621C5930055553362EF657
:1006D000A4BC1218242ABF25D60ECD21B319E9B621
:1006E000DD34DF4514434800DFDA507FFAF254610D
:1006F000B6D40C021F2B31F01007D8500302F25170
:10070000C6FCF038FEC71AF2D0A7BE95BCF41A7426
:10071000DB2A1168FD55B0E82F5F43E6F7F3B1EA35
:1007200051F121F7E528C4C535B2033F481704E16C
:10073000F67545A5655301A725DFE3EC00C6C3B6F2
:10074000422CD838DF51D3D537E6C753D9C3CCB8FC
:100750002334F1772977219A31B3298E1724BDC22A
:10076000D8C7A0CEF3BFC53FB722E3B32D404EA1FB
:10077000E77F1219EB0635580E850CB8AC513F13C4
:1007800059362D0DF86054D03518573C14A0E1E4CB
:100790004C36E14EC12AB1C73D19984BA7E69AAE37
:1007A000BAC8C82B4CFC6238B138B2159AE9B10509
:1007B0001D0759E5D667D1F46733BBBD1F02D13F92
:1007C000AEC8ED323EDE09D354E645BB5D45F906C1
:1007D00006F250D4DF3DEA3C28E6102CD5E55BDD7F
:1007E0003913345B555F3619CDFE58A7B413A4995D
:1007F000EAEFCBDD7FFE4012E044FBDEDE34ED8825
:100800000FEA2F5E424707DCFEFFEAAAB2B021756D
:100810004252A44346D33833B1ED0F16EB0CF9B670
:10082000486EB4A1F9F6F3269819E929ECC2354BC4
:10083000BB40E7D252561CDDD01ED90221C0811721
:100840002BC8E512BFF34928780056265A48E20221
:100850004808B2530DCBF236386B58D2D4CF35F5A9
:100860001AB947285F24A31D94E0C724E31BFFE5C2
:10087000E051D9CFE514632F3E164664BC18EBACAB
:100880005CCF70BC4BAC645B3616F2C2A055053B26
:10089000CEAA0432A456CB81F91BD02BFFA213BDE4
:1008A000FA391BBFC928B6F3EB50C998E4FBA70C73
:1008B00068FCBE65C6F4D50C2FEF0060C6C8773D56
:1008C00003F44D2296463F211CAD9FAB8DC84C12C0
:1008D000DE3BBAEFC4F730B47FC125D2E8F2F95558
:1008E000EEEEED15B004546447E29F9633D843D141
:1008F000DF2AB83DEAC3A491EE2D0E08BF4D431088
:100900001A682C2E06F5F4D41850193816E8174139
:1009100013D72AC33D991C345E042CB2C01E3ED5A9
:10092000D4DE3FAB1A5BFCF4AFB5440ED9819667B9
:100930000AC9540169264B3E1BF950ACF9D048EC6A
:10094000D141BC0127E9FA334F45F8511525A76578
:100950004A45310B6DBEE2313F5B5B32BB2AF1D5BC
:10096000B4F6409047EE52BC0EB79760C6AACD03CE
:10097000702033BF03C3C00C17E12D2E5618373536
:10098000D509FFAD0BF26939488FB44946FFE6CE71
:10099000B70CD7B42181876DAA16640BF72906B26C
:1009A000E9C9215C3ACDCEFB1A0B5DF43AA92F02BE
:1009B00035F14DF8F413F6542A4935ECEE2C522655
:1009C000E0AE0B1761BADBC8BF46DBDBA7E3633AD7
:1009D00098A899E33422EDD0DADC950BFC46454F1C
:1009E00095493FC92AEF5B30D21EEA4607C6C6C505
:1009F000DB6498C4F814C3183F0F9514BAA7EEB47B
:100A0000AEA24A4D5618A3E252D0B74BB0A40DB1D6
:100A1000D2E137DA4EC1DCB650CDBEF94ED3DF9FFE
:100A2000D638E058E48D4DCEFFA607463843EF4355
:100A3000A900FB16C22D4EBAA2AC1965E7E313520A
:100A4000AB1D1DAEFF6503C24F13274C3F2AE416B2
:100A5000C7A5B2397FB8463BF3B4A05BE6FECBF83E
:100A6000CBF65ACE314A5B8C1408472653CA3BF664
:100A7000F2BCC8525801AA0E3D3AFAFB4713CAE02D
:100A8000FD4660E5D12325563ECE5B15ACFCD81162
:100A9000C644E9E442DDE9CCDC04E3CAC05AC5D06F
:100AA000BE225DEFD2782CCC1563C9AA306AD4C5BA
:100AB0004F3A04D91CC0EDDBBEE25E354E577FFED7
:100AC000C6B9D44A0F21C06E55FA9811E6E73C0327
:100AD00061B2BAA7CDB249B55190BE745514D906CA
:100AE000A723C5E2ECBA3046F1F73F182CEE40B62A
:100AF000111C3258C93BAA11B63DBEA21F3FEC5390
:100B00007F2F5034EE162FCFEE391ED440AEE7BB08
:100B100029FBCA3C2526EFDDF229D852DCA9FC1BB3
:100B20002E04B8CC4DCA29103BC9E5E126210FB8E7
:100B30002FDBCBD8FFEFA8BDEFFCEEDCC9EB3F3FCE
:100B4000CB161798D73E14582C83FF32D415F60EC7
:100B5000B65C5A475108AD6629B6C64DE492A22F3D
:100B6000063751C8D765403CD5DE178CBAFAAB2D95
:100B7000F3C41BE189E2E62E6107B5F6DB1EECE16A
:100B80003D421BC3CDCECE04B47FD434A9AC300CCF
:100B9000F3AAD1549B95B43237138A839FBF1D1992
:100BA00044B3E200400505071F575FB88D1312F1EB
:100BB0002A613028C3DCB13A39EE48F9C414FBE8A5
:100BC000AB5E6DA55BD3373D2DEEB4B569406222B7
:100BD0003E082896BCA51977C5BB9EE264FDD248A5
:100BE00003173196DD4E1E7B790D344ACB87ACEF6F
:100BF0002E090CB8391B6AFAFD0A9A0C27E0601E10
:100C0000F5AA06AF360245243CE7D72207EBE3FC02
:100C1000CEC6CFE924473CE3D9CBE8DD37DE12DA94
:100C2000DDF92DAD12C60EECE8D2E400D09FF41E23
:100C3000B4BCE50716FA3B36E3B80EDDC523E3275F
:100C4000423E52D0BDF9E917EEBCE6E40A3BD216AB
:100C50003C23E0B6FA41AD42EBF3ABCDEDDA22BF77
:100C600010F6E13FECB11C819EDED1CFED2A493870
:100C7000FEC63303B4DA15152F3D1109D8CBB7E9F9
:100C8000C7D65951707F21F10B45A9B1B8E2B41410
:100C900066A4930413EB9088F5CFD217CE48CA67A9
:100CA00034649F58C29C54B248FB3CF19EF2A4E5C8
:100CB0001EC4E133CB1128F26647D67CD8CE361C51
:100CC0004737C2C2A0AA7E119E20A84BB627D89F44
:100CD0009AD412333518EF320062025361025CB9C4
:100CE00025326BF4C9E8DE58AB2FF33CB55E12B683
:100CF0004721102FE06070D7FF5FF7B920FE7FBA61
:100D0000CFEAB80DFE1138DD5EAB9D1F00D3A5D62E
:100D10000205210E454266FFEF66E15100C1C8F6AB
:100D2000A745E4B5DCBF1D4200CEFE7FDB3C034996
:100D30007A72DD4CF7DB5059E43E25FF6821E1CDA6
:100D40002BD4452E6DF1F807C815B552DCE4EEEB57
:100D5000F50B34AF04D0CC58B257274E0A070C52CB
:100D6000E2F04FF1543BF60F5300B0A72EA7123418
:100D70002320403FA85E7120EF4D28C7AAB4D2556A
:100D80006BA4D2099E9E383AA2C52023AF0AE7F28F
:100D90002304CDB3C31D3432D554DAA7AF44C1DC2C
:100DA00014C42733F1DC36F6E40FF30D69186DDD5A
:100DB00015F5345F1CD81B04E24BBDE31306F9376D
:100DC000C6F5CFBDA9B90547BEA703E2D5B7712DBA
:100DD0004414D2E710A049A6134C91C91C56DBA8B5
:100DE000DD380706BCE10191105D6BB614EED50B42
:100DF0004FDCD6A0EF487FFE5BB93551F665114256
:100E00005A4E1C1E9C81D0314A0EE9F76F297E0A8A
:100E100020853CE94E8C36B71FFA2F44E86B566AA2
:100E20007EA9A1DC02F6C32D35CCCB13F3B8416209
:100E3000DE4A09CA433BC5B6D9190E03BF0BD654C7
:100E4000BE460535434C21BE39382751FBC24DF40F
:100E5000A5CD46F84372CEFBB80DA010E3F948B615
:100E60002D3F373BA7151D59BEDBF542CB16176545
:100E70009A19E909F0A716EE2AF7ACFEEF122668D8
:100E8000ACEE55082B22BE99A09B2DF9706ABFE1EC
:100E9000A42F0AD7DD31CC9EBE4AA5330B7B49C3B4
:100EA000DF41D355CECA82C037FB79681D910B2B29
:100EB0007CFE4ECE2AC96BD4F6DCF318CBA1F60823
:100EC00036CF3696114B253A3BCF394848ED40C3D3
:100ED00040F0C8EF99234DE6347A5BB9A5371393F8
:100EE0006BA6530D1506C846A5639527236D54922E
:100EF0004DF35B760720F52A4FF80581F8FAC93ED5
:100F00009325ED2D554538F335FEA458D3E55643CA
:100F1000902E34323C1D609F3BEAA9F80A28F84E17
:100F2000E350049C6A58F7CCACDEE05EA7EB1218E5
:100F3000BC39DA3C0607D43DD8C20BA248FC915814
:100F4000D4C663FCD55811056CBEFBC2FF232BC46D
:100F50004A5104F3A9664200E40781B62706E83245
:100F6000F3594EBDFEF40FB13C40E3D2DB15165BE6
:100F70005A4FEA232B347ECE1620660FA74CAD388D
:100F80005E61AC3B291E1EAD33F1C63EAED8B3B98F
:100F9000634728F8F80A5CEE44AF4DB954F0F6BB4D
:100FA00074C9E8C00D4B03235DEFE9DFBC28E7B14E
:100FB000183115A4535E21CDED60AB70F95E593048
:100FC000C23C8FF6CB33AFF4B1FFBBB6340E27D49F
:100FD000E5C18148C50CA215A2F2094E2102E60A1C
:100FE0003C06B1E02ED7A4443A292E94EF50FAF1F2
:100FF000FBA3F4CC6666E20BF9FCF1971D1AA50B76
:101000003CA5BF7429BC1669F9682B531F2D0BB37F
:10101000A937F41518C45BCC5601D3AB59DF56354C
:10102000C21FDA10BEEEC9A5F0C9FA27244D492522
:10103000C99BA243E01F5BDBA61DEA4E2D1711E3FF
:10104000008D32E96B58ECEAE539523BEB65C3D6CB
:101050001119921A57187F86B4DB5247B255C02E29
:1010600036215610102A1B0B4540F23B3C010B2D3C
:10107000D80E16616509680BAA14B8E49F1C0A15FE
:101080003BE4E5D011463A10606DE431E0278E3440
:101090005310792BF09BB6DC0FA7391F5A20A805F7
:1010A000332ED0400EBD3D3F680C9FEB07568E0E91
:1010B000CE0625263EB52A4E40B1BE47AFC315A881
:1010C000AD545DCEB2E5182181F3B18BDEF3AD22D4
:1010D000C525960BC30E4FC31F8EE23AF9D2425973
:1010E000F3E21AEB0A4474D833F6455A0FEDFF1BAE
:1010F000984937FE05BBD666B2243F97B2C82FF297
:10110000600A3A32FD1A21B02517D906976741DBEC
:10111000A702AD391AB864DA4FE8FCCA502EF51DA3
:10112000D0B6A84F0A20B650B1E717C1A5AAAF475D
:101130001C20D1E305B3E0D3269503F608CD13FCBC
:10114000CE9AC1F040FB0E2BCD3EF7C2E3E6EAF6A5
:10115000CEAFAE4D480C18DE4BBD19292A0E4145C5
:10116000FC3A4719E3CEDF481C07FE0553A399F666
:10117000E05B67E3A06C19812E4A109963435BF230
:101180001FB3CCB612C8D1C7321DAF4605CBC89726
:101190002F57E3AE2E18D372551D11C726C153ED3C
:1011A000D0C10CE5579F36DB63577FF2D7D82D436C
:1011B000D80E2FBCA12CE361FABA07E75FAEF6BEEA
:1011C0002F41E3D272EE1A74CA32CDEC19BE103D33
:1011D000E82024420E44BDCBB767F50331052F50FC
:1011E000F9B244B7D0E7F5A7C21BA77101B8C1FF98
:1011F0002BD6F7E8D96BB41D44EB374B25F1C5E787
:10120000405041F527D74D5A9F15F4ECECF4E152CC
:10121000D8D8EA04BB43FBB6250FEDF50AE25C8A99
:10122000B024246EC254BB42B92F0E86A5957F1000
:10123000E6E7D4EA4A2742C3DE09BA2364BD06E4DE
:10124000C1DE54F90C25321F649E0AEF6A3FDEF3BB
:10125000AB45C4A722ADB307FC998808CF16BA8D59
:101260007320DE0CDDF85AE631D8A02F41273F1C51
:10127000A3B3181DB3A2FC71C9CD4F31B8069B2191
:1012800097DB5723DF3754189355A846CF11090B26
:10129000A431A4291D432B7905BF26C1C59A3BE083
:1012A000FACE9E6750B79FC75257F31549B3E8F57A
:1012B000DBF54DF0CE2A105B20CB3F43F60EED510F
:1012C000F0910B05A9E8ACAFDC231ED6A3A0299DA5
:1012D000F9C610EAE67DA6324B94B32BEA9F46DFAF
:1012E0008270D453DD1EEADBE6D43F2A3360CF1F81
:1012F000BE27811D9C480B44D7F9EBD3E9D2A48DBE
:101300002EF5FFFFBAEBFFFF6D04000062A4FFFFA4
:101310006FF3FFFFB7A1FFFF5BFDFFFFB4530000BA
:1013200017700000EFFAFFFF27D7FFFFADE2FFFFC6
:101330005BC8FFFF3EF4FFFF2AB5FFFFB81E0000A9
:101340001B9EFFFFCC32000017F1FFFF773E00002D
:10135000EDD7FFFF9742000024C5FFFFF1B3FFFF69
:1013600087DCFFFF5FB6FFFF125100008399FFFF8C
:101370001D160000A61F000048FDFFFF88F4FFFFB8
:10138000AA3300004C3400005C5C0000FCFDFFFF51
:10139000740B000021110000F973FFFFF6C7FFFF77
:1013A00025C4FFFF69FFFFFFD4230000501D00008C
:1013B000DBCEFFFF15C8FFFF12F0FFFFF1C8FFFFF4
:1013C000153B00003D880000E2230000C7B6FFFF88
:1013D000AEBEFFFF9BB7FFFF7D5600009E5400008E
:1013E00068D1FFFFDED3FFFF38F1FFFF7435000047
:1013F000942600009D91FFFF691E00008CFAFFFFFC
:1014000068C8FFFF91380000DDFAFFFF23BBFFFF34
:1014100094E7FFFF35E1FFFFDBE1FFFF06DAFFFFA7
:101420008889FFFF6EA4FFFF45C7FFFF464D000000
:101430005E600000DE2D00008BF9FFFF78070000E2
:101440005821000032B7FFFFC41D0000EB0F000061
:10145000C016000060140000C3DBFFFFA3330000D0
:101460005FE2FFFFD59EFFFF420A00004C500000E4
:101470000123000097D0FFFF75590000041D0000F4
:10148000A0E5FFFFB2BDFFFF06F2FFFFEC83FFFF09
:101490004A12000071E0FFFF4BD7FFFF1ED8FFFF8D
:1014A0005E1F0000C5CEFFFF79BCFFFFEF2D0000DF
:1014B000CA90FFFFFE250000400A0000A5EAFFFFDA
:1014C00071190000ABE9FFFFE87B000017E1FFFFA7
:1014D0006B98FFFFAB0B00006EAEFFFF0CC6FFFF6B
:1014E000AEA9FFFF58080000C28FFFFFF5040000FF
:1014F000510C0000A5FFFFFF0F3600006E430000F7
:10150000AA914358267F7F0E01F8B0127FDAAB70A4
:101510002CD07CE357DADA223405F41031D10B36C3
:101520003511C0E42F15230AF6816637634A186423
:10153000C1AF165C667F7FA91B237F8360DB221A05
:10154000BBCB608A7FE18D9698FFF4A9ABD8E83ACF
:1015500081232A39767F515FB31730AB7F9C332AC2
:10156000271B7F0D90E424EF3E8131E09CF7D87378
:101570003758D4F2BBCBA21B0642D049CE38AFE2DB
:10158000277F305033DF26DE63CB2C81AF4FDFE780
:1015900042DEEAC42B81C8E9B57FCE364EB3038163
:1015A00081BF0A7FCA1B0D0FB8A7C5A9D2BF1D49AD
:1015B000C7EB5A322364F7F00D25FF7FD519491484
:1015C000AB3B6E60E9267F2F6305B8C281C42AE871
:1015D00072CE7F04E4E011BFA98105B6EB24FF08B9
:1015E00020891BE9A04A981CCA60810F21C8CCBC85
:1015F00030D7EF04D3261AD9A1C94502406EE4AD15
:10160000BDBB81137FD7C3067FD137182D29E68153
:10161000127F2F601033C281E527F530CBA37FDF27
:10162000A0A629990069ADD081E75CC32D7FF8FCA5
:1016300003F7023FAEA0191949FEFAFF49A5077F3B
:10164000FDC60E0669E6DB2709E4D5EF2344C0B3E7
:10165000EC81C70275DCDCBD5F887F81C8A67F3A5C
:10166000CE81B1AEE02FA7AA3F4ADFD66A0381F848
:101670000AE5CF934856C80A19FB4A09413B8F39FE
:101680000F313FF292FA1213EBE481F3DA097F2C67
:1016900026D3976B2AEB474DECE90DE2C5A2C1F1C9
:1016A0005DDC451B8602817F93A655F8D808DFFCD8
:1016B000F5321FC9816956E40742137290EC6E3807
:1016C000FBC681C122EC9003D27FE9FF4D0C03865B
:1016D0001AE7BBF5079F356681CE8D4C1C7FEE7FE8
:1016E000E23F51034D1014DE3796787F817FE1038E
:1016F000708DECFDD4CC5B8B7FEB5CD0B15BB276B4
:101700001A30A960CE43E181FDD08DEE4A7FCC191D
:10171000F80AA4E2A9449BA41728326C5904EB7080
:10172000AADB81CC818129D59DE57FBDF0657F0154
:1017300028FB091BAD22E1EC1B6332BC7F4D7F5DB2
:10174000E529B55EA5EECE3752F081B62ED970B937
:10175000B6CE791A81FAE74D689773D3203850A036
:101760007F0ABD7F550D0640AE73091991A72E70F3
:101770007FABFA107FABDFED0D7F810A81BB0036B6
:10178000BD7D961A9638CF0B2D7FA88ED13D44AEE5
:10179000B42F81D9811BE2641D70817FF05CDC93E2
:1017A000489A17ECF75D700C6E5088069ACA4E6D19
:1017B00062D781819A001D7FEC4750A24D7FF2CE07
:1017C000EDFBE2ED3C8197137F35C996C27F817CAA
:1017D00000EDA51F45AF10C9253D0AB0F7339ACCDF
:1017E0000FC5F419FCFB8181BBE443DD7109FB816A
:1017F00023817F0AE8DA9D3B1CE25A7FD57F29F5D9
:101800005E4E3CACABD52DF1D7021D6BCEC4EC4483
:101810001097F681F6E6B5CDC56F902BF2E5B45D75
:10182000BF8DC8811B1C87922A46E5003A1A0781A2
:10183000A77F06F7DEF014CA12815F61C9C7E8C846
:101840007F819E8132CA75E74339063E38EB04F04A
:1018500022C56CBB0A4D7F81D54AD73B3BE700527E
:10186000FD34B929B616402FDE0D33B841DA211FF9
:101870002FB93F815C81878109EB1D471ED12B7FEA
:10188000FBD1337F77C640C3F9F3F027B4CEBB1E3C
:1018900081C651CA23BC7F0D7F87E33D6281D66834
:1018A00005F40EF075A5BDCBAD2418E77F5BB8DC61
:1018B0007F16828AF07D3314DA94CE0A24E1FCECA0
:1018C000B90A09AD134341923E1B2E444936488163
:1018D000CEB320F6EBDFD986BD521F520425F14B63
:1018E0002B15DE3879FE960C52D4A9FAD01EFFE5EE
:1018F000C763CD4E33BA7FF964AD3DD83A1C52B3BD
:101900007FF422354CD62DD34B4B1F0FD50B32AD68
:10191000232751D49BFB194DBF30F81A813415731E
:101920002B7F304223E1D29ACF03027F0FF75BC3B4
:101930005CD0BCDFDEDD510A7FD45859F20DB79080
:10194000623D28241106A981441737812BFA0CC95E
:10195000434A24812BA210DAF60D8BE7F112D93914
:1019600025F115EF7F7FB80D81DAEAAA54BD8E9379
:1019700025AA0BCE55DE832EF2C345D2A5BA7FD65B
:1019800067F9FFFF3EF0FFFF1907000004E3FFFFC8
:101990006A030000A2F6FFFF3CF9FFFFF712000008
:1019A000F8FEFFFF6CFCFFFF18100000BB120000E8
:1019B0003CFBFFFF4EEFFFFF120600007F09000017
:1019C000980A0000DFF7FFFF450C0000B108000097
:1019D0007A10000065080000B70E0000090700003B
:1019E00051FBFFFFA4EAFFFF120C00003CE4FFFFE5
:1019F0002FF3FFFFB00C00002801000077F8FFFF75
:101A00005D1B0000800A00004608000098020000EC
:101A1000A4090000700C000051FDFFFF5E0A0000E9
:101A20003D140000150B000078F3FFFFA802000032
:101A3000DEF4FFFF98F0FFFFA7F5FFFFFAF6FFFFC8
:101A4000BCF8FFFF5AFCFFFFA5160000D50E0000F2
:101A500014180000BDF3FFFF59F3FFFF6FFAFFFFFB
:101A600005F8FFFF44F9FFFF0DEDFFFFC3FDFFFF8A
:101A7000F4F2FFFFC9F8FFFF04EAFFFF00030000D4
:101A8000E3080000820C00007C0B0000F5FFFFFF64
:101A900099FAFFFF620D00002B0C000040000000CF
:101AA0007EF0FFFFD6F4FFFFF61A0000CB1900000E
:101AB0009C00000095FCFFFF33FBFFFFE00E0000E1
:101AC000590500007113000004F1FFFF71050000CB
:101AD00062010000DA100000B5F2FFFF810D000086
:101AE00053090000C21A0000A0F8FFFFDA1100003D
:101AF00072F3FFFF73F1FFFF2FFCFFFF45F5FFFFC0
:101B00006EEEFFFFCD0E0000BAF6FFFFD7EFFFFF2E
:101B1000CFE9FFFF70F1FFFFDB1D0000EE070000C3
:101B2000B7070000DEFEFFFF41FBFFFF9DFBFFFF4D
:101B30003D120000CB040000B60D00000DFFFFFFBA
:101B4000D8DFFFFF92200000B3000000AC030000CC
:101B500067FDFFFFDF080000670900002913000090
:101B600054F7FFFF20FAFFFF82F3FFFF82FCFFFF25
:101B7000D11100006DF3FFFFF4FBFFFFA5FAFFFF9B
:101B800047653541716A549BF8C32AB4F60ECF3DC0
:101B9000D8AFC262F26427B9B97FED642D14F04268
:101BA000FFE5D3291045253A0BC1F80CC5411EF7B6
:101BB0001923E61A3B03CA0ECA1B45422069FBD112
:101BC000DA5F5FDBF4BFFF0CCB45EB09F9F0ED44C6
:101BD000EA2652CB36FCF1F933B9E1A94E5A5E1A26
:101BE000D6D8781C98C521FDC61435EFD643EAF344
:101BF0006E50A7B49D9FA703022B29D2E4D51D01E7
:101C0000BB0DCEE0F744DEDABD344737BA3C19E607
:101C1000DD5C370411183A05B057122BA736F3CB09
:101C200017742B1EC61E3AB5E8EB1641F9D8D43806
:101C3000DAAEE3B5E8AFC13B18C3C2DF56D404D86F
:101C40001620C31D1DF3352EEEACD5DE01D3D2F721
:101C5000CC27320309EAA104E33DD7253B0F340327
:101C600060111F862B5769062319D4370CD2F90E41
:101C7000087F30BEBA2AF238E8C8DA063944180BB1
:101C80005629A11BE33A6F0914BD5EAB15AEE34FB5
:101C9000F21ED47CC59C5118B8CB6B553EEFF91F92
:101CA000E7C78DFC06EA06F0ED2A3DE2D6AE60A756
:101CB000A0378CD2A86F1387B2A7B62813AF0D1028
:101CC000EA61499CF347F92164F36A2A20E8B5C028
:101CD000144107AB0FF85948B7996903E511B8E902
:101CE00040AE2FCBD60AC05DDF4B0D019913A9CBB7
:101CF0003041D9F2A4597FE451FDBB3807D36A576C
:101D00000777B409FFB9E72BECB83E0EFE21E5EEEC
:101D1000BC2D2EC4DBC45A263C621649B0EAF8F347
:101D2000ECD2C8B6C4593B4927B8DDFD404F66F335
:101D3000CC602702AE9F324D1563F04F5222C05F38
:101D4000CE4A4F615203F2554B5128D4F1F82FF48B
:101D50001D0CDED638CB3EBF44F7A84ED7245D1805
:101D6000B32DEB7FD30BCB08D448C925F51DB54364
:101D7000E2DEF5F4E807C9D641012537D5C3FC46B4
:101D8000C7070DEBD3078B3A4C030ABEE13DC246B1
:101D9000DE16EE2AFE3FB5F8F0C82A25B08ED243F3
:101DA000F7FF12BC19E4E9C69BA222094C5F143B61
:101DB0000559253425B0C93F9DD75EA531AF47BF32
:101DC000F8220F979BC771386103B1305FE3D215DA
:101DD00005D34FEBD214EC92FF8BADD7CB2BB212C5
:101DE00072AF02D0C99A5781120B50C331210CC671
:101DF00076981181BA1905619F02356EA61B12F8FB
:101E0000BA0617DB43CC15ACEC073BF82E2DEBF3F1
:101E1000D2E4A4D2F5A20DE4ED223BF841FBD70DAC
:101E2000D12BB9D61BF2C83116FDDC41BB5036B000
:101E300006E125D540CEF24704D2ED3F1418261016
:101E4000E60AEFAB02D0F833FBF0D7D66A2EF138B2
:101E5000F3F32DF937B91781EDE3A4CC422B09D068
:101E60004DEEBF3849DDD70F0A31D2B1294C0F39B9
:101E7000F7725D38E0324418D1F4E7C349AE00434D
:101E8000EBAC148995372B00A42FCAB213B81FFBF3
:101E90003BB96933298461F5F054AC8ED9E316035C
:101EA00021ED30E30EECBD38AE132E9CB16C15EA7B
:101EB000C6F7F5FC28E66B3ED93C1D51341821616C
:101EC000A38FF6A65BD3E111EB59985828A9FEA27F
:101ED00021F1A6634B520BEC9A29D1EB652917141B
:101EE00043ABC3C21BF6BC10D7AEAA194F5D6156F7
:101EF0000F02CC00398144E13CFE9BA50C333DCB65
:101F0000430C9AC2ACD8FB2C44D32661013760F94C
:101F1000B286E847DBD10201683BD72D30F146FCA1
:101F2000C741E3B1EEEBF1355128B6991BB421322C
:101F300060C1A356F2F72CFD452E81EEDD2C9BCE21
:101F40003726B431A2145AB319DCA803E0AB46B467
:101F5000C4571A70536BE0A14A57AA4134EAEA10F9
:101F600011519B5A5723EEAD39101AA8D1B231073F
:101F7000CE11F00D35E9E795404B23F345BC2D27F5
:101F8000C9474451FEE913B001DACF49DF0465FFC8
:101F90006A33227ACB073A2E26007F0FDE62DC827C
:101FA00090DFF1382109507088FCF9944203D44D38
:101FB000C252305E8431BD0C054B00EEE0EA3EA318
:101FC0004F583A2B0FB6142DE4A92A4DAF491DE600
:101FD000B93E359707FF394A4EE1ECD0EAEB3FF3C3
:101FE000FF4803582BCFFA7667072215BD25DE6C14
:101FF000275AE0BD030277AEA44BC1FF2201E0D215
:10200000FF0206B75D201613D73FD65818E2E52623
:1020100004202F0DA0B2EDF4313BE8A5CDC1EDE4D5
:10202000EB1656A73DC9CC0DDC482521B3F2150BA4
:1020300023DBC39D1CBB375FB3E8F90BD1FE201B2C
:102040003C622D4204261E3C1EDA03E84010D29862
:10205000B3FB1B194ACDE6A912FDADA22C0EEC1C58
:102060003CA61F65E9DD4F1CE02D1DECC6CDEA0343
:10207000267F62FDD24123EAB8E3F1AB142C3A1378
:10208000B1315C59E055C43FB4A530EC100553CED6
:102090000B5530C5572B2CFFF70A3EDDCEF90B163A
:1020A000270DBFC2D8E4ED040BE240DAF1CBAC0659
:1020B0002C24D4A6CF45D8114DBC09ECE952642696
:1020C000E1D3B44DF4248ED81DF60B32EAA8B33C0C
:1020D000034FB7F7322D18FAE7DC54B92AFBEB2A85
:1020E000F5DA25B7CEB925243FEC1FE4C9D82E4B2D
:1020F0000103EE13067F2FB32F5541E9F120290389
:1021000043710BF947EB18DCCC2F2C0EC42ADE529E
:10211000B831B4D2E93D32AAC8F23CF910C37F9578
:1021200012F2BA3439DEECE794F4CB2C17AEF5A9F1
:10213000360A155A1CED2E481F38AC094FE2F6AF8F
:102140000B06964DF3F7481212B8B4AA28E23CCB1E
:10215000E2EF2EBA14FFA441672215D13DF3E53119
:10216000C53E29C53F3CEDC9AAEC1EB2D8DBDEA8AE
:10217000DFD1031C3EE536C033CB44F3D4F502D6A1
:10218000E16D0DE7B4FDE5C3F61F277F48144DA0B0
:10219000BBF4E952ACADDE1FD812985DBA1A8324A5
:1021A0001D44743909D2D758D835EE0627A6B5F69E
:1021B000D0089B3ED91947EE20839BEE1D381AF2BA
:1021C00062B00350D08594E4091A22BA61BDE46A72
:1021D000AF4EA5B73BEE6B0D5A69DACC562CCF4506
:1021E000400CA030F3C8117824950EF013E5B00D23
:1021F000E6353599C5AFF7EFB1FCF433CB1DD333DA
:1022000070E0C1D039BD8FCE31989D4E5B34FCAAB1
:1022100061984BB92A33A051D1CED730089200280B
:10222000F2FC8EB4E47F1CA8C55BECD20ED545F958
:102230003B1818EE48E94849954AEB982B104BA1FA
:10224000EFAABC224E69DE6B5936EF9A0119E4D52C
:10225000BBC723D214DBB5A902EF4CBDF6D7954915
:102260006B4752C235C66007E11E3A3FF835A921D7
:10227000E0B409FA514017E4CEC369E5C8CD87D868
:10228000DA2332175D07EEC6626113CAC2D7E7AC24
:10229000C515FBFB17459FC262DF26FD2FF21FFE0F
:1022A00006B4E3F6300E37E31F55DF2CEB2E130B8D
:1022B000CC4CEFD8C43E122FBCCAD5DCB65AAD0305
:1022C000ED3BB0C930DAF10956C49F501F111C4FC5
:1022D000C9C29EB7B31C030DCD14FCD3C839BE438D
:1022E000F90A152B363DDCDDEF123826AAD6032C71
:1022F000142B7FFDC7BAA3F0191A1BAAC7F8EA0B63
:102300003DE015705D55FF87CDECFAAF63BA902EB6
:10231000E7EA521733DA0FDC505D43E43B95D9E628
:10232000E434D225AB2A745F44A73E097601EB5F03
:1023300091B9C53ED6237174FD16F89DCF3E22E4B7
:10234000ABEB1E52B841DBDC379EB43AA8AC522945
:102350002ACA13C55726251CBDA572DBB45364BF1A
:1023600054337F86DD99A6301619619E6002225B88
:102370009B5158C85C4B05D9A8281BAFE569D35FB2
:10238000B72AE911CF16DA3CE311C620FE23160165
:10239000E23829EC39EEC0D617C3E6CE2E491AAD85
:1023A000DA5B160634CFCBCBB61D2F1B3B01E029E1
:1023B00029B762192AE8DE1CF8D2DE1E0EB349E8FE
:1023C000C40CEBFED2E7FDEAB2FC2599D706C1F3B7
:1023D00020414A2ACD1AD833CB33379ECB23EBB3D7
:1023E000C8BB16C02D4D0ECACAF3B651033405152D
:1023F0003E7F120C2222060E0D3C1EC416B147F180
:1024000068E5F3AB06D31E29DD03F240ADE80E55B7
:10241000E9422400085469E92628A5DA390F38551D
:10242000CB333C02F5BBBBFF2E3416FEE313CB1DB2
:10243000695A25A8C4545E4DC2E169C793429F36CC
:1024400057A3DF5081BE401E5C343FEE1822D9876F
:10245000032EAA26F53EA886D60F5E77446F07C8DE
:102460008F2FAD9BE66028E71009E9F72048CDC71C
:10247000AD412C2628C4BBC270E949DCE61BB4F58B
:10248000DB4CF76E9964BF49B0DAC14212DDCEB6BB
:102490009FF4DE1043F3FD25C7E3E9E737AEF31CF5
:1024A000E52901B3696336F13D39C568DDAC904774
:1024B000E2413AD21424E4162893FB15606F9F0280
:1024C000FD5814FD364304500B0C3BBAA226C159EB
:1024D0009D860333810E4C0F08F2E7321A2DC21489
:1024E000EFB80D40C130B419B4CDB216C4A8D3288A
:1024F00062F6D344AE4BFAD2013711FEEBF66C50C4
:10250000095E3157CF981B9CDA68A7CDAA63BF0834
:102510004F203702FAD6B7255A636809667698596C
:10252000BE60810946416900B11CCD2870ECC3E34F
:10253000F7BBB91EEA6A026808E14EDDD257695757
:1025400034A1FC490FCBFCDD0424D04C7536A8D057
:10255000E9A92A0BC6230DC5D1DDAE754FC5A76409
:10256000E6ADEE08155B615A5C0917DAF3E85FC562
:102570003C322FEDFFC369360E9A3A26E1AADFF608
:10258000E7DCC7267624B44129193E19E1348316C5
:102590000A6C340DD3092FAFDBAAC94FDE3AFA819A
:1025A0003BB64AEA255744C2CD420C2B14668B65D4
:1025B000B70609AEE2E31B79BA425CC059AFF22319
:1025C000EFA3147098F9A4980100A9A6FA7722EB5A
:1025D000973BEDCD1FF7E61BA14AEEE4D3B3764D52
:1025E000B6342503A8F6D9549794F00623CCF746C1
:1025F0001E08BD5967B99DFE2989302BEF34BEAC4A
:102600002E6F58CC594716EAF35526B0AEE4BFD129
:1026100018ED2225F135ABAD2E17CF035CEE120E6F
:102620000BF11602285CBBC4CDE7D1131664CA2493
:102630004544AC21C815E4F31269A2245FEFCB0C2A
:10264000A0B356E0CA62054C0AD50F0FDE96CAC386
:10265000502F0613BFA6DE253035E2E6AB43570AFE
:10266000AA2609DDBDFD2CFD812748C2EBA7890400
:102670000EAF2B3034FCED0EA956BA3527B9E5F074
:1026800041DA0D2B6034E327F2B660B8F0D531E3C0
:10269000E4110E4103E999221B18E6E014AA7FB960
:1026A000A58FCEA63B18573B1E05C993D39B6FD968
:1026B00091651DB2D1CF36F9FBE1CEE8C92F3FC9F4
:1026C00034B50A9227C22EE02209C26ED7A436E0A2
:1026D0006DDF78D61DCADDC70CE138E6FB30D8398E
:1026E00065C9AE5D3BBBF35A944566A3C416D8A436
:1026F00064BB0E4E99ECD7CCE052E8F400C2307EB9
:10270000C626391CC42AF4FEBFCE3C1EA5374A3B60
:1027100059D42EB05F93FC2FFE42B634545CE12AAC
:1027200052DA25D7BA8BD64F591A3E5C59F0D9D117
:10273000E67F18A2BD69D3E2FBFAB1C128A6CCCCD2
:1027400051DDDFCBF5B59E41AB6F5E5CEA1782636E
:10275000ECDDBC093CD7E9EE306FAC360FDA3F0A4E
:10276000A3D8230DAFBF3B0E424E970D27AB69F4A4
:1027700009BB1D384E252921A3AF30C424F85F1BA7
:1027800020305123201913CD79483E2A22DF373ECD
:10279000B2EE5ABAECC9CFB046F1FAC425E640D53C
:1027A00083F2113B17E556EA95C1A657C6A7260244
:1027B0003C631BB9490B55AA007435FDB1350A437A
:1027C000E26FAFADC5419F5217006E10C1B25EDF20
:1027D000F119243EDBF65F4F0F3EED2895434FDBAA
:1027E000F9F12E4FA3F8C15D0BC1D80927AF2F2CEB
:1027F0003C1AA3BBC4CDB6227FF23DE6E45DA7C080
:1028000008DCAAA00C0703662AD961674D19AECF70
:1028100050FDCE8E3C3361132BCCE9032E03E535FE
:102820004FCB399B210014003FBF195B3BF1D5D33F
:10283000A3C2A2590065F14164395D11194C5FDBF7
:10284000C1474D0EEBF1B233470B1104A71045C23F
:1028500097A5494760EE24D503C431562B170B3A90
:10286000BF0CF5B23E5D2066F003E1A34ECD99CBDF
:10287000966C7F1BCB40D0CEA14602D4DCEB563AFF
:102880005C147FEEBC20164D21B2CF48730025B2F8
:10289000D1CC0E41F0E5EFDECC28CDBC23F3D71C24
:1028A000D120ECAA1397E1DE2BCAFC55A452BD023D
:1028B000FD24D236520D374E694146F7E908C4501F
:1028C000F0B32F31F520AB54A53F16B834180D994D
:1028D0003E14AF3E2C8B74A52EAD47AD0FB837FA22
:1028E000C4CC31F6D2A066DD27A2D9E8B347DEB763
:1028F000A6B7BC3BEB13A755AD33F7B31E4CF6FAA6
:10290000C41FDC18DF5510AAA705D638369BBA2598
:10291000C62B3C23C8287F87026F3D293232A1662F
:10292000F9C7C1CC5119EDD4F8B6B6F5B2FBBE5516
:10293000B0D1341C0120EDE34B5436962EA885D936
:102940004B08ABEC063CDF2A9B45E35BB5D832B0C5
:10295000D810AFBE0BCCB9991CC3F904A943FC2D08
:102960009E545555B2BFE95306D1C4EEAE4569E158
:10297000561050239FEB499BF16045583602D237E1
:10298000ADADC84428DFBD022632D12A2F06D81AA1
:1029900037444BFBEDCB2147C6F1381B1127E5EB44
:1029A000C04242163A17BF3CB418C0CD39BABFE88E
:1029B000044E2AE650C3C61CCAE3F22F19AE4D439B
:1029C000DF14011FD7F3E6E93ADEF5C712001C3128
:1029D0002EE13E18B827DB35142300C77F3F184C83
:1029E000FFE42636F90F372AD616BB172424FEB289
:1029F0005BC252D22D05D81DA72DD5BBED2025E6F3
:102A000012132EB5BFC6B7C1F54DCE48B4FA97B173
:102A1000F498599256007F37D14891D5F1A3565971
:102A200041BB19FFD22D1CC20C05F82E21C2401546
:102A3000D82E555BD8D4CCAA02FDCAC4CC175BC92A
:102A400029B8C8E9AD6155EE3326F32D1626324A72
:102A5000CE41D6E102A9FB9F4B7ABF3FA741B90601
:102A6000B6E4F514DF94C6E728BCC1D7670832F492
:102A700039F00AD7D216EBD5DEA25EFBD3E839C017
:102A80000559B1F2DE423EFD275546C3CD9DB1D07A
:102A90001524FD310B542D2346FAEB34F8D136AA18
:102AA000A58F92B132C90BF5CFD4A98124FFA69E80
:102AB000D8E422F1D6D5C6C20F009DCDAB76CFCEDD
:102AC000DE60FAF24CD5E71A5A0CF5D722B7B5D723
:102AD0002A0C24041A4BD9030443A7B1C8D4B1F378
:102AE000CFB1594323433BF6DBFF2ECB65E01CD629
:102AF00045BAD84FD532CB49E0A2DB4AA90106E955
:102B000097A2A9BD2925E1BECB6DBC374A07C642B5
:102B100033CBE2ECEA05C7ECE6168D08135AE70161
:102B200055B80D5F085A69507EE14E982FCDC521EA
:102B30009EF81CA84506E15AC38BBCD02E15B33BAA
:102B4000E80C632726BC5FBF7854433F1B7BCBF761
:102B5000D7401F1B403081312BFE9E58EE58471640
:102B600076A536F7A6F4B318CBB2E4C4F8D2F99F31
:102B7000BC3643C6ECD70FC9EBC05FECC4C0F9C389
:102B8000F8B2D8A241A2E5C50B0302A116C8E0E73E
:102B90001B1F402EAB42164F1B3AEEBFDAEBED3C4B
:102BA000DB2D56DEF4C90931B13FD7BB38D20A2735
:102BB0007F4FC89A08D0D2044B4506E5FA5646A482
:102BC00008D4C56505A5D1FEE10ED811D921081C90
:102BD000F20CFD1CCD4AB92A8D33B506D567D32B2F
:102BE000DE54BE416E26239CB8BAB24E34DBE6B545
:102BF000FE44ADF050F9189F483FC0E4D31848EEAA
:102C0000D8F3B321D0A7FFDC30453D99116CD2D663
:102C1000FEF143CCFB392E125202A3B896CAB7B3C9
:102C2000F0E8E69C60AE9A1A579F3594BB097F4145
:102C3000ACFABC310637265486E2CC9D37B50FC6B8
:102C40004301B903B118483AF747F3B4B4E0BEE81A
:102C50004A5CCF09D85CD31851A7A3ABBB3446F963
:102C6000BD37B04040200838B81708C417BE302E12
:102C70002C43A7932FC66E19FDF562F5393387658E
:102C8000C52F923B3DCBB9274E5F662781A4550ED9
:102C90003ABEAB274DD466C4AA59BA1FB90E44B97F
:102CA000205884E2496232ECD3F70BC0C7C436F82F
:102CB00091EE0E29CA45181938EE883EFBEA40CD40
:102CC000EDF5982149005832DECAE239C6A8541EF3
:102CD0009B2A00D9C278D1B8EF91AC04C4D9C0C442
:102CE0004AAFA68FE3E4EB2421C6AA44141B71ACBF
:102CF000E01F3D04968A440E096433D05707E42A46
:102D0000F936C102D6E72535D203F5CF08A9500D13
:102D1000D0E6832CD2D01EAE3D0F0CBBABB465BB4E
:102D2000273A093203BCED18FA32005FAFEC324AA1
:102D30004EAE4CB7E005CA2EFFE9E94C634F4B039A
:102D4000EB51CCDCB5D0B8ABE741FFC2E513DBBE3D
:102D5000474D89D9CD2F89D65540A9D341CAC82717
:102D6000AF0E38DEECB7251BD5AE37B2E9ACA95BA8
:102D7000BE7F62E406D61951A118B94AE592C01582
:102D800050183B03581321D6FC0A1DDFFF26B0C2A2
:102D90004B1E2BE936280E1DD447AEC71EF7FB0984
:102DA000969E0DC7A20981D909EA372511F822BFDD
:102DB0004BE2207006C81B0101B6F19BEAC51A2F31
:102DC0004D18123BFDC525C74AA1BFB2E35760D8D5
:102DD0001E4EEEE941BCCED34EA32547CB2CECECE6
:102DE000FBE3590DF61F2CFF570A3BF7CEF34ABB06
:102DF000C825F4F3EE2FBFBCD4B256C5BDDE27FC08
:102E0000A648A754F59F4FDBA8260F730E2C4859F0
:102E1000E96D4B433602272197F85CEF1CAC17E3B2
:102E2000E43FFD83C258BBDD39353EA9ABD1CCE6CA
:102E300035CAF5E3C1073FBF8654C9400D4869C88C
:102E4000368B12A8D751234819E72F6E25D83AE3BD
:102E5000F7EB4F22C8AAE181ABD2FD2E320461F517
:102E6000BB73D7DD5FB09C63520CA246F6003AC933
:102E7000616531AB38F0242136ABD1E8D39829C64F
:102E800019DED3E8EE1F26E9F7A905BC37A54DE00A
:102E9000681E15F00E22DB98E0C8B05D27EB00FF3E
:102EA000BD2AA6E32AEDA4E62B575AFCF11134D330
:102EB0002D4819246958D436BBF901DD05F6BD91BA
:102EC0008D3A4FDA8E0926B86FB9A9CDF1ABDF2D57
:102ED000DB0DAAAAB79EC122C18AF83E000EA964E2
:102EE000D9BD7FB317FB232F3CB45AF4B5C91F2CAF
:102EF000C3CF634DC6EFC46255BE62AA1A72981D55
:102F00004342E8D4FCDE3549DFCE5D74EA3ACB3A81
:102F1000094EC240F6D46D262AC6E1D166CA3713DF
:102F200009DDED075F24C122DF0A4CF0180AB9CF92
:102F3000731EED0B3F4367DD635BCCFB44E0E4FFB6
:102F4000C2325BDB30B90433EC45273AD934C43D97
:102F50005DB3EDABC60ACDDBF75EC9348A6D9F1950
:102F6000317F003DC3F3401FF4D05DDB6344EB3A97
:102F70003C1BCC171E26D19155F2BC55C9EA15B69B
:102F800064045056DC96E1B79F9538254D3D5B1C97
:102F900011059D6BF88E1960B564DF219CCE3D1D37
:102FA000E6314BEBFDFC534100DC4FF1F457E5A952
:102FB000AB1DA7443B9F7081CE69EA06AF5FDA3E46
:102FC00031F25089964AEDCDEC628AFA03E9E5ECDC
:102FD0009ABF6E6CDE05B5544FBD122F36DB60FD17
:102FE000F20C575D5F0D5FEBE59C8B36B713CB2C76
:102FF000F51E03A9A3B43AE2085BCE812764D31D72
:10300000F9DF97DA4C0135D43F4C0EA3DC12D622FF
:103010004D29C56954C3F7E1634FA1FAB527FEFAFC
:10302000961774EDB9CB1E9FB517BA384AEA293BFB
:103030004137D17D1A18CE1ADA79ABDA6CCC561931
:103040006AC74CF17F48ED24E5FCDDE63FF04248DD
:10305000DB02BED3C2500D11D2C9AF45FB4E5C524C
:10306000A011EF73373F110239D816F35FD6175806
:10307000343F32B9EB90CB7AD7433518E0A205DB69
:1030800033E89C654624FC043BD6484FFCD2FE1D29
:103090002538F0EDB7E630512A4B0511B68C7F0884
:1030A000A0844DC2D30ABAB0EC4ACC1DF74BD7323C
:1030B0003D024E39BBCC3B0E3318E8B928186FDB04
:1030C000ECF4911FDEE9EAD83941D96BB8724AAE07
:1030D0001957186E2B08BB4833C2DF2EC43C73D57A
:1030E000391ECBCDAD1515ABEF5AF8EDFEF4BEFA97
:1030F00057D1F3E88AADFFDD042AF1B80A57B4E0EE
:103100003BEC25266E1736B95A54E0CAF53710E75E
:1031100007BCED2261F3A9E433B4B248EFF338C53C
:10312000FF450DDBE33323BD3C2B2F0BF1D0C1C892
:10313000B0FCAD2DDDB1A9F95803B2E1323EB4E1E6
:10314000456501E8E624421B7FC9B8090EFB98D00B
:103150009DE712F5B4DBC718DE40C10BAB5FCD2590
:103160001D68994C2144D3FF384E380CA53ABDA8B0
:1031700059FAD7C631E0070D11B31603E5DE37273C
:103180002EFE496A064EE01A2BB2E1E6F7B0362D64
:10319000949E09FFAF188CB697A36DCDCAD2A6C571
:1031A0006408C4C8BC95A73869ED2B0B9BABD94606
:1031B0008F1FD4544ED5369038ED262E2EA742259B
:1031C000D002181A2E6D57F24D1312C8521CFA0174
:1031D0005FA558C55FFDE2DAE7ADF5B47F69E72684
:1031E000AA34D7B7F0BA411645223F6E205113C317
:1031F000C756DD34E42CC31F552A14EA1BE95120BD
:10320000ABECC0BED0A1464135993C0CDCB4194DA5
:103210002B31DD2C424215C0FD09BE094FD6C2E15B
:10322000CC17AD0FE55C2411BEFCF1A6E644DAE153
:10323000C42B003FE0C827CAB5B2413A2B1D4E024D
:1032400057D2EDBA00D2EE52C8F0BDECA726B1E6D7
:10325000324BD022F1EAA249C2D4C6E6B1FC6BC11E
:1032600081E1B10E04E5FD43BA00264AC652E54CA1
:103270000A40C643DF36E1D5D6FFC53EDEC11FD4C6
:103280004AC1A4DD42B0A4DAFEAEF210F0FD411B4B
:103290003CE53B7BA327D6E902D7BEC067B7282908
:1032A000A300FB3325292234E9FD4F42CFF5C40C9E
:1032B000E31E5AFF1FC40A5DA6B34AD2CEBBC801A3
:1032C000FEF7090461FA49D5C520F30B9D9B23B68F
:1032D00004C407EDC2B2C5D7EEFFC29320C4625149
:1032E000D7AAFC4EE73C4BEF0C7F318DCAD343F697
:1032F000F7A8F0E734A7B0A71DD0642A915CAF36D9
:103300001160158636B522512EF3D8E5460444E700
:103310002FFC67662F3807941CCEC44152573A1AC7
:10332000E209641DD91928FFBB04B5531731261BC8
:10333000968DB5E6593BA7D3CC5209EA4007F2E493
:10334000053AA319D544307FCBC3ACB20ADA1BC10E
:10335000BA0337BF1FB5B534E846E318F5D2BAE271
:10336000F6ABC72FE0C9C58F1F5FECBB26C62ADEB0
:103370004D26B11AFB0DB9DE2CAB3C3137B615FC2E
:103380003748C4400943C71DC4F4BF4CEEBE42E1F8
:10339000BD3A655BF8FF09C2F71A48E65EE09FDCBC
:1033A00097BB4F51B1E2EC25C49D18A82A81E9BD15
:1033B000A3A9163122E9D220C21DC8B020BF4C52A9
:1033C000380E0A10A8DD24C22FA6C8CE96E424D851
:1033D000A0232FBD42114DC5F3C9344A0A4017F747
:1033E0004B4E324BB9190748CAAE34B4A9461CB883
:1033F00003589D3D3ED0DCBFDD76B71018DFB457D3
:10340000BE013D9E28A5BFBDC8AEBDE38CCF272D14
:103410002C041272B7EB6461A8D0F2440D9DEB014D
:103420003990D351A1608A47E432B91B0A1A7A4F06
:1034300021E7031A4012CDE5997F2B993FD1BDE3D7
:10344000165EB800FB47CB3F1904D3FF55012CB7DC
:1034500033F928DFF727C938559D29CED1FBC8F7A6
:103460002E100EEA9FBADEA793E1093F029CBC042E
:10347000D945E124D301E3E1FE27626D09A5B1D668
:1034800038F45FD1ADCCF8D22EFFDA19A0731E3E0E
:10349000262D491BBCD62C3A5AAFFCE06B4923C3FE
:1034A0005DAFFE37553222B3ED37314B1F0F070D9D
:1034B000133B29A2DB5EDED6110717478D68F7AEF6
:1034C0001B938F3E65C3EEE661E9C9146E44A34ABF
:1034D00023DE46025F43C90F6352496FDE31EACBF8
:1034E0005BE4ACF218B83E81E5E79B07E37C58C08B
:1034F00018B184F81F2AF554D9B0DFF3504939BA0E
:10350000A4BABED0E95EC7E0080EF9C84EF016BEF8
:103510003B2413BC285C4CF610B5419D43A638FFF4
:10352000ACB5EF99023030E4B8D90700D1B6AB267C
:10353000A93E3BF023493D45444535F6E0D732D31B
:10354000C8CEFF3C1FDB355606186438F70FE81766
:10355000165FF830B71A08C7CEA5155CAFED9EFB15
:10356000673B4D57E0F302D0184BF7A456C111C585
:103570006460E5EC1F4DABE4B1F1FF3C227381E6E2
:103580005D11D0CE4E42D579F0A0D0034F4EA5E8C4
:10359000B2F717FE5A5C4638462EA46A41E7151961
:1035A00005381720F914301B55331CE1F6BBA93D33
:1035B000BB0E44164AD1C3C06A4A20A30CFB2604A2
:1035C000CBB5F1FAA3AF172A2D1C16FAC6F1A960E4
:1035D00029F0044AF2CDA09A5AED3ECC551F18317D
:1035E0005C2924F406D097C2A94CCA1CCAF725EB63
:1035F000D5ECC5CCF716DC814F406150E0DEA9BDAB
:103600000BE5A7B45E9F2C69EB4C1E4F1E73B4886C
:1036100002D71B2109280A3AA0D831F30D2907AF98
:1036200017AC644BEA27D7C89EEC06FF02DE4C08B5
:1036300059BE8EB3ABEA313DE4269F1CA960BB3373
:1036400015DAF95DFF12E4642AC9341840DD06E09A
:10365000DE99CA9A9A0008F8F0258E91361B2E3A08
:1036600055A8146DAAADB551D5D586CEBDF034D9C7
:103670009D63CD5A4B4B97F6E3B967B8AA517F9338
:10368000116050AC15D2A342D1A005DA02690CEE4C
:10369000E5B442D01DBDC5CE29DD195EF613D8C4F0
:1036A000E96EE6FA106628C30E3DF2046D20F3C4FD
:1036B000BDC1401109CFDCB8DFC65D6153DB3AF212
:1036C000691CF1EDD0EF93192E8D101411E896338B
:1036D000E956173EA2AB02A2E6C5D9A458DACB0C34
:1036E00007D5BE07500A32ADD855F913F3FE104086
:1036F0003AF11AC87F560E455EE1F25C672AE1B9DD
:10370000DB2A4230E155C4CFBD5B230AAFDEFA2C81
:10371000B2090FEE64C315E9C9CA2EE843E17F126E
:10372000D4E0B310DE1FB501ADB3AEF903F3548797
:10373000EA0FC1FC489BEA1330D1D948036CFCACBA
:10374000C5F11FFEFB0B322B62BDCE2054C812D434
:10375000082E4C094F890AC2472F4D9B3BFFD1EFE2
:103760001B97A10DB6D6DD07040DE025D312EAF0B4
:103770001214CDE9AC49DFFDFB15555C67F3A8E4F5
:1037800004DF1510F734DA1832F60059AF5758AE87
:103790002BA5D0D5404C37C57F75D47A1C68200541
:1037A0000D3227CBF45EDDDF31EF102D28D849EC48
:1037B0003AC1005623A3402F182EA91EA903C112F7
:1037C000BB4CE010C81CC24018110F5130432933C4
:1037D00021CCC0A6FD653FC9E63FE2E2BFB0E5F4FB
:1037E000DECB1C14C509ECEB51232923BBE367395D
:1037F0002F922448165AC2E22ED5F4B32AE5553C3E
:10380000DF053DE42047D053CAB644C13C0898B90F
:10381000034F958175CEB35DD5A41BA164E9893EA4
:10382000C53CEDC5FDD2D151A9D95560210AEFACF7
:1038300052AF45667311096F4AADB1251B38D1C827
:10384000913B6034C31C2FF055F3273C2A3811A953
:10385000100FED96153942F34CCE09300CEAD22800
:1038600095D263FBE31F1312BF2BBE04E747D0E1E1
:10387000AE765706C6D44209712698893306E655B6
:103880006EAD02CA9B3A3DFA2236DC588844FF549A
:103890003A2502B239CDD81B73374416F6C23B1510
:1038A0002745BFF5F0CBC51AE75B35E9C005A3F0A6
:1038B000EEABFD4E54EAD7C218AE9E0DCD66352D47
:1038C000C9CF8E5D964ED2F350BA491702C6BE5785
:1038D00083AEE228BF2F0A05DDF63A4F5A5330BFB8
:1038E0003E233349B6590681B1A353FEDCEF531989
:1038F000C86F4F2037AD15D3E7BF04CED5D7DEDD77
:10390000CED9D224F90DBCCFA8CE62F22A287BA84A
:103910000BBDE2DEB81149FC4FB5ECC6D2C3F7339C
:103920002A384D4B7F5FD15EECB3B7E15F2CC7C83F
:1039300038F1F2D8A32AECECF648D1E1CBDEBF5443
:10394000583B3D4A08AAE4DEFE40E30336EF2C165E
:10395000A313F3F6493C3DC353E725102CF61CE5B1
:10396000E043B81674620EBC341DC6C811E4DC48CE
:10397000C4EE945E73E6202A16193BE843FF098DD6
:103980005F4DB00626F4CF33E3083AFEE6D358E2A3
:10399000E5CD362F44B20B3C00380927DAF342A4B8
:1039A000B9E0E4F109CFFC22BC60E3EB11D124E8DB
:1039B0003AD4B7A9E91B54EFCA4BB1D319D4D19E5D
:1039C00001E3C81131CDAEFC19BF4A2C3C2D44098E
:1039D000C11EF0E0260420DB28FE2C15F15BD6D4B6
:1039E000B7A1562D2B12A53FC116D8CEF398D5EE10
:1039F000EF30360B14DD16EDC2ECE1B7C21F2D819E
:103A0000B91DBCBF4552464958362C1438131649C7
:103A10003BF7A6F95354681E06DCE430680F5E23BA
:103A2000A2CC6346C5D292C22503E88F38202B1F53
:103A30009D6CF4E148B82766D137D1DC9F1E1A6827
:103A400048D1EC9C2D7249490CF3945C1B58A4306E
:103A50009C7F263B4FDDBBB7C023BA0FD5265E51F6
:103A600096FB2490D5D6F362621CBBFB01DE5A475D
:103A700051E3D5A94AE6D620F7CCA89EE6CD570952
:103A8000C8D8AACDF2D50AC7F7285A2EF8152CF4B3
:103A9000BE51B61704AFF561414B37F708182BA894
:103AA000F5B6F0A0EBAC812DB4A0B6232A24E7E153
:103AB000BD55CD7792CF55CC1B384DCFFBEDBC8497
:103AC000AAA70E55A1A8D9ED3D441FCA01583DF73C
:103AD0000EA056120EF9A92620952A2F9A8811E9D0
:103AE0006055E7EA04448AA4E739E5F3599E9AADA4
:103AF00003B22CF1424B58EEFBBB053D6361FBBFAB
:103B0000C099D962B91DC9EE4B580C0FBC1CE2DB41
:103B1000244BFDAE5617C43E8C3C4AB1352AE827EB
:103B2000142A5349DB0CDECE5E0D7FA839DB42C17F
:103B3000152A64097BBAD00424F5CBC6408C17B093
:103B40001ED4CD545F3545BB0A0951CF2B29C8354A
:103B5000321250129728EAD53D57B1D75E19502638
:103B60002EB75AEF0A0DE8DCDCD8B8FCC4F8432BBA
:103B700068B7E617EE493DCD26B5F4C21AF9ED1641
:103B8000813B46C0FCDF984F1A514DB9D13DE1044D
:103B900024A4C8C1A5364009FFBAEA34AF574490FF
:103BA0009219D14D1877FFA6E409D8CD89D34A32AE
:103BB0005BBD143B2233ED029068DA9DF9EA46D9E9
:103BC000C6CD58C42FE61716CFF39E10F5C1329913
:103BD0005BBD99DDE01FB7BA25EDBFF320B61AED46
:103BE0005EF32DAA35C359D051F2EFB0EB40E42477
:103BF000013DC60F1CFFD39D3E4656FE2EFB0AD14B
:103C00009EA8BDE3B0CE63D4D8BAF9D32DF22FB9B4
:103C10005AD0CCDAC7BDED32FD4FD32976A8F8D201
:103C2000F34942163BBEC4F8C00F41125A311E235D
:103C30007070CFF9615F751AEEEE38C481DDBF2F69
:103C400031E4EAC7A9E23FCB08284D5E1B3517D700
:103C500025CF1F37CEF744EAB9DFCFDDD15255501B
:103C60002FE83B541BA5B9375A333A10C5C7642215
:103C70002FBD4143074BA2BB5F4E4E3711720CEC78
:103C8000AA9854D5AFBE4C62FB13BFB6BB264E32CA
:103C9000C6B424468BE1562620070BA5FC99EABF43
:103CA00014D1A52BF14081D4A3E800871433FFA4DD
:103CB00010DE3BB5AF214BF63F0555239056FE0B6A
:103CC000C15AD8CCDA61C6E3D54F48D15EF3F4C30C
:103CD0000ABEFE391C37E828F11103FBF8B209A629
:103CE0001640E1C914CEC8B4AAD98B2C59FBB9E24D
:103CF000DEB60E01DD10116FABC61AA51C343A4EAC
:103D000006032818A645E75A27E71830BA3FA44605
:103D1000E55946DF57B6931A0A07530F37D596C7AA
:103D200031D328D459C6F4C428FCC53FDC130B9CFE
:103D3000C9C6F3D70BDD43D3ACE9CF3AE418263F2D
:103D4000B7D793462BF52481DE4848D9F8E92656A3
:103D5000C6373104B71213A1B656225BCECCC2408F
:103D60009EC1085604AFBB0B2B40149B27464756F9
:103D7000B0CEA2C119D9075744ECDEDED31EC15E16
:103D80000AF665DCA06899E4E5E7AEF025C7FD22F8
:103D9000543C28ACF448C351D80C169332DA48CFBF
:103DA000A9DAE7BB4E90983A6639B7C7913B5B41B9
:103DB00096F646560135BE4BABE5E3059CBD573D37
:103DC000AA46EF974EB0F29514E935424A2A4F9D24
:103DD000034F96EFEA503725FB1F3CA791587F25EC
:103DE000BD02E8FDA4033DC752204E2DE5E8F6CE06
:103DF0004005BCD3E149B8E11350365CA213E40797
:103E00008334441BFFDE40AC1526EB4E366361095C
:103E100001DE06399F4895BFCC1F25EC4CAF7920B9
:103E2000B9B2B395F602E222B2009BF634C43E98D2
:103E3000B6185E97B0CB2B4FC149EAFF1BE53DC9D1
:103E400029DE1EF7ADC807446CE3AED5E52E3CF67F
:103E5000058E9722B0509D284B27010A39E3CECA20
:103E600019FCB2B400D128073CEFC3932564C33ECC
:103E700033E111C89221F9A5E581009CDEE05D2ABD
:103E80002A0F6237F7123E245D9615ADC2408FEFC0
:103E9000698718F61D563C340F17D906D9383BF2FE
:103EA000817459E60E6BAC38FC40B6179FA597B4E9
:103EB00064D429B1EFB5310728005B74C6F9D06925
:103EC000E9D7B40CF38D7CBF1BFB91496B374EBB1C
:103ED000E2B12CAFCFD426C46B9FE25399F4489C37
:103EE0006B3004BABFD354BFA00185B23139D602BA
:103EF0004C7044AEE6CA954AED4127450D9F189691
:103F0000C134F335693489D0525090FE1A26DBE073
:103F100045049D6D58DAEE5C91FDA9FCC9ACEAB987
:103F2000EFCD3D028C5388D80C9CAF2AD14929D7BC
:103F300089E94C0CBBC41A14E48E525EF4F8CD5BD4
:103F400087C2EAB40914AF643EC7E3FB11EAF2BFCB
:103F5000526814E4201C813FFC3A1F1B6ED433F8D6
:103F60006F3096E31BFBCE1466ED38F6D15003CBD1
:103F70006A4A8F06D2A194B4A53D06B1AD0E31D6E2
:103F80000495B6903B1A3A8A41CEC6119A0B253158
:103F9000220D001E3B9BAC3F435401C2E64A0BB5C9
:103FA0003210F1CB9F1EB8221A10221A254DC0B62E
:103FB0001BDDB6E61AE745E3BB211EFB15EF26EF36
:103FC000FE15AF523D3A3037CDE0ED1DBDC612486B
:103FD0005A31B8FE446C0E3CBAC8263FFF37C2685F
:103FE000B9EBC7488F09085C3605472FC2E340E1AB
:103FF0004EF7CB8C23D9520E7FE10530F7DFE4F684
:10400000DEEBC6D9CE35C84CC2E53EEF054AE1A18C
:10401000230EF537E3F638BCA61E12BDD14C0DEFCA
:104020007FC264122A281329EE3DBFF81E30F143E7
:10403000C1074753FA000DCD43351E5E18B44C91AD
:104040003516C5BBCBDB052248D2DC1ACAEA3C2AAE
:104050003FFAE7D2E33C5BB5EDD311DDD7D7B23BF6
:10406000FA00F5123D32B03D36A046A65C0CE0D019
:1040700022F13D6872DFB0A4652203C857A0CAD6FA
:10408000D0A1EC22DEE0C143AAE5225E0EABF01423
:104090001922C28142EE54170917E200F2340EB819
:1040A00053A40B27E153DA1D3F0F319ABC2E00E8D1
:1040B000F15A32DBEF34DB1CEC0C55D5C7C9C0EC30
:1040C000F0FECD22BB23D4C1ABD61109FBAFE8A2D1
:1040D00020EA0CB43701F1B8C8529A03428A293356
:1040E00004EE93132EEBCCB94240B30B2D3C119947
:1040F0005D2526BF31F0FAD8F5A9CF4B14E1F4F0D5
:10410000A2A8ED16F009D9E3D62CC4194AE3FF356D
:10411000E0EEB20E4D5F1615FAF91753DAD61CE52C
:1041200029282F0B2BE1CE4D2C0DE6DE61AF07D0F9
:10413000C7D8C9DB0C42D7A652CBCF0A44FFBBE895
:10414000F3FDD5D63FC642D52702DDC77FD2340D59
:1041500010D50E9FF1EDFB1B4FD2C759F808C4A82C
:104160005ED1EB2DD0171A31A9BC15C41E610ABE51
:10417000B1ECE2256636C148013023BC2E51EDA9D1
:10418000AED70B0FB8C5202514FB983A64D935F982
:104190000CC5FF1487E3BD1D29411FFC22FCE80963
:1041A000071BF1F1A5B14649189DAA8BAFA1B20139
:1041B00025ED637B3C0DBCADED2AE218AD2FDA088E
:1041C000331478F84E321E35E42100AAB95CBED40F
:1041D0000200F55657728223393E54816E3047C231
:1041E00017CB1267E9A11F9CDBA6A75910A7FDBA40
:1041F0001D995D0937FB042E61CDF2D656331A2A7C
:104200005B1EC7BB4CB71D077F38EA0D0047604CEB
:104210000D9923703FEE4B0BE807B4DCE448D5D191
:104220000AA9BC33A9E8B3470CE34C9B55482DAC15
:104230003A3424C6DB1D49FAABA9162B1237EBE240
:104240004536D1BB2F03B2CFC6EBC6473D1ADF219F
:104250001E1536DD464A9FD332B5E865EF3612C4E7
:10426000FD411AEBDEC22A1F623A2C39FB2113DD15
:104270003D31BEA9E5D5E4212FF542DA5C030713F1
:104280004941A381D401E3ABC800F2171AD8F59BCA
:104290003F7AE678445BF54DF9E654BC5CD82B12C6
:1042A0000F2C1DA5D8D43B6FAEAD2ACF225FB30D26
:1042B000AFBD4642015141CB6513D78EDF29F30CC8
:1042C000F7099F6013DD24E7FC9C64D0B200CEBFE9
:1042D00053EBFB493D24B01D910648D9A372EFB3BF
:1042E000B028A5D6FDA80E044AAAD8546AABBFDEF2
:1042F0007FF0E5736E08CAF0974E9F6036E31A4E62
:10430000C2DDE85FFB060F09DEF7FEDE2FD855E5BC
:10431000E1C801E99DEE9A40B6236704D00645F74F
:10432000333A644FE09AE774CE42C830A50A0DA034
:10433000D113214A41E2E967CF9326134257A59A48
:1043400008A424C1B91FFB20B80B055295CB2CDC67
:10435000E703D8A8DE7F73D71F921BF2F0CFAFDB45
:104360001C0E56650C541EE2E6AEFD08BD1150C091
:10437000D7C527102CB31BEDDC3DCC3350BBF7FD6C
:1043800063F025AAD6DB1624E28171B4F0113F97C1
:10439000ABFB1434EF3DAF02CBDC4952CF0FF14FF2
:1043A000BA4ACB179E5D255A0B0E5EE266E54B11AD
:1043B0003A3FF0492D25B801F3B011762E13482469
:1043C000561803D93AE03642B6B8ACC5FAC8BCBEF6
:1043D0002D9FFC3F259F2B6A48E7DCAE4BB60DFBBB
:1043E000F55674CA3D24ECC355410769D0A53A601F
:1043F00016FAE2D4D3D5E2C51FA625C6CE212D419B
:1044000046CB363F9BA6C844AA2219BBB1C9AE0110
:10441000B6940703B12A5396A6CD155764DFE0057D
:10442000388111130DFFCB209F889D92CCDF52D491
:10443000E2D66DE9D4B15D971B3931FB08601C46AB
:10444000480C1B31E79B728CD256EB724653F2AB91
:1044500052434A4BD9F9E5984C66FF002896F26C16
:104460005F5E10DC0002788243DFC42048066FE7FD
:10447000EDFC89469400511748AF17351934BC49F3
:10448000BC4304ED70614D98B7B8FCD503CB8343B2
:104490002DB9E5BE21C73BD7152D1702122FE61205
:1044A00057B4355048C352A202EB64A213DEE04970
:1044B000F35619D31E5655F6BB39480BA33E45B4E7
:1044C000B4DB1C9207AD66BE33C317487F3E54A4CD
:1044D0004D29FDAC039DD297B1DD01F6BB34214AD5
:1044E00043187DC0DB3B71FBC5B4E8B744102CA476
:1044F000A0D30C135ED5A404E6B93AA12C16179BE1
:1045000096B5C1EC151A96F231C51029F6F6A1162A
:104510000002F8BF9E55AD54C4A80B5BF23096E77D
:10452000153360C63A2820D5A1A321E05B31313B89
:10453000172049BF97BCD301A9C80615534ACABE64
:10454000DEB440F3BBB928DD542906AF3CC6ED9577
:10455000AE5C184984CCAD0730CAC3E60EBF39E162
:104560006642B4CDE44D22E9E562C4CBA03823A86D
:10457000E7FA7FBFD63B155043A0075FBD0E03305F
:104580000BECED34463E1402BBFD30181C4381ECAD
:10459000335126F9DF1B1B1DDA1B36A758A9DFE0B4
:1045A000385837D218263DCFA8B73C48AA5BC13C43
:1045B000DEBFE8FE0B512DC342BA1C01F6121BEA06
:1045C000186C16A00D21FF421755EDCD45C22A06E5
:1045D000240A170EF6BFEA3127D8519DDD4F193551
:1045E000D71824168CFF493959DF53BE9CE6A4EB3B
:1045F000ECD6ADBCA7C8F6B5D4430BEFA7C1C2E853
:10460000C803B8A7B844D944F1B9FAD2FDE0B489D7
:10461000B1BEB5AB5C06CD492ABA3EF243B959DF0B
:10462000E851051D9E532DD85CFF3044FD2F6ECF01
:10463000A9F710FA21AB5026EC2DD105074DE6174E
:1046400060629612F73C35FB7F1E60D5EB3E10345E
:10465000006DEF00D5E7943F6B484CC9D53EDAB703
:104660006D2CA212204F2BC9125034E1D2EF34141A
:10467000FAC04541B74AB44F32173E33F731EAF337
:10468000C33E3EEA28DD83E70B8EB31035E6FFD04C
:104690005A14DC1BE1CFEB447F24DE6B3CB30C1CD3
:1046A000CE0A662BF92648D71D2CF8A0D932F44043
:1046B00052EECEB4FBDFF848C5B6ECE2DC32AD22F8
:1046C000D1C721F318B4040543D4A5580C0FDE3329
:1046D000EF0AC3FB16F93E4161EDF63F59E5B033F1
:1046E000DA0CADD8B41D05B6B049E0B033EB4841A3
:1046F000B8E9BC01560C39EFEBA252E318B1A4AEF5
:10470000FC1FF65193FFF1F5CBD525083C2E98C63A
:10471000CE7872C21FEB34C0440AFFC3DF2707DB29
:10472000B85ED2E2DDF156C2C3CA7274B6ECE6EBF3
:1047300035BFB6C614C23FE4F153D7510C5F3AAC53
:10474000FC45AB572AD74F1E44F6D59C6327EF4A4A
:10475000B8D5C8D20F04F853C85748D9A726477F01
:1047600085E9569E5A0D3B0A101D66A53525E5A51F
:10477000F4C816E1D2FFD144D0031623D5AE310CD4
:104780001BF0EBFD31B1E4D3D0CEEFC70DB1D3E5D3
:10479000FB2626D0C4F6D5F505BF04DA2613DFDAEA
:1047A000A81936B405BDBAD0E12BD7E5A93DD4345C
:1047B000D73529DC07D5BCD513FDBDACE0D1A10CA4
:1047C00043FAD4FD2BE1D69AC304CFE329CBDAA177
:1047D0000244B4AB1F1627C7CDE6D7C30326EBE1CF
:1047E000BB4FB9DC20D00E0AD3F3E211C33BD7B3E1
:1047F0000F7FF3DC30D7C9F829FC18C12C0C293104
:10480000EED3D64F56B947D0C67F20AED8B4D135F7
:104810002A15B814FB2DBD6B5652E4C6A0F2E2C1B6
:10482000F80EEC625877F8B61402DA46ED5EEBDF6C
:1048300041D2F049A827E9ABD5FCECA7B40EA0DD26
:10484000E7BF5B5D2849706036DA31E8A757BFEAF9
:10485000133F23B7B6BB4CFAD9314DC232DD201B12
:10486000F0CCC056C03E473C16E23DA6F332DF32E4
:104870001EF02B144CE92528B94044E5EE23EB311A
:10488000E72DCEB0250B32D524C12D41351E67C989
:10489000E1C0EC1407ADF9AC5362F3CBD214AC1603
:1048A000AB5B210BD912EF02C104C1FB33C1ED0C8C
:1048B000A7E8181DCCB6A9221EB01DE12EB7EEF94F
:1048C0003DB5FD45E94ED7133CB73A5214A75CB14C
:1048D0001626D1CCE4EA1852DE34DD3EE433BB07C1
:1048E0008117E659B73BAEF4494F47FC17C04A233E
:1048F000D423B7C8E0B44AEFE94D3D06D1B73698A6
:10490000C733067FD4293553F1CAFD4B0C923D269F
:10491000FB141EA82996DF3C1904CB535D5A41AE07
:1049200003341BF27C3341D73907153FDF4B354346
:104930000440EC0C8F452CABB6E7CB5D9BDB6F2EB8
:10494000FAAD23F3D61FC957F078D2F4DAB7C5C74A
:10495000CF41AE07E9F8A4A6BA5706375227B213DB
:10496000A150DCC53ABEDF4C27393B421BC6EDE205
:10497000ACC066EAA05832DB3D6107AFB00CD1C7CE
:104980000B2F1303CF4B501EAFE419B9D5DBA2ECAC
:104990002321CCB811142A2D48D7B5A01655969FBF
:1049A0002BE6B4C66FF9C69DC7D2CE2BF7B2D6346C
:1049B0004D453A1C012AD365C93CE7AD3504C8D141
:1049C0000EDECCC381A22EB5B329CBB0CE3148D8F0
:1049D000B3FB11E040A9253B194D9E2DAACFEECE89
:1049E00050236F34081E03CCCDCBA1E022542E27D8
:1049F0004E653F48CAF6ED55E5F6099162EE453140
:104A0000CDA33A2EC4F7480456133DA7BC8CB25D23
:104A10003F17FE3D54140922BDF226115BB3EB385B
:104A2000BE1CACB498380A45F5512CF9E65EF82D59
:104A3000A177E7555F7F0C0D48F5F893EB0512B7AA
:104A40000F569E41BD07FEF23FD81E3FA9929DAF73
:104A500099A226F0FCA7A2B0D55AEF44C1F7C79F90
:104A6000DE49320929FB089ACDB5065FE86A1B29A1
:104A700028EDAB1EC8CE5EF0F6E0FA0C2FAD175C49
:104A8000D1636BBBF112313E486F0E493E49AFD046
:104A900094FDE79C082816335A6028F22BBDF536A2
:104AA000E3CF48915FE8462C2D1A982F69900BE3CD
:104AB0003A33A0F8E521563673EA09222E5D18E84C
:104AC0004E199DF3B5BDCC6255DEED30BEF7892F92
:104AD000A0F3245AF1BA48116740CCE111D8209BC9
:104AE00070A6E964F41E1081AE9CD131C7D4E4FBFA
:104AF000F3D56E5B5F3E3400AAA8E4AFAE4FCA2484
:104B0000C82EAE1C3B29DDF2E7FBDDCEAD3C4CB838
:104B10002FA5D6213E51140B2834137408AF4E4AEA
:104B2000132045190E0225BED4EE5232FB35121267
:104B3000C4DEB114D8473027E1E8331D09EB55ED49
:104B400004B3237FC1C30B0200C254EBDFEBCAF2F4
:104B5000EC25C0122C2A4EC43434AB37AADD135EC8
:104B6000DFC5B6393ABD1531492824D3EB36F0E01C
:104B7000F8A444EE2A56642C05332003B5EBFAE67C
:104B80004111BF45D2E555CB24C110344107312A2C
:104B90009C28C09CAA15480F0E0102DE58FEFC6D31
:104BA000300EE3DC7212A3C433F0EE097FAEAAE349
:104BB000C244AB15EBAECCBE1FB82E0E0EF8B05DE6
:104BC000D44228991702F157FCFABB58BBBDD957FC
:104BD0000B10163BF531FAFEC1464A5AB230EF0FC0
:104BE0002D4A05D6AFAE9A33C64DE2340BD02942DA
:104BF000ACD7FD00FA02C31F1CC362E7F192F2A218
:104C0000F5CC10EAE9510EB21F0D023B0F310E49EF
:104C100046DE2997DD2E612C2FAF20D629F5C6243C
:104C2000F0D6FEFD26D751E9DD9B64FCDE45B7C515
:104C3000F6C1E049FD2DA5AED75D6E9F2506B317E1
:104C400011415FB1042849E1E1C8B607598EC34C50
:104C5000A5172DB5A70A62C9557F2C20FFFEA7E234
:104C600000C8BB133DFCBD5EA3ACC5C24E410B12D8
:104C7000DD88AFD50A99E3114BE2670957C7194A96
:104C80002317BBB43737D4ABFB07F2CBCBECDDF14A
:104C9000D8E0C8F502EEFAC53012152944F69FCDCA
:104CA000B55C521DBDCD04FB26CB4316D1F9C935E9
:104CB0002431B8A8C0144E1EADB1E4EF0C1802D9CF
:104CC00017FC46E32D24FBF71D24FD4906EA470B9C
:104CD00038E0CF1DB4F149BE040A3F26CBA6D0F080
:104CE00029ECBCCBEDF8E9D325C7DA29F5BE49D5C7
:104CF000CF7F223203CD38DE1F00EDD0F142071105
:104D00001B30CAC22AF71D5318B1CC4FAE06F6A904
:104D100094B7354DE31E5CBC4C998BC411BA0902A3
:104D20003DD1B8CA6C14CBDC055C58F3338B5322ED
:104D3000CB54AC3511AFF24FF1EE1BC75A262B0303
:104D4000AA4715450900AE1F06F103D75338B49E94
:104D5000DBFE09AAEF57C48160DBE50F0F9C619B66
:104D60003D07C9A802514050E1CC95A21EBD3C4D63
:104D70001C0519EAB83E41C603F8C742CA0B2D729A
:104D8000C93526F8B7ECB37359B154611119D1EB99
:104D900003F94E2795A06FBF04CA5CF98153F4A1B3
:104DA000F625ED8E4718D737FA3D4605B9FAAC1906
:104DB0004C6CD3F1BDE5F26FB23C04B24DD90FEDAE
:104DC00065060DC8C4D9A1F206F4FCC32FE0B944AE
:104DD0005C0BB3E90204CCCA75E1A2DFC642E46D04
:104DE000AED1DF4AF83A26AA05D7CA471F1E13AB31
:104DF0005F4161AE494E6B404724E0373E03765A2F
:104E0000CE8107E8B302474DEABFE0E9F7F5E124B8
:104E1000372E4F48FFD699EF9CEFCBBBC318FA3221
:104E2000DD14E0C939AB1201AC0033941390D80BF8
:104E30001A04C651EC41B930D5F443D42805226395
:104E4000B5DF303D514304D8E1BCE8C8FBF4F301C1
:104E50000CA4B7DE31846334B71F36480FE43EF547
:104E60001D0C1F46D13C187F153D5D19C2C0055B66
:104E700008071AD61561062ABF532CC891E1AA3A31
:104E8000063FD1291B291E64BAAA1A3D25E6CBCCC0
:104E900023F04626A9D5501E2C24BA5C2139C6D54C
:104EA0003C17E12366D750F0FAD5C33252D7ECB99C
:104EB0000ADDCF21083CAB257F2A6842BB493D155E
:104EC0003B09D1A1C4331920EE02CDA6E0CE46C7DE
:104ED0004CA6E4AFE1E6C745CAF1C0B8A6E043FD81
:104EE000E712D4284BA852ABE3FFF200D7DE520AF8
:104EF000AF444A5245C904F0E1AAFA2013F4E64748
:104F00007D5CC255607E1CAC0FA7FFF4CD4F9EDDCB
:104F10004E0648280CB469A7D467DA5410CF1E2B6C
:104F2000AA6AA574288C4BCAB059FCC16F101CB07A
:104F30001BBAEB51625D51B425C873BDD74ABD049D
:104F4000297F0B47483EADC9A13F02BFB23D01C416
:104F5000F75AC5C466FBE8640117ECF035B1FFF9F8
:104F60005EF40510662BC7C539CB542DDA01B72B7B
:104F7000D487AAD4F1DB510030E7B7D308DBF94A74
:104F8000DCD5AD6B1861D04046CC0549B9DDF3AE38
:104F900045FE4F5DDEA3C8C0E1A0FC15E2DD0A4C72
:104FA000EAAE303D4837CC81AA45A63EE44E98C3D0
:104FB00049E4189E716E46AC2726E8FFD5AAC06F5B
:104FC00049A8C620BD56D4A400EBCEE92DF030A8E8
:104FD0002ED9BC2FFCAE4BDBE3AFD423260BE86607
:104FE000F70D32BCFA53F34245F2FA03ECFC2E7093
:104FF000E7BBC72FB829188CF5DE5BEC0E40FF75B8
:105000007FD5C5DB5BDBE9E944B6AACF11B542F435
:10501000B66430B0B0C605C1522C6602FBC7BFE112
:1050200046BE4EF3AED30543204BAC47FB58EF1DB5
:105030001D0ECEC7D8100D2AF5A5D4011E4503CBF1
:105040007337084ABCF8C6E701254A1843F26B1FBC
:105050000F472FE42FE6545D005532DDF408EA4295
:1050600026F80CC32BBCFBD222CF4DEF1CE04F190E
:105070009E1E1E0120123CE15AA0196BB9E659B3DD
:105080002FFDF516B8AAC130AF9A30F2EFEC61B936
:105090002354222DB2B7FACEDBA10E26E431390D0E
:1050A000A2222E07179DF047FBBD6AC5633F3E0550
:1050B000F35CAF32E208D4BB1C20C3B79B160DBE15
:1050C0009954BFD79392440F2CB9C6C1510EDF94A7
:1050D000F5E5F721D67E5D24CB4AFD0FC2507FDD7A
:1050E0003A331DD2BEF04655054E5FE7EC3DC51480
:1050F0003025B3E9C3C7731FD4C3FAA06363444F19
:10510000BC1E14CC4F2BF744E438D10DBFDD2F3833
:10511000BBD27FF4B40DB23D38CE3C05BD35B017DF
:10512000E30DFA494810D62E6AE7CEA008A0FF2D5D
:10513000372915554A5749F310D106C307BE1E65D6
:10514000EEDC36BD1BD040213B47BAD7C530FEF957
:10515000F4FC1CFF47FEE959023D00F1101F14CB7F
:10516000E113AC171907E5DA3C31A741C2D743C7B1
:1051700042C4190F1910EA3C222CC9520BC9B3B40E
:105180005E66DF0E2340235ACA4F07595BCD5DD7B9
:10519000B6C9F61AF5CDEB85E2BEB2CD212819CD00
:1051A00003C8AF21E6B1024991E3321FB1D20CDA54
:1051B0009FD4104B59C60EB02CE3E9A9E02EE6C0EF
:1051C000FBD428F4FE07E3C7E94FDDE92B3CEF8170
:1051D000F820123361ED5623DBDA35581F3356D3EE
:1051E0003445EDFCA3C7CD0A4AD52BB4CD0DC0B3D1
:1051F000B831F4F9B9133F471BF1CC9ED94233F3D0
:10520000C31AB2A66C12B6546AF49E9D0F2B0DF110
:10521000F1B495630D69D9EBF2EB35B516FBBE3CE5
:105220006476E94ACD30B3E857E4AA7F38EE59E313
:1052300062AAAAA610D712EC4A0AE92A2C15146A07
:10524000AE2AFAC40EBFF7E515F0B649BF9DEEB918
:10525000DAE43DD61F5589C70221534EDEF6E498A5
:10526000F2D80113425712D01360320A3D09D2AF6F
:105270002E6C3ECEDF2FC02A2F46FB04CCA963DB69
:10528000E8E42300CEE4E615C5647FE85B38F23637
:105290003BF94BDD45AED1C1E0461046524E6EC1E2
:1052A00048B725BCFF264FF8C6D5180078841F2DB7
:1052B000EABABE6A0FC2E7432CF351B8F1AF06AFAA
:1052C000F93ED320C6375C46020217AC035D01CD20
:1052D0005306F8CD0110543D1FF15AE61214C7A928
:1052E000F7D7B822E4F860B9143BFF3333EB39CA7F
:1052F000721BC962103F632C5148240AD8B1F7F7DA
:105300008749383101DC78C5BB1C1F23C5018BECF4
:1053100056E01CA0C10038CF3FEABBE7F92E22D6E9
:10532000B0B54C2F06719A423BCCBF15CFF123C3C9
:1053300099C33B3BB61A364D9F6836A556BDB45847
:10534000F9988F50F4F0DE13F5F39BD1BD1602638C
:105350005B7562C6E90B8CA0C1A6694D1560AA48B1
:1053600006F6C0F981B95BB72FB886DB6A9CB83402
:10537000E0F7D9A00B39DABEBED1E8973175A508A0
:105380002BFAF1ED262A4E47D511FF2F772F330F39
:10539000A29AC4355115BEAC3025ECF75F4F43E7F8
:1053A0003DC00C0C102440EB7F1454C704DEA82B26
:1053B0001F33C1D5C5F53DCFD802AB438417004498
:1053C000ECEAC3453ED6FCCDBDF83E50DF53C85A8B
:1053D000254308E20CC9E150F704AFF2CF07315181
:1053E000BEE1FEF949A1220AF5C3CFE3C9E1BEEA55
:1053F00000C89EDD4CC6EA1C02451D3C26011FD09C
:10540000EAC4D9C5A2C1A049B431112807D7D22610
:105410003EBC27D416B0955DC85FB2AF475F3BF383
:10542000CCB7DCBEFC25F94D4E5FD8A36138C31F55
:10543000EB4545356AC52D2A25B4FD5800C4C5D2B3
:10544000F4BF1FE137382C36B7F307CDC4C306DBF2
:10545000D114D3AE301FA741066E0DF5E4A9D224B6
:105460007F4FE639F7C6331505A8FC00B51C5BC0B5
:105470002252B6C66C241E635DCADD021A3CA40427
:10548000FDE8B2144E26F13624EA61EBFC1481B932
:10549000449D47991EAC31E1AD1CA3D6BDDAE30AA9
:1054A0000EC7D0E228B2A1C6A349E9C7B6B0130F10
:1054B00040390012391BD2F34EB8B90BECBD56EE91
:1054C00001B5BF3F91D2F2E5D647A1D053DF3232CA
:1054D0002DBBACE0C04123ECDA09272753EC387C24
:1054E00014D9430642A2685F4455AC37C005FAA3FD
:1054F000D81535F0AE150D1A1BACE8D6254C370E75
:1055000022A71E0F0E95C24CB5E2C1F4D43292D937
:10551000ECB23E979F1E5946AED2C44F2C2E495333
:10552000069D34466C4868BCD32C1FBD08E6CA23D0
:1055300016D93AB938F14EFF4EA6CB3D81C9BAD83B
:105540002668A9A33A37C0601854A9411B9F284771
:1055500053B8BF3AA5BB161BD31F3B0AD54048C062
:10556000ED28CD184943E1C7DAB8C1ABE4D4FEE871
:105570005038CD432D41BE4C09B7D52634ECA24559
:1055800013C4112E3E42C0CDEDD7471823E1B6F823
:10559000D41D2DB5C677124007B6A5B6F20ED7EFCB
:1055A0002535F64764A429FBE9EC1481523FB99DE7
:1055B000FAFBCBC99D09E5F2F4CFDBEBEFC3E7BE05
:1055C00016E3B6D73E45C4CBB3C8D127FF09506A0E
:1055D000209F93C802FE2BE9C3E8C60D365BF14558
:1055E000CD23533AB3CCF4C742CAE135BAE136B859
:1055F000A0D6E9441228ECDCAA0E2DD0EE0DF0A6C0
:105600000CFC1FC1E1B1E3DEBBC206DF221A2AFD9A
:10561000361DF51C4F3C081FAAE7BFD1B0ED0ED5D3
:105620001DF149D70AB020B8DFD51C972B21D6270A
:10563000BD6DEDB93E09411BC8C75224BD0E0639E8
:105640004DF81236FCC64853AB10C236271406B1CB
:105650001902E4C732D43602E4D8C7D6E2C12F0219
:10566000223AFBB6E43948CD1695DF90EC15E4D824
:10567000C9D90FFC0FDB39FEF08103C01D3E2A2D76
:10568000CF1EBD37FAD76C69161601C1C966DE1583
:1056900012AC493CB6384532E8E629F6D2BBE442C2
:1056A0001538F669DF2BE37FF9443A59001BB82B14
:1056B000531230B4EB361DD14EB5D44D38E33E0510
:1056C0001DD8EB0ECA44CB46423726AE19DFCA645A
:1056D000CFC2CF3D55CCF5E4C416D81202303E2CD3
:1056E0002FE5285C0B294F3733F02279DA2B4BBC9E
:1056F00004B1CF4B259FC0BB1F1F33D638AAAF4F75
:10570000B5262CB732BA3560FCCEB85AA2EE25E3E6
:10571000E80D21DCAC4C5FDA50EB8EB52EA365A909
:10572000B6A213430243F44DAFECC0C423A4F9CD99
:1057300017B9EF5D0FC4DCF6C7549AAB9DF5A423EF
:10574000A06EEB26D7162DDDAE1E30F3E3F708EF83
:10575000FBD8E5D61560E0FD1DD43B6F1FE5922216
:1057600038174EAE181D9AF1EDDB1FAE57B7BDCB03
:1057700031E396D85B253381D110E25126C7B10DB4
:10578000DC265047F1167B1A1B4D1A215041200987
:105790002CAF2DE3C2D6A7BAB0CAEE2344648B5D0A
:1057A0003549F928EDC872F3A5AE51BFCCB31D053C
:1057B0007FCFCD64D307D5AA28C225391958F44A1A
:1057C000F0BA520D4ADDD9BB14D4E7DA19E80C4817
:1057D000E2FB1640A48FE8F134FB4719C02D3309D2
:1057E00018ABD10A2DB20DD1D035CFBED28C31C27B
:1057F0005D97F2DB63E8F9EC00C603F8D3ADB95C62
:10580000DE506D79E51E1DB438FEE5A8ADC09CF2F2
:105810001E99CFEF589F79E2DC30EC51793C04338C
:105820002DC0F9F049AD15530635329615F2C03644
:105830009F54B809D4FFF2A850050DF3AA9401981B
:10584000E84931240A5DDEAA2538DFDE7DA6EEE2D6
:10585000FCEDC49CCC1C4716161EAC69EEEC7F24F4
:105860000AF27ECB0EFE6045F0FC00C4FD644028C9
:10587000DFC9150DC897DA6BE31769DFA529323E3A
:105880000069F9F9611717B81FBBCAA3C699491473
:10589000E1A71E6AD24BFDECDD609B57ACEB3CEC04
:1058A000A151A8CBD03845A81024D63664ACB3AEED
:1058B000DC6C0BF44C4DFD8226A868C5D2F5E9C41A
:1058C00055FC2C3DFD35730F30C4C2C54D54EC6002
:1058D00066D0002C9ED342A21BA1F5D4F4B8A346F7
:1058E0000A9394C3B86E210D4863BB4BE619445A22
:1058F00002810B21A9A620FA793B37441EF208AA9F
:105900006A9413D0DA12C215BC27524E4A293BD2F0
:10591000B9FAE8ED02F72CB60947572015DEAD2499
:1059200029B9A404C6A3F18AA31ABBDBFC29E7F7B3
:1059300027E8CF5E4FB5922415428B2F2FF11D1112
:10594000990DFF9F49B1192FC84768E359B42F1526
:10595000611743E425FE57BB3981100EC3F61A3098
:1059600089F152A04DB819ED24C61954F9296202E3
:10597000B7FC9DD7873CB10F614603E4E1DED7D386
:10598000AEC034DBC84DCF08D0BF3ADD6EC6504A3A
:10599000E43FFF0748B0BB3944180E19DEEED55D71
:1059A000E5CF6350C3F06E15BDA3A2E52B382721C8
:1059B0007A35DDC7C04373AB49B0D9BD1FEC5F3941
:1059C0001846DAAF332E2E215F6408C04E41B76F00
:1059D0000BC2A7ED32BC64952B7F1035B0D1E6F435
:1059E00048132129D5F127AEE12B00020ED6C2CBF8
:1059F0002244FC25548ADF2E1CF1231EC72C0BCD1C
:105A0000B213185ECA315B1692B8AFADD5B60510A9
:105A1000F446608A3B12218CA6B44715C287F7D1A1
:105A20009EE3EE2010EFBF6A481E864AC9447FF30A
:105A30003823AEB89B1241D4A6E22254225C66F011
:105A40002D5EC691DB1A3A0A1AF504B910DCF1A5ED
:105A5000916997B0005DF248541A1F6650DBF8E573
:105A6000FB2A3EBD9BA276333167BF0BA7200660A1
:105A7000D0EBECBC216ED654682737D9D3FEE13089
:105A8000F61B18CE004F154B5467C8481AC2E03CAD
:105A90005EE1A79AF0A1A9D2E32D3543D3594F2E49
:105AA000D351A72CFAE30824D846C058CD30203B68
:105AB0003BD8C497ACFEB735D497AADD6B2F2D37F2
:105AC000C257EBA5A42824F26DA5CDAAFB4238EE5F
:105AD000610787C0EE9DFBBC6FA602CB4DB614914B
:105AE0002718BD3EE35F55EE2A59942A6ADD61FA14
:105AF000317F2F68C2170BFCEDF5F2413FA76F070E
:105B0000B649E3EFEACEF09DB40CA0DD10E6014407
:105B10002D1DDE69CEC9C1BA40154135A8F7E495FF
:105B2000D651FD639C2E65DB47EBE7461B1F0AB38E
:105B3000B7ECF1B5F8811F3CA4F71DE6F453C3E6BA
:105B4000EEF1681DE435F7D50357D5E754E559273D
:105B5000B0201CE9ADDDFA5A1DEDB6F24A34CED1C3
:105B6000C6F3E2D7C8FCCBD347FB030C2915162C90
:105B7000E8EA05C3122A519F07FDB315BF09C858AB
:105B800014AFFFFF39E1FFFFC5FCFFFFDAA9FFFFFC
:105B90006B48000094000000592A00004AEDFFFF06
:105BA0007389FFFF62EDFFFF6CE1FFFF541A0000F5
:105BB00077160000CA300000EC230000ADB5FFFFEF
:105BC000E9F7FFFF81E4FFFF5CF5FFFFA2A1FFFF04
:105BD000A61D0000FE110000DC24000022DEFFFFF5
:105BE0006CD9FFFFCBB3FFFFD92B0000D3210000FE
:105BF0000CD6FFFF1A3B0000C95E0000160400002F
:105C000044250000D0400000D42F0000B74300001E
:105C10009B130000B1E9FFFF9E3B00006B8BFFFF71
:105C2000DAECFFFFB2A0FFFFA6E4FFFF13080000BD
:105C300008F0FFFFDF5400005E420000FA000000A1
:105C4000F12D00009E3E0000B8B1FFFF59EEFFFFAE
:105C5000D3DCFFFF223900009EECFFFFE4290000A7
:105C6000179DFFFF79E6FFFFE4030000BFDBFFFFA6
:105C7000902B000076BFFFFF3C4F000013C1FFFFD9
:105C80004D4600009AB7FFFF78770000B813000078
:105C9000AD1200006158000070080000723E000064
:105CA0003AECFFFFDFE4FFFF2E4800006D0D00001F
:105CB000D118000033B2FFFF30FEFFFFCA21000001
:105CC00088D2FFFF4C0100000C14000023480000A4
:105CD0003B10000063ADFFFF5A260000F2000000F9
:105CE0003DAB0000D9D2FFFF8C1600006FDFFFFF35
:105CF000CD2500005D1E00006AC3FFFF06B1FFFF57
:105D000064170000BE060000A9310000D51C000089
:105D1000A8DBFFFFAA1200003EE8FFFFFCC9FFFF5F
:105D2000D31900002CBAFFFF07020000A1D5FFFF26
:105D3000DD270000B6F3FFFF818BFFFF74640000D6
:105D40005ADAFFFF17FAFFFFA7300000981500008E
:105D5000A9710000023E0000739AFFFFF164000089
:105D6000370B00005AE8FFFF35090000A21D0000B4
:105D7000D8C4FFFFE6FAFFFF77E9FFFF542F0000CA
:105D80004EA1558E7FBF9262A725DE78B737FD57AB
:105D9000E72920022EF51A3FF788BBE6550E35B5E8
:105DA000813BF59920BB0057C48132EC03B711E960
:105DB0002939810081DDBDC57C26FDC68D13F00823
:105DC00076BA35A0B906EE5B81412D8DB74418CD6A
:105DD000811E9F99A7095ECC18308A4DB1A910E1A8
:105DE0007FCEF00AA83545D237ABF2D736691728EF
:105DF0007F602ED93853E7F37F33D7CD7F21A61AA2
:105E00005A381AE9D381DB463DC49D3E1D46214FD9
:105E1000D0FA817F7FFE817FE07F90BD5F7FD87F5A
:105E2000182FE77F177F2B6C088B0F2FF4F3323777
:105E30002F3D908164B8473856816CC6E781E4AA4B
:105E400012B003055E513AD361B9EFCFBDA2562C13
:105E50003CF4C0EBD302B7837E247F00716CCFF398
:105E60003B9A7B2EB0B47F2E27C17FEB7260C4D5E6
:105E700031390B58DF090A1EF5E9547F4F917F1025
:105E80003F40AAE5373A576F88BF1EFA545D026A51
:105E9000BB98B25B2113D1D37D5EA14361C4E4F70B
:105EA0008B1F81C440FC981EF5760BD67F231AF316
:105EB0008143D5330668FA3B38EBF981D75C0D7F17
:105EC0001CBA61343915373447ED7FD9E010BD81F4
:105ED0001EE47F0381317AE6FF35DC3030812FB854
:105EE0006150FC668181007F2213ADE528C681A048
:105EF000FC1318BFD37F31892D7F8416017FD97F92
:105F000081811D81478AE11F8309DDDB81226421B4
:105F1000CCBBEB026AF467C29ADFF23A31B87F5821
:105F200074FEDA3705EFFD7F9AB781D2B1F3FD5ADF
:105F300037814B3A3E45A8B87FC188349E43EAE892
:105F4000F52BBB407B3CF4E31426017FCACE23240F
:105F5000C6F81ED7A1ED819E815EE3CEDDB3F8EFDA
:105F6000FFA0811861B52BEFC6E0D8FAEAD85C47EC
:105F70005BE8ED723C1E4B7FF64A2735DCD1F724F7
:105F800057D900849F7C284DC87FECB3CAFD814B54
:105F90007F3E391B84DAF51130E792A70717FE5AC6
:105FA0004F1F23EF81DD884C4BB696C15808E71D83
:105FB00061C88A8B4481F121C1AE81194A3C5D7769
:105FC0008C58C32D96DC8A1001F2EC3031C0C18AA6
:105FD000BF3F9E17DED825312B81B40762F281596D
:105FE000A67F2EF68AF35603CD4A8CEA1032D3E808
:105FF0001335B2B0F4F9DAEBE4D90E74CD1EDFFE3E
:10600000EDDC81275A70288699F50C1915B5B381F6
:10601000465AF7195C86E43A09ED8141DBEDF22C32
:10602000AADF4520B59FD2658E421DEED130AE115C
:10603000E4E278F80DA910D4C44A079B81D6FD1775
:10604000357F7F7F03D48118E081C90A7F8EC51810
:10605000DC8B87EC17D37737AE85AF7F7F673D2426
:106060001BBBFB069CD030468181B0DF671F900BC5
:10607000E9A2F481B8E0EACCD48F9AB8E675D2E709
:10608000550754A4CB1E367F01FAEDC51C3F8C5733
:106090003C810A39117FC2097844A92C4FB7D58FAA
:1060A0005581702F02F81CC17FC327D565C7C581F4
:1060B000233613774772819BFEEADEB5FD17811EFA
:1060C000E1B2BF4E793F35CDBCDFAB21A5591200FF
:1060D0003647CA1055048414DB4A52F121CDAB5A1D
:1060E00086F55381B2F0A12F31AC3FF7D604E920F9
:1060F00029CE12E802D52F7606637FCF2AC7C2C009
:106100004E831FC224892FFC8122477F037F16BA4A
:106110002E0F2F18ED1838F146397D3481A6C83B73
:10612000B5D8EF3E531DBA5D4FF94A81B081811D4C
:10613000314BAA6222B1407FC0230F9ACFE43B09C2
:106140007FFE980E817F65ACF8B8DCC6F681810CC5
:1061500053EEBE81A27F0A683C9136EC2E14DF7F9D
:10616000AD28DF3077EFF508A60ACF07CA81BD3921
:1061700008817FDDE82703D5DF50CC40A8A71FD3D7
:10618000C3ED1C4AEB4281BA182781B5CB3E33AB35
:10619000660B4723C042E7B681EEFC7F6A1239B432
:1061A00053BA35FD7DEC7F3AE6850424E21E10D11A
:1061B000BB1B620511F2E822DCBD5CBDD3C0341705
:1061C000131C0941FF184F81D78F01F411D4162EEB
:1061D0005181C1B96F9D1281C03A002535C0114F60
:1061E000C779FFC55077DD5FC726E67F8103E18170
:1061F00036D8EE1B81BE7F1C420E7406F50E4E5E35
:10620000A9F4FFFFBD1E0000720D000091290000DF
:10621000DC040000C80A00002AF8FFFF4DE8FFFF79
:10622000ED180000FFF3FFFF3909000059010000DD
:10623000A10D000064EDFFFF8B050000FD0A0000CA
:1062400031F8FFFF25FEFFFF6004000019EAFFFFA1
:10625000EEF8FFFF17F8FFFFCE070000D3F0FFFFB7
:10626000E4F8FFFF9A040000B412000080FCFFFF76
:10627000A4F6FFFF8C0100002EFCFFFF47ECFFFFA0
:106280006FF6FFFF9105000047FEFFFFC9F9FFFF12
:1062900096020000030300003D0B0000BBDEFFFF81
:1062A000CC020000301C0000A10900005E100000BC
:1062B00058FFFFFFCF0500009C13000018FBFFFFF5
:1062C00078FFFFFFDE030000AE1B00001BFCFFFF9A
:1062D0005CEEFFFF95090000C00A0000ACFEFFFF66
:1062E00091ECFFFF451300006B0B00007F0B0000DB
:1062F0004C1100001F0300009FFDFFFF89F1FFFF0D
:106300001B0100004DF7FFFF0801000057E9FFFFE8
:10631000A90C000022F2FFFFF20500008B0F000025
:106320006FFAFFFFEA090000E1040000A1FCFFFF93
:1063300023F8FFFF2722000057110000360D000050
:106340009CF9FFFF190800007D2000008B0E000063
:106350007A060000A2FBFFFF8E0F0000DA070000A4
:1063600098FAFFFFD0FFFFFF1608000086EFFFFF3F
:10637000FAEEFFFF71FBFFFF70130000FCEFFFFF61
:1063800050FAFFFFC0FFFFFF7CFCFFFFDDFAFFFFBD
:106390004E1F0000D102000027E4FFFF42EEFFFF86
:1063A000B51600002F080000A81100001FFFFFFF16
:1063B0001DF6FFFF06F4FFFF1C08000060FEFFFF54
:1063C0006EECFFFFDC000000E6000000130300009D
:1063D00028070000A4FAFFFF61FBFFFFDAF6FFFFCA
:1063E000E9FCFFFFD40500003AFAFFFF8FECFFFF46
:1063F0004FF9FFFF1BF9FFFF18040000A5F9FFFF8D
:10640000D272B8D0E66375360C6EABE84BAF25DFC1
:106410009651483A023565F1F3D8BFD756710389D2
:10642000C64C26A4A8CD96175403C0FFACAAB4ED61
:10643000FAEC1116BBC9E8CA9BC2B20663E44E1956
:106440003462F9D51297DBA4C9CEDEF7571F064098
:106450009C03BFE4DDEA38D117C3153622E997A4BF
:10646000A0DBFB12352B087FAB033E4CFE4BA56334
:10647000CE09339DE243CDE1D1BB3492F0C55AE75A
:10648000F5DBEED6195604F2183C44E555EBD3E89B
:10649000D83BBD1CF7C2F53937C0AECD2DAC31812C
:1064A000330AFFF2BD3BF5FF48A7E239ED495E0034
:1064B000DDE269636128539B469BC1E9D55B936428
:1064C00018F507004E35E1390350C8D439BDD4FA68
:1064D00069AC1AAC404FFD2EB72C453469C95C43FA
:1064E0002EC4463AC0D94CBE54D7442400DA3EE903
:1064F0004175AEEF2C020731F5C02AF22FB63DEC04
:10650000AEED01C6EE4A47270D300FD70F005646B5
:1065100071A601FBB99224AC81F84E9E22D741347A
:106520001A34DC87A91813B9ECAA1652F933ED0E08
:106530005797B7E8173143FDC3AE30A70A35131F8D
:10654000499FEBA5FD4D26D023DBA4D7340435D2DB
:106550002427B5A5B300B6605236CC44ED490445B6
:1065600040DB0734245109D3AABC54EB0AE3A5232A
:10657000CAEB50504E0DEE1AFCD3EBC2C0DE1852DF
:10658000F12E32F015DC211F0A3B728DE6171BE05D
:10659000465CD1D3E81914A338BD31C42BB843DD10
:1065A000F7D45F18D7DCC3B1AAE8CC1BC7043042CC
:1065B000B5FA722A3E4EFBB62EEAFAF27FCF18C227
:1065C0003A13380DF6CB1905CBEDBBCA423738A7C5
:1065D000030458058D29F41EF208E628D938E03F57
:1065E0001C2433ED94F2B5063F3EDE2AC1463D320F
:1065F000EEB66608D2DDF8161DF950D9B5E12E0ABF
:106600002B2FED3BD625167828C42E9FFB00474D37
:10661000313EB757384CE40E4DDBCADC3A3253E317
:10662000287349D7362133B13F0C0EFE5A151DB9D8
:106630005BFCAB4A1CD6BBC2D3FA261622BDFCEDCE
:1066400007BB280754E66463F7DD15C2306CFBC452
:1066500098441B1EDD2750C1D7A781278E55F00710
:1066600094C4B944293837EA1A5B2A21D8F8F70FBD
:106670003E5CC44B31064F0BB4CDCD2A5930DF30D0
:1066800099FEAC241902B798A8CC2EEE41DC3A430F
:10669000FFCC31BA14F3D7A4E0D8551BFE09CE388D
:1066A000B6F906E405C6C9AA13FE5F34B3DF30A706
:1066B000AE0D77C2E057B904B617F5C17F46420761
:1066C000D1CB3527E5E2135D5AAB6EA2EC29A904C4
:1066D00017C7E03CFBE435D82D5301DB6356A628F1
:1066E000C7E96E5C94650ACEB2A19CC114BF47F99C
:1066F00038EB9AAC49615BD3CA40D29E465AD04629
:10670000A91B53B516A4C1C90AE4EA3DD90E3A2E15
:106710009A45300209C0481EED39D69ADB5F070062
:106720002BE5CD19271CDF5749263DF528EB211114
:10673000EABDDFF41B220C5459E7013E9A09F381AC
:10674000D219EF2059BEFD2EADCFACB7DBB2D1C30D
:1067500010E2B4BDC4B7CB36E10CA9E94957F1EA60
:10676000F707B25BA8BA2CAF0B13C8C4F2C3AA597F
:1067700034191012460BBAECA9B3301708931FC294
:1067800045722820420452316FED8BB04700E02F54
:10679000D69A15FCBA25A52108FD58FB44CEEEB2C9
:1067A000B8111E39BCC8EECABA5C543F53E56C2719
:1067B000CFD74DC40C03A8D31F860B4B05E42DCCBB
:1067C0008F407FBAD8A403D11C355DDD210DFE0CAE
:1067D000D8F16E53E3333C0937EEFEB90BD858A914
:1067E00034174114CFFF9B97A72E3703F59E491608
:1067F00042DDE34641D23FE167CF36020CD85FF578
:106800004ED5DC0E41C89E3AEFAEE02FDE40C025EB
:106810002C48365823F7A4B3132CC3AD6C0F205665
:10682000B636E5F65D11AE594DDB03D3D238D31D34
:1068300017C824DDEA3507DDB935F822140ED67FF6
:10684000E6272456C11936E75C1B1AC5DDD9633B20
:106850005CC323FE3611D3ACFBBB08E3F8F6CD6F67
:10686000E7D55F6AE7C1371DD40AE6B89F0E9644A4
:10687000EEA6201B7425F02CA812DE661A37F2CB88
:10688000C7EED6158AB91B9EF9B94FD10074B2ADC7
:10689000FBF84D632AA9F9CBFED008462A271968D0
:1068A000ADD2A546DA42DEC0FA3B5E2319CD4F17C2
:1068B000C51727C96E47400E3EE5482EF95022F510
:1068C00004ED732708D31CF396F448CFBE3A3B3946
:1068D000F04253E27FFDB1D90330ECAF1AAC27D1BF
:1068E0005822FD054456CE10CAF22EB4C5054820E4
:1068F00035D534AABFF2B4B1BE44C6B306D97FD6EB
:10690000EFC3FF5529B8F73BA50A2D3AC0D3541061
:10691000029FCA139BCA28C7480C602118B165DBC7
:10692000D5117CDCDAB3CAC829D9D7C9C1FF003078
:10693000D0BB2869F339E4A8C4DD5CA4F7E3160EE4
:106940001958B040FA13C1A5044A0504577F18D25C
:1069500031BB130B92B8F408194EA8DEF0C2CE1862
:10696000A7F9F70CA73FD204ABDCB6DDFF2EE4B5E8
:1069700000044840CDC42EF708210C54021497B8E7
:10698000A2D314193C092EB86441D79FB2F3E20C8C
:10699000F452E12DDBE60DD70D37C42AF72D155241
:1069A00013AAE4AA51FF9EFD3D0F59F2F0DC21F03D
:1069B000D2063DB675EF475F127FF9C557265FE5F2
:1069C0000CE423A82E433EE2F19BD0F04F480A4F3F
:1069D000049D0C46A612BDE516E13610C7D6A45993
:1069E000E7DE423F4E38E03607E7FB3361DBECCDB4
:1069F000B6A00FB496D6BB3CEDB4FAE6FE4CC22965
:106A000018C8BB5AEC2624463C5930BEDA24A3CB26
:106A10004605F7FBD2415DBA4534F32AF2D702DED0
:106A20008D04DEF34FBFA923516BB6810B11B4F176
:106A300036F73E0377ECF557EC31F922C2201A28DD
:106A40003D94BF18BBBEB9E12DDDB5D8C9B2A424B1
:106A5000C127054497BF250A041A824AC260FCE296
:106A60005CF2CFD6EAFA78629D05297FAE5FC92134
:106A7000AEBA9E5C4E5453CFFD20DBC53FC9A3D3B5
:106A80000542C56E4D57B9AD6A01582CF6FC2D4F25
:106A9000E1A725E49B1D4DC442A124A8390313D5C9
:106AA0005CE2549C0CCA956244370E1B7F9AD51643
:106AB00013D0FD3C2F3051A9D85ED415D4351C1A03
:106AC000AA4B3D510DEFDFAEC93908C2072DE6D202
:106AD000D73C3F4613B8C1D44A6BF423D2FAF5CD64
:106AE000BB492C0BDC9B4ED5AE04E0D7AC9E1125E8
:106AF000F7C1222F74FD1B7834F6370853F40AD4FB
:106B0000C6B44642E0505A1A264D5A2B3460C4EBA4
:106B10007C2A185F480B4D016EB6E40F02420FBF8E
:106B20004E087C29F3A6396BB35960F21DF34A0D68
:106B30004D4F38D22CE005FD9C577F9DF527983CA2
:106B40000670C403E00BE4DD3FF405D33CB9FA1D45
:106B5000DB34475BE228AC2C2FDCCD0E4D2A705F76
:106B600054F5BBBBBA941745DEE78E5ACE2338B531
:106B7000324CF1696E1F7352634C312FBF25056192
:106B80004FBAC7C4F8C102E2211D36B3A071EEE3CB
:106B900053D02FBBBAFFF65AC1535417C78EB12931
:106BA00033ABD2DFD9CFC55E65F9BCB4F82444FF5E
:106BB00052C539F45C4C62EA58F2154DDB1CE2A375
:106BC000DBB03AD8D115CAED222DAE41C1D949E684
:106BD000CB4C34DDD9B3C843DC3BEB22C759C6F4F8
:106BE000F658DA49A66950ABBD7F1074BD61EFC895
:106BF00012B7764ACDA456D0596DFAD8DDCF36C734
:106C000044F923FCBCD2C2A850C0FF17E5CAD74341
:106C100003C8E546332AA8C2E73710C001E00625BD
:106C2000ADF3B804FA64F6F3C8D71CBCC70FA5AF20
:106C30000DC2E831BF20C12C329A13E8AF1CB73621
:106C4000B0EB2FDF8BF55D18152AE805E76C040320
:106C5000F0E169FCFA1B4FE8EE1BD1DDE9D3F24508
:106C60000F254F26A10830099EF73737704AF29F4B
:106C70004D8AEF0CE27FC3C9510D22D20548D1598C
:106C8000C03ABE7F4938DBEC54F9F8161C258A2738
:106C9000F34CE1412628D2DE4B3C45B1ED129FE991
:106CA000ADA71F2025E4F4DCD658B62CE4EFE6FFB0
:106CB000AEE3BB4633F02707B4F8C326192EDEA097
:106CC000329309B60409B1E63ECFBC52FCD91AB7DB
:106CD000D9C033E32C4B492FB23AC8A7D2383F3B37
:106CE00058C5DD49FA38CA1FEAE816FC3FA6E53A5E
:106CF0003AD91497CBAAF69D41FF392DD33D1807F9
:106D000052DFE0FF38CC9A52019C96C8B79F393CBD
:106D100036F7ABC04960B615C544A9EBD52322B4FC
:106D2000B06C081BEA020AC0DE00601118D248638A
:106D300051DB422B330699F40CF6AAB4C64841ED58
:106D4000047017F3C63D68FCA31231B1D6F5BA1E24
:106D50001F491021E701A9BD5E02D55AEFEBE0E41F
:106D6000EDD5B2E0C616D70BD5D3EBEDFD53202EF3
:106D70000D5A9E2CBE9421C454FB0F4C4D4181F101
:106D800047A63568FEB1240B3A4368B78F20D1552A
:106D90000F1F0FA29419A148EFD70796FE392CF5C3
:106DA0008FDECFCBACE0FC47DBBE4FC3F61CCFC1C0
:106DB0001917ECB9E4004BAA3B42EC064632322CE0
:106DC000DDF0EBF5B652D508A1B7ED6BAB6BB23881
:106DD0006E57F8A3A8CB426C283BC3F6CD4831CA06
:106DE0006AAD4C1C2FD241C3D204164BE2F9345089
:106DF00008097F06DBA23AE5246E2A3A3D1705B260
:106E00000DC516E73DBDC3686E8FDC02C04A474C16
:106E10002653EA1239E631B1C6BE27BAC3EFC3AA78
:106E200026B2405907EC317FC205F7FAD3ADE6CD63
:106E3000C8494D1E48B8275664F0E803A64FF2CA69
:106E4000F500B54A1742FA391E2D0540EEDB2F2713
:106E5000EC165C54D6C51F30E71813B1440EE54E4E
:106E600018E59C3123002614EDF3FB9CFAFB23BBB1
:106E70003815C1D2E28D19F709074AC0DF4467CA45
:106E8000D576E127BC2E402C3E0AC12F5C27E06955
:106E900098D70D4DBEADB861DF4FEF35DB461A3EDA
:106EA000DB5CEA2AD167FCD81D66031E122523236A
:106EB0001AC6521C15D6641748DA63543F2BBD49D5
:106EC0006343EE2ACA2B601832533E19AA57E3C512
:106ED00045E27FB055D94B2F4CD24550F44417F6BC
:106EE000003CBABABC32F33A363CFE3CA5540F52D1
:106EF000F046A74208156FF57BB8C57032B1DE9336
:106F0000F4F00C5718144B533DED2D97F1E125404B
:106F1000D8F2B2A739A839EDFEDCBB9F4E02F3F7D9
:106F200014E59EF10C75421204F85CAE1DCD0359B8
:106F300054A6653B2C1C83C8F2CDC5975911CB01D3
:106F4000243439169C340A5922D0AF115A4B3321BC
:106F500042501FB49B5E0316B8653AE61C0017BF8B
:106F600056C0A601124949D04C1B17647F2BEBE396
:106F70002128380FCBA22D565B3FE4F8321086272C
:106F8000BA42F51C8D031FCD37E838D2F596AE51C5
:106F9000EFD6F37399C727DCFDD1F638F95019BE47
:106FA000E3B3EDF1E8FB1F071E97E7D33BA58FC3C3
:106FB0002B45B206C310BD9ED6320C123F35D82CDD
:106FC000F94B19B03F08B659CDC56C4F3937B36E80
:106FD0009FB32DCA98CD51B7C490CAE604FD54D5CD
:106FE000B00CDD0C60AFF935FC92F654B5FFB72B51
:106FF000E2FE0ADE9A7FFAD9441D4FE5CCC2DEC517
:1070000051ABFAF6A49BF3A1EFE20869EC322EF83B
:10701000F9F3B455BEF0F8DFB4BE1BBF140908364F
:10702000CAB9E12066423EA11AFC24D1ABCEC3030B
:107030009430A490CAB82667DDDDDB109FD011F52F
:10704000B700FF2532F03BBCF7EAFADB0410E3346B
:10705000D63828FF251807919E28C7D2F0A09DC0DA
:10706000E72D20207FCEFCC5D7E206C03AE95BFDC4
:1070700093AEEDDD9224CE2B1FFDEAAE3B79E8C640
:107080008AFCFD034B66BB21F2B80A9F61E33445DD
:10709000036917D89D669A1EB73C629401AE41AE53
:1070A000BA9CB226B31C0309BF5D99655C62AD4E04
:1070B00044323DC5E34EBE662822F2C9B39AA013FE
:1070C000EDD0D3C4C3EF868F6F15B212A6CD895A07
:1070D000429F60D9AE811FCA031461E8401F5DA0C2
:1070E000B6B1E85C0F6AD4C709C4434409DFA74BB3
:1070F0002B55BBF7A5395C885DF56CB8CF1CCB6010
:10710000595AF936E60F2CAD0C0AE71266A4FDF6C3
:107110003A81CFC6D9912586C0E701724DBC33D3E1
:10712000BA60F449AEF2152B2B33FB082D21FA3E41
:107130003C3538076032A81DEAA75D1BDAF5C63476
:1071400041D3259AE51BB07914ED565577E0C74C2D
:1071500034D87F2DFBA64743DB4130B909120F0A13
:107160006ED90B10E5505ED2F8F41E274A4DF9C9CE
:107170003B8A30E2CC5449DDF9C23FE4494AD89514
:107180001D4F1C040AC1F7F9962A57C01B041E2A7A
:107190000BE8452D14526F16DA5253D9CEF214FB78
:1071A000ABF711BE553CFB7F0EBB3B43DD5A235270
:1071B000EFCD0BE5C43CE0E218FA0547191A274861
:1071C000DC53D83D08DF29430E5AEB30EBE00203D5
:1071D000A7441B1843F544AFAD110EA6290ACCC72E
:1071E0000FCDB8236406D7060205CD6C0EDABDB408
:1071F00009FFA14525BAA41852A32F905CBE580BD5
:10720000D6C05A542156DF21A402EAFB3633B7F226
:10721000BF32CAB820EEAB47C4BFA7EBA825D3291D
:107220004852F8CAB74D25AB450BC7182FDAF4A65C
:1072300015E724FF3F1036D110BB15E3191E42B5E8
:1072400015323A40BFE8A31E27F3BB14A11B25F259
:107250001E02DCC13F30CA3ADEA1463F4CBEC2B876
:10726000F195FCE3EE2318F1F651A82EED119CEDFB
:107270004EA98F1DB0FE3E2341CBFAF6D31F397FB6
:1072800021A40D9B2F3206550B3B0E7F0040AC4BCB
:10729000F503F9BA11736909134BD43B142046BCAA
:1072A000F9AFD0256C530376113A0F49F80628B18F
:1072B0004A3539CE4DDE06BF09C3A740E1314C1532
:1072C000053126C2F3F2E4BC43EFF3573D0C6BF3F8
:1072D00005F79A3F54C7A6ACA1F5C06009CDE6D327
:1072E0009F4F0EFF46FBE3D65236D62B382DECE0EF
:1072F0007D345903A5C35F34BC6EE83EA60FB61FAC
:10730000C4B14521135347EDD009940CB5F0FFB437
:10731000110B1C53A49FC9EA1AF4C6C026E9C44C39
:1073200038BDE1D003292808E6E6BDF7D2FC36FCDB
:10733000FFE3D1F94D39CF00BB311B0612FA6031A2
:10734000D61ABAF80ED43B9E7DBB08FEE446085719
:10735000CECA05214C2706B213517FA3BF39F72DA2
:107360002CA41ED623D7CB2413E84608DBEE5733D4
:107370004A5226BA4DEB42E2D5C7B543D69AD61E3D
:10738000E2C3DB4212F6B7C70A30D719D0DFDE35C9
:10739000FB4AF016AE011710FA37FA22B5FFCA8180
:1073A00031D93551D8AAD514512074FA503A331A2C
:1073B0001631190FDF01D3E2B300A90B0AD1F0BADD
:1073C0003D51BF26D2F12E2DDCB92AC422112CF555
:1073D000FA27FBC0C23416F8EF1EB3073BF9E45896
:1073E00026052B34C2064719E653E031CBBCC20C4C
:1073F00031D8FC39DB24EE4FC2D2C6AE0509DCD150
:1074000083C756B290C351F1ADFBD791BFF05B4239
:107410002143D2E437B0AEBA1FA7AA81C4A8ABE318
:10742000D7ADC0C3D41AD387F51452D31225403A2E
:107430001F234B103B43F5B034FD505837C2053184
:107440000125ADE27407B3FFE1DD4957249F12DF48
:10745000B6082CF5171D1AC2D00EB0AEB1230E938C
:1074600015A6C1E1D7174E95F836A72E98D3560327
:1074700045203E6F1F61B56710D2D1C9F8D2B9AFB0
:10748000275B3AF0AA8C9B7936B19A43186A13109D
:10749000BC0128E0CE04ABEC56F94E0499C099A289
:1074A0002837F1D6BAF0E0FC0D10E649F125E9C81D
:1074B000D5CBA95B67214868E02D329EF9DCECC092
:1074C00035F0083334B4C95634562FCB06C5E564BD
:1074D000E1392E3029575005FAA8D80F565FA53349
:1074E00019C19F5F2F1BD34A324A112B24674E5874
:1074F0004CB3BD1909BA7FBF06671E0FE24550ECB9
:10750000FE2C0EF9C8346AE7603644A6F7C0162789
:10751000C02BFAC4FA53230CEF10B0270F989B200E
:1075200058FDCB2FA7FD53F0E1FA1028DCEC0649FB
:10753000E14E200AEE02F93317C549EA5B5FB5B4A4
:1075400043B1FB0A0D8107C839532AAD4F359DFC65
:10755000BB0458202CC2554851A3FACB3105CEE3C9
:10756000EC0F32FF3115B074A3ABBD0B165DC5E94E
:107570008CBAD6F0144BF13BA543A52A272D1C2C21
:10758000D405C1E6CFB1F01BDF322038D7185AED51
:10759000465A6FC0B6236A2FC8B15EFCF1F7C3FD2F
:1075A000C230A0C0270A6B46E7B20E62ADD21449C2
:1075B000BE4DAAA5B9A3A022C0B94DCC0BCF56C1D0
:1075C00035DFC1E079C47FE69039E12E15C71EC0D2
:1075D00094A59008052CC1C4310FD97056532A5870
:1075E000E34CEBD02A04A53702C346C3C8510A1A9C
:1075F000E8278C11B526CB6CD013D4ADB22F4BB786
:107600005900C5F5DE1BD2B101F64409C4191CBFEF
:107610000E12412719703423281DDD3919C2F504D3
:1076200005E909C1D22F291931CB3DB925190752D6
:10763000D0C4C51EEFBDD31EDF0B564E1F3EB9EDA5
:10764000D826A70D9E4362B906B823E2E8362BD7A9
:10765000D5269216BDACD9503326D914AC19B02713
:10766000AE1205BB0A273D3E0546BD81DBA41821AD
:107670005E47FFF5EBB1C7ABE1F94711EB3BC70044
:107680004C62DF810A36F943DDE8DCE1E83B1DD1DD
:10769000D1D7508CFE04E99353516D499685B4A51A
:1076A000EA6103DEC15D9124F817AFB1E9108E12D3
:1076B000B224EB41E66E50F047405E710263115018
:1076C000FCE9FC29322B2FF70FFAB66ECCA5C510BA
:1076D000F3F32D453C5469C4F4F0073E41A82B0454
:1076E0002EF28EAAD7AAE71BE4EE2FC0C4F5A7CCD2
:1076F00064A9502DF94A57FDC9E995F6C710D03A4B
:1077000062FE0DD29A445B798183E9F0E996034FDA
:10771000F4FE5161DFE49030754F4BE61CEB967F31
:1077200023132CC99CB5F23A2B27352A050B451E8D
:1077300063DD119D9FBC2DCB7E484E1596EEC9C1D1
:10774000B16E8874BBA5EB633E108C68E5E7D51F6E
:10775000A373FC38FC3D8DB2F1C14A6F07DF62FABA
:107760002F03A93EC823DACF1B389FC61DBB28EFC5
:1077700064CCE17F10007623581612D4AE0C4A6315
:10778000FAB4B19E46DA4635061F20BFA235331F34
:10779000332CD3B914CCBE1EFFD5FAD8AEBA4535BA
:1077A00023445F243F29FA5A26810F1A0DC71D3D35
:1077B00046073CA22B42FF02050FD24BAEAB5A4C00
:1077C000E0060C526B40212FF026CAC6D21B0B4795
:1077D000119E41F1C913213736E36F49FAB23AAE2F
:1077E000AC54E5971EEDE506EAD3510AC6FE08172C
:1077F000DCB527527F2F1EEB773DFCF07C63ABCED0
:1078000032D0C52A2FCBE9D5D5CE322840B3E8A94E
:10781000A73BF8B251BA2499E6E29EA7F865D3E1F6
:1078200013E4D82633BE311D1DD3CB4322C12E080D
:10783000220BBEE1CE08F9FAADE21119C149D1F926
:10784000CFBFAE24730FB1D3C01ACCD958D7E4FF41
:10785000D241CDCB0D2F2DA8819F2838E0E6FFCE59
:1078600028153BEA4F4030B83EEB21CF3CB6995744
:107870009DECDE141FC92800FA1504E14C38B1E56F
:107880001F90AFBDEBC554B13014BDE4A59BEDA76F
:10789000E8C5352D1148DBFE3141B3B040F20F2A67
:1078A0003EC892D6AB34D21E071517E801BD2F4350
:1078B00038DB81D43FE6D7F71D60FFE0A91EA5267F
:1078C000B7B4F5AA6C3AC9E5ED2CD215C51704A5D5
:1078D000041EF10AEEB8B4D0C00DB0A01C4A1F07B8
:1078E0000736B9DDBA222C20DEE10EDFE1BA20AC8A
:1078F000BD46AFE5A60DC1A3A6414300CAFA2B4C75
:107900001418D30E2EE0D25DB31EB6E54838223FE0
:107910005DF8AD595EA70EBF56CA49BBA45B50E3E4
:1079200017C4472C02A2483042B80F58CAE13F485A
:107930005D15B155415005095FDFBC6F0A42F0A6E5
:1079400030E6E0C4C7453297512916FB27DDC5173D
:10795000DE2AE111A21BC7BBA72FBF81CF1AC1A18D
:107960001D1C06B1240DDD3F49BB1BC45CF1952CE9
:107970002D63FEFA6B9BD05C0CD02297F60B500A5D
:10798000B00127612E10FA1147DB16DE2443E9F817
:10799000DB36472428DAEC081D54D12CCAB2E83E65
:1079A000DCE67F3727352E0622C8163EFA1714125A
:1079B0006BFCF914E25736E6EB4AEA33EA1CD11FB6
:1079C000AEE0F6E72C11C0A6D45A4819E30012DE47
:1079D000B52861250CF1B4C94B48BBEB1341B90D77
:1079E00026ACFFCA2DC7ED09EE21C027D3A9F56C3F
:1079F00034F064385432C32A4754243BF0EFCCD4DB
:107A0000C2E8DE14E767ABC2A2544ACBDA9B4DCD85
:107A100017BF42CBCDD3AF7FDFB9D8BDE65C3338DB
:107A200010D0D2DF089E221CBC2B120A0DAA9BDEAE
:107A3000502BE45702FC3A4DB9E61E0CA75517C966
:107A40001145C9CB42E7F05C09D2B019B555B8DA97
:107A50004CBA2D02BBD09706190CC04D164FE81D2D
:107A60000FD050E1EAD05316FFFCDFF8AB2F449C57
:107A7000E60C4621F5404E37B62CBAC6479AAD4EB5
:107A8000DEC54E3C0657CC220C3F0316C3E306EB83
:107A9000F914B81E52BD109F112EE4C558542EBBC8
:107AA000FCC9B9813A421CE83CB7C2134D052AE82B
:107AB000EAD125D497A4A9B3E66BE3CF72CAD3E782
:107AC000B7CDE9EAB84A0E3CFC0654C6BC061826F7
:107AD000B8E53817EE0FB201411221B73A634711EA
:107AE000F3B721B7140A54DAEE00455BF29CBB0DE4
:107AF000D7B70BC119B016B130E644B5CDD0D051CF
:107B0000D3063615CA2EBE3F474F3A4CF89DBD5C92
:107B100003221A9AAD41BD1DDB21ACFFBA2144AA54
:107B20003668E327C102C4049CB64849DD1511320A
:107B300040BBFA25A41E48E92DD4144B3857C2FD8A
:107B4000ABE7FCB7D226E912F65D7FF34C4F13BBCF
:107B50005AD7F6D12F1B0326BAD655F5D3DAEDD175
:107B60004AEBF9AB2342D64A55EBA621F5EF295B48
:107B7000363ABD9B60C3C56E29D697142953B8C742
:107B8000FE6CC53962E2E39D11E1DF45A0259DEA67
:107B90002038D3CBD71D3AA53811D5CF213FB39686
:107BA000C299A5D3EB24C0F7F5AC033BFF2D81C9E7
:107BB000DCAA572F141119AD4799B802F5C92B3F0C
:107BC000D9953C9CDCD2CEDBA6C15DBD07432F3CE2
:107BD0002136D7E15A21E937C7ACE2DA5A3122A27D
:107BE0009693473982CCA3314B399E77F127646154
:107BF000BFB0AFC733633EE1AAFAB8C997FD215FB2
:107C00007FFF363C4340212220969E0F25DE26BF73
:107C10005B4628E1F34E98E7E01635E9E115AF132E
:107C200037EE31C3A322FAE7A8622FE6C92FCB258E
:107C3000311AFF134A45A79E05B7F30962DBDAD173
:107C4000D754FEDCD0F41FC3EEEABDFD7446572EB8
:107C500054BD01C9DA0839C8072BF924AAD299DA28
:107C600002E7CABD17F632D3F917632AFE6308206C
:107C7000CAA9AF37CF3451DCDC353DEC24A919AFAC
:107C8000C4E69FCE5091465FD42F2C3E69F100EBA5
:107C90000EF417341F90DB1B81DF1327DB4B3FD71C
:107CA0002952465ABEB3C82FBC3F59EDB04257F6D1
:107CB000333E4255B013FEBED96360BE1C5F17EE63
:107CC0005001F0574FFE0D4389162CCE0CAB28E126
:107CD0009B42B5EFFF9EA19226B73E01D0DB52D06A
:107CE000AE06EC4FFD93E5BE97BF24FD16F3178358
:107CF000A4F653A8E43921D2FC611E1D03144733B6
:107D0000D98144FA43FFE01F434B1C2AE7164CDDA0
:107D100007F64729D8C0AEAEDC9E3DDB31C3FCF090
:107D2000E3351BB5F7A4C907BC28BC01423A2E14A1
:107D3000E06A1645D4D8C670DC50C7630CCB5667D2
:107D400064FBD9FEA9FF37E317ACAD2FAB140CC011
:107D500013C639A61E5D42EE16B0AC39F0D6B5E3B7
:107D6000360A2550AB463F9E2DCCF7B906E0C892A7
:107D7000E76F2017D450E343C312B618EB422CF739
:107D800037C42BC6D921B936481E3CC69D1436F4DB
:107D9000BF38DA2ED9E511E3CFE0F8CE159D47D8EC
:107DA0002252BF12D8E8420138189C04A9F81622C2
:107DB00049EFCAF3D21AA0B9DEB05D20E64FF1EA6E
:107DC000ADB9D7A706E3C6512137F5D1A245353065
:107DD000D3FB29BB34F1364EC0427FED0044CF1EA9
:107DE000435FB8CEFAB9DBBB6DB665CCECB7D8C291
:107DF0005BE133CC29EBC4A42217DF3523A5E822AD
:107E0000B841270D332D13389A161EFC401301CEAE
:107E1000896E0CBCC54E4CD1A4D0BB344B9C22E324
:107E20002F94A01A135A16333CFB60FF33084938CD
:107E30004866B2F750ABE16BE9DFA2E2EDF2202831
:107E4000464129C0B01030C25036A7C0FEEB3FFFFC
:107E5000A9000009FC594B3FC5D2C1C6B245B8C301
:107E60000B022A1142C6BC2A37D5442DBFA4ACD779
:107E700033EDF6EE000681F1ECD06115071024AB6E
:107E8000D25A4A35FB8101E803D031FDDEA313FB52
:107E9000A7C02CBF1199CDD7B0265AF8C6C1E81398
:107EA000203736DF2ACDB1D63458F3A5DED10D09FF
:107EB000EA30B5C5E3D0285DF2A4AD202323D4DB9E
:107EC0002636C9E03BF53E1DD73918F1E12FAC61EC
:107ED000BCAE504EEED40EA1F9F1CA11E3984B138B
:107EE000A3D21F4BCE3BBFD23D1FB64913E80D9B1B
:107EF000B5CFFDEBF8581D2EC511CD469CF8CACD67
:107F0000C01644C3362BB2219F063AD9AAB9024201
:107F1000871413A7291A47EF2A1426CBE520BFF9A7
:107F20003E3B0D37B1CE45CFE8940460CDABDCA528
:107F3000E7574E0D4D51F9EC0D041B7FDFA2BB90AE
:107F4000AFCD1624104B088420393376C4DCC3E44B
:107F5000F844C33083E6C9112F1550DAB640DC343B
:107F600057B5E5AAECC5C1BE090D813ABF33C43788
:107F7000F1285B063A2BE6D446F0C80CC81B13C0A8
:107F8000D363B0B226D4E1B0C4F94BBF54F343EC91
:107F9000EF62AE1D249F9952F0FD28EA1A22C132E9
:107FA000ADEEAFE4D4EEFBCFE9E12845E4A8E2274B
:107FB000DB58A3EFA83FC006B5F0EC552123982D60
:107FC000E205392A2CA7CE151DAAF3F7E17F2388F5
:107FD00036A1CCA211EB0E9F5A2EBDC8FA54DEB9C1
:107FE00035212804B7E060A400764F63A7D54696F4
:107FF000AEFE0860C2DF973BE91EF1E6D5C9F70A7D
:10800000B981D41AFED73ADB90EFAEE1E73E5EDCF1
:10801000BBE8F0A001E7FFD533E60CD15DB2351720
:1080200044FA001A325852430854D3CD19054CC8AB
:1080300093D7E3CB39E5D014A120FC2FEE3AFA5ABE
:10804000EFF5A4C2D44B52B1CD27ECC6E6AE005C2E
:10805000BF380CE26EF4E73ECC2CBA08CEDF20AC81
:1080600058E7D24355713360F74E0A55E9B0F1191C
:10807000841B2E0EB126D311F23507DC49BDEF2E3D
:10808000A045C5B00132ADF9EB872D19A84F239E4D
:10809000EE04FBE792C11FC20F06A2150C8EF2DFA1
:1080A0001F31BECF45EF0BE19F5A35FDD902292C78
:1080B00081DA2CFE54BC2B472CA4F1B22F05CEDD67
:1080C00048DE55D563A2BDCBD5CD5AB1AF2B866264
:1080D00018070B841B5567B2031CAA4E36B392A334
:1080E0004777CAB149EBDC5EEBDD226A44A0990A0E
:1080F000BBC420D0CB1B129CB54E6AC6CAD928D6A9
:10810000B8551DC139FCDFD61B30D0B2CC32592056
:10811000CE072165A8CD1C3FDF1BC0CC06B7EC23E2
:108120003136EF40E10F4A15CC4B3618DB1E4F239A
:1081300004CFC32F11C51530D9ED26D01B0AC44377
:10814000B2594442B93DF104FC261B37FAD8EEC2BD
:10815000DF1C2DF7FB2509D67F1825F500274045A4
:10816000E457CBFBD60027D54AB9FADE363227EEE4
:108170003D0A1B0F1F07CF2550EC2DC5D9E1E1DCCF
:10818000B4E6C9E2ED1800E8F8D2E5EA030F18EC0E
:108190001B0D2B3BE5F3FF24E3E31DDD34FC036DF6
:1081A000BD470BDA653FF72F135098B52C0B22CF44
:1081B000C88EF1EBC99BBFEA0201CF3FE7D0A5BC57
:1081C0000AB1DCDFCD018F14B24FED4037442BC133
:1081D000963EE928CD4E39A1063547E29E080404B3
:1081E0007F98582739FE656E3EAEF4D0FFB22CC0A2
:1081F0002C080134EFFA15AF150414E4E0A8E52CBF
:10820000C82071CB5CF2B0360F5F084F0969DDD82A
:10821000C44322B58C24CB45D6194D10B818C4835D
:1082200055C06E58B6F4F0F80901DA32F2A9DB2035
:10823000AA2F6EF1CE4724A409C3C1DA3F7FCF1D18
:1082400016FB2EF7230DAE0FDE2DE96F91E92563A6
:108250001E549FA70E5FD9F205A75507D5F3BB653E
:10826000A39766FDE1E4FB93DE239904E027BE09B2
:1082700078B84D42302B580926B8346A5C39EAC4C4
:108280001EDBC4A6EB3911DB410593C648A816BE18
:108290001CAD29E5AF2BB381F13D3CE3BE90FF4A15
:1082A000070E474E032958CACFC9FB170917CAA59D
:1082B00087BFB1F7C80107C8C0974689ED0B041402
:1082C00095DD36FBD1D30FECDFF9714AEA403F6709
:1082D000FD3FF1455F12E5CF740C522E3DB062E2D6
:1082E0004BEECB1520A0A8CF22BBC0B22804551955
:1082F00005103F1E302696DB29EC43A049DA6E5765
:1083000041881514DBB63AAAC9E8B7EEFF8A5AD3FA
:10831000062BC1CAA26C33EAC4E05DE71B38F1C189
:10832000E7EE065EE2EFAB6100F34466D297B6EB90
:1083300081F443C0C62F9BA816CEA3EBAC2DB3FC93
:108340004421C163681302C72232EA8F392F74C5F2
:10835000E7709277F641F0C3711C2795AC1955D898
:10836000AD249957583851449D239A0854413016EA
:108370004D5C9552CCA7D1124B1A65E70EB9BC2FB4
:108380002BF8EB3FD335C61EFDB703F4D5BD9BD804
:10839000B501E13B19DCC42CCA615B0220E9D98A32
:1083A00049B1471ECADB4A2FAE5039EBDA50DB48E1
:1083B00008061B34E851CEE8F833A6363FCDD41674
:1083C00017C5541AF211BFBF072ED40BA5C8A69D1E
:1083D000B9220963C909C90867181866A7BE46B259
:1083E00032BA02E0C2D51BE9BD20B5BAC1CCC8ADD6
:1083F00039A97FDFBC213DE9BE36BA46FD35E5E34C
:10840000ACFCE52762E2DFEDBF92F7B634EF370F41
:10841000AC22D2C6C9062FDBF3C8AB8E2CEE1359A3
:1084200099164DB20BB75259C2749D5D2E31B46A84
:10843000F5D0FAF645E45D705A641A92A9F69B5895
:10844000C104CB5ACB6311A07B90E64CCDEC3392A8
:10845000427658CA9F4EBABF26631F8EF59CC54B05
:10846000144B10B3FFE6E205C536FBDF39A007E188
:10847000086247F0A5B7CF1220652D57FCFD81BAE1
:10848000AD4343DBD633C62D144A30F101C3E95C5A
:108490007F61AA2C2AA6102B892536E19CD69C192F
:1084A0003AEAF8B2FF983FD14904492251AAFBF2B7
:1084B00003E56AEDF0C62E8A945A4DA80CE5A65243
:1084C00001A132C89CDF8DD046EF4D89DD3EE4DB53
:1084D000E5F12DAC3A2AEF693BF936454FF1EAFB5D
:1084E00015AE4D0EE50EDAC7FA63B15D37A2224430
:1084F00020D90BCF699ADBC33FF45BB2D2B9847544
:10850000140A39B4A539510EA775997F9FC51B0967
:1085100027E1BC3A5B474136EABD16E410DA56BAA9
:10852000EBDF2DE360E65B27E6AD3F4EBA27E63A88
:10853000B7F71A045DFD99F554EB9DE113D61FB210
:10854000FF2BCF2C4C04E4DDF39844DBF3F43538F7
:10855000E35B6B1F4D3B02B94D62D18AFB473D5730
:108560007578F6A2DB05DAEA70186316E75D6D52DE
:10857000600BE40D440ACF2E272912A6395A2F0D7D
:1085800030DB18FBD0F0491DB248640B2093381F34
:108590006681DB432B3A510BB03031BB2065462D51
:1085A000A22048D4CD2935E75C5854E5EA9EC4E0C2
:1085B000930BFC2431050BC5DF450706154411B6A6
:1085C00036E1FF515DD3E6282C4ED8D40FC4C34208
:1085D00019205B36B82CD8ADDEC2289FC1E71AAF90
:1085E000ACD840D609C45DC4DA39D045E65DC04296
:1085F0000446C92BEDF722A09803CBCA19D3D4BAED
:108600009D3FC7145250746984EBD61D4B69EB75BE
:10861000ACA32EAD0164421E1323B63F1A4D595729
:10862000C31F54BB48E6F5630FB02FA60C025E1EB5
:1086300062E5DF250FE4DC397E2D95C7A5149E4445
:10864000EC2528AD672FCA17732941F2BC50DF868D
:1086500022E1E54E1BEC48B16EB6B3DEF83815AD3D
:10866000C7E79A1E2A6FE33B485BDDEF07CCB9CE24
:10867000242400573ED5237F622D4B361AD6E8BFFF
:10868000D0020DCA32C9F808F23F0437B63DA5BA88
:10869000AB03DB3FEB432A6E2DD8C5404A4E5AA0B0
:1086A0004932A3FD0CA342373727424CFD4A1DC176
:1086B000C4B7B2274C28DCD2E0C60D45E63C03F532
:1086C00051710215E8E47FFD2B0A2E0647B5C7AFAE
:1086D000B3393C402A61171810D5183DB62F1A0C33
:1086E0006D3717E8F0FD5371280717A9C9BE4CC5AF
:1086F000CBCF035EBF1CD64BEE725DC6FFB490B607
:10870000FCEFCEA62A651FD6A836F04EC5353EB181
:1087100070E1EB11EE4305C621B2E22DDB4B393F90
:10872000ABB6D997DDDDE8EA5C3923B790C2EC2D12
:108730002C485C1224B954E9812EFE01B3A7022B08
:10874000D0B9505511CAADA7D7D4576526A1432A31
:108750003F5CB53F21C8C714A50B5D93274C0D9C0A
:10876000B705DC2ECFD314EE9948440615A4F6C6FF
:108770002418529014FD0B3313A5CCDF9F972A03C6
:10878000BBED2939513C019B30295C5797EBB8D59B
:108790006B64425099ED70250F62C50CB2B0BE9F5C
:1087A0005FFCEFFC42C11D03A8F146B4FFF20DFED1
:1087B000E34FC4D2CD1202F5AA481BBFDAFED7B7E9
:1087C0004A0F7F31D05C4947F6F03ED63F024BD28C
:1087D00072E94052483CF86D0F1026E73A0EF84F08
:1087E000CC0CB6FAB7BFD9783148063D0E295CB437
:1087F0002703EA3BC04AE523CBB44C16ED593BBAFC
:108800000B4FE9C766B1FBA27B17EEFF54FDC50411
:10881000195CB32536F55813B22AEBCF471A5EE43C
:10882000111EB33B5403DF40A79EDDDBFDFB67FC5D
:1088300040BA9AC0B5F91CFD1CF85BF228993BFFC1
:1088400026814FB7676803F8B9371B12F50A5B50EA
:10885000243A68BECB0AB6FF22E0E643DCBB4E9565
:10886000D2A410EF0C63E8BBC0F15307186039C9FC
:1088700047F6CBC123F7BCEC3B61BBC1299DEED4CD
:10888000F83039B73AC2013028CB55441E8D28CF75
:1088900027D22AE667CBD7E648F81EDC993321F7C2
:1088A0000F94494B01C0B79E3866D3E539F2536245
:1088B00004B294E2EB3B01BEA8C604D5CACDDDEDFF
:1088C00010AF3AE07F3DF6883F12C03AFEC646DC64
:1088D0003D298B156523C71FF8590EE4B43E45109A
:1088E000606B26AB1025F61B16C807D1CDB0DFD9BB
:1088F0000ED7D7E22725DBF6CAA0EC8E5B0CC41C92
:10890000B216EC6A1BD3EB31F3522225885F4B4D34
:10891000A8FF4681FB3C2509F54255FCB4411EB138
:108920002446A34ED81EC9BC4DB696A83D0BA50043
:108930004B49BB0FB59C406510EDB3B603C6A64EC0
:10894000E66CD3779259E0611A680E43D4022C7218
:1089500004B941F5CA5964D53308390D33F0DC3018
:1089600014D14D2E17AAD51B67FF9D1D216FBD2564
:10897000A60BC5E80B43150CD32AD8BC5B93FDE8C6
:10898000C9C725C7ED1B3CB404BE2ACBED46FDA2EA
:10899000D7404DA6A168E5D99D8F0B232B04EF0589
:1089A0005F35D5FC0ED7E22CE1EFDC4B2449C9BD85
:1089B00003757FE4DF663C05CAEDCE4C31CADDA30A
:1089C000F398B1D4949CC621AE42A8BFE958FCEEFE
:1089D000004138B1EAD53BD70667F9232D24B2F818
:1089E00092D6FDB7F52E03C78EF4283A13BD41CDBC
:1089F00017B2FEAA53E80EAFC15310BB402EEE478C
:108A0000CECA5BE908074CF81D113333A2E20F2CE4
:108A1000231C277FF248FEF31032A13AAEB0E901E1
:108A2000B72B812A24E300EAE2D2D65FA32C5CDDD7
:108A30001BF99A5C9FD135F507CCF4326A00332ECE
:108A4000E259780BFBA9613CC91D17024E419BC33B
:108A5000550372600A796BBA1B97E5443AC6B009B0
:108A60005C56A60FD83FDD353CDCB4C6AEEAF583D4
:108A7000AB421B16255640216F5445DCF1A273E131
:108A8000E96224E44C364F3BEBBFB7F53A11B8EF3F
:108A9000E9B94812392E33AA3E22EFA1FBA2AFA0BA
:108AA00021E0425D672025A1E038DD3CA64AA30B0A
:108AB000C73D19C6CDB3B7CEB3B46703B4D8FDD0A4
:108AC00028F54FAABDE52C20CD0B78257FAD063CBF
:108AD00089481A30C1B70D9A135EC8CEC7C5FFF1D9
:108AE00001B43336F2DF9ECA3A20CCF2211C2708AB
:108AF0001CB92BBB1C5F04A6BA51F49ED0B7BEA014
:108B00009818D26C430842C6F40F4CE702E44A13AB
:108B10005A065312F5285AA3EDAC5619261636DB21
:108B200015D9A210ABB65BF08F113BC2C63A5138D3
:108B3000DFE4FB38CBD1F9AECCE9D3815EFC030B8B
:108B4000C3A66502180C1153A414F121EA4E312C6E
:108B5000053B44A3941AAFFC0CE34B48392C099510
:108B6000EDE4421A21EDB8E6E5B408DA4E2C37E41C
:108B7000B5E44ACA4821B2CE3BDFA93C515ED9C810
:108B8000049C1ABCADFFBA1925299904AEEAA4D6F3
:108B90005F51DA183F3E1B4E0602DC7F1EAC20F808
:108BA000E707A30D759D0D024AD43C0AC628596BF0
:108BB0003216B8B665115652CFF1FE0E011515D416
:108BC0004C2DB3E73F0CE9E7BE5AD30C55E1CA2060
:108BD000D33C25DBFF7A1E083A070A0AF936BF0B99
:108BE000302D943111E5AA2C25B54AC1D99C309E6F
:108BF00030D836C8630FB1D8C7FC2FA9DCBB50AC46
:108C0000E3123A6CFC4433CB03E6319519E7AF0D20
:108C10001FDC2CCC63D6549367FF58DC9CDC585186
:108C2000653F2D3D20ECF9BABAD02204193810B4B2
:108C300063D3EA51413BDE0220B18B3642AA44ADF8
:108C4000B2DD2BF0000E03FE5EBC0F20B036B71570
:108C50001811BB570367C14DF1EABCEBBCC4AFF2BE
:108C60009F59250D5ED23DD2444B07F8EBCA14CF75
:108C7000ADBF54D0D8CE750FEEE47FC34F14E73AA2
:108C80000068B91D9AD522A7F421CDA81CE3DB57B3
:108C9000553DB4CB910E1F27FD41A6D03FE7E9DC3F
:108CA000B64C4FEE3B15C8ABF33AA4424D14CD621F
:108CB0006CFB0123C72F25B80497DDAEFDFEFDF048
:108CC000EE263B15B81C4128E6DE7250E9A8545345
:108CD000542A3025ECA532062F105A30518F77CB0D
:108CE000DE387F0BD3DFBD02A8D149BE39F80C387E
:108CF000FE2A61CA7F0CBC1F1B555A47380F41FA28
:108D0000B9FEACDD239FB61636A0AF332DE039CDCA
:108D1000CCD8C14ADB810BCF16CCD534FF614CDCFB
:108D20002D13B54775D355452961C534C5193A4347
:108D3000C8999F21041B5E34B6162BBD1EF5F6B7ED
:108D4000ECB55DE8E2C42CEE2DC722D044FDD7FD82
:108D5000D7A24399F53426BFB31FD4B908D025E272
:108D6000C7FCF2D5AABE4E3CC414A9C1FC6D3F4459
:108D70002E47E5B6B4143A581BF3F4C300E2664B31
:108D8000CFB34BAEF02BBDB1C8BBCCD3DBC1E34DF1
:108D90001C03A857F209C4FD2E4C0360D0D0AF18B5
:108DA00003115DC45DBA1B56B228DFE8EEBA60EC71
:108DB000BC191B776170204DDC5ECF70194ABAFA7E
:108DC000B70C1EBE510BFB30955108E7DE252C5B1E
:108DD0000E37A51B1EBB0513279E3200D454E42872
:108DE0000AB4F7B4D4DEB49DBA183119FA1C2E2196
:108DF000A4B67F6C695B280D6F281E58FAF8FDED4C
:108E00004845AF4E3B04057FF8590CB170CEBA48C7
:108E1000E33196E535AC1BE2D15E9926FC4F440464
:108E2000FADB4EFE5BC79928C238FDA408414B010E
:108E300004F0EE0232A0A3BA44CDFE0D1F23D49A53
:108E40008EB0F108CAD826412FAEF6F92C4B57C286
:108E5000EB52B1CE14FBF0B84F0209EEF0F85A0510
:108E6000E55BD42DFB03FBCCF053A8CEE4A618D8C9
:108E7000BF37B24BF4ACFFA99089BDD209B2D13C47
:108E8000FC3F43F3F2B502A2BCA35ECD1B76C5A5A1
:108E900092BD47B7AF97CCA8D700695FFE51C02BF2
:108EA0004D10DEAED5D12DBB2509D4F69536F4088C
:108EB000ED07E4565E2A5D00C5BE53C8DFE37FEED2
:108EC000CDF583CF3356C0E3E24E326527DE452D24
:108ED000EA090420BC5A7922E7E1DA232C9FBFE794
:108EE000A0EEE2D639486C2DEE6BDD0FE5EC2AF1F1
:108EF000CF257937EF0B159AAC5B64FCFBB373B0ED
:108F00001564155529417397E2D9495EE9C10209F3
:108F10009A4499B5E5CA48F2AFDC31D7E43266EE3F
:108F200090CEA931CE57072FFF5011BFC74C9AFBE7
:108F3000020902C631F3FF0AB3CDC410D36C35AEBB
:108F400002B4D54FEEACDE63B128712A78270A2728
:108F500002C93BD3C8DF5C1817C607BA5504FF1B0C
:108F600027590D2ABD9EF04FFFDD9A8129141FF06D
:108F700018EFCAE8A9E2E8F5EC162B06925D1AE6AE
:108F8000A89FF50832483CE6E9543381CFAC3BEC6E
:108F9000295608A567360E334522D0BE27560F1036
:108FA000D40C5D81C4A2C6E109A91E2D40DE02BC1D
:108FB000E4DDD18C93E3213D3257D1B306E5000BBC
:108FC0001AA2CF78AA9323CAB2EACEC80D69BAC949
:108FD0001EE4204FD514D8041FEBB4BF224399D40C
:108FE0000CE1C6D2FBD309F4D074ED5C2D09B5E6D3
:108FF000EFEB07FC159C62DED404313400629D5314
:1090000033DACDE548DB3799AA00A150F102320FDF
:109010008F09F5AB3CCEEAE44702F84038C8C137C7
:10902000361BD310E846C333AEF8AC4CB41DE3EBAB
:1090300042A81703D69F4B13C3B118F3D744A4FF1C
:10904000FBA908370D28B8EFA4352B9DD2EA3DDCEB
:10905000C7B17F2BF92701FD55CD0A0711FBCD9A2A
:1090600096DFCD261111FDDB3544F5B6E8184D4FDE
:109070002A33520359330DD5084DA613F057F4C5C2
:10908000DE3749EE3DB6D0A860C3CC3E94D1B2A73E
:109090004BDD0510B22E0CA6F46743F43BADE4554E
:1090A000F2E53B5401B68B3D79ED2736A69CF41DC5
:1090B000270BCB305EF8C02A9A11BA4EADE111E50C
:1090C000A43D16191FB5FA971B20302CCBB45D02B6
:1090D000CE61F4C74FE1CF5631CE8F85F2ED3AAE77
:1090E000DEB0F3572ED3A56B1132F13BBEBD9433E6
:1090F0007FB03F6859236FE3D629D8D5FB26DBA183
:10910000521FE31E473DC8C0E4B908D503A3AD3FD5
:10911000A1925CC726BD2C1ECA0FE2D05DCC0438DC
:10912000C6099066C4E5502FEA4359273A40E7E55F
:10913000E420EF2D9BA1AE3C345B8728C7EA3BD9E6
:10914000232ABB812C17301E9121F79CE6AD253FC9
:1091500001F9DF3CBE069CA22BB992D69C2606A53F
:109160002F09110CF1B329CB4D424706DF091F0F20
:10917000EF74E8DCFA65087A292131A8F34D94915F
:109180000EA626186EE24DF215152C2758B721CFE2
:10919000A8F598F4FEBAB9280BAFB7BDA97FC5E210
:1091A000E7BD442EBAD11FAB50113EC1782F0FD866
:1091B0000E45061614BFEC3A4303501899D4ED3906
:1091C000D419261425EB33DC574B3457364FF50FA3
:1091D0001A3C9DB79E4627C02AB91401072909E801
:1091E00046C606D6F8C2F8D3AFC16DEE360ECF3DF7
:1091F00000DA5211DCA844F1EB9628CDC8330D7F7C
:109200006310A1106C0C5628F2F381C4A637C3205A
:10921000E9C6370743E1392C2BC491355CC90EB23E
:10922000ACB85ED8201EE3B8426AE1C707975E0A71
:10923000DE28F404262E0446646344643B3631077A
:10924000C4D5971941209352423F024DF2564955D9
:109250002B160BEAC61D991EEAE6755985ACD94254
:10926000E10422EAB7A47F4DB113CAB849E9EEE29E
:10927000FB23354AF3F066A4353AEA08623DD4A8E8
:1092800081E570FDADF2103D54D733332B46E648EF
:10929000C3473FE60E07C9FC1DCAF0368DA55AF636
:1092A000E9053520BD239D423ED254189847F73A30
:1092B000730742100E343DF3EB4B4A7FFAD1BFC126
:1092C00026D5FB2F3AB4E4B2D0CBD37590FD354F01
:1092D00056AB2A43DF27BAE739CBDC8D348D479D67
:1092E0006A2F29E05B3EC32717EC21C0C9C3E74DB5
:1092F00053F16AC4CA2DEA7AFF14D607A300078681
:109300001FBBCF180C39F04E72101487BE254119BF
:1093100021A5DFD3F10315DE97F3AA4B3F3C5BE1B8
:10932000FD26CFF000EA2531F7EE3434345EFEF648
:1093300008F3CE773D3312AC0BF55DF81C153F48B2
:10934000D304C6BE4CE563EAF3326D31E35B5DFAEC
:10935000D7F27FDD4DBA4FEC4EDA5BD0C6B0F538B0
:10936000BDA3C8AB2DCCD295CD6859E73D3B003AA3
:109370005B0257D114661E6065651B5B1D37D6A85E
:1093800045BDC54AE206B8E01ECA1FD32B54554B53
:109390004CF1A91FDB6D2CC2BDF2D0C0CE0A67F81C
:1093A000D526EC64A03D5A1DF63315DFE064CFB43A
:1093B00037B333E0E11829C13F813452EBD4D80FE1
:1093C0009F3D333C06D495F42AAD63003409AC5973
:1093D000399D1BE8093431A925BE6C28FBE150D327
:1093E000FBF1233598BC11A255A2A300BEE722369B
:1093F000CC1D168C2ED486EFC84DB63EF3AD47F586
:10940000FA6207434D32E5204445F3C93C23B2FAE2
:10941000B32FCDB7EBD8F6ECABBF28EF70BEA217D9
:10942000C705C804E6293CE905AB48B33003F4B4EA
:10943000F0D0B07030DF3A74A8E3D5E10D111A58BE
:1094400017F92C4A9052EC35E9F8FF0D42BBB6757E
:10945000C028371CD22C6312F6FC25582D141C741E
:10946000A1DE45184328FFCEBE32C34C000DCDB15E
:10947000ED31FA988E4395F83AC80BDD81F6374204
:109480003909A8A3D534083809B838DC53ED02A34C
:109490001FBAB6333132925E0EA437C530E3AF3116
:1094A0001AC17FDA45A62C3CD150F5C3A39A36AC3D
:1094B00045F5A9046273CD1AB1C300F017C9380E7F
:1094C000FEB7B8AADFE421A0F746AF44D8244BE1A9
:1094D000315FC7D625D6F0DF1148AF473C0BF6A960
:1094E000310614CE3F8BED1AA73DBD45E7EFE5D819
:1094F0009DE016397A2431419F3EEC0ABF5706544D
:109500001E2C3AB5A04630F06D98E09C8CCD53648B
:10951000DD0ED6DD3F9120C2FED0C0FA103F17F617
:109520001B3DB27331E1FFAC01D8AC2231F1CE5D0D
:109530001681FAD0A7B5C0D7D6B81A98E916F67929
:10954000240D7CF3B1B23743651F6C035E48C2FE45
:109550009CEBDCB1650C64051012B63E449131659C
:1095600011E64B9384DEBA19140EEDB7A6456318C5
:10957000EAE2CED3105DFF22C24359B50BD96BBDD1
:1095800014DB2FAB33CA0357BE00FF20FDA20BC76D
:109590002500155D480DADC1F6F0A2171DB93B338E
:1095A0000205AD58B339BE35305501C5D5D3D8DD28
:1095B000D750FB1450212BF85BA0DAFFD6F6B74B3F
:1095C000C3CDC90914CFF204C3D51BABA130362ECD
:1095D0002C2F34E4DFE645BF4433F730D24EFCB6DF
:1095E000BC7FEA2A0920601DD1B03DBDDEF6F0EF58
:1095F000EE08E86000F6261BB62246283B140C391C
:109600001C7F4FFE23AE4908D3905109BFECDF4ABF
:109610003E0C4CF0C535F1A4BA1CF1E9B2C3D00A36
:10962000103CD75CAE6CC135DB2645EDBCF7340E83
:109630004DAEF1D747ABC5AE47B923ECD02BABFA53
:1096400034A96E1934B9CEE4A1D652371E69CCFFC5
:1096500008E07432BCF52ECC383CDE48E8FED8C4B5
:109660001E0ABB1F9A3E255ED20FE485ABBAB2B983
:10967000ECEFE1FB2F20D3400562E01D4BAF27A9A3
:10968000CA7CFB1802B2F3DF1F21BBD240B9F71F1F
:10969000860AEF342D43C11F0258D7D1DCD3A7CAA5
:1096A0005065E5C70460DBF949AB34B884D46F1D5D
:1096B000C80B33B5CCFC2E29000E053545B744EC5C
:1096C000D62AECAAADA735F0FB3767384FEAA2E5FA
:1096D000294035303A321CC37FB912F2EDC8369FAB
:1096E0002AEC7935C232E6CC28F8E335BCEDEF1C24
:1096F000BB3002F3ADC69C3133FF3F49D554492CF2
:10970000A1E81AB61A3CF12A5E0EDED47FB0CDEA8B
:1097100057AF8B591C44E65451D3D0C33A2AB6F5FF
:10972000A71F09AB346A97B5E4F6A7F329DAB2C0EC
:109730004AF7AEEB2B5539E336F8B8A947BC233FBF
:1097400091B83EFC53B020BEF2F649D16C5BF8FBF9
:109750000109FD400DDAEAE3D2CF13C01A2FE89CCD
:1097600058F515491916B4532242B249D0CCA4C3B6
:109770009E9407BAB43B0610EBBFB735F2BE4BDA86
:109780001E299A26C99A268CB9CEA94F47F54E387C
:109790002B42232902E8A5E9E64DAC3F240B241E09
:1097A000E7C4F163485CCAC9384FF7482B4F02FC45
:1097B000BF2D4E5F1CBD9757ECEC559A9EE8196A79
:1097C00056FD025F81ADFF2ACF2D74B766C093327C
:1097D000A8CA73B8B85ACA4CCC0A5530C711192652
:1097E000274A593ED70E16C93FF5B6EBCAF3B23435
:1097F000A7C8111BC51CFE93F9253CDFEDEBC72361
:10980000EA53E160376AE52EC9B85705F23943CB10
:10981000615CA6012EDFC38CA9B4612166AFBDEFE8
:109820005A24F9B03ECE09E0B25ED0104E006C4D25
:10983000F21201B4EE21A849B875D3A05F9DDF42B2
:109840004A5A177FB030C158E502CFCFA5D12A4779
:10985000B9211F07D053ACEEDF5B0C1950423C48D6
:1098600067A5E8EDBD6A9BBFFDB0EF149F323FCB0B
:109870009E24FC63B7E0CC04EFECF3CBF8349AEB16
:10988000F34B0A61C41DFB62BF60D5D4E81D4A4D8D
:10989000DDE9D925954E301BAA557811B54CC9E99B
:1098A0001E386DC1512C5F3D12C57F21EBE9062D9D
:1098B000C0F3BD01D4040BAD2441B032C61F160362
:1098C000280B0B38DC9C34F2EFD2CE46B8D4C02F34
:1098D00049BF3EDCCF21E7AF861CEF4EFFA4C6BFD9
:1098E000405FFA492D6437BBEFCEB0C3CC55AD0C09
:1098F0001C3F0CDEEFF6C5206777E0EF6700F2DE75
:10990000F13600BEDF134EB9C4534AC9D1AA23D7DA
:10991000600160B4600940AB1309C3D0F389D92D4D
:10992000DA3F5B810BB8A7E0284AF5F6FFBE3CB7EB
:10993000B5F95910BECCC8BDE9033CA904CF283BFA
:10994000224E57A1B7D58FCB57A647982E063AF986
:10995000DD0088EDFB2B3BFCB6F9D1EE15FCE416DF
:10996000AAE72AA942CBAC05E0F1F8DBCBA449B1C8
:1099700022F8E6A722DAC3A73BED4AF7B2C6A01544
:10998000F324BE3EE73512205B4B150AC596F1E87D
:10999000D90A24C2B50BC0B037BDD91CE9F831E5EE
:1099A000CCB43CBDCAD6B4CDFCC80F1DF801D2164C
:1099B000B7E739BECE104A8EDBBFEC0A651954E218
:1099C00011021FFD32FE052FC8191342FB06B4D940
:1099D000DC3636B54B143F57DF3CD1AFBED1CBDAC6
:1099E0004D34C801104304D248C3B07F02FB28287D
:1099F0004050A0EED1C3FADB20DCA5E22FBFC42E7D
:109A000053AE1E501BE7F14391EA04F668BBF9B46C
:109A1000CC5C9FF2FA7C14A8D146EB673D10BA42A9
:109A200023DBB119FAD77F5004DCFAE8C92B09BA55
:109A30002EFBD7F4D10B0666D106F6062AFB9FB49F
:109A400038629FE8FBDEC4A6EE06A0ED190EAE3329
:109A5000473F1B6B0907D6DABD02CBBAA7D8BBCFED
:109A600021739CA17D2C59684C0EBAB03A0CADD331
:109A7000D53599C32EE4DBB71749A86346ED0E230D
:109A80000FD2BDFC04FDC51FB1CE1708BAA40B4709
:109A90007FE0573C0CD040ABD63843045E02FAD38B
:109AA0000C27F9152FDF268F1130580A4C170CFDA3
:109AB0002E58CC2B04434DE6C1C2BC4BD7CB031769
:109AC00042D4ADEAD30128C9D51DE610D4C0C0E800
:109AD0003D072AA777BF6202B39D0A5A2100DDB570
:109AE000B705C3EBA067EB17B39CEA541105C2415D
:109AF000E2BA280B2E11D49C27A8340CB1575E1261
:109B0000CDD9DBD5BEACD49ACB21F55CE20C2FE9E4
:109B1000E8000DFAB4D718C817F23AA71604839FC5
:109B2000C1B3B61FB3D6CCAFB8B039F70623B0FB7C
:109B3000C650A5B120EFB9021F0C2B41AD355354CF
:109B4000CB23CE67FD264D61C1D34DB9C704241682
:109B500024BBC0DC6347CBB7541C0AB5E90F0CE249
:109B6000045A7F4B1B19C221FEBEE9D8D262E0091C
:109B70000D18CDACB2E3244DF3C0EB0F21E41D3A38
:109B800025E423A554C227A7D048FA0F0B56BF607F
:109B90007FF54710EAC01B38B14F4E556AB2924369
:109BA0009E4A133BC19534EEB43D35E79F0DE15518
:109BB0001D067D3BB7F40FF4F598DABF73A9C5DD38
:109BC00095ED50C9A8CFE1B20ED198484D0E344E54
:109BD0003613464EEB518A4B04DCE340335AB2BD98
:109BE000D9DD1C0A86593D5FC8B143EEA418E4D301
:109BF000C8A95BB02B72EEE6ABB26FE8C7AFEB5112
:109C000015D70DA7D5E7AF2FDAF1523E67AAC26D7F
:109C10008141D51D2C6C955317F02EB8C411106ED0
:109C20000B6A565BBDB60832C1401B791FC939F5B6
:109C3000E7CA15F5194A4709FE723FEB88E1F1962C
:109C4000A39C6CA358511A7CC9643951F0AE295FAA
:109C50009F4525A48BCD0F36FE4582E26319D918A6
:109C600008E0D9D2CA0CB705675F8FBAEF6B5FE621
:109C700018D361BE44668DAC9454EFB058F7BB1C4A
:109C80000F2943957C16B80F29EB58B20E9FDB7A4B
:109C9000F2439E8AA2990490AFA22F929E97F7FC5E
:109CA000B2341BE72766113AF0F9D39B3A60360EBF
:109CB00034364BA2B5C7B8F514458107D040F00A39
:109CC000CAEBE34828E9D816620FF5A4BE34C6B63D
:109CD00013260EC1D2C7D4A60C0561CAD98F3D99EF
:109CE0000DC00210D6DF0ECFB65D6B3B254B49850C
:109CF0000E20F918AA2FB7B1E29DEC41A2D4431669
:109D0000C32DDA44556AF497FB2D53A4D16CBDC022
:109D10007F66EB612760B3FC3B9712543D110BD477
:109D20006EA4956C4C10BC0169DF12D6ED2BEA983D
:109D30005008C434DE0349EC003FF34A5925221889
:109D4000EE6F40588EBA01B05D553FB06047541B6E
:109D5000B6CDF23CE338AC2BA52AA26B15549FBBC1
:109D600021F698B0EB3DB762FFC95F0551CEB76AE7
:109D70002AD1E4BCC5DEF8C11DF82307BD3337C9BD
:109D80009A23BF0C9FD495063BED974C3E2B122790
:109D9000D72D61DEB7B9D23100BD0CD8FE1EB5207B
:109DA000E1D7A5A3DB55559A2CF12CDBFDD4D7DEEA
:109DB00000352FC7B400B8DDD3E847FB46C0D50C4B
:109DC000B8593BCB4F42B2B8182943FC37E0EA11EF
:109DD000B33E25A21F96224DC62ED34E1D7FD2EF35
:109DE000D814B44CEEF7A62D0D2FEF16DE620FB38C
:109DF000E9C1002C3FBE15C73DACDCCFE2F9CBBFBB
:109E00005C2323D3CA3EBA0D720020D432549E0C78
:109E100020198123C703CD0FF3FB38F934B83391F0
:109E200021323A091B0840E96B0703C799EA3A8FC8
:109E300049F404DCB04431A107EFC61B20FFB83160
:109E4000226845413BCA1CCE6317D42206DF279601
:109E50003923CB65EDD84EAF183C7CED0EAA03BA82
:109E60004EE119D4405BB3A8A6EE01DC3907D53525
:109E7000A14DFFE2D7E4FFECFFE95F9EB3B3B9A2C7
:109E800088CC02B8211B3D5E6593E1A887490D90FF
:109E9000838555230AC504E1F62DF831F185D306F3
:109EA00003558CCE3742349F58E552B0A9BE6B178C
:109EB0009E360434FB2122623F494874ED4419C4A4
:109EC000211BD825215DC68F2265A6FCEC309E4261
:109ED000819AECD2E3472B1F353F55C8A1ACBD2476
:109EE0004F1A15EDFE58D894E71F0C1A4ACDD237F9
:109EF000520C12C62B92AEE4629F3FD4F09CAF335B
:109F00000D75E861EA8A54BC4D39C02357A44B1241
:109F100030C0601FC4A45C34457DBD5C19E89AD98B
:109F2000112B4E4FB07592927F4BD3CD46645DB9E5
:109F30009FA4D49B574F2BEE34D936CC25A6281E90
:109F40004893B228ADE2B9C63426F1C6CA0FEBC4B5
:109F50002EF1061185CB2537B5FC65A8DEB7FA339F
:109F6000373B9D4C61936FB05D1C5FC4376D3316FA
:109F700062260F44EC27EDD02A5E0EBA01CC04E035
:109F8000D01C0247974FF0FD9AC5B6B914BF4911CE
:109F900060B4A14E35F7AB24031A47B64E5A3ADDEA
:109FA0005316FB00D6CEFB0455CEA2AFC16360A60C
:109FB000B86474B4AADD00922578ACAA02D505B8BD
:109FC000A6C529ED53B7A83A34B873C55D1D2BD982
:109FD000C461DEE2AD2DF9EEC1C3B1BAE2D1DD2F2D
:109FE00042B7B4BAFCA6DCCF2E14CAD8F72319FEA8
:109FF000B4F4A8CDD2C381CFE32AEDFDDBBBE8A248
:10A000003CE1001ABECAFCFC25C414EE11D1E6DF07
:10A0100016BD022BAFB1F7336237BF68CE60147440
:10A0200051B3F564A2D041430ED50D223611C3B30E
:10A03000A2F19B452CBB14BFC8E44DBAD7DE0FC6B6
:10A04000143364335CA317672F2DADD7F2F865D7AF
:10A050003C2BC2E920CD4347EDAF57213B65C14EB4
:10A06000F59C52142343620CA1A7AF693F364D18EB
:10A0700058BEE3AF815F1C3EAED9B00045CB480D62
:10A0800029C1DB7FFDD39DB5AEB352479343C918B9
:10A090001FF916C2A6B8243AA6E657D111B2263443
:10A0A0001D2E77D8B2C76C0F12E3106820C791A29B
:10A0B00062DC4726C8ADF12BEE3015DF6C4039ACC1
:10A0C0005A9CDD6AE559E81A2EDA010B53DA45008D
:10A0D000ECD40F2EB610A5532B4F4E29DC25CFC242
:10A0E00026D5129955414AE4BC53DDDE21CB0E46FC
:10A0F000603442B80B1CC20CD324101AAC06375083
:10A1000045E93EEABA1CC33851A7EA8F0C3FB6C6F0
:10A11000BCA2F7F2045C07FEAECD5DA681D41AF8AE
:10A12000CB0F4A37B8D0290ED7BACCCD1455D41D91
:10A1300065ACF448F9483131EC4AA9F851179F2829
:10A14000A6A8BEEE9BCD033A2575ACD90B34BE371D
:10A1500067DBF10AD64D8AFE47BEBF2ABAAB2CFE9A
:10A16000B60631962E3C55B21317340F42D5B0EADD
:10A1700022FE26F9503F9B226156FE09F04096FAD6
:10A180002AE41B091AC5E1222EB6CC25DF223CBBEE
:10A19000E3ECEF2020E2D93BAB1649C81CAD02E44A
:10A1A0003721C3EA223644154DB33BD1D414F715F9
:10A1B0003BB0190216E3F2C1EFCCAC2C21FDD1F774
:10A1C0000E41DEBCC81802E8DE35322C4BB93C38F3
:10A1D000A2CC0AB5B7E59051F3CD811CBF49364CEE
:10A1E00031E457C29AC7D1CCE9D12F162463E025B8
:10A1F0004A116D3E5EA84A1FDBE964E7B936BBF73A
:10A200004737610B5D241B515503FED489BAA43036
:10A210006B1D30CAD27D58E8AB0BAE4BCD9FC2E26E
:10A22000A92A58A6011E11657F2B4B39F25F042124
:10A23000D2283E0D3A40B369B9834AF426A4612876
:10A24000353A2D6F35FC51DB9099C239D3C3631079
:10A25000129FEF133C43DE13005587D267B4583783
:10A26000C9C242C0ABE95A1B3CFED86BBDF764EAD9
:10A270006AF9EDE5B03B22C8D2B509F58EDCFFFEE8
:10A28000C9134E53AB1FB7DE3BE93D28092933B450
:10A29000C7A93CA15CB309E63ADE64B53E2F0727A7
:10A2A000652F15B50A474FEC7326E7C1FEE9FDC1DE
:10A2B0000534AA2DE17FF7CDF80E3F5CF653005729
:10A2C000AF3BB6FE1A280BBFBBCB3B2FA900E3FE6A
:10A2D0003F4CF860314DFE4704DEDCDDC5BCD31DCC
:10A2E000E3DF5624CD244509E717F8C50B9DE805A3
:10A2F000FC3E64FD2DE7CB45CF430597DE201D05D1
:10A30000C774674C49B53BDE31AF483915F0811B46
:10A310000312E94940E52EE32063F8210D18AD5FF3
:10A32000353C4E0567D9F1D4A3324825D9E543DB46
:10A33000FC5943592B91C82CC2030ABFBF30C245F8
:10A34000AE2265B295CB95D548433DB953EE39CD94
:10A35000F7C77FD2D5C20C48360E6573B42EAA005B
:10A36000047908B941192968EFA64A26F307373D51
:10A37000ABAB0882153C54FCBA06D6BF1BE8431DA4
:10A38000F3FCD6B3639331A009FBF457B2E22CB9C6
:10A39000DDD10020C8EBCB14C2EFA847581E3E38D1
:10A3A000AE8120544F3A38EE321AEBDE4D1BBFD44B
:10A3B00028B60A4BAADF09BC31E857A9F992CB8F1E
:10A3C00018C7B6C5E7AA1095DEB6B29B0B40D4AA53
:10A3D0004CB83BDCC556212A9EAC28122066DC0D09
:10A3E0001492235C011293C4E9EB6983FB6A4BFC72
:10A3F00001E323D190CF0FDAEA0540085ED94B3450
:10A400004545000082B9FFFFB11500007BF1FFFF59
:10A41000598AFFFFE01C00000D4E0000ECD4FFFF46
:10A420002DC5FFFFB4ECFFFF3F4800004DF4FFFFD8
:10A43000B113000006C2FFFF5B0EFFFF4EF2FFFFED
:10A440002E3B0000392500005B21000018DCFFFFD7
:10A450008BE6FFFF6D2BFFFF99A2FFFF4B61000012
:10A4600072910000393D0000D7AAFFFFBCBAFFFF80
:10A47000901F0000838EFFFF8BFCFFFFF40B00009A
:10A480009975000025A9FFFF57E7FFFF5B3E00001D
:10A490004D23000084FEFFFFF2CCFFFF67A2FFFF09
:10A4A0006D6A0000EBAC00006EDAFFFFD395FFFF92
:10A4B000BE2C0000FB3C0000C1DDFFFF697F0000F7
:10A4C000E4F1FFFF18F0FFFFD91300004B33000049
:10A4D000B3F7FFFF3A5700008A230000AA63000089
:10A4E0009C1500000E6C0000FFBEFFFFE33D000066
:10A4F00043DCFFFF7A2E0000761500007B4C000045
:10A50000512A0000701200000682FFFF07F9FFFFCA
:10A51000527EFFFF5FABFFFF382C0000C592FFFFAC
:10A520007EEAFFFFDB1E00004BC5FFFFED5A000077
:10A530008CB2FFFF395F0000AAFEFFFFB0FEFFFFF5
:10A5400021E5FFFF46AEFFFF3532000038C2FFFFB6
:10A55000B23100004300000001140000F952000075
:10A560005C3B0000060D0000603600001AF1FFFFA2
:10A57000F8A4FFFFB2C0FFFFC787FFFF701D0000F8
:10A58000C8EDFFFF5A1F0000232500007BFBFFFFE3
:10A59000B21F0000D6EEFFFFCC410000B1F9FFFF73
:10A5A0001DEFFFFF4AC8FFFFA5830000FB37000037
:10A5B0002520000063150000BF560000F4090000CC
:10A5C000EADDFFFF6C6B000006B6FFFF994100005B
:10A5D00036F6FFFF8C23000012BEFFFFD995000066
:10A5E00081E2FFFF0FCBFFFFF12F0000E00E000024
:10A5F000FCBBFFFFFDBBFFFF8DA8FFFF336000002A
:10A600005481FC490936371AE20EF181D3C075C472
:10A6100005AF0713EA4B48EEC981E815D9DE417F43
:10A62000EACC13896689531C7E0821C981E5DC7F49
:10A63000E8EDCBA3B95E2F088CD351F41B1DE3D1F9
:10A64000EBC27614D5C421E3BF48C9BAE93748B094
:10A65000DA46A84591ED0BE9C0171781183CDD8C4F
:10A6600081A65B3E30CFE8A897CF8133F27FD67FBB
:10A67000167F8381B32DD52EB9F22AEC7034A4AFA6
:10A680007F3826812D0DCBFDE848BF0DE1CD13406D
:10A69000CDD92CB8348125237F3EF728E1A7EB21C3
:10A6A0000AE6073F81FA1826E8B31C7FEBDDF19339
:10A6B000C811B8887F4C2744E33CE1D61FFE81FBDC
:10A6C00053BA2119B82434E698CEA27FF2368FCB44
:10A6D00085B0517FE81E197F2AA3C2BFE0D6B70319
:10A6E000DD731907013A50E5D605972AEFF13CEDE5
:10A6F000FF08C72F6820D87F853CF6B22E57FACCCA
:10A700005653DBF67FAF816211077F192E07AF0A20
:10A71000BF7F07BE819FDA35C3142E2A45C306D8F2
:10A72000817F0D92CFB38F697FA301FA21FF61E68C
:10A7300003A8FBB7DC6F8137600837F596AA8C7FDA
:10A740001A107C81CC03944854BF0C68D4E1D9BA68
:10A75000167FB91C530633FCF3405BFB32C0547FB9
:10A760000F2EB4831F4C21C1E5FD29F80721A60A4D
:10A77000F84D8DCF9881D73B407F7FDF498BD64EF8
:10A78000A5F4FB1FFD51E43EA7FB08F6DB4B27E1D8
:10A79000BDAEE5FFD81A24D2E937F9E5CFCAC7F92B
:10A7A000CC4A7F21CD617F69730B35E1D12BBB7B17
:10A7B0000A4CA8C6FF8D00D9D48163C88DA82AFB96
:10A7C000E87F811F207F813AE59581D2D6D2597FDB
:10A7D00040F24135721ED9C9E0AD9C6C28CF329D44
:10A7E000AD28D1F17FDF817F7F1E3BC981FA7F39A0
:10A7F000FEDE7F04B4CBA81F67B2CDAC4918140F9E
:10A80000473211AE375208B7B495B30032AF207F4C
:10A810001403F257E2EC8132E026D4E7EFFB4EFC62
:10A8200000689BE98B2C3CD5F7D681271581652BD9
:10A830007F0B7FA53C81E7D179CFFA811AD53BFB0D
:10A8400060EC35F43B61D0E8EDF565997FBC81BFE4
:10A85000F6D125EB7FF8CDA018C3DCE5DCA8BA66FD
:10A860002588D69F94D2022BC3FF098B6168E03EF6
:10A87000ED56D4C23D47833D814EF53981C412184F
:10A88000DF96F803BDC1090E19E0C7F9F67F47D07E
:10A89000FE2710B1E2FE00A3EDD5C47FD581F5B04F
:10A8A000B9402BE70C7FD37D17262BC512B9A727FC
:10A8B000FBD9EF7F26261A461E4BB3B48175A0FC48
:10A8C00007D04BBF143A25BC813DDCEB2E16CFE8F8
:10A8D0007F461A38F681E423E67F77490F7F1E8B87
:10A8E0002C8123622BCC1CD9EEE0F9C82D7614CA3A
:10A8F0001ECD4F1F818E1854C13D0E81B80C2931D9
:10A90000E40E81EC2533CB5F38D354AB7FA47FD4E6
:10A910007F09DB7FEFF71D7FD7B67FAF7F25F00282
:10A92000355E3ABEA000FBB9F94348070E334269D1
:10A930005242C84DD3C6202D81E6C81DB337701EC4
:10A940009A05BDE3EA7A10310F13B833377F05213A
:10A95000C4B5811B500A7F167F291B1AEC0856FCD0
:10A9600028C67F7FF67F0887C9E2D681233213216C
:10A970002810CFB73C843B75371AB341E8341FED3C
:10A980002D9C09B8AD7F719E7F819D2CCAC75CCB81
:10A99000E66AC925B2C3363AE4A0018C488C553B1F
:10A9A000103395EB886723C51CD3EBF89B3D962F9E
:10A9B0001DA09DC9E6243581070A5D4AFA77FFF09C
:10A9C0007FD65430D4FD9C812581420EC1DA3F2FC1
:10A9D00026509666CA05A7EF71D281827F4716FA84
:10A9E000E2C1C14F1AD4B4C0EB7FBB290953EBDEDF
:10A9F0007FD690E4ABB21B9041D9DE8E1A2681AD92
:10AA00002347354FEEBA428122BABA33FC2E0CC727
:10AA100020E481D9C9268CE1D220E2410F497F2B65
:10AA2000FD2C1F7FDFDDD07FCF7F6A3A23F9811EA7
:10AA300018811582CF00FCDA1A2A8143A6811414EA
:10AA400027F37AF97FFC33CA6B27FB0B3C844FADAD
:10AA50004EAFB410BCEF48C03CA2C901165B8131B7
:10AA60002D4F001427CD18E503DBEAFF3E1BE31151
:10AA700042583E9E746081ABEAEBC36A6B811481DD
:10AA8000AEF0FFFF9E040000CBF9FFFF911800001D
:10AA90000602000047DCFFFFBDF3FFFF6A0D000068
:10AAA00004050000211600002B080000A80C00007F
:10AAB00045FFFFFF50010000BDE9FFFFF6F1FFFF7A
:10AAC0001BFCFFFF7B0800007C140000F40000006A
:10AAD0001F0D0000BF0600005D0E00009BF3FFFF8E
:10AAE000FA0400006C0300003DFEFFFF8DF6FFFF3F
:10AAF000570000008016000010EAFFFF8AF2FFFFF7
:10AB0000390E0000C6E2FFFF48060000A001000069
:10AB1000FA1E0000FAF4FFFF37F7FFFFC1EAFFFF5C
:10AB2000EAF4FFFF67040000AE020000A9F4FFFF93
:10AB30000F0D000097100000D80D00004FE8FFFF38
:10AB4000F3F5FFFFD0FDFFFFC4090000091200006C
:10AB5000DEF4FFFF990C00001B050000AC0C0000A8
:10AB600097FAFFFF5F120000F7FAFFFF060B0000E5
:10AB700055140000F7FCFFFFE110000081F6FFFF15
:10AB8000F8E5FFFF81020000E0E3FFFF500700004F
:10AB9000C8F7FFFFFAE6FFFFCF070000BD02000085
:10ABA000400100005E0B000075040000610300001E
:10ABB0009EF9FFFF2F0500009F02000061080000C2
:10ABC0000A030000DF020000B60D0000AEEDFFFF3B
:10ABD00013E9FFFF9F01000051040000B90A0000C3
:10ABE0001DEAFFFF9EFFFFFF1F100000370500005A
:10ABF000E2F6FFFFE5000000F40B0000DFFDFFFFC1
:10AC0000671200000B0C0000D405000091FEFFFF4E
:10AC1000CFFDFFFF760200005A100000AB030000DA
:10AC2000120A0000A9FEFFFFB60F0000690B00002A
:10AC30006FFFFFFFFBE6FFFFCFF9FFFF19E9FFFF03
:10AC4000F6EEFFFFFFF5FFFF6E0D00004B11000059
:10AC50002F080000ACFFFFFF69140000C8EFFFFFE2
:10AC6000EAFEFFFF70E9FFFF58FBFFFF8D0D0000BC
:10AC700066F6FFFF83030000CE080000F60B00001D
:10AC8000E443B3130DEAFD290059F3000103A8CFF3
:10AC90001E2107BFC8E4F61B5C2617AA1229089ECE
:10ACA0000645F502C6AAF7F11AABE35AEAEDC8D495
:10ACB00007D408C5B428029EE5D6EACD092E4DD0AA
:10ACC000FD3347212A48EF1BF2CDD4D8900551B16E
:10ACD000D2ED1641EE3B400AF0C22BCFDA123A0118
:10ACE00012021BFB38DFFEBDFC002BBCF112CA3682
:10ACF000E54155113CBBE8E504305E81CE3408F5F2
:10AD000071DCD7C12CB73A6A2FE5D1E50241460282
:10AD1000EBCF27315DB4E5CAB41E0EBFD304D843D0
:10AD2000BDB02BD1BA6B1F5E02EB58E90299BB0F85
:10AD300081DEDAA433CCC93775E1B53507A842FE08
:10AD40004F0EDB0CF765BBE4D7CE4EDBB93E553179
:10AD5000591EFE2651CFF8CDF8A1C7B4F5EED5FBAC
:10AD6000D088A0565B49DB0D2D3C0DEB5F215EAB1F
:10AD7000E92A9EC7C6190CC22F65D6A745D24D3306
:10AD8000C8EABE046703A8D2DB7F43A713544ABCBA
:10AD900017091DD117BD2F0D2353B9D93945D9D85E
:10ADA000F21C51DE4CA1AC17043BB9E73834C90F93
:10ADB000D0CC2FFB4EECB821AAF9EDA0D490543A98
:10ADC0000BBED6ACFD4323101D0BA31FDDFDFD39CB
:10ADD000F8D9E1DECEA8F756A7BBEB5077E81ADD2D
:10ADE000B395C316191D2121F52975D3F94BF92DFA
:10ADF000299142BF9551D2BAAB6E6D5EF9075142AF
:10AE000003EE043265AB3F1B213ABEF5E41BFFC2E3
:10AE1000A3C9D8D9F1A902EAE505FB613CF2BE0F4E
:10AE2000CAE4037F33A6C33DB1D0B5D30391BA0AB8
:10AE3000DCDDE26562A6350BA2589C10E80EFDB47D
:10AE40002CC6E45A32F937D90222ADF3EA5E2BBDA3
:10AE5000EBD813674F01F2FDC4480BC4303909D653
:10AE6000B0C24A9E47DFB13FBEDCE739415732FDF1
:10AE70008EE6323D0C28B63DF0231822F7F09514EB
:10AE8000FEFCBA3006C3FEC8D8A043C4C28C2DDF76
:10AE9000AAE757E4BE4DF22E10FA26BAC5C30B4FEF
:10AEA000B6C92FF25001EE222E4F4F1D37C30BD6DD
:10AEB0001C27B272130BAF3703FA2078B842699699
:10AEC000974EEF1311B1FABAA20F1511556E35B1A5
:10AED000B5079904978FBBE5669E4DB4A4FDC8C223
:10AEE000EAFE0CF05BBDAF264608B9D36D2C59F2D3
:10AEF0000DF0FFC4A6CAE20DB681DA28ABAEADD420
:10AF000033B45548F82B2575EC09EAE359C5301BD5
:10AF1000B8D1E74A190FE84FA813D60148BB4B7FB9
:10AF2000194BF406CB15124844DB0A30C330C66D0A
:10AF3000F51E40C24C52D707EB3543C8C200280467
:10AF40001D5BFFF81466E65F26FA3537B3F11A4049
:10AF500016E6ED0E23FDC5C3DC312832E04F635108
:10AF6000400A35F3220FB9EB3D2F612312CDCAFF02
:10AF7000251927B217EE37DE561907FF61C0430CBB
:10AF800001AA39B7370129EA42CB09C0C5EB2E0C1B
:10AF9000C421FBC70AA1A6E020EC0C625BD13E09EC
:10AFA000ED3FB525A70C5745AFA6B766BA2FE2EE21
:10AFB00039310D34FAB3CBF94B1D1610D92708A639
:10AFC00034094E4608D7FDC25704D304240B26F596
:10AFD00024B51A4FB5E42729A8F118EF1C0226F270
:10AFE000EC0CD42B29B6BC2ABC2AC6F9D8F72EEA19
:10AFF0003665010445FBE5FD3E7FF4C1D9E9B1C2E8
:10B00000DBD2080F18E64661B2E25E186C63220BD1
:10B01000471DABCCDB005D7D03585C21B3DCA73D55
:10B02000235F5CD0D8A8B4C36A07A9AAB71B1ADEED
:10B0300054B5FEFBC0099F6F01CEA32EDC10F9585A
:10B040005CE0A819D53ECBD51A54C92A2E09BC0AF2
:10B050004ED02D5929307F1EB5012DC7CAACD11B4A
:10B06000211E56C3C6B82456123EE5A8AF1B126B6C
:10B07000C4A626C150DB5EE9CEA12AE9F6B20625B8
:10B080002346CEDD94C1F30010F1F8233609502693
:10B09000E12FD99EA81320D79D34A2BA3814E33BE0
:10B0A000F434E1C3D00C18352E05BDD64524C003B9
:10B0B000E8902CF6FEE4FF30D536CE4EADF00034ED
:10B0C0008195AB9103DF36F406A7F3EE75AF0A96D0
:10B0D0000B1B25E6CDB6BB6B58DE25CBECDDAEC138
:10B0E0002552ECED4A0767B4A43C41BE2C36E99EDC
:10B0F00092F0DDCFCF3F4941CF67E70404099BB20F
:10B10000CB2504BCC02AF2D9E510273545523A3088
:10B110000B0912C1A820AA94D3DAC92DFB595BC22E
:10B1200036E5F82433DD52074BC21B3FC5C8CE17A6
:10B13000BD4E37F2DED0E292E7A829450DAFE7DF3A
:10B14000E4E2D007CA40E00D5BF55CF1F01AAFFD18
:10B150007FFCD7D7E9BB3BB041613EEF3633C7B187
:10B160001DFEEFC3138F0A27AAF21B01E1462DC172
:10B170005B1523D741C214E01BF82BCABAFFB627D0
:10B18000DBBBE692ABFCDDEC0E5B2F4BA109D92AB1
:10B19000F53EDE13F0D3BAC4310FAD14F540BD0255
:10B1A000D900AF5938FEDBE5D7F71A1143AFCA16FD
:10B1B000CC1DC339201D0E24B8BD21A0B307DB3C34
:10B1C000BF10B8432BDC38EAF71BF7F1D70FDC557B
:10B1D000CB6B2357386ABD81E30EF34BCEE921FEDA
:10B1E0004F1945173127D8B102C91509E51EC7BD4A
:10B1F000D8BDC3272222F0A038F0E313DCFE30CA0A
:10B200003DF52EC312C6BF53BA4751FBE4CF6F5D65
:10B21000C2E6C44CBEDAB5D905BB469AB7A9900BB5
:10B22000A534273C1E6A5C2B40CBB2EECBCF2C1E44
:10B230007FE72E4A94DBBA21C302FF391E00482360
:10B2400022EC27E3AEDD9E074B11FBA73F202BE34B
:10B25000384427651D29EDB9B0BAD05944FA4A26B9
:10B26000BA1137FA289BF9CB342867AC22D951F4AC
:10B27000511F6C32E952423D1C50DEE7B2F6E54107
:10B28000A32CA2292FCB2F35B864D146683F579203
:10B290000E13E09DAC08A51FF5DCDA70E32290A543
:10B2A0005A7922C3BB9CD4550900CBD3B40AD838F1
:10B2B00043E632AEB22A9196ED1C720C25A0F24004
:10B2C000EE2E463E5F674431F241D77336FBF6DD22
:10B2D000243F301CE419962640CEEE9F2CE8B1BBEB
:10B2E0004C080C1652E00C2B103D98092D0D28DB54
:10B2F00081E4F71EFA46CDD6AEF1D038D6A62B6043
:10B30000D921EA0949BBF1C7E1E1BD3670F319362D
:10B3100000F250E20EAACF5DAFCB710E61154DDA8F
:10B32000C20DAF0338E5CCDC4CB00F22A703A3FC61
:10B3300044DC636B0AE44D5CE224E60C15F73F67DE
:10B34000F19CC3D3F07FFD0E3931119EC55C3106EF
:10B3500031D73FD251EED93422F30E4E3DFFD03CCF
:10B36000ABF9F220C2E4EACF586221AC5FC820E614
:10B370003BC653E5DDFDFF6FFF3B53FADE9F6B4697
:10B38000AE73070BB12703EF1321B8F6AB39C240F8
:10B390003811BDA929451B09BD3DAF615D20F1F6FE
:10B3A000A4BADBCC68425B059F7F13173CB225F241
:10B3B0002B0BC151EF0507E9BDBECDDAFADE9E0FBA
:10B3C000FCC71ADD544FAE15EC26B566F6D2A104C3
:10B3D00041DDE4CC5024C8AFFC17053EB162C1BECC
:10B3E00009AEBC45CC13AFC932C5211D1515345E5D
:10B3F0000D20A7A600E443402E1CDBCF4CF740A550
:10B40000EEC0F1C202C74738C41C03FFBF246DFC65
:10B4100004EAABB3044B18ACC5E43B0FBB2E9B63F3
:10B42000A2BDF052FDE67FA24C3A5D3C1A38DBB576
:10B43000BDBCD63CF806AA010F694515EAB2362311
:10B440001E07E4413DB7C70A26E99F37C61FB1630F
:10B45000BFF6CF6952303053FDFA614002B35262F9
:10B46000AE42E365EEBF504D615DD526C23829512D
:10B47000FB533E38930DD66C3C2EDEC0F70D5E8735
:10B480003BED61C119C2B196F13E81BDF40FD931D6
:10B4900043B0054C2314D8B1F3B8D8A23FABF71D85
:10B4A000ADCFD0205517013779CA384329E51F1091
:10B4B0004A3DA59AD89FF0BC8CAC13A1F32BC608CB
:10B4C000DE541BB604F8380FF8B0F328061732BC68
:10B4D00097E59A403C09FA2B06DFA8FDEBBFD8EEB2
:10B4E00090F45018BA4B57D53DACBD50B616B9D3F1
:10B4F000C22DF616BF52A45C0C48A0FBD7E5AA4C9F
:10B5000047F5C9A175EFAEDDDA5261330154C5507C
:10B510003E55273CC81026E42DD9B25015297A2D66
:10B520004A1C17665B6DEAF7C604F5C7D22250EFD6
:10B53000F52860C16736B5549A64CB9FADEA476180
:10B540004A064C3A63188CDFFDC10CB254FC3BF93F
:10B55000679C3BC552272E58A5C8A3494749D342EB
:10B560004B3ACD38F9B0FF54AF54A9CB53B0C738DC
:10B57000EC23D6647F19C0EB08C9D80D13150D8CC8
:10B580000CB1D15FDBE346B3331CE5F93C124FE964
:10B59000D9BC26ACE81BF60E6E8724D25AD7DCDF66
:10B5A000D7AC454536019DF9F924ED2EB33281051E
:10B5B0001C5ADD01A1D149CF27119F3CAB011F448B
:10B5C000434811E4B133B121F83CEFA8CB04624DFC
:10B5D000C00D16EBF8DC3916C9CF13A2EEE4EFD09C
:10B5E000D7A4C24D71BC191206B2E738CC3D194A36
:10B5F000FE400965E024A35E2EFFCADA2DCAFABE1A
:10B600002FDA05C53F0636CF27DAB5155FA4F43229
:10B6100039D34F20B3505829EDDF22FEADD1D2559A
:10B62000AE5CC8AFA9CBC9FCFBBA54FC583E30B7DE
:10B6300064462AC1CD083B0758D72ECF054525477C
:10B64000CD42AF5DD17F4E513B59243FB855325862
:10B65000BDF7545743FEBBDAEB44030F1104E6FC7D
:10B66000D2BFE5F6664B43F2B8671A43BAE2E1D9B6
:10B67000D638374BBEAEB85531B3DB32C04B0ECAED
:10B68000A649F6A097FB46A953A41D239537FCD0E5
:10B690001A5E21A91DCD133204CFC493189B50FF0D
:10B6A000ADC6C008FBBE3ED7257F0107EAB810E84B
:10B6B0003F0CE8593D4DE50FF22639F83C5FB53DAA
:10B6C000D8A33D038E3699A7C270C4242032C40784
:10B6D000F0EF5212C6D4A125CEAE4D0C88A70902B8
:10B6E000B1B84B0EBD4AA838B0DEAA004CC6F3353F
:10B6F000C930DC031231ECF13C2BDE033D25DB5875
:10B7000063E154F6F5C245C50B062B224149C1A39E
:10B7100038B704E63AC2A9D8FEF729510AC4B4C51D
:10B72000B7C5F91F25BEDFF23B31D3FA44B4513A15
:10B730003714DFCEE96C4359CFFBF4222BB42CBD78
:10B74000F1DF99F50B19E3571308463F07CAF11BC0
:10B75000B8FEEB231DE205D931106629F0432224FF
:10B760005817B4B4DFA6FA9FD115C015EDDDED0B67
:10B77000BCF202572F810C3ACDD126EDDB11220D00
:10B7800022001029E9D93B0406AA45DF1334DAAFB9
:10B7900003BB60AB984CE748FA53D2F0D0F4326A5E
:10B7A0001A353E4342095745A2DFF82EDD40212FCE
:10B7B000AE2DC4D909D64D48B5C1060034AF20B26C
:10B7C00012FA1BE463F45AA1CAA237F60DC1922BF8
:10B7D000CE9C1A54D3D5CEC7300FE5C2EA62D30E41
:10B7E0002B0CC23EAB2E1E53A75E0E1BC4DA11BC3F
:10B7F000D258C33EFB7FC4C8C0C01F8FC4FC292AD7
:10B800006ECE026CE2A705A1CAF7BF07E6BFD51A44
:10B81000A23E5C9FDF42612A060D9DE0A1CD0A6831
:10B8200059A2AC2E16A4E6022651BB2DC93C1A45DE
:10B83000C656D7625B99F223AEB521A5E7ACFB40B3
:10B840007FFC76EB23C9FD9394EE0CD865293DC2AD
:10B85000DEA5F0782ABF4756D04FBDE135D3450865
:10B86000A6CF22DB4232471EE1BB935CD3D35F6598
:10B87000C06F05484EB086E1DD4AD7E260373D67CC
:10B8800011F648BFCC0B0ABFF506FF4D2142C64A50
:10B890000BDC52FC1DEE19FC32DB0814D7DA1CE974
:10B8A000B008B41F48291AF341EA4B49BAC63AC452
:10B8B000D83102CFFC1D3373F7B915C74FB22BEF48
:10B8C0005116CC1A1B21E0383508EEF123EF12E9AE
:10B8D000E90200EAF6CFE110BDF8E842CA220C7F87
:10B8E000BD1ED800BE1CFD3E0D2FE60A00DD13ABC9
:10B8F000D6BFED39443BD7EB30082F19F662393209
:10B900000BDAA6022305E052FEAEFF3DF2019CB326
:10B91000B0D1204141D04250E21D49EE9D14A09B80
:10B92000F3D85724ABD20ABDB04026E0315EEB0F0E
:10B930004CF9153DE826CAA84399A8FCEA1616BF9B
:10B940000BCC29CFC1DB93152E4D4BC22159D30F00
:10B9500090C882E9FF264494464EF5C797C208CDA9
:10B960005ACC5E100ECE2181D82C69FCDEA343D4C4
:10B9700010F9E0401519D11D0107B4DCCB1A27409E
:10B98000BECEE5F7C02304EF0EF2ADE121EDD8CE37
:10B99000D010443ADBFF66B5C20BE0AD680C8BC338
:10B9A000D01B6D1046FD81EFC5A4FCDA08440F42A0
:10B9B000214DE1B40E2DFCFBF3F703E00DBCC4CB2D
:10B9C00014FDE3441941D7C3A9F5B5ED53B6AE094B
:10B9D0009E424824284B18D5B520FDD4B737E5E062
:10B9E0003CECEC21F60C0F281766BF7C0B9BCE0BB2
:10B9F000FEBEFC63E0B13BFBD5C5F910CEA70D162A
:10BA0000C4BC4EFF2EDCF8C8E9211127002F57FED9
:10BA100027CF1E1C4B15FF002E9132C0C550A4F33A
:10BA200038B85821B9C64904D4FB39FD1381DA1C52
:10BA30004F3732D8BFA343BDECE72AA117BB9463AD
:10BA4000FE0AB6F7D70639FC20F1E1D301EB0B353E
:10BA5000D2A25E922FF3370B05F7E7983451BCF36F
:10BA60004FCD06246EC5A60ABCBFE92000340742AC
:10BA7000DC5FA52945930845BE333E250956E124E0
:10BA800045F758BA63135E5B59AB405A3427FEF34F
:10BA9000E7EF9671269922B4E2BDE4A3FAA5CC376C
:10BAA0005E1E8BA5EE7F0CF744C8D0EC7DEE8B6C50
:10BAB000EEFCB51EC1B315BBD794F167F8A7211AE8
:10BAC000BA233DA8D470E651D442CD3459BAEFC957
:10BAD000AE0D2970EC23941491D2EEB9EF6BC5B082
:10BAE000C0AC8F04F5347A496A15BA3C143D5AC289
:10BAF0006378CF21BA6601DFA456F3FDC41FBB5A99
:10BB0000FCF4E7F074BE32000F685FC51FE2FFBEB1
:10BB1000311314FA280FAFDE3AB5BBFC578147DE6C
:10BB2000E20E05D3A3BF5530DEBA5B3C100B652D8A
:10BB3000C10EABC420115D9C27D51F055F51DA31C2
:10BB40003B24480BC9036A04E3FAAF31F9B8C79B39
:10BB5000E3F65038644ACA50C40822F0FBB1D01949
:10BB60003C0414F174DC2F4C219D2B0A1A473FE74B
:10BB7000B31D223CE953570D3B4AE00D15C43BD899
:10BB800014E5F9B0F0BFAAB0B0C70E5D1F39C0E52B
:10BB900040225D27F544BD528CE90A5732AC0BDCDC
:10BBA0001B49E71D173F3EBC7F4A344523135C9D6C
:10BBB000D3AAE3E3B4DF1F231833D4C84C0F0384A4
:10BBC000F134C5F5D8D89F94FB39C0ECAB03562BA4
:10BBD000CC0125B707E697500734771C23FDCDBF6E
:10BBE00030F0B05C4CAA3E56B5E3464CAE33D613AB
:10BBF000BDC6EFACC7424B59534FA5C4C9EEF5FDC6
:10BC0000B7F62C97F166D296260A9A266F4EAFC3E6
:10BC100057CFCF0E1412B015DF563303FB43DD5759
:10BC2000C72246446497DEA12E59484D3340FCFAA2
:10BC30001B8DDBC9DA046E69D63137EE6C07AF199C
:10BC4000F475F41B5B523DAFCECF737FBF93EE1004
:10BC5000E39364C820D70449D8FA5A486A13AC3829
:10BC6000ABED8D0D8BAE4EF9FD95086BD1FDD63F3A
:10BC70009BB7C1A437E7C46A4FC7655FB06C083093
:10BC8000C134D416FC4E5651A645EECA18D78DB510
:10BC900021CA4EEEA819B4F0952005D5D009D65783
:10BCA00030DF19EADB069BC158EE25AAB5B4E0CB1C
:10BCB000FB4FC9359E0D1313D725F1F8FBF5C3973C
:10BCC000A3E5000D0414C7D70481496C1A1C3F2357
:10BCD000E5AFE7F82EDFB475CC0713A127CCEB2D29
:10BCE00030D91A192A6222DEFB9829CED90E13F612
:10BCF000DB63E3D8A8D13214D5E4BD8C4CEC5F2CC7
:10BD00004EFB40508F3BA9053957EB5CA15AAC075D
:10BD1000373B0BB44B224B45FC71CD3D2809D5E692
:10BD200027D82ABFF954350301112819C139ECC2AB
:10BD3000C69E12DBBAC322DD7FCB66EC49F9479B76
:10BD4000313D07B3D3367BBC64ED4144DCACD497C2
:10BD5000432A40D620F2E9180D10369DAB613BF224
:10BD600026CADFD147FB5E374B4F46DB392944E01B
:10BD7000DFBD50C58F579CABFDE5EF38ECCB0C0D0C
:10BD800012F8B6BFC3D0F55C72D232FF1D34CEDBE1
:10BD9000C93961572FE10767A3BD50E646F24A3122
:10BDA0004E1A12E31DD0985CAB3051B30A546E5456
:10BDB000AE1DDB43DFE7B6C4D3D62DD0B40BA5A2AE
:10BDC000FA56B426667FC556BC4951AF1510D61534
:10BDD000CF2CB0C50AD2483CF7FF1D381C5835D8C7
:10BDE0002CC814603813B2C3286579AC2BCEA304D9
:10BDF000E3DBF24157AEC8A661BEADE9B2CBECF2CF
:10BE0000D3E19F1646F7F4CB228C4B10CD00B1DD69
:10BE100031BA2DACEF1948695D45FECBD5D9B59C3B
:10BE200033BCCF265C5619ECE760B817CB19055028
:10BE300002BF3C26FEEA43CF26555DCAAE5FE3242F
:10BE4000A4400EAA8FC4BD0B7F3033BA15366C0DDB
:10BE5000F8B1B8DF04BFF34236D7E2C80818E9F7F3
:10BE600019F721EADC0DC82FF1471199D9CD45DB2F
:10BE700035EB41E5344F44D01DC34E2DFDC7EA11CB
:10BE80005F48F0B832D5E7AED11B50CDAD0CF0F61F
:10BE90004C1CB8C8CF174C0813BBAA2B40D8F601CE
:10BEA000DEAA11E902CBFFCD4F06316BDBC15B810E
:10BEB000093CC3E125525216F2EDD8A32D06F9E054
:10BEC0002297F8CEDCA1121B30DABAC32E064BFA49
:10BED000CD49F5FFF83F2839E6C71DF849C62706C2
:10BEE0008E5EC5FDDACBE4C315D7ECFD4D78F5C603
:10BEF000B2BFF6FE5F182DD3B857E8EF6333C231F7
:10BF000043E8CB5FB809F0722524CEF5B746DAC511
:10BF1000C4D7C7C65328087F6D943B241115C42984
:10BF2000E20E1D49F4970838112EFCC1265727D57B
:10BF3000509FBE634CDD634DDEE5071CDA07FD272D
:10BF4000F40118C3CC2620CC2711FD4763F2ACFFC7
:10BF5000612F503B1CBC67EA2C2C2DF7D9E209CC91
:10BF6000E8FE1CE9154CA9AA2D6858B90C6211F21B
:10BF70001D4819FB02D4EE1BBF1909E79828EDE60E
:10BF80002BB92058CBCF12BDD8F7CB0ABEB22C1498
:10BF900025DFFCE4DB3AFCCEE7D9FEB9BCA80817E4
:10BFA000E0C3F790EA14A7F422B6D43004B7330EF6
:10BFB000F9D302AA16E4F53C280006DBE981B4DADD
:10BFC0001514C2CFC02729EDD603A233FFC730CA4C
:10BFD000CDCDD018E2D9BD23DE286B04C9C5041E1F
:10BFE0003EC42E242B10D944E2DEFC04BD192820C7
:10BFF000F740DC0FCDFDBC35F2B8D10D233441E262
:10C00000F0EF0B0919400606FC1ED0307F10A4BDCE
:10C01000EB4914C6920CFB212CFC21DACA62B4F362
:10C02000C512CB4EF417B8E3DC490B4F3F2529333B
:10C0300063ABD010A3151138BF3DE8BB4FC0ECF483
:10C040003EFDBE064752A44DE334FEBD89B5915F67
:10C050003B0C1FD045220C0AF8E6FE3C28CD08E038
:10C0600032AD3A522F9A005B3352AFB5F1FB70D428
:10C07000F530B3A4F8F925031AA407C6B2B30ADB56
:10C08000D5FA01EBE32507B84FC8F725014042D99F
:10C09000C52D4509200C2D555EB590F99E07D9DABE
:10C0A00025053D703E42BCF23B30F42D4AD9EDF7F8
:10C0B000BCAEF4365227F7984F7FE930AAF9C1E0B9
:10C0C0000C96E0DB580B2FC0A6303FDCA52999D990
:10C0D0000C3921081E5911BD313841FABC470F8D6A
:10C0E000BFE7DFD409EE0EB7283F16CCC7D4E83F30
:10C0F0006007C4A249D6ECDFA8DB1E5C5311D03B1D
:10C100003964F1FC0708BED1E30B3C4510509E0C8E
:10C11000BFF6884CD6482D14A0A33ECE5837EEA7C4
:10C12000B678F4D5403FD0A2FD883C98A204AB81FC
:10C1300055C9DF56BFC915344C5035AF0BBB3FFF57
:10C14000FC8C41AD263E93E2E2DBF0E6F5EEC33F28
:10C15000708EC1289FA60CE5FCF022E0BF502ECDCA
:10C1600007BFACA228E057CA3EB51B4ED7C6A546AE
:10C17000C1314A075B1AB5CE12C0F23819563BE6F8
:10C1800008B4DC16B20546274E02DB2B04C0F9B317
:10C190001AD6C2114423811D1137CF1BFEB9E74EB9
:10C1A000FDEC24C22B21C0332BFEC2FFAA5721A6CF
:10C1B0005440A224524409AACAD441F00BBA4DFA01
:10C1C0009F381CCFCA3DEE27FE1C4D0106F8E33C0C
:10C1D000E50DED7E20CD261023BF0FC71049AA0222
:10C1E000F5446DE6004AA3E0B1B8F690DFE540BB48
:10C1F000F3AB52D65718BBDCE60E06CE2A2E353BE3
:10C2000057B3E9C0E70ED24291AFDA584130631616
:10C21000E7B3E0FDCD4B1E2CC3B2C63E50D523592B
:10C220009630361CCA367FA9A21D41D0C739FBB54E
:10C2300016CA5CBFB134B1C10BEE2B3224B9D2A8FF
:10C2400017EACABAD000311CFCEB500091E75D3709
:10C25000D44BE468013ADD470971EDD3B759A2E741
:10C26000BE343CF6E2346A46D6E1A95F0D5549E199
:10C270004ABEC3BC31D1605F2A152DF3FDCFE8FB68
:10C280004AD0157047E8117FEA1B404A1617EC3870
:10C29000F12D1345395131BACDDDE9DD0030A8A3C8
:10C2A00098AD5A0AC5FEA0F08EB62227C1B2CEF7CD
:10C2B00087B939FB3E56224FC4472CDCAF19D5490C
:10C2C000121AB7D430ABE0C6092FA431BD2A9ED6CE
:10C2D000B7F1FCE9CCCCEAAF31F60EB636F7E3FBAA
:10C2E000E2FA42B6ABC3FC0F18B110A2F31CA21EB7
:10C2F0002942C4434FABCAD625C10D45E320ABD07C
:10C30000BAF4021A0E1A20D4DF31EDC0D5C5CE2101
:10C310005CB33B2224FE3D0ED2AE25C513AC18DE25
:10C32000DBBC3CE5A5AE1308C2E6AAEDF0C5085992
:10C3300081B24ED3BF31C8B3F44DF8D0F5E7C85041
:10C340001B51B022A3BC212CC5CBC00C1D5DEF9CA2
:10C350003EDDECC3F2CC06C245C91733099140500B
:10C36000F0DA03F3EE58EB0A4A0C2C0EBC0B05EB8B
:10C37000234A18EE1142BC31110D2F0DC5AC4030CF
:10C38000DC224433B4AABB976A65551E25ADD4F8A8
:10C39000F1124DA222F015057FE3E7BB925A26ABBE
:10C3A00052E590DF530DE4E05A0435B24722C3034F
:10C3B000F549DF0D537F565BB6F2AAF13361FC6F8E
:10C3C0003B3AB615E2E850E5D80110E9E5300F42F6
:10C3D000FC72E81B14114DB31CF29C2F12BDE78FA9
:10C3E00021418FCA1FC725363652984419F4DD0102
:10C3F0003CBE24A5A1E00ED19A5F3521552888695D
:10C40000A4E9098BC74561032919D5A5D2AE054E0C
:10C41000EF61DC1D04579E06E90DBB9E9C1BEC27BB
:10C42000122DD0A32D3D5AE0CCCD99BD19547AD907
:10C43000EBD01BB00F6402C32DB41BBFC87FDA3131
:10C44000EDB82B35F4DFDD400E60F6B8D5DEFC4EDE
:10C45000AD77FF0BF3471330DDCEBDFDF4F3BF32F4
:10C46000CF58C975D7C5F2F964B54AEE1E14B7C7DF
:10C4700009DF5F01FD2754B6A2468D2FCF4B8F8E6B
:10C480004ADBA2CCC7D93BD6F6AD418A2FB28C5736
:10C49000BD54DB1AC9C7EA223D0C20C32E4728D65B
:10C4A000B0038A4D332C35E0FF52FDE9B5B5D21DFE
:10C4B00006F63F7738ABBF51BB163B0213BF54F5AE
:10C4C00030FEE8F7819ABC38E7392E93CE03BBD112
:10C4D000B44EDC0CE91BE5B708FA333425F3341508
:10C4E000A5E70BC8F4252881B60A05E6A39D0CF63E
:10C4F00026C4CB99A7F203092B70C309304049AB7E
:10C50000EAD4D2E2DA083224017F50F2F6594E35ED
:10C51000BA24EA1C42C734AA6C4437D30BA5DE20E8
:10C520005332B1F2066327E616FB4E1A34E19F49F7
:10C53000A2224AE86228C0B7BF204A33EC0B235A34
:10C54000C71E3C5BE2F1F9D61410CDE44723F82F67
:10C550005223D82CE420E4A2C7373C43F5693917AD
:10C560005BDA2895C51A1605DB1201100208FFB226
:10C57000F3F108CBA6DCB62B0D79FC3717EA599FEF
:10C58000F32BDD1A19C1B0D70D24D5CF35CB3E3AE8
:10C59000F55EBF03E7E045F1481921B81EC9301523
:10C5A000D7BBB708560BEEDBE7032640C9C6EF152D
:10C5B0005CA8AF27592D0B32E15220CF2532EE6413
:10C5C000CFD32CA9B320D42EE5DEE4B2B820DA2AEA
:10C5D000AECDEC35BF7FFE12C8D7A823E2F2ECB88F
:10C5E00001260ED95516D0F3E3ED0E14E9D814A6A2
:10C5F0002AC7C1454CDEFE3920C43444D1DD2A0FA0
:10C60000A2513FC963C9B34E9D58DFFD12F90940DD
:10C6100010AC426014E915BC30A60BDAA3293F1810
:10C620002516AFE0B4E96BEACE182BC5B6C76A424F
:10C6300099FC2906EF145D1E1F6C5A001EFD347F05
:10C640003247FCEED200E614285E6651D609DD2999
:10C650000625D35231B6304935310905F517C3E9FE
:10C66000355B0C96F9B1F8F8DCD3E6FA6107D6B37E
:10C670006D58F5313367B31232694ADF522D9CD7BA
:10C68000D5564EDE915675104D133A3501F99C1072
:10C690006BB681E04F5D53C9F22DD427C050C7B6A9
:10C6A000FCC0991758BA1ADE64E5AFF3C2302CB259
:10C6B000CA0235CC21FBBF230E17837B9FE23F01CB
:10C6C000CD144529DC2F32C6D20857501D7C2EC30D
:10C6D0009FABBBB613CB4AAAC3FFA204BCD12EE6C4
:10C6E00051DC11E500FBAEAAF4C33911C9CFBFD2AA
:10C6F0004633A684EC105A32B6ACBC584D29F84CDF
:10C70000D2860F4D282E23229564F295E0586DE3D2
:10C71000B22364FE074FE8B34DF59701E213B70368
:10C72000DABCF2E59FD4D8BA2731BFC744F9D85450
:10C730002C4317FDF6F9CFE9DC0B71A13AF8C017CD
:10C740005145F90D365C56D2CB13245EDED3EB3067
:10C75000FA135ABC1135C9FFF92F3EC1C761EFF575
:10C76000EDECFABA1A86F61C1BD79DDE81B763A9D9
:10C770001041EE40D457E0EC1DFE36FD5B44521CE8
:10C78000B78127BF54FAD4F7CE3049E0F3DD3DAF8F
:10C790003F77B219E7C9C8DC3311D737070711FA59
:10C7A0008353BCB4580FD24FE3327737F553FFD3DE
:10C7B000A8C7FC515F441990F8FCFFD2DF00E2B734
:10C7C0004CE142E03E1366C5AF37DDA5F993CB2CB3
:10C7D000DD0E15B3510404CCEE7281B1C71F4F5E5C
:10C7E000DE21F22B9AD25239AAFE19445FD1D59696
:10C7F0000B17B3BEB668A5205F45AB0ABCEFFB3391
:10C80000F664DD0DFBCD9DABFF3F09D522D7D2E10C
:10C8100061451E1B2940A0F2D045486E4509563D92
:10C8200020F8A1050EE8E7F1C9C5EAA1F42B0E2B0B
:10C83000DBE6DCFC417F6D379FF15A54D5B6DC66F0
:10C84000D4F861F55FB7B88704B866E9EC08ACBB0B
:10C85000AFC248E1481C2152FC156621C7E1380AE5
:10C86000BAC921A7C53860DE3E4514A1C629A88BE8
:10C87000324FBB515B48ADB047095ECADCCB3D537C
:10C880000B233ED52527CD560C470E1B0FD52B0E5F
:10C89000FD54F7D430CC26C47AB6C9FFF54632FF32
:10C8A00054FF53F310E7F2F9EAC744DE9EC2523A4E
:10C8B000A53C601BE24948274E2BEEA9C8BAD050D0
:10C8C00035B1FD271CF86C51E9B9B7AEC7DAB94DDF
:10C8D000EC4F3DB71DE04DD6A343FB3F435C19C76A
:10C8E000ABD0E55958CFDE5820E63E53C5037F3222
:10C8F000D03714CCF5EB4005114206EE1FB6C4C587
:10C9000048B50981613F4BBAAFD105286C9CC60A76
:10C9100026FFD3D052AD3ABFBF057B945F232DC70E
:10C92000033336EFA4198E3F3B37C2BC33E7137491
:10C93000604B2A42CCCE043EDFC79B5915B6D5FCCE
:10C940004F63BF9AAE593A023D2CEAD415B5D03E9A
:10C9500050F11BFB1936382CBDD80FDBEF6D165A82
:10C9600053B203B02043E533E5F223E7FAAB4508C1
:10C9700045A053C1D504AA53BB5C185AB6F9CC24C0
:10C9800054B7B3F3990A190C4B19B292F1D004F6CB
:10C99000DC1231D7E053A90D780D9EEF2E0E38EA48
:10C9A0002A2456AE02C001C3A8CCAAD15706AA0EAB
:10C9B000D703CF2D2AE111A9233A45B6A826F9338A
:10C9C000B9DAF82B1EDF2108B71AE098CFBB4DE883
:10C9D000FF456321D45BEFC8A0BD1581AE2343871B
:10C9E000E222162D7DA018555B3CC40FB3D8C412AB
:10C9F00037303B272CE946E85A90165037F39D36DE
:10CA00003C683702281A37E203B6EDE17F07BC37EE
:10CA1000A7C9AF5F2626DAC53D0A4F030FC3226AB6
:10CA200030574AF0EB66CA2CB36261EC35F35E46D0
:10CA3000DD5896B820DC12F649281368DA21FD5635
:10CA4000E53111F85F3939BCCCE80D0F59D719F62B
:10CA5000281E04DB2803EC9DB6F7ACC009DE652177
:10CA60005519B12E1E52E7500843E30659C0B5CF01
:10CA7000D9E5419B3E1348FE11D12529B856B53B57
:10CA8000052EF92E3433A3AA1F1A0E289C29A6FAC4
:10CA900024B5CB0EB1E381CE9C401AF8EC10AA2D40
:10CAA0001F4F5CBFD326BEE631C316C5446AD841CA
:10CAB000DC7255DB51E6ECBA6CCFC450CA1A60C0C8
:10CAC0009862C33E2948CEC4EE00E8F764E61D5ADA
:10CAD0003BD8BC2B46186422B5D1434C44DCE63E1F
:10CAE0003BDD1EE0E3B10120B4E104BE6C5FB1D0D8
:10CAF000145033BDA4B3FDC04DF611FF2C0F5E984A
:10CB00004BB91F3ED444F02033E8A44200B21D4D7F
:10CB1000411DA150D02D7F26DDB1B02D3FBFD4F4F3
:10CB20003CECD7DD4F07FCE1CC02AAF0DFE2C21BF0
:10CB3000D556FFB456132D4329D237E5F048F837C0
:10CB40002F214AD0D73EC8BAF6E3E2E500A50C246F
:10CB500023922FC2C4AEEEB3F3F4FC66FBC4135BA6
:10CB6000B8E52EB859B2BB3446602BDCB0145B5923
:10CB7000E3DDE84ED64513CE0A9731E517D9A21F5B
:10CB8000EB352CC1375026DEAFBCAE9DD9B713FEB6
:10CB900059EAA5C554ECD85949F5FCFE08C6E0E8A9
:10CBA000EE134A9DBF8102AA16CEEACF9A2D5303F7
:10CBB0000C2D5A19F15048D109BE99C0B7C446BDD1
:10CBC000454E2811990104DB52D70FF4600B9F1DCD
:10CBD00002B102202E06D43F06100A54C5B88DE9D2
:10CBE000D4406DD7BAAEA7F4CB20EFB9DCCD525606
:10CBF000F87FBB357AD7AF3B2B72D0CBEF6E140FDB
:10CC000024E9B15A1B3F4659C3E11AB24B03E5D997
:10CC1000CFD2B13027D61D17350012D9FAFBF6F85E
:10CC2000B14D4B1F5B33EA416D01281CCEE02FE173
:10CC3000050EB71CF24B1DA9C94D474BA709E7725A
:10CC400033BEF0BEC37F13520F4027AEEDBCB23FE0
:10CC5000F4FC42A6FC06042D03604D01103307F8D6
:10CC600020B72DD303C45DF1876CD614F4F1E245EF
:10CC7000B4703E5317C728B6BD02B83B3806AB4C5C
:10CC80004C363647CCC504BCCC452C4C161BEDE8C5
:10CC900030B816F0EC0FB04D35C7F6ECAE3298B5A3
:10CCA000CBEF691DC827DFB410810004C0FDFEE092
:10CCB000E5D9BA1EEAA4C6CDEDFC20412E925EA6AF
:10CCC00010CDB9118CB0039FC4C2CC12DDEFC4519A
:10CCD0000F8DBAD2CC1AF90EF2D51E08EACB41A1BB
:10CCE00030041FDEC2F9CF25EAE152F2C7F2CDC906
:10CCF00002ECC6EA1BF7F92AB31234C1AC1E3E207F
:10CD00004CB5A31451D6BC5C59818A3E670DB72D32
:10CD1000E0EEDF9CFED4396B83606FD7CB489FE297
:10CD20006429EF582228BEF79C7CD124EEA3D5704D
:10CD3000152A9CBD96AAE90C4BE49C0A0C10396696
:10CD40003455301826AC3BBA2F25C41105FE4BAC28
:10CD5000F9C7815E2E1423C32A8783D724A210C467
:10CD60008AED48D34B20B0BAA7C15EEC61FBAA0C98
:10CD70002DAD422D3DEBD2F4AA00276E868C256A9C
:10CD8000EECD0ABB02C225A0B8B421D6400013D014
:10CD9000F0068BBBCB38EAD18FD3AEEDEA12B1E708
:10CDA0003A3C833EDE41E1E6F7B6DB5CDD1DEB4954
:10CDB0002A29FBA021CEC6CCCE406AD366E32F9FA2
:10CDC000DDBC2516CD1DF6CA700B52D3FB914EE586
:10CDD00002C4E42D352431F03DE7C278C1FCC0AE79
:10CDE000B72B970F9899E710D0104AABE526E8C10A
:10CDF0000EDCDCE80D76C6E7F219E8442AD3813D63
:10CE0000AD0DF1F57F0205615AE83EC0EF633E2E9D
:10CE1000DD6BEFF25C22AEE6DA54E8CD101A2C4B53
:10CE20004637BF472C3051BAB6C9ED9627ED2919C0
:10CE3000CABE142C45D4F242F164E846B7C31512B9
:10CE4000B752C321EB02371C0023092F1428C3BAA1
:10CE5000E82F1E1EB6C6DE8EBB41FDB326714A000A
:10CE60001212DA2E25C74ECDD30F4DD857B5C4DDDB
:10CE7000C5D16456A19F26D6B83606ABACA45F3C9C
:10CE800011B20C37E01425F65AFADFAF74F2E3154D
:10CE90007F5017EBF426C35D173B41245E12F7D990
:10CEA000093A0F1E2923F15D46112DF103FA275D82
:10CEB0004A18E0E029C51D20332D20E91DFF52EE60
:10CEC00040441E43EF4C9C7364764C08680CDBCAEC
:10CED000B6FFCDE866352C265554EBD436274CD614
:10CEE000B223E8402942A9103C30692AF406AD6E0D
:10CEF00079E052183A0FF3D40B32E558D93AFE4D87
:10CF0000403FC83B0649D857E3FB4D1B815BF8D037
:10CF1000E51355C409C0EF474BEDE020A0291549A2
:10CF200002DBF1A5ADBAC15EBFB300A147F116D4D3
:10CF30002FD6F0251BBE03BB65009ED8C721120269
:10CF400044F7BE02BCE639CFE4BB1721D65B940F91
:10CF50002D51CB15BB3055925F0F52FCD51BC0B67F
:10CF60002E5C7822014E4015444EFDF548DD3E30E2
:10CF7000B63066180FA965371A2A2846D61BE2DF95
:10CF80001B02B242E1C821748C13C22F1B07E72198
:10CF9000CDE39EA8CF752D4139B508208E1B5311C6
:10CFA0008C4F244AEBB32C50599D124CC2C20A1527
:10CFB0005D5BB1362D44ECD8BE1EC364FD9D31F9D6
:10CFC00000E5C0DFBAB6A0F6200D0BF418EDD5E5EC
:10CFD0009031C34FE736431515C602ADDAE554B0BC
:10CFE0004DF33A46B1ED0A35AC0BCF069453397F79
:10CFF000A7AB9CC00EC3C57210DBC7B536FDF746A4
:10D00000C4E7C49D270746BF479FCF0A0CA2CEBEE8
:10D0100041385157F24B4C33F9F31EB7A5D0A20556
:10D020001CAA19331407A9E44BAA1DB7321E24F118
:10D030002C17F4C3080A44FF2EB824B20ABD3EBF21
:10D0400017282B5310BF3C17DAFB421E47440E0E25
:10D05000F0E9A6F233B9093921BEEF170348CF5AD8
:10D06000FDE7C5DDB7C02C10FD3F4865A0E2E1201B
:10D0700033414C6305AEAB35D4E2458124373008EB
:10D0800044440939DBBA2C1DB625E7E4F79AC76B8F
:10D09000315AB24BB0DB10EA3D254E39BFD1F4ED29
:10D0A000C7DD0F16E0EAE7C22A1FC72CDA4744089B
:10D0B000E738B18D09945A5349B1F200CBA1EFB4CE
:10D0C00045DBB9F72CD2E2D0D024E9EECFB6374811
:10D0D000F9A90AFF450CB21603A8D3E50FCEB34D4C
:10D0E0004514474019F253437FEB0EE1CDF05FCB7F
:10D0F00024C81C52F5E3BE8B3FD44C361F1536D4E2
:10D10000494CEF38D25D30094C014A39CCE012B9B4
:10D110006E53A9FA17E13334A7DD40EEA1FC9C3829
:10D1200009EA39E0C6419B5B509D404BE643B8E4B9
:10D1300096CA985A0ECFFF29F30B49E020BC760A15
:10D14000B037D5A600D03B342FE3B22EEF6F610B82
:10D1500032F8A6503AAB718118031CCC2E269538B4
:10D16000A3B46BDAF03EF7C41F02CE1DD4D6E61E80
:10D170003ECDDF0D55854A1AF1AAB20BD4D20F0F5E
:10D18000053CB5A8CA5233B9C1B9C020EEEBF6EDE3
:10D190008DE712D7BB453FC3A621BBA0C4B8E0CEE4
:10D1A000CA06A3E332F4A69134FDF14D4B105DCFD6
:10D1B0001B08C29748FE097C432FDD2654350726FD
:10D1C00026DDD653D9F7ED27AF3F1BC53911D0DD8A
:10D1D000B21FE95FCE0EC73FBD9B55432D60B0D156
:10D1E00035E46CD00BFA6E8CBBFC373DBF3281F45A
:10D1F000C5E715C7F958CC5B139632A62805C51E9E
:10D200002A59E18107EAF8312A44AFE514B328C46A
:10D21000F5384B04EC28A64AF81DE70D3DDDF31563
:10D22000D5C6050AEAF718EF0DF0E838CDE707BADA
:10D23000D6B30BB4B83CC82ED32102C5133C34CFAF
:10D240000D1CFDDED4EA3C50051EEFF01DC4CF10CE
:10D25000A9D8CDC3481CF477B3F434CDBDF0CF03C7
:10D260003BF6CD28F1F017D8FDE31CE40CDBEA080F
:10D27000221FF0F61FD80B12422DCDF5FF37D1C873
:10D28000D5F8EA28FEFAD32FF6BCFD44AE18ECE53B
:10D29000313AE6E14C4F17D15D1815F316D708A0C7
:10D2A000DDE90EB2EF1AD5ACAEBE3AAB15EBF74ED8
:10D2B000E821ED05E8B1082DE5DDDF1D36D22EC6EB
:10D2C0000F53FF05CC233530EC3EC9B2ECEF5820AC
:10D2D0003B813CFC0DE5240DF7D5C8DFFA0CFBFCC7
:10D2E00016CAD2D5EC12D4CC4EF5EACBEF27CF1626
:10D2F00040D8FDB841C7DBD90EE1FEDB2EE9FF18AF
:10D3000061D0B623B4C5039FF117B8D71CEA3654D1
:10D3100008C3F8B193EFD69B441EDEF0B2E733307A
:10D320002CB8BC2DB7299F4CC50ECD40330B1DC268
:10D330008F27F00923DEA9C6A3D4BFB144B7D09488
:10D34000B05F1B0A0CBAF5FAEFB837ACA82F7FD93B
:10D35000C2B9353332D3B597B90624F4E7AA07F436
:10D36000F9A6200522BB42196833C826D7577CB4DA
:10D37000D02B47C13DEA1D05DA9FBF24D02344646A
:10D380001827C700E6B7FFD9D5BE3F1D50B719A56E
:10D3900041DF441703FEE69E04A821ECD31AB6F938
:10D3A0009F26EE4E510204ECF7BB21D4A60554088B
:10D3B00035C91A4AEA45F4B409AF4D0B430EF815C6
:10D3C000F543F0FADB35E2CACDD13B0B178D316165
:10D3D0009ABC94DB35E209D50D262E09DC0CF5C28A
:10D3E000E744DF571DF9FBC34E65C13E81D2A6A9B4
:10D3F000A7C1DF1E41FDC72E2EE1DED1A3B5FF2B55
:10D40000DF5963F3CEF9B7F55BD175F51BDB9C11E2
:10D410001B4913D931BF59454A13F64F72EA43816C
:10D42000025BD5CBFE2A4B2F12D260C2BF1CA15586
:10D430002C271E74B961D1DEF6603FDDCA3C55FE73
:10D440002ED0E4AA55871CB65422BDB914A64E1599
:10D45000041937CB451090030D34D2542805D43F1E
:10D46000DD0630F62D07F3E4D8CA4C3751D27A10D6
:10D47000FBF1C6DEB96604921C105BE9DEC0A6F4BF
:10D4800099361B21BF5BFE300ED0F3FD419C24CBAF
:10D4900000EFD7C6E81FFFBFE6D6BBE8F6EB66672E
:10D4A000372718C82D08FB98D3DA526D9F6A2E32A1
:10D4B000DAF7CCD9A3863F42E6ACECBF511E42B8A6
:10D4C000A51AD94AE7B8494F5199F781191E0C0896
:10D4D00014CEC3070A12DB50BB061918FD2D480EE7
:10D4E000F9593EFC68CE654650C555EBF4C936DEA9
:10D4F000C6D4A022CF0B334ABCB9B5B86838E4BD56
:10D5000052B9B9040CB41940B4242C2DC3E1AA2794
:10D51000FCFC2BEC422DD2BC38F1DAD538D4E740F4
:10D52000BEE64B5997C9465D09F735D8D02F32F47E
:10D53000A11E3310C2B817A14BFEACAB3C520DFB81
:10D54000F040082EE8423848119C1EBA3459BA31CE
:10D550004722C04CF94A7FE23FBDCFA726C813E55A
:10D560002FCB29CCB932BAB617BCCAC86720D7505E
:10D570004BC13FE92BD522D8414151AD3BE80524B1
:10D58000B8E1CDAB3EC2B63DDF2C3359042705EDE3
:10D59000E50408D82EE49E3F16C8F2CD2E12D5DB46
:10D5A0009C0EF63CD1DFE6DD391C5759270AE7A46B
:10D5B00012F50867184EC13F0634E4F4DE1E917F71
:10D5C00016BBC3DBF721D231ACE9904B24FA260B12
:10D5D000C348560C546FB94FE5D51DB60C1F73A345
:10D5E000CBCD2CF5AB5DE5BBEAE3FDFDB8117106D3
:10D5F00016C4C2FC02C7BE2A14F6C7D6DDEB391327
:10D60000DAE927037FE0E52A3EFA3C3ADB017B3C7E
:10D61000E5DA3234193828245640BAFE32AFB3CB9B
:10D6200027082F2135F5F8E00226C72FD947E31345
:10D63000093DE9F51F15B127232D6409652819F166
:10D6400073DBFC11C1ECE3FE3E41B7D911B3BD1051
:10D65000B4D341C8284CF84324CB3E4A3E1A47AFC6
:10D66000363415511ADDF3C745351EEC29D2DD4C91
:10D670002DF4431C3D11C31B00382B0BCDADE56EC3
:10D68000ED51F62DE941E1C504043341BE2E28B029
:10D69000B2C502C11F04F429B31EE6EB2F27D12A1D
:10D6A000FE25E80712D7D4D70B29292C4729D4B750
:10D6B000490EEC3BC31E0CFC1A4BD5D5C67FDDF5DD
:10D6C0002721181C4029EBF9263021365230BAF3B5
:10D6D000A92BFDBFE904075727D3EC0BDDCE3E6431
:10D6E00038F0BCCEE9CE2A31D7CBE13DD2ED2E07C2
:10D6F000F752DCB7DCCFF0E52431C334C217B91AD6
:10D70000FF562D2D955B4CCF340BD1E32A9A33F283
:10D71000FC46447E623CBE789A145AE4B458D6C59E
:10D72000C964A965C21EB43B127D4A5D2C07447AC8
:10D730000B170E6ED03C3101E93C464AFB57261BC5
:10D74000676A4DEF7D751350BD464D5D5CC02E433D
:10D750004C3FC920D51F59FC757FF9E75E17D3FAF6
:10D7600059D6D44EFB3DCC2C236FBEA51919B7BD9D
:10D770007C983EF1AD4949A04E3AB615FF295F1499
:10D7800024F6F048482824F8F12D533AE51BCA3B0B
:10D79000E5C04918682648EA7FEDE959C5E84EB367
:10D7A000DEE6E14CEE1ED9135658C0E7FAF7B84D45
:10D7B00026F2C73616792E2EC655F3CEB7F503FBE3
:10D7C0002605F9C30AAA1B2F1D56CCF1A8F2E0EBDF
:10D7D00001F9F59D4C04442C5A3DEE60360227C1F8
:10D7E000FFFADFC64317062EF324DABE31EC4FEF03
:10D7F000DBB6EFCABF0C0DCCA1273F411AEB07CC1B
:10D80000B675C2AE0A3D1918CA0B574A763E7F302C
:10D810005E61060C38116EA95FCF35CAF96B1DD851
:10D820003F6562B8C130FD081FA841C29B9C550DE1
:10D83000389E3E2E14C7E6C0DF991E24B2DFFACB15
:10D8400039D6573CEC0C56C421F0EDEC5C62C3B405
:10D850004D0333C4A7C4AE22D60FB63A29EEE11168
:10D860001C3B582CD254323C4816B7F0595347A1B0
:10D87000DB2FB9DBCCF5D9D9F32EDC3EBB1D01B9CA
:10D88000C528F2D6D8C32DFCCAC92EF72FE80356F7
:10D89000260DFB571DCF000804599E0D36E9421690
:10D8A0000237FFE844D0F3D92E073B3409C3FA43CB
:10D8B00013CBEC81F91BF5EC1AAE09ABDB9AC8F679
:10D8C000641C16DDEEBF2CB8A1F8B6CD6399D1B0BB
:10D8D000C6A41905F0F32F4349E36B4F3AB3A320D5
:10D8E000DF4CB42B9BDFC1F3402DB425BFF42D1BBF
:10D8F000BB02BB484BDBB12D0B2012320F4813EE9D
:10D9000079F202DC7FF063D81B016B4E0D28080012
:10D910002B012B3034DE1954FF40432CD5C0604618
:10D92000C1CA43063C19E16B4E61AFFB1FA3DA4A43
:10D930006AFAACF97332092162E64CD8B631EFEEDF
:10D9400060F84B0EF76CCDDADFF14E0EC527F77B92
:10D9500052EDA25BEFAC51C759D3AF1834E6641057
:10D96000334179563474EF126316FCF906062BAF77
:10D970001DF5DB2E0324E20849C838E6FBA220D4BB
:10D98000303C1D99FB47FAAB3507A3536DE516CD27
:10D99000B6F3D5D64C02D940CAB2C8DFECABE5DF4E
:10D9A0003BD22E17288DD1DBEC3EB2DD5FADE127F7
:10D9B0003742B9CA9B2019A5A25C50EF582C3EE211
:10D9C000CE9048074FFF96EA0F16EE1A20ABE6609E
:10D9D000E5602C2B46C93710D92BCAA9CF3F4BAFD6
:10D9E0009CB2E320CD3CA5B5BE2B4EC60A1805C39C
:10D9F000421E7447F4D6317FA8442128549A47E444
:10DA0000210D3CE6F70C9C02DBF8FFE703F803FD71
:10DA1000DD0A2830AD4C2962CCB557291E28F27595
:10DA2000BBECC43A443252BBF4C01CBA1DC6430717
:10DA30001AD871A2188B1CB8B825FCE75707322DED
:10DA400047A6BE5FC6070560325F30511F1C24B871
:10DA500058CA376DEC07B134A731C34D662C09297C
:10DA60004DC20EC2B4493F19B00CEC92B1E8B3F606
:10DA7000482F406ED4650F1745764121727FBA2F2B
:10DA8000E0AD0399D12FE2B1C30409365820D10B80
:10DA9000F3170C4B25C817D18119EBB9FF37D51AED
:10DAA000CAB5B03217ED42BCE800B3463D2A54DF98
:10DAB00023E4F527CAF90F0DF2282BD9EB2F1638DE
:10DAC00024F741E43AE0D0E84DD1FF09C7D7420935
:10DAD000C1F1A6D2320DAAB7BDEBD429062920DFA9
:10DAE0000A3EA83BD5172C460526CCF9424A0CCF56
:10DAF0003DAFEE2259FADF22F8CDC21AADEC23D1A8
:10DB000024FA1B22AF423D2C213641E2231150F76B
:10DB1000AAB8B1A74CF4DD9E4E03D73D9E0A1A3831
:10DB2000D15B2A08ABE0491BF9E025C903F7064998
:10DB30001862981957030508303DC819CBEF3BD43C
:10DB40001A2A55F0313957BB1211F56724533B1986
:10DB5000432E13D1DD12D4983DFC5762FC2211A153
:10DB6000F248443B2F7D5562257FCD3B65392253DA
:10DB7000D85A56E62D3D50B13ACCD3F6C23C5A2E77
:10DB8000B2E6D765C2EF3B315D02F7312B1BB6F031
:10DB90007FC545E0476429EC8EF8DCDF87D2D3D21D
:10DBA000EDE02F2029E00F963D0C2DA9AC48B0FBED
:10DBB0008415E7F30BB21FE0CF742392AE453BEC24
:10DBC0001A70F7E0A00148B2BAC2E9C7F60AE4A6A3
:10DBD00009AE1F13E1A2172C13DF4C5411590B028D
:10DBE000E1F34CB6C3F19E8257EA66A036A8BAB1FB
:10DBF000CBEFCECFE60BD9C9D815CAD1D4B61234E3
:10DC00003705E2CB05CAF1EFF5E61AD37FD5E5DD9E
:10DC10001A2D2AFB014F1A20A92A6B5030EBFAFB70
:10DC2000481FE54FE027EB1220FB4F3FE53FDC07A5
:10DC300036ACD33E17CA0CB4154B51C9F839C8EDF0
:10DC4000D64504AEB85F35E145D11CD5065035F256
:10DC5000F842F0C6E21F58C4DAE3271EF8EED8FFF8
:10DC60001F03F928003BDB57D7FE333E0FDA27644A
:10DC700016284DA616DD40ED40D4FA003E39FAB91B
:10DC8000C6E4A5DAD3FEB030DD3A06C5CDB5E43042
:10DC900022BFEA3345F7C01A1E3E3015FA4FAB6675
:10DCA000DC2131A1FD1040521A20CEB8B644252007
:10DCB000B4FF3EDABDA9FD2039A356FF590919DE8C
:10DCC0003A1E3210B2D529195033DBF3E6AFEBC759
:10DCD00013140DC3CAE7D23BC62BE6183911EE3038
:10DCE000424248D6F0A681BB10E1250BCBD9CCFF30
:10DCF000EF19F7B9EF3DDAD058EB13CD05FBC61598
:10DD00006D39F5E5E14E2667DDC6A3C63508D45763
:10DD10005B9F4E2138BA47CACD60B13946F6B1C9CA
:10DD2000EF2239A544A30E4052EBAA26DE58F8573D
:10DD3000C3CFC3E3B6C2124B402B64F349F8DF08EC
:10DD400055C3F5AED9CC29FCAEBDDB18D2E0B2B9D3
:10DD5000CB373B280ADE0E1807CB44F0B5A8C27FAC
:10DD6000AFB0581C0FC231740854D028E646F2D721
:10DD70005118CDE5E0DF2DFD1EF3299F314521EF40
:10DD80006504FAB506DC2B27C50EDCCFC6A6DFBCC2
:10DD90002FDEF72ABDFE255ABA662DCE314B12353D
:10DDA0003CF85E4AF650B28CC339FD55E0F5E312FB
:10DDB000BE250A119CE9DDDDD7F3F1DE41CAD3B6F9
:10DDC000AFF8931FA781F3F4306F0A9D4958BC1D2B
:10DDD000094F27CF00D018656EFFA5F8D0DD0A01E6
:10DDE0000EAC1FEFBF551A40D10DF40126B9F8CE85
:10DDF0004CBED314F6472CEEB930350FBFB9EE3018
:10DE0000F35095269BDB307533EC5BFC0F40BE0C6A
:10DE1000500623C8EA3D08117F392C511FB43D2F0D
:10DE2000BF530DAC95C3B7363DDBAAA6D4EBAE28E5
:10DE30001ED1123CC2B5E4CA30B439B9D1EEAE0736
:10DE4000A88E512F05343435A8F7ACC0BEE7C3C443
:10DE5000A6E0E9AF462A8DBC48F6BC0ACF90531D18
:10DE600000EFC5076388ED56304398D815D3E65EBA
:10DE7000BCC2B988C12817529A86BEEE9F1103FF13
:10DE8000E1C0E1CD08B14E069900E56B1A35B3AAA1
:10DE90001DEDC7212E22B6E565F3B40B33D8C904B6
:10DEA0004134D446BAF6AA15CB232638FCDA9000C2
:10DEB000A8CD27B5420E04E8E027326AA12F03ADB2
:10DEC0001344E3AE1D3B02125917BED7E70FE1061C
:10DED0005666CFBA5DDC2B4B50F659FA1BECF04777
:10DEE000BD2E9442AD1D9B329B41133F44E1FD8208
:10DEF00030DEBF453E1B65CFD31B7FF51F8AD4A400
:10DF0000D85836CDB1B54F5CC0AA2CFBCAA93C0A83
:10DF1000275017A6CCB2E653C0110526DB1DB13A37
:10DF2000E6A8A6FCA9E9B628A8D4362AA7E2132EAB
:10DF3000D2F7A9CAF6E0E2F13E6D32ACA59B596377
:10DF40001BFDDEBD04F56206124E531F3861B92A6F
:10DF5000EC39ABF1C91B39494CDFA7E914075CAFB9
:10DF60001C16542E24294B2D36A5EC811D1843D8A0
:10DF70001930121247C5A7E1E6F251F9FF3CA16042
:10DF8000A4E1B5CEE52408FAED574BFEA31B3EB93C
:10DF9000AA56BBC764CFF90141CE9AE2E321D4234C
:10DFA000E547F72E18AC3FE6815A0C1B19141AD618
:10DFB0000C22172F38E2C6A5121EB7F81CABE435A9
:10DFC000E2BB01A03642E33F52D0C10BDEB2DBC759
:10DFD0003D27B3DCCD0EA2A72E0F30A824B7D1D891
:10DFE000393BDB5142089A1A389B90B001EC151569
:10DFF0002F09B6AFED4FF3BB89340FF624D4CCDC38
:10E000004A2935671A40EDD44024D5E113B91919CE
:10E01000F90D43D7D1E8B6207FCAE8B72ACE1E2D26
:10E02000B4205D095FF4A52E0CAA1A9CE64402C137
:10E03000A9F7DF28CDDC0E060C070019C308C83C81
:10E04000AD1CBF3D2F11F0C054A2B5A9EBE43DDEDD
:10E050002A3DE640DFAC23F0F7F5E501DAAAD7CC9C
:10E06000B88A002D1996F7CF4311AA6741B5DB0B8B
:10E07000E4CAF9B2149BC007CFFFD91B19065B0D88
:10E0800001B24773E6D3A3FFD14DB8D6269CBF207B
:10E090000FEF1B2C3F14132E32BBDAB9B8988158FE
:10E0A000D9B7F8D7593926FD320944A509B6BE3B80
:10E0B0008D036FBCCCFDBBFBB88737EF07FCBB0CF7
:10E0C000161333E10F28E6EDC4C8DA0EAED1DBB18A
:10E0D000A8144EFDBA3DA53FBF94F6963323CAA0BF
:10E0E0000E4F1ACF0B1C4C4732C59E5E3642D70BE3
:10E0F000C00C42E62209D14C0595293CC24315E7E4
:10E10000B9C204FA2EC0AEAEC85C305AFA29ECB2DD
:10E11000515EEDE42714FFCEDC9248D712FEA0D06A
:10E12000D11305E3D409B0373CDBC2BDE235CC974F
:10E13000BF14E77FEA22DE9497452047371D2D055F
:10E14000584B9BC41DDCFCAE2144F8B19ACD393A42
:10E150002F324618153521CA3513479CDA004DDC9D
:10E16000CBDBB81FE3AA45D2190D28C3B502070AB5
:10E170002EF0FACEBFDB5677323C4CDE28F0B818D2
:10E18000CF0F061548EEF6FAACF008C5D0AE053054
:10E190002EBD534CF34DC044022456021BFCFB031E
:10E1A000354D282222427F12FBB330D953DC033392
:10E1B00044573E1DDA64BAB305F503B73A30CC25AF
:10E1C000F7244A482FE84864C0E2C6E5370050C645
:10E1D000F9173FC12CBEF6431ACFB7E4E6B53DC6EA
:10E1E000E11EE2DE35C7BACDF7F0E6290BD3113CCC
:10E1F000B9CDDCBFE6E1A12AE90032C72DFAF72943
:10E200005FA3F279DA24445E2016B212DAF424F223
:10E210007FD536FE22EFEE540A3822BBA234CB2043
:10E22000430FD028242329031CCDCC30F621DD4F09
:10E230009BC7B4C75720B5E1B9B1D9C7A7B852DE5B
:10E24000B4121842F2D8F35124164FB297C805EC15
:10E25000EF440EB6B952E60944DD0FD8B187D0D6E7
:10E26000B5B207FB1E5DCF192CF6284EFD3A202FC4
:10E27000F723FBEC285C960906269D20EA54E7224A
:10E280004A46EF3B45ED4A1ED23F23A73C65F2D2FA
:10E2900005CE29310EEDD7D119E1A9E0AAD0CDECF8
:10E2A000331CB1BBEA39AE1B232F1622E62055C31F
:10E2B000D32B07BE11B2B8E0E2E626A1DBCFEDB664
:10E2C00008063C2BFD9CB115CC4C07D9CEBAD0E347
:10E2D0000A6039E8B0FD17C7FD7F2A1EF506010464
:10E2E00013253F27BEACB1F0064656CA352AA6F81C
:10E2F000FDC01619EA40D1E3AD4838CB25B1181C52
:10E30000CC5D3DED2F314AEA2B1F070D2C2802DE94
:10E310001E4F37E9401CE8C3E1BA13F5D315DBB350
:10E32000E53F2EB08108F1B3E2346AA44300FAADB0
:10E3300006084215CC1927AC4CCE15F7A6D6D3FA51
:10E340005FF61C050D06D7CFDDF7400DD94EFED97F
:10E350006CB6AD16CF301EBBE05E24C2D029B7002C
:10E36000581CE6E9AF4234F811541DACBABDBAA04E
:10E370005DCAE3CC27C23FE02FD0AFC3FD2E54D7F8
:10E38000C43744F85F55EE7FE9073C42FEE640F4AF
:10E390006FE632CAFE0C66D543FB373226D2CAC9B5
:10E3A000F2CD34F1FC1B53BA60D3C74B355FC803C1
:10E3B00050CECC0B04CA513AE417EB533D463FD93B
:10E3C0006AC846DA2B68146AE6253ADACA292607AB
:10E3D000F0B9172945D43FEB08BBC80F56F8AA3F40
:10E3E000C10956492A310B121BE9C83B1BB1004D2C
:10E3F000E7E23219FC4EF4120A4B2F5C4653052714
:10E40000F49240B91241FA162505253304A1F4DB34
:10E41000934242E94E55DFCB37C4E9A3CA14B8236F
:10E4200006A035F4BFB4B91FAAE1B3B7342A3EA1A0
:10E43000E8E5F2F10469F7CC81B5B493B119295636
:10E44000D704AB594F38542DE1E2F341FF40082483
:10E4500034FB32B74C032DBC05BADEBE8FB1E939AF
:10E46000B9B3F3A656F485A8AE04C3B2231404C10D
:10E47000122AA30E0BE3D2340C5BE3C7BF05FD06E3
:10E480000814BF211CC013C4DBEECFF9B2BDD558B0
:10E49000CC63E0E7309FC64F112DE3312FCC74A041
:10E4A0006D0858C71BE94117C4591F411A0A214377
:10E4B0000BDD7FE4A5EF170613093CA3F99E4D4F32
:10E4C00000E2C2DFE337D3EB983B08B0BD3060E534
:10E4D000D8C7A4BAB993A3AE864607D5205737ED5F
:10E4E000411FAB426B5E0A0CE0D2E546E2610E5280
:10E4F00012FB342716A556C1072494BCDC546126B0
:10E50000E80F0326BABF0517CBEAEAAEE2C72B49EC
:10E51000CF39344726B04135DE1FDCFCF7ED24341B
:10E52000F8E42145E61CB7A82A17FE1EBAC54053D9
:10E53000024781C13BF011420A28BE23BE08E7F71B
:10E54000C243F92EB2A5022CB81CCCE8C50F24D8C2
:10E55000B8D3B0BB0DAF021F6136C101EA0B0C3C52
:10E56000D01FE4C4D45435E9D8C81AF5030CE1D15E
:10E57000FEBE17C901C4DA1AD4571015D5182FD505
:10E58000AB0EF8CD1E1D6F144B1B09D2A7F6F53943
:10E5900008DBB3ECAFFEC733F0C05FF2E92E1CA975
:10E5A000A445FD243539600EBA02A23537BEF7E620
:10E5B000F72ED5B71D8DD3D91B2520F60861E1E6CE
:10E5C0002866561ACE1BD8E3D432BF22E859F0157C
:10E5D0001C34A31A52B6B1EC361D9F4550FF0BD523
:10E5E000DB362AB82A42EAF28F0821A73458EED245
:10E5F000BEFBC629E9F6F148CA4F7F3CE9572CC853
:10E600005D9F13279D462348B1ACD64FA0941E11A1
:10E6100017A13C3EEA34AFA69130FDD59AF8D4B0AC
:10E6200006FABCF808951BE0AAA227D831DCC2DEA6
:10E630009E29BE143B22E8F4B4FE11CDDCDDDA20C5
:10E6400005A484ACCDE8F5B5B1FCD05620D8E718C8
:10E65000AD3D5CB0F9C76A0145FFC4D2DC4BF73C65
:10E66000E444DC33E81A36A9630943FBE1A0F481F2
:10E6700004D538C1211F45F501CA2D1CAF24ADCDED
:10E68000D7022E2317DFD9BB27B6BC064631C506F5
:10E69000FF00F11BEC15A0D902FC56350D1559B53C
:10E6A000CAF6C4DDD70D01E9236B53F425222E4AA7
:10E6B000AF25BE21C7E5CC370409C5AFACDEC70125
:10E6C000FECF3CFE7F01F4E943431A42BD39DA4DE7
:10E6D0006216B1D7E40FDB33F67937A325CE2131AB
:10E6E00015C100A9F7F842ECB5AF47240873DD0265
:10E6F000E3092314F42DA017215734D4BEEFF81DDD
:10E70000D72A025B8D24CC3AB64C0F17F67F4BBB51
:10E710001677B9890BC824A928031BC8EF39FAB3A7
:10E72000FCB993C1263D150E15D53CC7DA48EC3E21
:10E7300033CF53BF3B3D1C13DE109CE1CA0320AE18
:10E74000C85D084F2E08E5CC2247E3E5C46012D32C
:10E75000CA21A334D49B5C8D105196F1487EF6F209
:10E7600052E3F20BDF21C7852C121C27674CF71BE5
:10E770004DFC43258A2C3F24BB17B728F1591B10A9
:10E78000E22C1D7387FB44BE2BE9D2BFE6D5A0D790
:10E79000464E2AF7BFDC1755B2B941FF4DCC61F2A6
:10E7A000D8BBD22C4B42FE17D135D8A90B0A95A95C
:10E7B0000F0E53E6F22FEB16630EAB6749081C48A9
:10E7C000046287D63F0BC44BF9D01181505651F9E2
:10E7D00075ECC21B21DF45C12B6CD430E868D33007
:10E7E000594BDD2EBCE59733C7DBCC1153E2ABBEF2
:10E7F0003BAEFE29AD4BE1BDE847EFB6A6DB4A557F
:10E80000E063BA7F3E02F7B4F7AC5E4DD718BEA006
:10E810002FE10934CDDBAC5A61042D6837E92DE3D3
:10E82000AF38C35A21DFB9F35A62E59FB6724D443F
:10E8300054411BD113CD56DDF5EDB26E42CEBBCFA8
:10E840004942520DC290B82960ECCFE92739FEAE9B
:10E85000ABD79C2D3DF25FD16CE72C1A9D58FB3A4B
:10E8600032510166F128A4119F1D1897102EA53969
:10E87000D6C227E7DF3643C93F45D6CA070FAFD711
:10E880001D74C53B4173AA529BD720B131E0F5D12D
:10E890003925A406C46A6066B1FA4ECBA6E3CF362A
:10E8A000C460C39FF04AD79786F7A242A34EEAED11
:10E8B0000BF3CCCD9743CAE23FDEA8166B9549F027
:10E8C0005CFE0B2CEC3A31B2B7C0B1EBE02F09097A
:10E8D0007246DEC54EE834BE2E049A24F9FFD48178
:10E8E000E25FE70582110AF14CE0223D3B15192554
:10E8F000DBF0210B07501B0530043D073C1CB15FCA
:10E900004221B852EAEC32D53F0107F8C1E462D2A5
:10E91000B21900BF23B64135F6D44C118409D8F999
:10E920003453E3D68922CE2A8129B2CD0BE6FCC925
:10E930005A2F0C0A2A3ACDF4C104D411B5384E38F6
:10E9400012FCCBCC3C0D2F39ACBDDCB2EA710DB45E
:10E9500048C22406EE15E70DD5BB99B8E0B5CCA0AA
:10E96000BE154D330F5326D934211BE1273FB3BFCA
:10E97000F3C30A14E7FACB10AA1CC19CD3071821D1
:10E98000D3353DF7492E7F4E46A5BBE0F3C7144E65
:10E990007312B20A1D3CEA772F623CA8E73DC2FB26
:10E9A000EB5932B7482628631467250BF8BDE651AA
:10E9B000DB220BE0D0BA0B45DE46CDC91A3645FC4A
:10E9C0004CED58B6FF552069050776D14730B87130
:10E9D000989FA79BDB590DE7AAB311A80D623136AA
:10E9E000AAB8B49946540F49DD51D1E661FF4EE90A
:10E9F000F0A6DC342EF43AE1EE33D63204C2C13351
:10EA0000B55DFA13BDB7A9E3C50D9AD9AAE9265495
:10EA1000E8D4E544EB4F28C4D4FDAEABE20E6E174C
:10EA20002714B096CD51DB6309536735C4347FC8D2
:10EA300066B311B8C9DD54FBD4F8D6B93C3AE6BE8A
:10EA4000DACE5CEE54E7F3D0520619E8A96A249EA8
:10EA50004161AFF43306C3BAD653EB20E8CF99D265
:10EA6000C5F152FE88FA0A0DE5DC3921F0115EFA93
:10EA70004341EC2A5FE1A9CD0E50B62ED8626BD38C
:10EA8000FB0AEBBBEC41A3DDA91040442D43D5DFCD
:10EA9000A4B8032BC9BC36D79C0E39D61470512D9F
:10EAA000C7A62401F1E250407FD7E62EA39BA823FE
:10EAB000BD335E50503A1B4C14FECE63F920F3EA8E
:10EAC0001EF6E279112F4FE51A482BFF00D7D9B473
:10EAD000F2E741B2552EB961C746300FCFCBF3F400
:10EAE000C6C4EC1C3B985F4A191DBF27BCADA6C429
:10EAF00062CAE108DF50A7EC25FABC33122E002AC7
:10EB0000440B5D3548F1ADA4B2D6AE98CAFBD9DD51
:10EB1000B533A09EA1FEC38A6ECBE03949C9D2426B
:10EB2000FB8D4DE90C69C2DD84C44736B182F734F0
:10EB300057592524B32F0C2FB3821D1A9B1DE4D7E0
:10EB400005BDAB28D7A80581D32FF6180AB43829FC
:10EB500057024EE45949C5513AC3EF9793F4EAE698
:10EB6000C245AF88F0C814D1E216B74AB23812D500
:10EB70009BA825EE344B172A27A6D0EBE0743F9CC8
:10EB800013B82C1596FA3C37FC149A2A9E2F05CB05
:10EB9000A4B1F90B1A172C2D3A12DDEACDF7B22BDE
:10EBA00053F759CF371F37EDDF13451DEDF2E0491D
:10EBB000246435D13E45A9F9F30F4EF12EAB34C490
:10EBC000ABC856384CA7AEAAF4DBDCB496E67FF8A7
:10EBD00030356500B3A53ED5CD4DE818ACFA181711
:10EBE000CFABD8D631C8F94E4B09CC4839A8C83676
:10EBF00050D02C27F82805495BD133E6C8EB497A79
:10EC000033DAE82620113628529C44E223042BB93B
:10EC1000A6F7FCFC31AFD2F2CBBB0DEAC71C44C84F
:10EC200031141201502501C1E74DE0D135B822D988
:10EC300050D59CFFACFF429BDDD428FF40D72ECBA4
:10EC4000F1C63F9F1AD7D3CD23E6FB252127474C9A
:10EC5000A67FFD0909FDE7B332E51836C6A44D24A9
:10EC600013C6C8C40CB526B1132B4EBD0FF1FAF272
:10EC7000FDFD48F1D4FF0E3030D0E4CDB90AE0F606
:10EC800022250000D7230000610B00009838000007
:10EC90005E6F0000C12FFFFFED0F0000FACFFFFFF6
:10ECA000BD800000EE2A0000684900004AB4FFFF62
:10ECB000BFEBFFFF78A5FFFF301A0000C1A3FFFFE5
:10ECC00023A30000B76EFFFF94200000299DFFFFE3
:10ECD0007A440000A51F00000C21000012E2FFFF93
:10ECE00007C6FFFF7B4E0000F5560000EC0C00004D
:10ECF0008A040000F87EFFFFC41100007ECFFFFFF2
:10ED0000B85B0000F786FFFFB7E7FFFF6DFDFFFF71
:10ED10005F350000418CFFFFB8A20000100B00001F
:10ED20005BF7FFFF065F00007906000083E5FFFF49
:10ED3000F4570000D3480000FEC2FFFF4F5500000B
:10ED40002E710000FA7FFFFF142100000661FFFF13
:10ED5000772F00007FDFFFFF2A3E00002DC9FFFF55
:10ED6000DB8DFFFFC5C9FFFF02340000CA71FFFF42
:10ED700030EEFFFF3F0E00006A3800001F95FFFFD6
:10ED80006EC400008137000053B400002ECEFFFF98
:10ED9000CEC2FEFF90ABFFFF7A200000E1F4FFFF40
:10EDA0002C110000111200006A540000823900008A
:10EDB000FB4B00007C9400005A8A0000D8A8FFFF9B
:10EDC00045070000C5E2FFFFCE1B00001C42FFFF0D
:10EDD00056D6FFFF9BC5FEFF89A2FFFF9994FFFF58
:10EDE000FA3A00004A0FFFFFD41400002E6DFFFF17
:10EDF000FD4400006610FFFF558C0000B99FFFFF27
:10EE0000232A0000C8DEFFFFA1200000E98E0000D9
:10EE1000CE16000081100000EEA00000F45E00009D
:10EE2000E87400005C4000006DD2FFFFA9EFFFFF17
:10EE3000A12E0000AF2A00004B1EFFFF06AF00000E
:10EE4000E2D8FFFF43360000B7FBFFFF32B90000F6
:10EE50006FEEFFFFEEE7FFFFECEAFFFFB7C0FFFF3B
:10EE600024FBFFFF76780000169AFFFF7FFFFFFF6D
:10EE70002AE1FFFFEA990000EFCDFFFF1534000003
:10EE8000F1813BF63BDE81B70681D0197F152A3E22
:10EE9000297F401981A37F16F92531D9EE15E41594
:10EEA0003460059DDCA061FF29810BA5164BBC4495
:10EEB00081D4B0DF080191D8811808207FE831E8BB
:10EEC000D5B3EE49641B6C443641E4C7811723E196
:10EED000DACF1698487FAE69F37F810E7F7FE4E832
:10EEE0000E13F4F5381BD2F11D06E65A1281181DD7
:10EEF000607F18395081810311E821BB61080381CB
:10EF000081C7F54D1F61C35326ACB968464B226DCE
:10EF10002C1A007FC9FB382B877F40D17F44EDEF4F
:10EF200027F942B67F92F781B4A2917FE58164DC34
:10EF3000044D716CA6F0CB368F053222B86A2A7F59
:10EF40007FE021297F81D1D88181E1372B7F7FC26A
:10EF5000287EDB818142015E8C6029159C1F7F77B2
:10EF6000EFFE9BF81781C9EEF8DAE35DBE1D760669
:10EF700024D23DC06A793D81E2817DBB0B32CE1F38
:10EF80002144447F79E24A7FF9B552D6FA27E3D08B
:10EF900002EFDB97650B96E9BA1FBB8141E3581B73
:10EFA000B81F7004DC6F06F630C0D487EA3D25BC7C
:10EFB0002E251E4481370D44E8D3EBC27106B2C83A
:10EFC000E0F04BE954D7E5F6C1DAA91AAF21F6B85B
:10EFD0009A7FF592A5B0F230E5C9E9C00E6ACA6B16
:10EFE0005D4E94D42DA6411535FDF7C60D48D85772
:10EFF000A784463E04C5DEC5C52E1D020CDA352B9E
:10F000002EE67F75BA7F111481D75DB71529E6000A
:10F010009659EDE0BB81E03A7F12DFC6DD817F814A
:10F0200059EB4BE5ED7F81F7814000967FD17F362C
:10F030004684679CC4BDC008B8F9507FBA9328FEC7
:10F04000FB918F496D3CCF811C095E8C91CDDD8198
:10F0500010BE810B60BF7F087B6C1615755AE56E7C
:10F06000F881C20768574C0BFA81601A7DF601815E
:10F07000BCFAB89CEFD1DCD6881C673981C8001A6D
:10F080004C38B7B74A2D824730B4337FBC6F7F6DA1
:10F090004529810C24435F419BE1813E2CB1DA601C
:10F0A000E8F2E73E546AB4CDF91D736AF4ECE981E5
:10F0B0001781E881637FFDAA73418145BF81812E5D
:10F0C0001BFD3763C60C7FFF06C18D444ECB340356
:10F0D0004ABB45E70FD8B302A1C7EB7F8FE1F02A07
:10F0E00081AE3581E96ED58181F71C7F30C242B790
:10F0F00081AF8181F2E9DE0F4AD6FB811BFD4EFE16
:10F100009EADEB18C520F2E21626E71C4E00C37F29
:10F11000295B3EA5F184686FB82D1C1942AEF3F748
:10F1200081EF2381BFFFC3C59E285762EB07A5DD92
:10F130006832936D70B359F30AF3D9637DBEE4C2AC
:10F1400038B77FC6DA3353B6945011F655FDAA1D71
:10F15000306D296EA40711030CC346C03588604E7C
:10F16000D13E9B24814CB2DAEFBA7286A2321A5891
:10F1700059F514ECB55625EB2ED681A74AEF81D56B
:10F18000DBC69F693EB02B5C1743ECB7C0217839D2
:10F190008B432D63D3B4FD18558D5DD2508E9813DB
:10F1A000DC5D8135968E0F5BC8667F15C10AD70876
:10F1B0008A32C90AC0CC4FADA581BEBBB26487DC20
:10F1C0003C8170FB5CAAC6E228166F812B3C44E0B0
:10F1D000AA20F58CDDE82DC412FC353E4FAE8586A5
:10F1E0003043813597D27FD8BE287FB08160813B84
:10F1F00056EE02525E5F472B61CDB361412ADC447B
:10F200009645CEC8EDAA2DFF614B7FBA557FF8B564
:10F210008143C3E16626C57F2BFEA6692E8C062F8F
:10F22000AA140E566074BFFE84264AA3F026B7299E
:10F230006BFF7F9E2B52A07F1FC1F33552C72A0060
:10F24000D34A747FD90AADD5B10F7F936C9687E707
:10F25000819007DDB8DCBF9601F7CBCF457E579193
:10F26000A0EF82FEF1279ABAAA4D86A3B11E3530CF
:10F27000660E06E67FEA44E981C111675081B8C68F
:10F28000962576397F0419FBCAEBF6D8AFE7F2145E
:10F290007DB10F44DDFF3E62A1D81F9461C5C9A1B5
:10F2A000827F7A4B6D79AFBD1F5EEA84D242EC6DEE
:10F2B000DCDE791D0E48818188B7541F16E1C3DE5C
:10F2C000EE7E5C2E6BD4CC12DCB92C7E316223F244
:10F2D00043F14B8843A5977F7F8FEAB02174717FFC
:10F2E000440A76CA11A2E345DCA36AF8DE56C930A7
:10F2F0008F99305B3BD9DCBF28F42FB6AE71E31495
:10F300004509000036220000FCE3FFFFDAF1FFFFB1
:10F3100015E9FFFF95DCFFFFD92A0000A3E4FFFFFA
:10F320007826000021350000E2E8FFFF94E3FFFFAC
:10F33000A7EFFFFF4EE7FFFFCDE8FFFF55E4FFFF1C
:10F340003AFDFFFF2CD7FFFF0326000025E1FFFF5A
:10F35000F41800001E330000D7D4FFFFA3DEFFFF28
:10F360009200000074D4FFFF8603000044E9FFFF11
:10F3700066E6FFFF5C27000012E9FFFFB9140000FA
:10F3800034EAFFFF8BE3FFFF9AE7FFFF3B1E00001D
:10F3900068E8FFFFC6000000083500005C1C0000A4
:10F3A00014130000EE230000B704000090E4FFFFF8
:10F3B000DDE0FFFF0F23000044E0FFFFE608000050
:10F3C000AA09000083230000B8DEFFFF7A3900009D
:10F3D00099130000D9EEFFFFBD2700000D0B0000C0
:10F3E000FEF4FFFFA5FCFFFFE61D000029ECFFFF78
:10F3F000F1F4FFFFE7010000172300000AECFFFF14
:10F40000D6EAFFFF1710000021F4FFFFCBE0FFFF5B
:10F410001ECAFFFF881000009AE4FFFF09270000C2
:10F42000461B00006E2B0000A5F8FFFF9E060000A3
:10F43000B4F3FFFFF60600008EE6FFFF7C24000019
:10F44000ABE6FFFFBFDDFFFF023000001516000036
:10F4500065D9FFFF24D2FFFF8BE7FFFFC6D9FFFF6F
:10F460001F0C000037CFFFFF1D220000DBE4FFFF71
:10F47000BC090000F5F1FFFFF3D9FFFF56CCFFFFF9
:10F48000592000001D2900007B1D00007826000087
:10F49000D4DBFFFF9B180000EFFCFFFF33250000CB
:10F4A0007C2E0000BC2A000040F2FFFFA8D0FFFF26
:10F4B00002DCFFFF5626000046D2FFFF3D2500007C
:10F4C00088F2FFFF350F0000BE0600001A1400008E
:10F4D0004DECFFFFC6140000951C0000E025000065
:10F4E00087FBFFFF122E000008D8FFFF442C00000E
:10F4F0002513000064FEFFFF77E3FFFF0A1E0000F4
:10F5000091E3B6CCD92020F7D1E709CC0D0325161D
:10F510008123D2F5A842060E23409FF91AD01EA8D7
:10F520000206CE01A627E8D014E0F01834D5065F15
:10F53000DCDFAE4FF73D49D954BC3EAD38B821AB06
:10F54000A5C48DF9480A44D2540773985022260165
:10F55000D1E1E4DDF4EA1EC7320A2B22CA0A231ADB
:10F5600053A9309259CF1E30C61708D2CE1F0AE2D7
:10F57000D3E614FA21EF4FF939B715272810354F84
:10F58000762268B1D08CEDA1CCC63CB4205030F9C5
:10F590008D30BE7418B0C537F52AD477D8E8241F4B
:10F5A00056DADCA00DD696D712A2FA2AD42047CB81
:10F5B000F3C2D7D3D8EDF3C1895C302A3DF9653A5F
:10F5C0003DBF0E2F719647AF2EEF5C4A14D3EE412C
:10F5D0003A5095189F1554F07FC8742F4929C1518E
:10F5E000BB2B5AE55E1CA5A3D4CFA0B936B602FF4B
:10F5F000EF52885CA76C86E20542B19493E5BB6B41
:10F60000E0ECBC60F4039321E20D1064C44857029F
:10F61000F69CF49B84CE42570FA2F9B06FD213CB65
:10F620003EA0DE2936D260B362157D0DB64C73C0A4
:10F630009FC494A6625F4214C118F36CD6BEF8480A
:10F64000FEC59758FF68723966C1523FBA57C3FC6E
:10F65000B77C08E326BC15CF219C5DAA3BECD1CD3D
:10F66000A30251CBD7CB1F240E7F40F036F79C016D
:10F670004166C0B5146A385DC936E02EC59F546C2A
:10F6800008FA0BD63911DFDCB919FEFAE9C3DC112F
:10F69000A515A5EEFFB9A7DF0CFCB75CD844F3D0E5
:10F6A000442CD1CA8881160C23F6FC10FDE71DC03E
:10F6B000FDFCBACB165C318B5FDB8A29C9E52BAB2D
:10F6C000D701879C41E319A8BAEA0DE944E78EFA0D
:10F6D0000720CDFE50231CCA4822ADE1084529D998
:10F6E000FA27B6E309D6DD19C20AFEC7D20CD90E35
:10F6F000D29C4659C341E7FBB886EA1EE62F1E0E90
:10F70000D653A144FF8803BCF2FCC28D659540F836
:10F71000D992FC41B7EE53DDCB076D4E3FCAC90805
:10F72000A9272CC22614FBF26BC8A59E45F9D95C0B
:10F73000A008B0CFCDF7E4FDD812AFE0EBD434E4AD
:10F74000AC0F146A4DF8B00692FE99FBA0D8EA34CB
:10F75000F3D3CAECC0F0CFDD3844E3445533F1A90C
:10F76000C5EF18DFFAB845F2D1150D1B5B1C6EAA68
:10F77000F2FBCF27A08EC42C53DE5581E70092B058
:10F780003D4E94054369E75FF5FEA64651602D2E78
:10F79000E92615D0D03DF3BA6F12BD0D76D8BEFD67
:10F7A00057506EDF035FDEA9E232C763333229DBD5
:10F7B000025E2128FCFB0F59EFEFC87FE9CD0569F8
:10F7C000EF14EEFD0206D5FB07361F5DF4E9F1C428
:10F7D000E1EAD3E568E91F19045B3F22E90C4BDD40
:10F7E000BCD8349434A7EB2EED5C5BC423BA06027C
:10F7F000E41D44233D214DCA1458FB234DC11B3247
:10F800000B3BC2AF518BAE1DD5A951DEB308FFAA89
:10F81000FCD2168D4BD06D09E9D4B627D94E3D7078
:10F820002F68C03D2DD8C8594BA8EE035AC3113DCF
:10F83000D7F0C10D38E4A8DE81475ECB52DC40C072
:10F840003B6BFA195150DFE03CDE15A9C9D6A22462
:10F85000F3F5C0ABE42D5208ED95BFDB2ECD06438A
:10F860000ADAE5C02EBBA513D52BB859DAB7616704
:10F87000E1D7C43EE5319B05BA9A0F14B65847BB91
:10F88000B1512DE5DE54B3F433CC1725CF33B0F1AD
:10F8900021F0C664A911CAF4B93EC45940F1CBAFF6
:10F8A0001CD715F5C5F3940F27CF2909EE141316AD
:10F8B000C21CE1A21E09E4A0D63BBA1DDE3BFC2F10
:10F8C000C7A5202B54B2AD815711D553F11506FBB6
:10F8D000BCE2BD12B9DB5F43481A105DAE47DB07DF
:10F8E000121A3ECF393E2AA0D086D00ACCBBD5E032
:10F8F00036A942E9D45201C84E06CBAFC1A64AF49C
:10F90000F2EB3C560801DBF2D30C5253F63C565E48
:10F910000D7FFCC521D7FD421D56B2F2B6F4B75A91
:10F92000BB97F4E67B59C565D5D29452FF1CF85BB2
:10F930001AC13A584A6D11BD3F1BEF527745423309
:10F9400056A8152D68E1316EF6EEBAE10B1C1FEAE0
:10F950001DDE470D2F3A133EBDF23FC5173F501D28
:10F960001AEA3C6065022200AA2F58AADD2969A57F
:10F9700018F3CCA1BC54E80B091428F72D9ACD102C
:10F9800030E9ECEAFBDEF3D9351FFF13EB3A5310F5
:10F990001A5A570BCB122FBECDDCFD1FE654CE7F7B
:10F9A000A60C2BE32B203C02F9D5D1383A0CF5B646
:10F9B00020365C47E2C1BB19DFF97B2DE64A4FE9EF
:10F9C0003D06F41B0B16B25CDDE9FFE692FF20E179
:10F9D00006BF22209ADE07D5322E13D71CFF16341D
:10F9E00002E7092AEB1FDD1917DF39C1F2D1D9E48B
:10F9F00029CBE8F9CD1306DC1E46F41A41F4EE2EAD
:10FA0000FCCBC0DCC82E00DFBC7D317DFA98360B04
:10FA1000CED0D6154A37FC09236247BC112A6C3771
:10FA20008EBEE4E66EFE00FAB900271D663ED207E0
:10FA3000BE320432731C095D335596F0C007A6EB45
:10FA4000609AEA0F7F535C3B08E15FCFDCD64A0443
:10FA5000E0A8152E20C76DC338CC5AF05E0B29F5EF
:10FA6000CFDCBA431638339EFBC6AF33743651CA67
:10FA70000F07BB1854EE17E5375CE2094DEE6CE951
:10FA8000F8FE4929E33AAB01C761527436FF0231EF
:10FA9000D34D27621D200CC5D8E8350B2CEC642013
:10FAA00035E7CE482829125BFC05CD43FDDD4646EF
:10FAB00043EEF7033B16713AE54DD16B45AF1C752C
:10FAC000D2030FD531ECC7F8662C41C9D7AA5D54D3
:10FAD000E0DB23043DF5F9FBF35F3933350FF853D1
:10FAE0002DB3335844E5CE5C13FB26C8B4FF772B07
:10FAF000D1F7C3DE1CD4CA9C9E1CFA6DEA31D77FB5
:10FB0000A0E4AA1DEB2C4DC7E11EB7B50724A71D25
:10FB1000D9C7ABF9BBC9B39C17E503AB921DA9DEEE
:10FB200024F8FEF3BDF0B0142A12B119CAD6F8C6F3
:10FB30000128CB61E0E216E42AF9E5F1ED883B37D4
:10FB4000445699D4E939BAD8FFFEA61695DA0B26A1
:10FB50002281D91AE8AE0A1D12ABE4C4F313FBF2FA
:10FB600038050AC6ED0594E1A82735D41D25E8CE51
:10FB70001C2A1408ECE7E5A0E89402EAE34120CD52
:10FB80002F5C2C2422DFED0C7F39FE56D7CC2B2D99
:10FB9000AB3664A446D10640A5BDE0E7E10D1417DD
:10FBA000C40602B075E221B332F14FEAD8CEA723E2
:10FBB0000D42FD5C43911B301BDBCA2B9D4436DBA1
:10FBC00033D1609554B119BBA5C0C2EFF327CEF471
:10FBD0003E3EAE171847D1CF1333C9BD0D453CF19A
:10FBE0006ACBD4D358EAB1E02AC5B45641BA24D27C
:10FBF000934CB23422EDB1C019BD4AB4A24AE3E23B
:10FC00003DF6060C081FF8072200F0C776FCCF3936
:10FC10007DF55F580F624C2D004AB2DAC33392F77C
:10FC2000D3F65D130E7C03C017B97F6A1070DB85B5
:10FC3000921C08D7DEC7093D40C80D54C2F232D726
:10FC4000E13314CF3D3356C049EEA44324EC542293
:10FC50004F9BD101361F45439659E447F21596A6AE
:10FC60004753B36C2E11625C35CD2DEEE6FE7BCE94
:10FC7000575A402306210C752B6DCC051B37694E56
:10FC80000203174F09E535ECD5254D0129E1105A3E
:10FC9000D65FCBDE48DC2CEB14BA26CB38CBC3CDF9
:10FCA00009FA1F1CE4E6C436FFEE4C38EC341AD9CE
:10FCB000E02007B1030708D3FFF451FADFD7154559
:10FCC00002B4EE275C3F521B287FF259E5BE0E239B
:10FCD0003E3E2CFF0524DF63C446D8EBA623351E29
:10FCE00040FD2D13206645FEEBD50CFDD01D3B19C4
:10FCF0002CC3B7E1C70EC3F6E0F33ACCDC084413DB
:10FD0000F64E1C05F6FC16AEC504B9CA0B4BF6DA66
:10FD100057FFFF280E21D8B51DBE190A033A5041DE
:10FD200027F741573E14262FE81BF1299D81D4F473
:10FD30002C04DDE2CBDA24EFF329CC151A27C3BF5C
:10FD4000D6FAE52FD549D0F30AC20BD1F5C9381E32
:10FD5000D01214E6EE39C42EBCDDFD58C8B20FFE39
:10FD60008CDDC24928EAD702D30FDDFD080A30C76F
:10FD70000BBE32E7C336BB22C2B6C863B50A15A4B0
:10FD8000163DFEFA21EBFF16C9AB1451EE71172F89
:10FD9000C1E0D52CD5CAF0CEEA5612093E18C234BD
:10FDA000F6FCE0C00BE3D6CAEA090342B6F409F553
:10FDB000BEE9E1E0DBCB57F0C0DAFB22313BFE5677
:10FDC000ECFA0C26594FEA40DDEA33D4C5B20DE611
:10FDD000D7103542E714237F455EE5583A3DDD37BD
:10FDE0003DD43BF2E10619440D2E112314F5693080
:10FDF00025E9C6E90EDBC6E81B3E0896DC5833242D
:10FE0000A6B84F6752F69CF0A5976674F340582742
:10FE1000210FABF5A1255318F6B19797E44EC7F221
:10FE20005D95D1A164646BAFA1DE9E2BE75EB7AD9B
:10FE300041B21C9640AC0699F7C55CFF45C3BB2296
:10FE4000B2D5E699B7A1AAB5DE4BCB5916B098CE7C
:10FE5000ADCCCCEBE9DA71ED1A5FE29A43E0C10C6C
:10FE6000811863323A3DEA1B201D4E8C6BE97850B5
:10FE7000D1ACC464CF11C8F70729F224A0D5473408
:10FE80000021A2B84140341E2747D995403A15A811
:10FE90004C95D6A65927B1104837DB1CAAC6900846
:10FEA0000A151FDE2CD681CB1443E636EBB0B54FD6
:10FEB000A9FF25FA0318B41642C8CE32118B1CE6EE
:10FEC00043C902312620FED9E292C13E30A9A82AB8
:10FED0003338728F30539CC642D2A498FEF2C8E9E0
:10FEE000E2DCC9BBF5BC9C11B74C28130C3C533564
:10FEF000991314AE0A27708D48C31EC3FC0EC8D9CF
:10FF0000D533A553C48A49BC5DCDDBF87FA14F37FB
:10FF1000090D2B7E0347986444C947F3EAC362196D
:10FF2000E118C5CE9F39B3C1A0EA1EA2D4F66FA6D0
:10FF30009DABACABDD31E4380D6813F3136D292AAA
:10FF4000696153A38A5549F1A31793EDF3C5927BD9
:10FF50003EED05EE641FEC2DBCE88F0367D00EAFBD
:10FF60007116DEA69A54FA34DB65AB38611D582F42
:10FF70005A9C86B35EA30DD9EA3E161174E503DEE2
:10FF8000F70128EEA5D6D557B3EF1A9DBB13379FBF
:10FF9000D8E7AD48B4E2B243077357DAE3E4B834C4
:10FFA000204013F14C43A5F70328CE08050F20B7D6
:10FFB00037E50AF6D358460152CE27FD813236F096
:10FFC00094C6CD2C1ADA63EF4326372A32C4AC9399
:10FFD0000170EAB0C1CC3E57C93B2E0F4296FBF7E9
:10FFE0001BFDA5CAD332D948E03FDF4DB7E225C497
:10FFF00053BC49AF325CFB513FFE0122E4B77C4A5F
:020000040803EF
:10000000F2E790DE1C72C1B15C11A904BACA82A5E4
:10001000F35213AD6B98C88B86932C6B5FFF1AC796
:10002000A06B7458BDD3EC0B4E05C503F71CAEB0E6
:10003000AFEDD66274AFC0BAAD7004991F92A59CA3
:10004000AFB9B36A5DD06AFBE0C7278C73512A4B06
:100050008702A428FE0E19816F9525D6EE4E466CB8
:10006000C91FA0A19E892A14C5225E59E34C241EF3
:10007000774A8E3F0F142245264569C7D9E4C960E7
:100080009BE6B332E54A569FA9CB2DE01B35EDF038
:10009000CF1D9E35D98712BA1046B1012CD8439393
:1000A000A3C127A3AA27F1C4D4133E1AC6F28EF720
:1000B0002FC916B9CFA609C4D6311A343CBED6080A
:1000C0003F0325D30BBA2CBAD7C2C02FB2C54640C6
:1000D0003A1F39CDE1B61F22428E8CC1BAFB56BA07
:1000E000D540C6DDC109AA81A61DD9070F1A402E29
:1000F000BAEE1EB7A4BC31B811EAEC10B4F5BE19C3
:10010000D65CCBEC7F4CEF25F3EFF9BBB0B63D1CD2
:100110002BC82C60E7C4BE7EEC2AADCBCD0637DB06
:100120003234C9352BF1E62DD8FF21E5A3E50BC903
:1001300014EFC9CEFC39B306EFE9C1A3C43947BCFB
:100140002611E2C84DCA31D82FCEFFD3D70EE11306
:10015000F8104CB6503CD4EE34F717F13AC23A409E
:10016000E7FDC98EC5A6A8AD0434DF1FE702D0465F
:10017000521551DEF5E9C6D9DCC6A001B0B860C899
:10018000ADFACBC49F3A39E014FAFAB2A1CBD1D57B
:10019000FE9941BFFDF4DAC40B40B54C33033D1E5C
:1001A000D80E57CBC29CF50AD0F7FB0661F46FF569
:1001B00048C49C27C3B05BC42A4AC02F20FDDBE0A3
:1001C000C8062EDA23C9A0B913EF03630917FACEC4
:1001D000196CCE3A31AD3765A28C2C5034D40DD683
:1001E000507F3705F1E3DAA6671BF5A4BEFA29D0E4
:1001F000524DD5C62ED8534B1FFF35F83E2FFB4A24
:10020000A839AE1D39F01B3F03F654C545420C20FA
:10021000B000CC6712D6DF353EACEBCA17D556100E
:10022000E399DFD5F1283AB42C8B19639AA6FCC167
:100230001E9794BFA736A8BC9565E0B85858CE4C19
:10024000C5C95E022CDFC03EB6E73E9986EDD3A558
:100250004B3E013C72A19A47ECA0A33897EAA2C694
:1002600002CD39CB9455D6E3018157B8034D4ACB23
:10027000A6D29206A1DE199511D8E2EB0FBBBF48BA
:10028000876234E80D4DFC8A42553C3876BC19A48F
:100290006E201D26164DFA2130B8656F4462514913
:1002A00099E6850C0D5DB8DF7FED180E6622DC3E09
:1002B000DF2CD8571FDBA00F9F5D55F8185E405309
:1002C00005AD0F23981A0EA3AA8AAB653663C11E2B
:1002D000064E2091DA094E2AF26D33FDC479B33A05
:1002E0001E0C94E83B47C3439A2CC26D0438AC14EF
:1002F000F5ABA24CFF1234E3D7305CD38D4CA10A8E
:100300005426EF74D6454BC7C1B5519DC1F95A1952
:10031000B8992A1A2923AEBF1AC5F29974C743D4D3
:10032000342DC5BFFCB0C6A63CC611D72726020C8B
:100330000C57AB34F0BCB74161FF7010D455C0BD51
:1003400064C930DD2CD924CEAB2DC37FF731B6ADD7
:10035000C0BF42AA470AF7DB43324FA922FD340D42
:10036000051DE3F4EDA1F34A12195BAB32222CAB6D
:10037000A6F49E38075352C6117728C2643525EC7F
:10038000F4DC3C02B7B15A3E24F71913E31A51B515
:10039000122BDC116D2336C8FD10CC75FCD9C220A0
:1003A000FADE30D12E15125CD438CF20E7B9D41E36
:1003B000E02A943A526BCE44FE52ACB62A50AC9925
:1003C000B6FC3712B3214E1906314B54E8140E35E2
:1003D0004F52485131EBDCF950E6AAFDAF89CBEC26
:1003E0000504CFD1FA13E80FC725E20ED934FF2850
:1003F000FF1E5513F0E405FAE056BB5174E1DD81B0
:100400001AF2B8C6D8554A57C61F0D4C234802F0F9
:100410002658EDB0DEEA0419EE24046DABAE0638C2
:100420006045D85630D3E2C3CA2A1ADAE11DB37642
:1004300052BC233C3A662E3D3C5581592F1E3D2728
:10044000BAAD0B3FF144D22CB8020E23BB42C847D1
:10045000F139D62044CFCD5FDDB905364BE89CE7B6
:10046000CB0C320FFCF30B03FA50D44007D63DCD32
:10047000C928D965DD07A1E7E9BEE0FF21983CBCAA
:10048000A348DDECB79E4292AE957108A33FD46DB0
:100490000531B6FA4F9A7FA4E6651B7C7B13BE94A8
:1004A000E4CE9989B02F90FCE7C2E3DAF9D373B4B4
:1004B0007FB1EC5467E098F35FF5C5DB2776B206B1
:1004C0009E065E53B9480FA0D5BB5B2B10372B237C
:1004D0002322EA3952B4E217134BDABE492D495CA4
:1004E0001E1325D2FC5A51EF76F45CDE88CEC1652E
:1004F0004A15FCB518A886D4AED3134A42D0389B0F
:100500002126B002412A0F2BCE189FC9F364A5E320
:10051000AE28FADEADC556535D5B4DEBD6FA2D0421
:10052000F203D7FBDFF60D40A108C60AE5F7D713A3
:100530008F7293045DF9C0383AB8E9BF173744CDDC
:100540003CD785EE794EA7F4408127C95AD74F662C
:10055000ED945E02050F38B33F5B92F49F3AB351BE
:100560000B47378183695142222F09F3C014EACB2C
:1005700074593DDD39F85214D4DBF2EFFAA3B72BEE
:10058000239C9822C5AF5E315FBFED2198256CB1E9
:10059000A0CBE5B24C23F961F700034E996BF255FD
:1005A00016BB4616F7A639C1F1E8F0F333CAD841B5
:1005B000A7DA543D11B5CFF9777592BF8D961462C5
:1005C0005B031B3A4336811EFF2E224E7EFDDB026B
:1005D0009AB2EF645221FC595DBF3BEE260BBAE3A1
:1005E000D130BF2614E49CA40E64CAAFFA0863CCD1
:1005F000E3F142F421DB58B7F0143DBD82DC6C918D
:100600000567240B481BA1CF39B87FD200DB41BF5F
:10061000004D59642131E35F8BDA07F2E139900331
:10062000B8324ED8E6E80F3EC7F1661021C85C0A22
:10063000F5D16DB6DBCB2143CDECCA76BC43B65ABF
:10064000765B495DED5BD766040FC6FAD99AE92659
:10065000531DA41CD1305DCB2157D63DC0250F15AD
:100660001DF33758F1A506125CC7D0053C0D0243B7
:100670004539F367FC93256DEB7121E6572DA14DAC
:100680003E38152E02F82D651F51361AE81E1A172E
:10069000CDFCFD2903C7F945F149F7EB0221D5D37C
:1006A000314A23B623DF00D22536CF5E0C43B5D7BF
:1006B0000914452FEAEA40072FFF55F353DB61E6A3
:1006C0003E3DED26662B1823D0D9DDF54D2B0C3998
:1006D000965F4AFE4B124172487F481C65F52E6EAC
:1006E000FF4237CB34F9D3C8DF70324CB84A61359A
:1006F000E4371A331FC17444E6723A0BE6143E1510
:1007000004E5D611EC0435EA3C4FBCBAE6C809BE94
:100710000CBFECE6C0DA2AADDA34FD34FAF2482137
:10072000D0CABDDBF2F7B72B282BB00A180D0ACEC2
:10073000C7ECBD3026F347C4EBFAF626F70E161FBA
:1007400017013AF1BED308DC3AEF0EF04FE60D1474
:10075000FD39EADE4389ACD5CFE80FEE232A15CA6E
:10076000E531F33F16C48A10220127BFF81281F148
:10077000B10DBCC3DCCD3B3F38AB2867C20FCF20E7
:10078000174F3B1649EF1A3B0E45F85B42C8D4E4BD
:10079000FAB9E4C7FAD9431145FB1A23DE4C1241DA
:1007A000B5C9D843B2F031DBFBA3A8044F05A9CBF0
:1007B000C839810E1BADE44D1A21596F0BC0106969
:1007C000911961BDC7D29A4ACD12590A06786405BB
:1007D0002FB8E527F9D328C7566F03D9C30FE10215
:1007E0001B5E3010D70FC040E74E11FEA454D53A1F
:1007F000E4B94D3E261B63F95C062B9A45F4CA4AC0
:1008000009422DAFAC54D439D144DA0E3E46F52B13
:10081000A1E8C03ECBF1F1B9DAC2370DEA0EF3DA46
:1008200051E535202E23BE123350223F8BA0A23A31
:10083000E825EE670BF135F7F540B425A2D2DAEDE5
:10084000332C08064717A832BF335898E1C2562305
:1008500018FB2C1BFA1DC5EA45DEDF622911D553B2
:100860003613AE0111ABC92F3C6D172E12BEED54DD
:10087000CBF41794EDCA22A720A5C47FF7C4E8C61D
:10088000D3C9F0F3D9E14F48E6122EF4E5371AC781
:10089000091727C835D62AF31258C913EEBFFF4DE2
:1008A000EFF34FFF0FDFCCD0C4934D51EB1238491B
:1008B00039551261D311EBEC9E1F58C3035CE92636
:1008C000E8F9BB4CF162F00DAF5E3B59E90B607F7C
:1008D000C1E8E4B8A647EA36B1D858D01C08232BA3
:1008E00090595C2F106C2AC5B34217B25A44D4E118
:1008F000AA0DC1A8C4D6BB4A324AC740ECF8CF56AD
:10090000A0D0B9B611BA51C0BDCEE3BDE70EB6094D
:10091000D634085EAEF01DF6381AB0E210D84BBBE4
:100920004898C02F0B18B44371EB0E8DEDCA2F41C0
:10093000B71B4F23251022AC51B59C8E91B2B3E961
:10094000BD0E02C20F255A0928F30925C6D73FCF8D
:10095000295824D9E1F942DA4565F2CE681BF4DC66
:100960006440CE1C0E48C80E2F1136FD5B15CCE13D
:10097000F12E16BBCB7F250492CBC8F736AC66DAD6
:100980002AFDA441BFEF061CB2B0B8B396270F41B1
:10099000980992AF0B0D2B2FCC615862E24099431E
:1009A00039D0E78DFCC1024DD946D8AA0EFEA3412D
:1009B0009CDBCED08CCE3713FBF420DC3FE0D95645
:1009C00021C39BF96020FDD25ABFBBE37F884DAAAB
:1009D000D72156D758C13501F60603E8D11C4EA9D8
:1009E0004EE7298D0320159A15EDE8E33F2AF2B171
:1009F000070A284711D8FEFBD2402B58B0FC61FEF5
:100A0000E3CDAA2636234CDA9327FAAB1AB6C31CD9
:100A100013ABA81A88E7AF2C604F14C098C348E006
:100A2000D83CC3F795D8A3D2D347B23A11CFD64515
:100A30001BCC18540D14A9F245AC81400F013BE8C2
:100A400031EDC2C6BFC4F8FC0F1EFB1015341D16D5
:100A500001257A17CB52BEBCF159A12E27F76B0E98
:100A6000362AC29A012B0F37B42DE5D1D11FB0BD64
:100A7000E33B5E5EEB4AB026F0B1C349DD2421EED4
:100A800029D44E5AC0530F4DAC08BBE3537E9C593A
:100A9000F248F05C0C0A7F34F20716D826EF2FE2FA
:100AA0004F5FE7C927B9291AA31CE358F5576CC152
:100AB0002CA1C5885044DB1839E611C64000B35D4F
:100AC0003624250047D25CFCC43DE766D5CB6F07D2
:100AD0002687AB7DF902F651A557576556052516B1
:100AE00006DF9F54D1036B9A30A9EC29790DDAE522
:100AF00034442ACA78BE026A9D45C93A031A1BAF1C
:100B0000BA473B2412BE38F1E234EC01BB4B42A899
:100B1000F110A82CA5AE480F0CE7FF061D4AC30C28
:100B2000EACFBC1125D613B03B4AE345374ABBE3B5
:100B3000FAB34E7FDEE85CE8E056279E12D5FDDE74
:100B40007EBF9CD12DCD2E48DA1D2FD51036ADE3BA
:100B5000D9CD2F621A50A6B3D7EB03401DCCD1CD0F
:100B600040DA54B3B4FABC13C703F8E44C655BB580
:100B70000FFC4FFDE20F1D019BABC822EECFA2126E
:100B8000FD1BC7C20A09EA69390639441CAA719BD0
:100B900054F0C944B641DA2BB2CC9DE8AE1CA65342
:100BA000B034AC7FED0330C2278EE5B6C216200EFE
:100BB000D5E8A8F8B91739D393C608FCB718A3D459
:100BC00012A0CFB396522998973CF5D40935F40773
:100BD000703CE0CAA523469F3BA3A8E5BDFA69483F
:100BE000443F932E3E27EDBEB1F20AE1EAD8B8BDEC
:100BF00054C020DD480B2265C80E91ED58D4131265
:100C0000C2A207384D7C1D0C36C61A33241F895EDC
:100C10000675823CA0180054E2A0A244E455FF29C6
:100C200051DB8AE8C216159726FE21D0D7CB4EA9F4
:100C30006F4228BB67F0E732126A8FA85CD543B0D9
:100C40003D66BC2567095E13B04736DFB1D08A44E4
:100C5000D1C125F79F11FA2D56777662C4DAADA47B
:100C600037ABA5A1CFEAD13CAFED93FA5A2BE420E4
:100C7000B2F33C3851212DA4176E7F08235A693EE8
:100C8000D10DB4D9D5FF0D5B13020BE90ADFA92FF3
:100C900081169624EEDBDDC71C0DC83F9DBD2A13CF
:100CA0003803F4D5B722A13B2424FCCAD9BEE420E2
:100CB0008B5C1E5EDBF0EA225433BB2094E010E92B
:100CC0002A4FC0B12D8CE8B3ADC1CCE71FAE1B4499
:100CD0003F6240331D10E6A60131F9CD2B9B352C28
:100CE00026052D0BEC19DD29176E19F62404E61DD7
:100CF0001BF83008BAE251E49E0CE1F29E0C4C2B3A
:100D0000F7BA34C4A5034BE7E949E1AE2F2925F82A
:100D1000C92A1BDAFE4D67EBF83E0C2EE9A8F3D288
:100D200063D87F250921FA3FDADAB6EC3343F2EAD9
:100D3000E9672AE21B1038FC1B44BF65C2C2204F82
:100D4000EEE503287FE121A10E24BB57D691436A2B
:100D50002C104BB9454DA90D0DD40D1C21FBEFB83E
:100D600009EF8D9D1600F1C7CCF2FE59E035FA155A
:100D7000DCEA390B435A3EAEDD4050F3B919BE17D9
:100D8000F2D11E6290C6ECADE8D7D6FCF4460D5108
:100D900007EF402636160CC2D21A41B234C79A0564
:100DA00026CAECF2DBF821F9E7BB5E44C21A261929
:100DB000FD2C1FCD37FA2433AEB0A836150CB60A79
:100DC000401D7FE7F64052F622CBA5D5CD1514A6DF
:100DD000F78CE3FD0947440B20EBDFD2B836D5CEC4
:100DE000BE4C2C0CB4161BCB27A3DF1F20D202BE97
:100DF0003D11EA53DBF61CEE1010141CDED0164039
:100E0000E927C7A9E112071550FED9B604BA970B16
:100E10001DB129FFCD26DC0DED0E1D22F58EC1087A
:100E200020FBF40694A5E3D7ED14CCF3ECE7D82728
:100E3000FFC3FBE83208120FEFEF1CCF2C1C0CEBAA
:100E4000C140833000EF33B5DEAFD436B471E4CAAD
:100E5000673512DEF8FBACB77F5709D528DBD0C069
:100E6000E3EFE41A3FE3EAB3B254AA4E09C0151700
:100E7000C2BE21D6B0066C3EEDEBCB5B4BFA1476CE
:100E800062370DF43AB9D70B4567A417242965C614
:100E9000F5E510661242AEFF6E6260BC91132D53F1
:100EA00015B2593013DD54D2AEC34B15B0CBBB5085
:100EB000909E1ECBBA020AFEAAAB4DB16105F77F28
:100EC00032D31A53C1A7C5EC6053BEA335DC649F6F
:100ED0001708EF6F11E0D934B22AD5471C5A3AEA05
:100EE0003EDA2DB722161909C958CB2058574CEEB7
:100EF0001BFAC3EA55CFB09CA1D2AC5CEA4FA21E4C
:100F0000B5D8272805F2DBF3D2C625BC3E10B018B1
:100F1000D2653EC735F79CD82609DB452D302A2AF5
:100F2000351FD0614BA2BD1A03F3B73657C4B5F7CE
:100F3000EE0B5C29691DD8ED36B42F0307D7456247
:100F4000E3B8EA1FEA07070DF022866E0CF3E730DC
:100F5000A0205425CB68FDECE43E54CD55F30E3E65
:100F60003072390609116FEE62E87FD2E5D5FA28B2
:100F70000567132CBEE5CFE9FE5BF1293910C7C523
:100F8000F746B3CC072DDD1D07CAD84A07DAD93F8B
:100F90002C10BC17D1DDE3472638ED2E1A222AE5A6
:100FA0008F49C4B928BC0420EE0E1F1DC544E8CAF1
:100FB00010F950C3DA0BC82B11DA415603F8B54EBD
:100FC000E459CDCD6A0AA51C4237D30DF705EDC70C
:100FD000FBD6FA60F25619569F2D137F3819B13798
:100FE000DAD01C9F1F45F1F5F1A4C145BD3519F7B5
:100FF000E32CC0ACBED8E2C2333B372E1BA2ECC1FF
:10100000C8AA2253E0F2B324230D19C1ECECBDE7CA
:1010100016C710664EB42560FC0E4325F6F9E88A23
:10102000CD0FEE3AE91DA6E59DC84FB5070AFD9222
:101030001A9CF23D090614F02AD1A15F21FCD05B75
:10104000071E2E5D27348D0C0CC1F44DC806D82E1A
:10105000093B342118341B47B41A20272A7F017416
:10106000F9FD1D00D5F09641EDF1322BEADAEEDC08
:10107000E90D13C8ACD8EC240BFBC73D4ECD44356D
:1010800022352072EFEB440026E1345551CA1FECA3
:1010900008494005E674FC23CCF152DC3F470BB510
:1010A000F83504F630F017B62F2E171F3ADAA636A9
:1010B00017E12E96DF5623F5F6BD7B2B1D1DCDCCFB
:1010C0001BFC4037E430EBEFF71B9F4DC1B84DE6FA
:1010D000DEFDD129F7F2004F81BE291E87CD210FF9
:1010E0004EF4396F06C2E306159CD737BE1DE3CE1A
:1010F000FC1AD0351B20C82E3941AB1B3F62EEF6DF
:10110000DBE0F634BB362FE98DE7D5FE7FBCF10A74
:101110003A2BB0669EA4A5CF5017EE101B46EDA447
:10112000FEEBD52DB14EE4CA5E6CD5D22208B506D1
:10113000DEE7CFD7C2D10F0330D5C5E1FEAC4BF20D
:101140000DBA0CD6E8F91BED5B2E44B3E5FD054D59
:10115000BEDFD8D6F0F51D0D3E2D48443601E9EA34
:101160009CEF81F8040CEDE8AB73F4DEC622E07B63
:1011700035E200C4EE2ABC1108BC3EE78D0EFC0629
:101180008CE31301CCD9DCF1CBBB1BBFC7C3ECC5CF
:101190003ED8F1B24BA2080811FEEAF138356B33A4
:1011A0003CE6A2B6BD51FE040157DD0DCCD70620AA
:1011B000453721B90FFEF5CC3AD221AAA2EA3E2446
:1011C000810211B42F48BE0412F859CBE731D13C4B
:1011D000AAF0EBCA02AE07F63B04E9045F4712FF30
:1011E0001937D3F9574908D8DEF312C093ECF3410D
:1011F00055F4C0A9BDB5F948F9040D39E7445CE7D9
:101200008C8B904CC0B876BBC110AD02CB35712B26
:1012100013EED4E0E8EAB3BDBE5951EB179F4C2260
:101220004D6D315ECA81CA206735C5B253559A5D8E
:101230002BD2D0F0AF08CFB9244F354FFAA7C29FB9
:1012400015E7B8D352ADAECF9EB2DC48ED06AE1670
:1012500095015CC0E64245605900E2F49C0D8C5B50
:1012600000AFC7F40D6B17D22DEBFC9902D8AF0875
:1012700045D7FFDABFAD9E186406BD7DCC35971DFE
:101280003AD53C43D5096652D849D145FCE68CABEA
:101290002120B9FFBE01D314A75CAFDB0808676A41
:1012A000A96E55B9D84194BDED4AFFAA403E9F139F
:1012B000AE7CA251AD1468A9BC5BE704FA3D816322
:1012C000FF1792B45C5765D4283C7F60A208CC44D9
:1012D000132A47F12A54E35637A328C42E70F44347
:1012E000601696E8C7F09F4A9DCE0BC9175246314B
:1012F000B62B77BDCB0BCE0EA0CBA61DF15524127D
:1013000005BAC3E2E5E338A86D53B7EBB1E3D8EA19
:101310009518B7C70A48FD503F70F5CC4D41EDE632
:10132000269B8F9FF701B0DDB321F104D2F7021D98
:10133000AA3BFFBB8B66AE4C9E90EA47A932F72CC6
:10134000D2309594DC09D6BC95F438C71BAA13ABF0
:10135000E3CBAEFCCB5B4C8A5809C64EDEDC41DFEA
:10136000F85018E14DB9618140A7DB29BB99CB0545
:10137000A30F3E32D9F1DA0AE8549096C6AA03BE0A
:10138000BF0301B9CFC24020D32AC1BD09003DE14E
:10139000DD2DB0EF0EEDF55E191CC25AF3CE18DE4E
:1013A000F4F3BDCBA8F72FCE0153C5070DB6A52585
:1013B00010F804CEC941CC4B3EDDCD31F4A531AEA1
:1013C000E3221DB70EA3D1D8D3F734B9260731D8FD
:1013D000DA0548B1C41EBBA32EE71B0E7FE456E31B
:1013E0000C341511C3D4D8B341ED24D9B723BC189C
:1013F000A80EB8F7F14040F70D02DCFCA207341943
:10140000D6C69A0ECBA9680C3FFC13F62F48EA20EB
:1014100032CCFFCE570D60C53F260D081E65812ECC
:10142000A020B7F309386E8AAC04E0A53A347211F3
:10143000FBE7122333CAE8DF09294F1454F9CA34F1
:10144000702CE249EE550A161D33F132A401074310
:1014500047B7F137BBF92B9C24FC32F416F59DBD40
:10146000000B501E22F80A72DD45DB9F14191DA1E6
:101470003F29A54E24A69EFF222A372ED9EDFB66D2
:10148000F160D851064D4130221C051E3E35CEACD0
:101490005408F2ABD5F2B5BCFDA301A8C735E16B8A
:1014A0009D065AF6BA15D9A0A5BD4C08C4E8D4C803
:1014B00062328D9D4CB2C8F8C9ABC5B79122CCA0A1
:1014C000C051FFDAC650F0BEC300E6DE515A9A861C
:1014D00010DD998C1D25BF50C8ECEAFBDFDA3C49D2
:1014E000B0E0B111325E1109F781D9EF6B0AAA2A77
:1014F000CDE2C3A86AF8F5004B6AF1E049CA9F073C
:101500005C085A2B95350290A3C347C4251DA9E159
:10151000DEF419E712F0658C6A58E323D3D3F503A0
:101520004CF96652ABBBFDAAFC6829B142B11C0163
:101530008E70C10F915DDAC0AD8BB0F481BD406D8E
:10154000DA3E29191BAF8DBBE2D13927C92695C0D8
:10155000649BA7B1F8B6512953C61BA1D2CF49A3AA
:10156000E2E8DCA6E1BC1358981A8D6E27B9BC4A94
:10157000ADD727D94272DB364420C77448E44EEF1A
:10158000BBC9FCA525F82004019DE6572BB96901CC
:10159000EF465E5B302DB8D2A8E0D4DBDC483DA13D
:1015A00006168A0A5EB17FB40AE65E0C904A3F6B6B
:1015B000B526DADF1A3D526136150CED419FB9119F
:1015C0006F6CE9A4DDE1BF60C08D99EEC2E7B1EEBA
:1015D00035544F6DF267B74CB22754A313C5D839B1
:1015E000F05B9DFEF159C7AB8E0056E2AEF334A41A
:1015F00074EDC6ED4310BC21AF92DBF7E3241D2C44
:1016000056EB0BA3CFB7D33C2B31236AEFBBBA2FDA
:101610001CD64BB0F18BFA53178D312ED85CB83FE6
:10162000A0E1AB6E4685C5170E234AD838532E74F9
:10163000ED9ED7699C9DE21AE88F400F3C37B95563
:10164000D13148A11613ECC8FF5AB9D94E7D5D3C83
:10165000005AA537AFD365E5F9297F9242E75B3998
:10166000A618D47EC34E4C07CB9544A90A9A18E21B
:10167000FA20FD0598B14D3DA70B374B364CCFC82E
:101680002865EE5B2344EC1AEB34D3EDF361E12AD9
:1016900006E6C4CC46F03105322100575C454DCEFC
:1016A000E022FD1B7FF104FE3744DE2AFE4737F4BB
:1016B00032165210DB5CC24A17402045E545EC1952
:1016C000FBD5E42C2E3645CC63F61C424F2B301D47
:1016D0004F401EC91A27F3222911D2FA17ED3150B3
:1016E00010E9CC4042401E29D4455A4013E149C676
:1016F000612A223E4E63F60C1DDF7117CC6405C1D2
:101700008EB1FAAD225CF5A2D6DDB8365E4A065738
:10171000D7342DA1D0F7653923011BA1089FC2A59D
:1017200055011740B32055D3CD523C1568A6B7A537
:10173000ED25E5D73BE161F34ECDD4FA1433362FD6
:10174000C42EAB0D183DE2FCEFFF094A7A4FAA4CBC
:10175000BFD11EBE2405859EECE031A4C91AE3F872
:101760009AAE18B30C5D178166733B05ACC7CC9E6F
:10177000443F62F3E32CA83A48AB5AD8DF28CF1095
:10178000B1AC47700C3FF97F420286A44C403F0049
:1017900029524ADDC70CB3200B69022A41F9DCBE8D
:1017A000DD38E6CE5F38390217D5170B4A4FF2E421
:1017B0001E2E622A62642E1E4A1DFE617149C6F405
:1017C000B7E4D1432970053F2D5B76D8BB24E09A5E
:1017D000DF302DF1E8BF3EC364FCCA10D45225E0CF
:1017E000EE02491F296F4915043BEF4EB563D557EB
:1017F00089FAC7299ADDF7EE255AE4F2095C6413E9
:10180000EDBCB7D3F4CB1AD1DF08642D35B43FC19A
:1018100009563651271FD5E71E4D0A1E55303BF09D
:101820001B0D3D2D4DDC44A4983ABF44144F2DD4DC
:10183000D6FAC3C1302AF121A0A6ED5F61BE111E08
:101840002008FE25DDCE40D25800BAEBC8CD34F3D7
:1018500042ACD6151127DBEB8117FEEB9B55240D0F
:10186000A0B2545751C4B3363585F00407DBD649CE
:101870003E2AE9260BB62BD9C0FE72CCC846F36BC4
:10188000E2A395491A322FDFEEE5ADB7C016D1F0CD
:10189000E0F7F21F18214E2EB8BD13AC23260F55CA
:1018A000B37138BBB2DBE0311E4E3314A3DA9F3C78
:1018B00069B9E3F0ED0E8BB7DF40454B4C19F15B96
:1018C000C6213C1FBC31FB032B15CD05F11820F8B8
:1018D0001DC33532EADB312CE0274ABADFD351E0B1
:1018E00013F3623AFB1D36FA2F2AA032E949561942
:1018F00015811D47B50AFA43FD08D72416CDBAF362
:1019000052294598E1B7CEE60D8D0E44FAA4F0D6E3
:10191000FC2F33E1D924F3E9B50DD5A8E616291D2E
:101920002447E90F05E415DC45FECBE005AA282D88
:1019300040DFEBB90412E849B24981D7BBC9D7AA45
:1019400021D2FF0F17DD1931E42519E8F606E1C0B1
:10195000D02A9D0EEBBDF9D3D59F10E1D3C0ECB0DA
:101960002CA3070F504CEFBD0EBFCF06D72CA6A35C
:1019700032AED1ABDDBC962A193FD02AB9230FA7CE
:101980001CD1F49747206F0DA9A5EC25B634F2B70A
:10199000FFA28E73F8A96F1371A5DD3CEB81A361E3
:1019A0007E9DD058F6401FD36969B0F007186F6369
:1019B000E197E46E23FF073A9957D7E5267BDDF7D9
:1019C000D2FB485496031EB333393926B1BD34B225
:1019D00046512EBF344279E1CC0D4F4771FEF02DB8
:1019E000283549D0CE04EA9B9EAE90ACD24ED69319
:1019F00029ABD25DC6FC9223313B1C16A396CD13B6
:101A000081A775B2BF17B8ADFEDDCEF80B200AD6A0
:101A1000B6A8A53BC40DF7C916EFEEE48EF9E19E1A
:101A2000EAB8B1BCD4A9CAC8FDC2035F49BA9DFFD8
:101A30000BF40F562D551ADBDEC3D03EF0C0B21B9F
:101A4000BA1D40AEE6D90B3939265664352690D5F5
:101A500040CCBD4AC0B5DCCECEA4BAD7F051B93522
:101A600024CCE623C7A8E413CC49550BC432A34EBB
:101A70002FA7E31A2F4BB801CE94C0FDF1FEBACBCD
:101A8000EFE3AF171132B4C104103BA3250936FFB1
:101A9000A142BE8124DE09FBC48BD4D2CD429891F1
:101AA000604332DA2F4C37F88CAEF6344172A8B866
:101AB000F3E1F260B4D318365D6BD9FC36AAF49426
:101AC000DCCC20DF171CCDE4221803522CC8AFCE8B
:101AD0006F1F654E4E9B48415C6B9DDD0814C646EA
:101AE000FE6708271C0FBB6829B5B7D6F920290A5D
:101AF000E56BC7FB0A1B16051763F2D677B2F3A393
:101B0000F3A461C5DB2CD320B419F4E90C3D17B85C
:101B1000DFB7F6380DEC0722BCE3E215E014D93C40
:101B2000E6FCA510B24412009FDB084E1601F6B881
:101B300053C850F91242AD240EB72C2E4D7F5915C3
:101B4000F5CA90611EBEF5A9AB9FE12927EBF847C6
:101B50002AAF55B7DC48D512AD35D40BAAD91EF340
:101B60001355D2DBE4F4E4FD51C516F24C051AE03E
:101B7000DAE022D82500FCCED6C41EF35CF234CDC8
:101B8000565DF99C1359220BC0B1374C31D220BF9E
:101B90000FEF6D0A22FADBE0C20CF8C3131E0E151C
:101BA000BA3629E638C61C37C7EC3FDB674500B6B6
:101BB0002FE1B6480845F33F1842150338A8E13D28
:101BC00048122316FECC123A6237D31D1360DB2A6B
:101BD000061F201EC1D8F7452DFE5A1E1CCEC0314F
:101BE0007F5DC3431CE53556D5EECA1024D143FEB4
:101BF000F4C909192C44D24BFBE63037EAEDDA6917
:101C0000EBE2224B60ECD1BCCEF6EB595B63E62CE9
:101C1000FA4763CEB0D71404F82CE91F1CD8CF0CB8
:101C20002104FEF009C311ABC608DC66ED034B3D91
:101C3000F54556F5D74F06EC15B75A65DE434C33DC
:101C40001B0FEBEBED4B3439C7E61817FAB7C53C61
:101C5000331D11D2CD33623604DDDC7FB8BFC7E857
:101C6000DB06A2234837FAA5D6BA46AAEDD90ECB91
:101C700019FD230D462B2559EE1DB95BC3F029CA6A
:101C80006DE7E1FD8D2F3A5C350579274637ECD3BA
:101C9000151D3110E50AF2E723EBE6B50CD4ED3B58
:101CA0002CA4E3C556ED7FBAE4C8E0DE34C456AFD9
:101CB000C1324C05D2EA8BC72D292364EEF5244CA2
:101CC000153BCA3E36E9FFBDAF4CABEAFBE1C4D0E1
:101CD00021EED967BA201B513C380EE7E8D5121423
:101CE0001A301DF05FC708F109E228A6DF03F6CE1F
:101CF000EDDDA0DA4525160450EF4528FEE5125E1D
:101D0000F31D2EB0E512F9594311B944DB6BDC2702
:101D1000ABA9D1E35FD213E7B29D3581FEF9B2BF23
:101D20003A58EE1C01A05DD1914DF930F21D2B20E7
:101D3000C1523C92AF48ABCD3F9DB89553FFC6DF33
:101D4000C0DBA4B9061A451E1ECA1010ADE525BB9E
:101D5000ACC02ADD9EF19CAF5D97CE34132ECECE63
:101D6000F5DC522DB5AB9754A8361C9B2153F3CF0D
:101D70004750AEADE42010EF45E28BBA365E5122FB
:101D80005F98815C60C69F8669A0CDDBCD1609A1F6
:101D900005F2F4C84AF0FC33ABF4B51724EFB8E908
:101DA000A5870613B0A7B8BDDE5DEED7E70740D024
:101DB000C6FCCABBAB9D510E181C531243F3E2681C
:101DC000A84FD24930DB0B4ADF5B19C7ABEF39D1E3
:101DD000668EC1D340FB509707ACE834E45FB8246B
:101DE0002352CAD9B8546552D0671808C9503D4D1E
:101DF000C5D9C75B6FA61CEB9434B63115B59DC031
:101E0000D521B539A3ACFA3467F54723E2FB2C00A2
:101E1000C0D5E2222EA7F9C845E3525DDA3DCAC714
:101E2000D04CE612532EB24552161FB25BF536DB8C
:101E300009A9E576B71836D899F704ACE2B9FDC51B
:101E400001B71D034B420B5EE2E73140FA02D6496F
:101E5000D84D6A3D303FBD40D820E3D02B37D7B8AE
:101E60005E9F23E8D894365AC42BE414F4A7D81EF6
:101E7000A8EBACE3BE5C1BF30ACF6A250C1BB27F58
:101E8000E54E39F6E84633D85D510AFC0ED0032FF3
:101E90005917D31BF0200A60A6309B2867CD18A2E3
:101EA00043CCB03ED734938CC4BEE6721BC1164CF3
:101EB00034A5E84544DC8D92373C20B311502A5BB1
:101EC0000B51290892A574D6F644AEB90B38ACACC8
:101ED000A82844E775F625C1DE4538D11EB86D57F0
:101EE000A7612D6B6F6E2ED1D0F71DD73ADB35F978
:101EF000BF6233E7A2B7CE1081223BA556EBC62CBA
:101F000030EE27CFD0B611B0D454F12B31C2099D99
:101F10006316B16D8CF1BFC7E437E5C350CB08B38E
:101F200043DCB842B0AFD9EF19DD1C8AEE0E8DFE4E
:101F3000244EA657F267589F5F0D1C8EBE9FE8CEB9
:101F4000BA0084B8EFC60FEDE1EE47DA507F4F00DC
:101F500035D569FECD519B4A4D71E5C265B6A9B72D
:101F6000F005A8F6A5B5C32FD593D933D6F6FF58FB
:101F700017861DEA8A1FE26AA8BEABA4B78B1C5F56
:101F8000DBE1D9134B2B9208D34D34F460D52025D7
:101F9000080E460C5A3BBBA911BD254CF3F0F06C62
:101FA000CF23ABD0286726C5D1234A6E1BA0A2271A
:101FB00005EEB84714A11743288B9876F1E7D3D5DF
:101FC0001D57BA37B0C82D04B6E492936350C7AD1D
:101FD000323910A5A88195ABEBAAEA045143E30F6F
:101FE000215A412E88B6E2A7271837FC0D710FE958
:101FF00011D75639DC4BD6025F0A59D9FCDF55F5AB
:102000000E342CED07FED3A5264CB52A26CE290B7F
:1020100044CDFE1F2E0900200FFEAB1E1CCC9FFFDF
:102020003812D3B811BED038E003F429ECBA4656C2
:10203000CD36ACD8D258F6CB4EF2F13FCEA537A074
:10204000BF15E92210BC40FF843CDACE3E0A0DECFD
:102050003DC05E2F29EBFEFE573EE0F9120232D260
:10206000D2E841FC16BCD845C121A420117FE1A6CD
:10207000AD6BC3C9FB773792F79D1AEE262552DE6A
:10208000A7440E06395708DB1C6E344D160A1CF6A1
:10209000ED65AE69DDFE40CBD1BC9AAF240AAF2915
:1020A000A3051819EC530DF006AFD2215B3E06A133
:1020B00022F067DA09E0A0BCCB303569F85112F59F
:1020C0000CF72D0017FC41B4110F15DD30D41AD8D0
:1020D0001BB6F8B11ACC2F1E8140E4CBB06FE612CC
:1020E000E8EC11EAA448115AB862619A092638242A
:1020F00096C2F3353B131E431ED3E8FED0BF2732F2
:1021000019E167381AA6C2F7F4446DE17F04ADC93E
:10211000A10CD3F6F5D8FB85FC1892A962D4F791EF
:102120003732F1B75114DCBCD383CCFBFED6FBF8BD
:102130005D910525D84AA65C6443B50A99B3C128C8
:10214000C9EE477444F06A5A205F2B8E459823CC21
:10215000CB3DA39B1FBE3EA8AA2784ED23F9D845FB
:10216000D1F1F21A0F171DAA9E5AA128B301F0A7A8
:10217000AE35036EC8B08D1365E9629D6EF650886A
:102180001C69894FF8193A30B7530C585E902C31BE
:1021900050DAFF17BE1776D717A6329861C8920D8E
:1021A0006BCC019934A71EEF64AFF0EED2FF99EF2C
:1021B0002C5B65044733A239F48FA542539EA10CD2
:1021C000EE3D2BF149F364EF8B5F0323A995A9AB97
:1021D000DCF35D12BF59301E7941EA1A6307C4353A
:1021E0002B4A3A50673EDFA1D3577F23DEDF90733F
:1021F0004E64EB013ED0C5DA5C481FD9ADF45A6B92
:10220000DEE9F474192490ADAB6BF22EDAED12E92D
:10221000607E6EBA0B79049CD35774642AA159135B
:1022200017E70425C40B3DB0810DE05D1CEC451B98
:102230003CF09DA90A62AAC154A206312407AABD96
:102240003D452C37D26A5A48D3BCC164A0F0C700C0
:10225000ACB9E2A7BB2B4548AE434A6515252D080E
:10226000955C9104B2221D230D64F3F128E3CF5055
:10227000D2F2D8EDA22EE10B4C4536CA4942A9CD87
:1022800033568F1D49EF14E2411144CD01F25CCF6A
:10229000BFCE62A66CC8B325D44A21BAC3B304D258
:1022A00036C5A5A651C9C3A1000E62B403D1F87FFB
:1022B0000513F716BC9AAABD4641ED0C2EB51A2E91
:1022C00025D1E81C48B61AFA0B0F12090F2A311053
:1022D00059FB4208F7ED2E2A071B9FC8CB5121322C
:1022E000E14E1ED94E1E3A113156C1F8C7D707C369
:1022F0002D36CEC9C3F055335731EFE504210FC455
:1023000010DBAB3F1CC7B35D4B2DEC590E02C53241
:10231000FB77CE653F50F7C0519767D8FF37135012
:10232000593AE052B5B8B0D2225DF174EDD5993684
:10233000C72813D989133CDDA290CE34D45E99FB13
:102340000612381031129ECC9F54A1EBF7DC00EB43
:102350004535FB44166CF3759FF5F62A21090E4F9F
:1023600045CEC906B9BAF6E72D167CC4EBC828F6E7
:10237000DAA6E3F704B3440AF99B04EC56B1157FDF
:102380003905A1D6ACA45C3DC8F2E099E2052FC1A5
:10239000FEBC71F0F64BBD87C8F1920530EC376397
:1023A000BDF6D05EC613ED2CED063CC1ED28CAD2B9
:1023B000C1A3B4BC8109B44AABDB513267F01FFC46
:1023C0003443B6D4365A95BF27026BE356A6C3C131
:1023D0009748C132E001031F1BD7FCBF2CD5DBDCC3
:1023E0001300CC31A8282AA54AE900B2A414B1D51B
:1023F000488C9EF3FAC8B306DDE14A26D25F1E97E9
:10240000305ACBE35E256A31CC48B11904F1EE05B0
:1024100049A8CF456C968A718F433EE04575AC3A2A
:10242000DA495C048248DCA5EAD6E9B5348B41EA96
:10243000AAF9EA24CCB216FF4FA53E406810DE0E82
:1024400098CF3B5DD00DDBAE89295E468C0C4A1AD5
:10245000D381CDE6BE16DFC9BE9CE2C11D55F12574
:10246000B059D62B3076CCE353E7C526BAD22F1A13
:10247000E21459515F24C8EBD9E4D4F30D0E1A4588
:102480001F194237D4C849CFE10A08FAD89E2F61F4
:10249000149F931CA24F532F2FFA6C4A7F9FB0E0DA
:1024A00060A9464A1659B9CEEDCF0716953DA0C58D
:1024B00071FCE86E9FF4E0B905EEB3CE47484C1BC3
:1024C000FD4BAB490FE41F389CF4FFFA921FD8551F
:1024D00065081CA2CAEBC462D14D51BE4E0ED90B89
:1024E000058EF4D1EE36DE9726DD64E6D9DF5C1D7D
:1024F000EE7D9CF29140C0CA29C9EAE2F9171DBAE3
:10250000A926C9E8FCADF54DA214B0C0B8D4DE15BB
:1025100017F7E8E9E7B1C3A20B4DCF01F1EC2FE7C4
:10252000D222A9A7D53289F1CB43DB2CF14FB01BC6
:10253000E0FADF26FEB1DB4A140E1C219D21EAFCE5
:1025400008960816838646633AA94781FA5234678B
:10255000C7D421EF12DE010527C42DEA0BCBD1B978
:10256000F4BA47F4A5A1AF9492EA17E10B1828E357
:10257000981306322ED455FA02A9E16AF82DC30A3F
:1025800089B5F20E24F711F30DCB4FB3441A231D76
:10259000CC2C2AF381B4C764120B07E3C508374D6E
:1025A000CDE9BAFB0CE9C6D5F65705ECE4DAED52F5
:1025B000AC399FE32D101EF1C400D8F0AA41FD37BD
:1025C0000E05F93637DB49E8D2C7F1D2E40D1329FD
:1025D0000101B516EB2BF733B05924F8B4F6450DCD
:1025E000C6F40C01C9984BA2E5D3D90AAFC528148B
:1025F00043E72C01F4210B4F29BCA1CB341DB807B4
:10260000BD29D91DA00AEFE427E31AD90001D81289
:102610003810E028622FCA12C92B3FF5301207EE9E
:10262000B3DC2522403E1545F1D008002FD604CB5F
:10263000419A19F728EAE1B2B5FBB7240C1DC50A87
:10264000204A1BCC29DC21EF4847DB20AD303B1D65
:10265000F1C799BD81214245F6272F120BBD99E99B
:10266000D1BAFDD7F047CDD1179DD73B54980C1464
:10267000FC12D6C554B69D26DE4B1BA90DCDFBCE54
:10268000EDE40B1ACEDBFA1C19CCC922B6EACC3623
:10269000442CDD90BEBFC630D0FD4FA64321F9E7E4
:1026A000D1B9C40621EA2633E5CEF33831A3133974
:1026B000F604F4812BFE34F2D7B6EC01D6E434DC18
:1026C000395606FDE04FC057BA0DA219EB34E98B1D
:1026D000F6EAF5F51D013CC10EE0D118A2A99F2C28
:1026E000254212C6C912F3E8E5D51217AAF1EAC6C7
:1026F000092BE2CF0EFA442333E5FCACCAD4E2D175
:10270000F2CCD3C19BF49E50642E129027F947302F
:102710003C2B5CEA407B16C70FD4C63E0DF62B451A
:10272000870F2D814FA6B518FC510039DCE02AAA8D
:10273000E67DE053EC065B56B00F5EAC1E10CA0F90
:102740005B3D5A3DDC57C12EA3A306339F9511492B
:102750000037FC2E4159B1B5A65587C2B5DFDEC39F
:102760001D445616FF923C0002C4F636D99743B07A
:1027700002F6F11533C4CB21D0AD4EFF90603DC3BE
:102780001B2B128167C400B43D0E0DE0DA9443B9EF
:10279000CC38F3DFDB9E0647D241F5E9E725E42C90
:1027A000C34E10F3BED8AB225251DE2B69480E1730
:1027B000D1050B3421121A2F5865301C2F81271692
:1027C000FADCA3A611AF3BA1DDF6DBBEDBE7B1BBB4
:1027D000E54B519F133A9BC2FC2F193FD6B64FEAE7
:1027E00000D30DB60DF091A1CAFCC6FBA45BF306A5
:1027F0009B466C2702263AE8B49BDE00133858AF9C
:10280000220C37D0DF0C882509116823FD6EFA17DA
:10281000E9D8EB0904693BD2049C29DB0DCF90E099
:102820001BE0C821FD3759C3BDBF45BBEC22471B88
:102830000D96E881DCCC98CDEDF0F3F1E002A5CD6A
:10284000A55C1FE70252D941FB69BDCC02384DE8B7
:102850003ECCF325A9D55B5531C23A109440A8D996
:102860000EDBB9114B070BBE46A246D0F8AAD230F8
:10287000CCB4C0C4588DFF0A301B08EBB80AEFE98E
:10288000DC28E74EF8F336236631115A273222F35B
:102890001EC61EB445CDE7FFD79B1B08E6BD9A02B6
:1028A000C7E9D80CE5307FDFE8E3E7F15F69C6E50B
:1028B000B5E0E5D82ACB17A8B0F067E807D72B35E5
:1028C000C61EE9CDF2CB19E36C2EA7E0D502C4C039
:1028D000CADFE2AACCD2FB0B2D3D6BCFAF349027E1
:1028E000CE2B48571D450E73183A2D3522E6091B8D
:1028F000DB16F3C52527CB47CDCD24E9140B1E7B72
:10290000D3001C5452541F6B0EAFE02D1B590A4EBE
:1029100023B623600E134E5EC4B7FEC4B80118F58B
:10292000BEB901C51E21D011C617EF24ED4EF6E544
:102930003DA2EFD0150107B45BE7FDEC0FE7BC103B
:102940006BEFF25CE3EADD261E3347BBF044EB4F4E
:102950003BED2D276D320BD7DFE4AD493B4C8513A2
:102960008811699F3744CA9911EE5A367F2226345E
:10297000B4CE6162445609EF23AE1FD755FCD96A25
:1029800078ED4139A52C22C95DE4F1EC6663335C36
:10299000190CD9C87FD96B1DAC973DDBD8D4A8FAE8
:1029A000C64931E84C141FDDCA276A40DC2FEA8D86
:1029B000B6F3380CC6A5F4AFCEC903C55D75C1FB2F
:1029C00053EEFDAEDCFEA637FCF9C6322DA9014A56
:1029D00052ADD35010346542DC115EF2B6DE26E80B
:1029E000D5C9BC9BF42C0CA2AE0B61C8E032F00D33
:1029F00069F9CCB7FF97AAB84B3ACBC3FFF0F5CA39
:102A00000ACEDF31D91A1D0B0F0AD7CC104CD1E7F3
:102A100012D0E82621524F25C5CAAEDE3552E92430
:102A2000E0ADA7ACE6D34617A2F0302C03B938537B
:102A3000A540EBC8F2B32EB506DD08ED30E6FDD2B9
:102A40004EB761CD42DDD11A4BCC2326D744275D4A
:102A50002CBB03C2EE5C1156CB423AEA0506E0B746
:102A6000FC026C0A0348E69F7FB8F3EC33B422C43F
:102A7000FFF430DAC29C3A517334AC4BD5311B179A
:102A80005144D146DA36C208D2225823DB22052629
:102A900022E8CE2AF9B25DA497C6FCDEE7A5483944
:102AA0003D0FF5CCC92D15E716132227222DBE1098
:102AB000D2B82BDFF19EFF2C2E2942BED0039B55AE
:102AC000E1ECDC08D910265BF7FE25D48C2D3A54B6
:102AD000DC06050C0CDFECA7C30CE2F5381C20BBB0
:102AE000D81ADEE6B109F53BDF3CC5C2C9EE2C8B36
:102AF0001BF2B72DE13881FB3724E411F6CF476094
:102B0000150C31CAF701DD2A50DC25095F563DE37B
:102B1000B940D149F7A5FECAC91EDA00EBC23CCCC8
:102B2000C8DED8010D2F1BF12FF9CA60253EEC3706
:102B3000F6D80F4953F5133E56EAD05107B5D8429F
:102B4000044DEA2E19DEE7CABE14E6DBC3C011E568
:102B5000DD34DD2DC2E60DAC725B622D2034E20265
:102B6000220DCCF7B399D1401D29441ACEC5E9CD29
:102B7000C0B02ED108019EB15312C13E81FC0C00A1
:102B800016E8F8271651BF11E3D04BEC211FF25A7B
:102B90001A63D7D2C2E84149DA875ED207F6EB4B17
:102BA0000BEF5BD5F84962C5E2F2167F21FB0E9967
:102BB0002EEBE3F71927C1EAAB2333414E09A9BE37
:102BC00024143CE4B9D220F3D470214AC2ED1EF89B
:102BD000CDD3FCEE1D1C6DF5E31DFC09D903F9DE18
:102BE000151F39FA15C42EAB6DDF1FCBD0B5F9FA1E
:102BF000E7A4C33E359EC2FFDDFBF29FA1FFD719BC
:102C0000384F312D5037C9010B0F6C6BADE01BA84D
:102C1000B6FABAC1743CC58D9C765E92073899CCE1
:102C2000F91A2B3B4759CD06AD35F279B9DA23991C
:102C30008DC9F8DC45FD86AC27E15EA8CE9FEAA8E9
:102C4000B3F72AC4D62345102F6236EFCAAA9C3A9E
:102C5000EFA6CD4B7DBC59AC9EE5A5FC1BD0E9C1D0
:102C60005BF85F8D988581F6642412B3249DCDE0D6
:102C7000EC1D4FB9BA9DBAEA634298E3625B152432
:102C8000010BA3EF29C8EB3775DB0432EBCDB2A6FD
:102C90003BBEB800B7E930E703D3090D1112230595
:102CA000C218014CD66907F94F135946C5CDDA222F
:102CB00011AEF707F21648E8EB5C7D42DA4B1C7761
:102CC0001A19C669320F8D06153836B58B045B3775
:102CD00012811C18274B2A213CEE2FCD2253F936A6
:102CE0003320EBE7B2344C3B30F45C1644CF0CB1EC
:102CF000B540315AF0E6B2222F8E472DD3BA9A6AE8
:102D000028D2BAE8282DEE4A13608B48ACB60D02E3
:102D1000E2E6394588949DB45E20A2110F0E190594
:102D2000E4DC04CCFC06052A085A2720F813A73057
:102D30004DF110DDE1DC2E3C33F4A4C5A7E753319F
:102D400007839F49514D1FE15D9B7FD252CD1CEA05
:102D5000D115211CD7A9F1E5C0D2A43130DC43BC88
:102D6000DC17460FA5B5FAAD347CF71AF24441CA18
:102D7000C8E15EDC220CC13BD0A5B1D0C15133ED1E
:102D80001B190E0D0C99BCBD1919DE3D49933FD797
:102D9000D00DF234A764E10EEEB34346E555B339E6
:102DA000701EC7BD556BF281E604656E989CB33A00
:102DB000A5F6C8D536AE2816FFFE25A8B61071DADE
:102DC0001F4A03BFFA1D3266B4719E49AD4DDD3313
:102DD0000F2CCBF9A5B61B2357A2C4B72E83D8D886
:102DE0001112334B4FA00A2BFAD853DA0ADEAA0984
:102DF0001EC66704BAE7B70B5BA09B93D192B31AC8
:102E0000C9BEF0D40D32376D7F25A723CFF7AF3A77
:102E10005AB6D4C782F492624738FCF69FFCBF844E
:102E2000FE2442A42CC6E5094642D04EDCDCA604B2
:102E3000885F1E1AED42F065365AC9A1E5B1E2E697
:102E4000BF24E1DEC199E3ADFE3E24C4273AB72496
:102E5000540505FEF848BF06D5FFEA1CDAAECED20F
:102E6000F858A08C4D2E22D3F42FB54CDCDF15DBA7
:102E7000E61CCFFF452D40D2E745DEBEBFD840D58A
:102E80001752BEC4CEF40EB52A1D5056E407D92100
:102E9000FA31E1BB46F1C6F9E0F85C411D14A749DF
:102EA0004C253DF918E8181DF6E3562D4CDDE20FD0
:102EB000F328F23DEEF54F3737F67F4100C3E51BAF
:102EC0000DD6C6D64A1235260E04E84E3409D5482A
:102ED0004A25B64EF72C0745F7321FE4DF2EFED108
:102EE0004044BEFBBE2C301FFD4057F302C7CD2C23
:102EF000B2D900E0044009FF2AC1CDE52DC1F1D2CD
:102F0000C56BBDFF2946C9B92443369CE8F72201A9
:102F1000B39F41A9C092CDBFC4C281CCD2CEFB9B8E
:102F200059E43CBB2B44FCEFDD52B3582247C1AA05
:102F3000E84AD7BBE5054D02F15EF7CA221AFD91BA
:102F400014B1345553CE4E44C4221148BD6225D924
:102F500055E5271EE534FFFD63E7C6F2C2C0D12A5E
:102F60000DE9C9140921BCC35B23F54510112634B2
:102F7000134FF34101161BCA0898FA9ADD65D9462A
:102F8000B41BBA571616C4010614FCB37FD806EC5E
:102F90004512E6D0ADCCDBFDDDDA4C1434C5772D1F
:102FA000A34E231022B93FA84AD0A99B37A861C8D5
:102FB000BD07CBA17B86E1C26269D6C9308412F419
:102FC000A69140030A17EC8142958EFF77DC03211E
:102FD000EE0BE475E468609D2A21EAE917F41916FE
:102FE000FAF60F3FD98E2609B31148AF0F2CEC0724
:102FF0003050641C8D6FEBBA47ACD91538082B26BE
:1030000019F0BBFDFF0F1570F5149E7FF36CE20104
:10301000026EA53F2136260528CE322112B10EF1CF
:103020001AFCD65E6431F1D3C6C1D4F648F3A8D6F3
:10303000F7B4F120B810CC0A0ED2DB470F17D72F08
:10304000BE992A1423571EE4130ECEE3FD0440A8B4
:10305000C7AFB48BEBA53BF213F442CF40035CCA7D
:103060001D9F1EFEB35AD4345307EABB464430D4E6
:103070002AA6D0ECAFC010B022C545AB2FEAF7208E
:10308000323A37A79BBDC2A259B8C4AC555BA75111
:10309000A5E62532930401466125FABBCB017F41A9
:1030A000CA42BD963AC64A4106A4BF55DDF367AB96
:1030B0006FE35E4778EAE6EED5F938C575BEB4B27F
:1030C00045BAD71721FE6220CAD6DD48D006374C54
:1030D000F846690E4BABDF8D6FD11B1E5ED1E15CF4
:1030E0000DBA05480144548E4AF09CCEC94DC561C5
:1030F000FFAFD760ABFA36E9B6D52D09C947DEDF99
:1031000020EB2360AF1B7469C9CA9708FD9ED05C91
:10311000DA6744360BD6256142F768E6A0D6D67545
:10312000CCD9EF1BE71A4253683A4D455E1855E675
:103130003AEC6EE1A97FF7A90C9FA64626FB7C001E
:103140003E2C2B9715F3943261012306F7D8EFC874
:10315000C5D94BCAD2E5AFFED0D85352EE28B4F849
:10316000240BC4CD2A38D1D9F9F3B96A1B0A2846F1
:103170009A075FCE23540E61CCB31F9D3A2EC31A1B
:10318000482F45D9C9EAC5D900544C29C65DE9F490
:1031900063FED600A626F3BF191FD2BD32DCE4348D
:1031A0008872281AF9B6F9F405A848C3E3A81A5298
:1031B00016ACCA8BCE4F9EBC23041D5216BE874848
:1031C0004C537F46ECEF401ABF369CD2B0BA622C0B
:1031D0004A2CF3B3213D6C28E9184DC3DF5395F910
:1031E0004ADA3511006AE3235E93F6A1E4C0C00613
:1031F000AB5D3C2743A488E408D500F9E3C9FCC9CA
:10320000962FF4E116CDE1014CF02BDC5727340268
:10321000EE0924C826BF561703A7C7DDDCB7D3CFF6
:10322000F8C7B43A06FA1DEEE1D4D33465E3D60DFF
:10323000811FBA10018AE199D4C503D5DC0D25BEE2
:1032400035FFFE29C51FE82E5A1C1223AD2C4B5703
:103250002B3C9BE546E482139C3774130EAEC3FDF2
:10326000C75955042A3FDB194DF046D0CAFFA14C7F
:103270001A12D0C92BC82F42EE09D2F9DBE130294E
:1032800040F02B2DD03E02B7C6F26C40133809BC7B
:10329000DFEBFCDE0C0ED20C8F1E4EFB453107E639
:1032A000CA7D084B1F5A57C4F2B7C13FFC651BF1DA
:1032B0001CCBD00738E7CE02BFEA1903D649A528B0
:1032C000E230F5E5375405FF370D023ADA1D3FCEFF
:1032D00048851536A5B81EF3A4FF6CF98123B518EF
:1032E000D74255EF563EFB66DD1CDAF4152118E394
:1032F000D20CC123E1B9151FD459C8CA05EBB0E0FF
:1033000091C5ACCA00302938EA5005506700BC208E
:103310001F0520DE5132E497BFC9C34A26AFAC4C2B
:103320002AACC802A3CBC4C45222230BD41DA9E3E8
:1033300036444A3721302AB5E946B63E0B9EED07A2
:10334000071F034FC240DBD205D3453624BFE1A798
:10335000E82E06AF26C443635D53C9B122D2E1F221
:10336000040BFDD50BBE9A3F84FA0727FD7F61331E
:103370001761F96108E8D9F940D15BC2E2F522FC96
:10338000EFCA46B7D72913AF3C0643A8ADABC6E397
:1033900008D75B880801FDF1FAAFC638314BF3015D
:1033A000DCD4080419DC3D24EE07E4F4CEE1270A5E
:1033B0005135D7D2F8BE371BC7163FE839B863BBC3
:1033C0004B257FBC1FD3DC5365F4BCFF515FF5096F
:1033D000CAE3E756AFF243C7AEDD49BB4703BE9F22
:1033E00016224323330B2B20EC1623F2090E2ACA94
:1033F00015BED6999AA8E003AB550CBB59BDDB2787
:10340000C3581ABD284909264244A9E6116C3A9FBF
:10341000E69AADBCE5EBB8B99DD3FD916ED0B2CFC5
:10342000E9D45BCB04DB37EC56A281AD0CAFAF1116
:10343000E024B4E7152CFA64EB0FE7D791AF0C3B0F
:1034400064CEB4FA10B5969AB68F975AD442E96012
:103450002EFE8579A25222D7169CA7335337A51D7D
:103460009C55C917940348BEB812B7AE99518F82C4
:103470001B301845CEFFA6EE3886AAE92A30AD0BE0
:103480005104C82A202A13C33FED4D46E2360D45AC
:103490000544BAD2FA33C1C499EEB48A27FED39E4A
:1034A000CCCAFC29EABBB0C2A3D84D0ABAD6E419EB
:1034B000573F48AFC6160DBDF3E0A63E4941EEE0CA
:1034C000FE1D4A01CC3D3F24E1F85BF9B75C4F2378
:1034D0003893B7E62A172B6AA7DE170CF0EAAA4141
:1034E000661010F40C162936B93010FBD60E7F2763
:1034F000F32FE5F6D92711C4D359FC0AE86618D88A
:10350000B9D935D8D6F93BF64036EBB0FDCB1AAD7C
:10351000D7BCE6029B3FB6FBDA3CCD0AFCDCC439E3
:103520001BEE840D16EA2F10CD259B0A1F1725A62A
:103530009EF222FB250F06669BDDBDBAB92710F36C
:103540000349DFA0810C55B8F00FC63DE9CE0BC68C
:10355000D5C30FD9F3FBFEA522C410C9E0ACE0012E
:10356000F103ED4F06EB0E1EB448C9302C17C9DA33
:10357000C11BE3BF239333FFF3F1BA4ABE20E1B787
:10358000D19AA45B06AD1B9C4F676DE714B9F6EFAB
:103590004189C6CD33DBAC9EF2718D6B0AC76E9A42
:1035A000A1449FB5154E0DD425CEE4A918D27216AC
:1035B00027ED2B1681102AA2571117071FE9655E08
:1035C00043B5B6377004B0FDDE3229F50D5155DB39
:1035D00067B613B412E237546A1791CFA95A6CF444
:1035E0005214F82F964FDED3916830F824DDAA5C90
:1035F000D1FAC4F44EA4C3C3CF065D06A93555B3B2
:10360000A107F60D974D39A8D6DFBE940D23263BB2
:10361000BF3336C129231EDAEFB240B1DABA155FE3
:10362000E92B3E0CF9B42D333EC01DDAF5A3DCE8DE
:103630002717572340CC19F4B7DA07E43A698D27E6
:10364000BDFE092814F69A203B3D8E550E160CC679
:10365000FA9106C9E516181B8BA21C11D0B5905221
:10366000AFD84C523845152FE981CD2FAD30379763
:10367000B18C0D1D55B3F7EA2FF12F3828091A2701
:10368000BF3363464EE962A79EE8E9CDB75ADBEE49
:10369000816B06EAD792FA4F3A6830B50022416A48
:1036A000046F3FB834AF08C2C62B35394D593A2E96
:1036B000E659150CB95596E44F36ECDAD89EF7600A
:1036C000F04419E238B1899E422712B190652C531B
:1036D0004561D6B53903393CC59BE806EB401A680D
:1036E0003A6A05CFAEFCD2E545532F429892408D01
:1036F000395CC1CDF2EB489FCF4D5D44311718487E
:10370000C2BCC76EE0290F5E950FBC5476410ADD3E
:10371000A1E0D04B430F23B7C21DE824EF2C273C78
:1037200007E224D0BD4F4FC01FAB59EB14ADB8C456
:1037300064D8D03A024981D7DB3AD7D707F54F4151
:10374000F2D42020D8F9C0E4513ACA2138FD31170B
:10375000BE23CC66D15F1DFDC9BD3DDAC152FF64F9
:103760001BFF18D3C3C5E3B1BCC0192521B149B7AC
:103770003FC02429D1231FBEAA4D5E0C093919C8A8
:103780001FC81B4334E230DF9742EDB33FC61D1D17
:10379000A6F05F4010DC25FFDD912413D84DA3F681
:1037A000FAF7045A3E584EAFBA1F53541AEDEB19AC
:1037B000EFC32E58F6DBC5E5033ADAFA630815695C
:1037C000C70D022D403B077D506A9A181A36703893
:1037D0000F2243FCCFFE3369EF6EF5B3B63EB6FE63
:1037E000FDEDDDCBAD18540C5EA9F8D4F1CD643AF3
:1037F0002C02E9811038E9371FC8C1D30AE5B1723C
:10380000985C1BE055EB3FEEFD0641F34DFED8C43E
:1038100047F56F470D19D418D7AFDFAA1448AAD3BC
:10382000B0E7E4FA3935C0D3F2B4B210193ECFBADA
:10383000DEC0AD480CFEBE0FD82B7F2DBD25414606
:10384000D314DECAF225E4FD11F70153BCE045F3C1
:10385000DFCB314B3B1649CDCD20E516C8FD0236F6
:10386000F113E2E13152E769B5DF351856BFEC03D9
:10387000ED36C9BA1BCF0869E1D42111E3CCD123BD
:103880001ED62F14813CDF0BDADC22DFD2D32ADBF9
:1038900015DBD7C90F5638FC999523C24D17F66230
:1038A000040F1B3EEBDE162EF6F6E7F60B3AEEEFB4
:1038B00028DF3ADD48E40EC6940E2DFB0027BD3309
:1038C000D03337113D3EE3F2F5F394EDF53DC9C237
:1038D000B9D905EB99C62DCCB5200D30A2D5AD0DCB
:1038E000AFF6174137C13C0442D0CAB4EDE2FCC484
:1038F0000B3318F82D0606FA505A170BE7F7BB12D0
:10390000E6FD5E21D34CFD194F8BD71808EDF04C26
:103910004B64403D091C9D16B253593768CBCC2BE4
:10392000C9CCFD1C0453FE385BD9B807F8F9D8D2CE
:103930004C18EBD2ACD30664C1730EC9EB72F12301
:10394000BE11D8DBEAB59B9B1FC2031F6581AE4C3D
:10395000F5143B89E22C5752CF580F6697F89D0813
:10396000A417F6400CF528D211CCF63CD7C435305C
:1039700006EA49B80E324BA758FAF2085CA7C39F73
:1039800031FA1CDEE5BB429DD3264A39E1F435D13C
:103990003EF60AE9E71139A7C8DFFE150B31FE35FF
:1039A000B905FF465ACBFA102D26170CF05FF3C16C
:1039B00001F9EADA57FE02FC81205E31B5E92BCD30
:1039C0002CE3F812BBD01C05F2EF8C6500F3DD4F41
:1039D000C41A232701C81600E82D7AF85198B9D1E6
:1039E000A30910F6EEDFF123342F0A04CD3FABAA72
:1039F0002F36BF24C9ECEDF7E6F3CC432EFFA5DE4E
:103A0000EBEAB9C0A82EDF5967FDB521F6F229F619
:103A100000FABAD03A0D01F0C1CF01205724180F97
:103A2000F7320106045B511A1F45F6252F1B47414B
:103A3000D8340BFAF0BF2A1C0015D023067F86C0AD
:103A4000022447F1C2780ED85D55ED18B60CBAF8CD
:103A5000E5F62EEF2FE72CE6D1C4E926F1F727266D
:103A6000CF2AA354253506D8D8BCBB11D83AB18586
:103A70001218C6A1C79195D94163CDF0EF0F042963
:103A800016C22ACF31A30D2501142D86B70F05CDFF
:103A90002795FBB336B9C2CBE4F3E23BE6B43C3541
:103AA0001821C3FFE130043FDF08ED0149C9602B55
:103AB00032C1F5ECAF5169D7B2F4E1ADBECDEC81C6
:103AC000A921CD1406EC43F3EEE723D75D34CEBB3A
:103AD000BB00F52F0A2CA3B1CAE6BD0040B6D6B78D
:103AE0000CE9D545FC29B75BA0C1AFD5D51B48B8BB
:103AF000B3DF4BA45C5B410513C137B31A09F85619
:103B0000E3683C129EC930CF33E722A8EBC063D7ED
:103B1000B108EFE3BA08D831E2D8D4CCC073882713
:103B2000CBC808ED27067A03B21A5E2657F5B022F5
:103B30005A614696BFDE21E3D4E6386AFD061E1BB5
:103B4000081DAB4B464826D96A0ACF5A1E089E81EB
:103B50009AA63BBBA7030B5EB85E1FF560589E6834
:103B6000574B353C2F5D11DF63CDDB4539C84F3CEA
:103B7000BAF3C2E0A212C52CD4D41BF6FEA5E1F024
:103B80002B4CD6FEED03D77410542AB1A815BD31C5
:103B9000E224FA20F4A3B0FD7CCA3EADF5D3F817B9
:103BA000F2DB02EB17A9F61FE32AC1071DF80C6E22
:103BB000A3F4DE5B1B12CCD72AD597CBFE0AEAAC66
:103BC00027EC260F4AF92B37279028971BB2D09F56
:103BD000C3352CDB533600B8275682C007095D1E5B
:103BE000BFBA560189F7A099F35FF92EA43BD4120E
:103BF000ADB205EE3ED503F5F9A959408116E50DA4
:103C0000230653D80537DD97D8D640354D4E44B7F7
:103C1000FE1CE3C1AD2145DDBBB7FF05BA5940220B
:103C2000ADDBEC530F137F324712D1B7AC44EE2A11
:103C3000A9131926EA2B25C7AE0249E0D214D208EF
:103C40006A1FF4EEBFF6BEF9D21D425A18083F05AE
:103C5000CBB1A9FEA63C322391AD52B5EBAB17CC4C
:103C600024F7B95FCFE3EB526D160F9A31CEE71D03
:103C700030E60C0E3AD7F455584AB8E744C3971AC1
:103C800068F93904022326AC4114C5035E25F015FA
:103C9000EEA058463129F9F81A0358C4D20AABF7F6
:103CA000DD51FF37BF77494CAFEF4DE63B530EAACE
:103CB00061FD23A10797CE1B3BE730F244F2B9D355
:103CC000C6E51CEDABE9B6CBABFE1BD4DC1430D89B
:103CD000EC3809EF3A2E424A3B9B57A8A2ABC5EB02
:103CE000D5AF22D26236337F39242F3C5200ADC487
:103CF00044D5CED72C002AD8DB7D2210A4F64C1256
:103D0000BE0FFB211A41E3DCB9FDD8F7C9C7171470
:103D100006F60F0730EBC0345AF6EE322F445FDB65
:103D2000E5F500269F0A814A263D09FCD0E0E7EC34
:103D30002648D528E32C2DE9FBBACA0EB7EA2E0D8A
:103D400030A9073B40F23BEAB6C14FD51C2CDAEF55
:103D5000DC000EDD4040D53FFDF8FBFEEDC3EFD1AA
:103D6000061BCEF40614BD021F0E0E0CDE131FFC44
:103D7000244339274D3843D9E8EBF61C8DD318B4CA
:103D8000C7D808AC5F0147F92C9D94A5FF20430BD1
:103D900021BBC6C0B035F2B62D6DB5CDCD22C4C99C
:103DA000C221F0B72B1918EC60EDB2062DF130CD21
:103DB000B92BAE4410E4154EECC450E2D5E56627AD
:103DC00024F5DB5173D638CE03E64E29EA9DFEC8B2
:103DD0003C31373002510713E363F2B973E453E324
:103DE0003CD35488A91D2B17FE51C3506502A7CCA4
:103DF000A37F3EF9384272ACB5AD9A30CD2ABE14DD
:103E0000EC4FB638FCFCC2663140C837DEBBE0542C
:103E100029081938A4B91F6A59DED5DA3C18C2EF4F
:103E200023D13021F61613C91444BCD8AC589318CA
:103E3000213091DD29225B3FC216080ADC20719FE8
:103E4000C12303FE419010AC369129DEEC0DF0D970
:103E50004222E7EEEF12A0993467AEA7CBCC480A16
:103E600061472DD202D9BAE4141C3B5423FC57E21B
:103E7000F2EFD8DBB2CF3D14E281CE91B200C6A4FE
:103E8000520CB045CDEC3F74F471B6E9C36A38D535
:103E9000E6D703562A1E115B488108E651E030A0A0
:103EA00050A8BDF4F2BFC2DCA1B5F7DFEDB53C66AA
:103EB000E2D32C4C352B50A8ACB4DA90D225A03FDD
:103EC0007311EBA8F01BDFFA4B97D227656F43F90C
:103ED0006003DB2CC6A6B25C1128EDFA080B512951
:103EE0001EC72E25E8AF158DB459A4D371B16698BD
:103EF0000BCE52A296B54456A86AD2B35AE44752A2
:103F00001537CAE9C941096E0B3BC9CB0B35305493
:103F1000299CAC93F7B3FE50E966CFCD5313F73924
:103F200096C35EE401304B35B6CB02549625B732CA
:103F3000E8BDDC59E1DB6FDE744E27B33CC11DA345
:103F4000A61AE9EF1C517D60812603356140764554
:103F500049DE1AC1FBE7B18628296D3A1E1A789A04
:103F6000AE064CE929C2ECE73855069EDFB7AC0F28
:103F7000BDCFE7C29FFEABABAC9AA183F7041A2179
:103F8000343CADDCC6A51018323D1C228AF645FA39
:103F9000D9AA000F66F90B3F2E7899CC39AD2AE8E3
:103FA000D5E45A0DC60838EEF91BE4BDB84C2140E3
:103FB0009F52CF07D23100A5E99ECBDA85FD2ED5E1
:103FC000750728D9DD1C3658FB0149A1D447562A6C
:103FD000D513C5E081E7890B1B1865E024DE3E158B
:103FE0004267ED1136153332CCC3DF3BA04ECDBE58
:103FF000CD00443FB46406CC90851F59B4321532CD
:1040000046FE0230193F06B25488E97322B0762F7B
:10401000CDC6FC29ED55CA55BC2F9FDAB7B3064A69
:10402000F933905E045CE60B360E0BDB05B7A9D9BD
:10403000B862EAF7D80CC146D5CE3E0F085EF355FC
:1040400019CF007F653D4DC3C654D4053BE24C44B7
:10405000D61F00C3E7C84B2420B597C031650817A9
:10406000D33828A81AD9B1FBC56DC759B527A2689E
:1040700095A660E6B577F2ABA5A91FFCF4116C6BB1
:10408000D6A61E81E343CBC2A6B1CDD3EE33E7243F
:104090000039B0363F131ED241DB94272E3160C465
:1040A000440EEFEE0FFC052E612A0FBB71C6ABF17B
:1040B00010D6AB0AC34C7C14CDF5FAC81323FA35DD
:1040C00024588A6503C9C144D93C40E5ADC4D11622
:1040D0000CC32043D8DDD00BE047C9C9CA03BD03D8
:1040E000E25AD4F822B01A5DD06849D006BE0BC29D
:1040F000AC3340C60A525EEDB1E6AF48C157C702C5
:10410000DED71B3CEC3C492CF7752C497B46160C42
:10411000E043455D19C50A223B3C205AEB233EF89B
:104120002FE3F9419F0551E3FB03183F9A2E3168B5
:10413000E06C13470CF66C350711030FF23E3E019D
:10414000E8CB55107FD9133D60194C301DEA573824
:104150000F0322EB4953B93CF0F11F050F27426AC8
:10416000DFC53941FAD3DF2F420D2D10312D19074C
:104170005A1C6915E764211F17245D6A3DC1023688
:10418000212B21BBE3491CC2D9CDF139E81CD30254
:10419000E3AE13A9FE4FF5E2653B4C4FA724C59A49
:1041A0001124012DC9ACBD252D3257D3065340D45F
:1041B000C3471521F832D412DEA5B7D7F7BDCCE13D
:1041C000D70956DE3105D060A3991EB504DE54121E
:1041D0005C10C4C4C7CFD6AC4A08202349AB2D1A03
:1041E000142DC69DD3A208B6035B1B51A645EF1242
:1041F000F649591593FAECE5D8D6810209342BAB70
:10420000CDB26E53CAF93A0D4BB36810020C265B5F
:10421000E5F756E11314F0394918D41AD0AFBABCF7
:10422000EA08B8BF25DCCFD60BB1B8ED3CE2F555B6
:104230004F02ED1C321B5ED2BD45E7B6F137D0FA16
:10424000A13331C9BC43CDE43E5E5BAD4B0B29BE0F
:10425000EC530A656F0FB681CCAF207013142EBDDE
:10426000F4ED08653FEE18EC01A404D8B0610055E8
:104270005B1ABF20C6459F45A355FB1FA4011141F2
:10428000E74FF1674A2CFE0C0CA63CC3C3E1683B28
:104290004CCF1B6DEBDE1CB74CF3273955EB43427B
:1042A000460DC2C93F16BE6FFD347A37B0C1C31385
:1042B00038D204B33307BA1AA941427F7C31AFD652
:1042C000B9F7FA11441907F1E0090ADABE1EF1093B
:1042D000B95AD49A110F4E0FE562AE75422EE1D352
:1042E0008EB7BE5043BD620F37C6BFBB522E4A27A2
:1042F00069EE530227A49BC4241B4E31A99A2A0EAF
:10430000E328D54A18294EA6244047C153E8CDB525
:10431000CE1A5FB0E3DA472232C326A6B2BCCDFF85
:10432000160028D5401D392BFE043A0CDE4AC91D63
:1043300048511742A1434BFECAC858C39BCEDCB8B4
:104340009F0536FAA2551608A41F07DBE2190F5481
:10435000022ED9AFEE413D3E4FCF25C67FE4AB38AC
:10436000535144CACC12D44FE72AEF511427089E68
:104370002AC0A137C8592DCA1F99E34C69BC56C041
:1043800042BCDABC5D4544B77D222C680DE4E441B3
:104390009F2DB0211669A2BCFB19697F5D9B7893A4
:1043A0008D01EFC2C4D8A08814A92BA75DA819C39A
:1043B000ADD55AC6CD6862C317E28CDF29890D6F6F
:1043C000F6B2680A0EBB0A49329824B9556629220A
:1043D0004F52DFC85A95BA6A25B254355ED8A847FD
:1043E0001DB7F7BC767539BDFA4B54A542BEDC2A21
:1043F0006AB266925584A4FF143FD78A36AFE54D62
:10440000C10B6AB79709F7C2D346B438633FD14CA2
:1044100046BD39D4A89D58BFEA18104050BE294067
:10442000F538BCFE4281D96590B514F36526688DD8
:104430009FB3FD22749EE523B3E0E0CF4506A43789
:10444000199C199DAE55134B2916B4D8152920B2C5
:10445000C9D432E759D64569B9C94B4BAF4808FAB8
:10446000F950FD63DA9EADD116C1C688613BBC48E8
:10447000A41D2B5541054BD1CE8CC84DB3C9D52AAF
:10448000A4EA27DF01DD13FBD614E7A028A0C1F6BC
:10449000051BDBDCC4FBF110E406B92642DB151872
:1044A000E5E63B270EED073C42CAE8CED5F7E9D456
:1044B000EBD20714E04D170D0D0CA2B1BE1E0CB3CC
:1044C00011BEF6266226E9E3FF01E8171F14F61372
:1044D0007F23FAC33A5EF23E6C2EC4D94E36D9041D
:1044E00042E1C3BDD51FB3239813C34AA6B91CF735
:1044F000F13D21CFC058BC95E4093EF422C90FDC40
:1045000064BA0D04F969E43A19AC25EECC17D35E10
:10451000050AF2FCEAD224DE14F9F7EE5F18312422
:10452000DBB0473E143DE44281D7B8012559C08A2B
:10453000E2BE15FB674335221CF7254DF103AF455D
:10454000B8C529CA104BEE47E545BC6C2448C2B437
:10455000AD09A6DB58374458C7BF3367C82248C5E2
:104560001026E53061F14A58D3EF34DFF8E4131A2E
:10457000D3F910E80CA4DA6BE5CA06EBD158BD4EAE
:104580005CC04FF5B757D6353503D9AD1F2FFDDFCA
:10459000E3444357B8DD4AECC2A3CE52AE4C2CCE16
:1045A000A5EF0144E51815B232F059DA371FC354AC
:1045B000B6C225AD611FD1D4AD30C8F52AF9943902
:1045C000A84808FF2C73D52B54FCC526E641D9E139
:1045D00055491E7FBB613B5E57D825AE11F1EE4AAF
:1045E0001DDC352469D85B18B0F53CF74DB2BBF241
:1045F0002DB9934AEF94DD06EE1DC7D751F5C537A7
:10460000427466AEBE1C1A92F6FFE0A556B9B06EB3
:10461000BDB1164FE7EBC135E7AF7933384365CD10
:10462000D4B6EBDAC70D5FA1C2F33FCF4013AF039F
:10463000964DE9F0250D6EECEA21ED64193F537BB0
:104640006CAA51B64E0421619EA38272CAFC165B0D
:104650005150F8B09BB1D84F9E1406BC20A215450E
:10466000F92E7F533A0BD23EF072E8CD2915209FE8
:104670003ED31229416D2F4FA46464E8A131C69D39
:1046800094DFC61D2A37E3C28CB7C0CF1DE51003E7
:104690002FB291F0F3A630E2CB4D0F53FAC2290F9F
:1046A00037AD2844BBECDBC6B8520008F9B9B3D823
:1046B0009821DB5F3D4A11204B07C547D7E1BB344A
:1046C000B9BB06D513A2C6A8F0BB2028D9DDB2EC31
:1046D000084334EB0120A03A9E092CFECDD6202BB6
:1046E000E8AF1DC9EF81DC95E217D801CADC1230B2
:1046F0001D236002B4DA2CD435DD3E0B281D08EAF8
:1047000023D497B236CEC11528B2D7D4A7B1CFD40F
:10471000F0C83DD9FEE8EEE3123950CE1A813D11C2
:10472000E0E5D9F63E1EB927125AC8FFFADB28FF8A
:10473000D8C3B2F50095A9FF21BD873C204EAB58E8
:1047400049E8641B42054B90E5CB066A9ED9473980
:10475000402BF150A0EB39A9128AF5ACFC19C5EF3A
:104760005CD05C38D3F9435709D7080B0087F6E8CB
:10477000E041E9060FC7D0BECED9A32F4741F75479
:10478000A46316FAB6F925C4FFEFFBD16C20CECF97
:10479000382AF65C24D7B8361CFF191F36E804F116
:1047A0004953EC0DC2FEB807F4B33648241703A6EC
:1047B00047E13F39FE4941D81E4AC8096B062366C6
:1047C000C6B5813E14AC6464D6C4BB30B3A5D60E66
:1047D000E4391DC9D049A02E22E019E1E2F6DBE35D
:1047E0000A3526C9B8F25A5245D2FAA34CBFF1088D
:1047F000034150DFFDB245D1CC5F52D5FBF12155CD
:104800000D4B2164B416B632771BB3C60B585D62EC
:10481000E04E6454B465AECF9C28EA24C1A33D2089
:10482000B82FBF43451BF5450A35F206B0F0E9DC69
:1048300068FE19CF2AD1BB1393AD88BA5F9C2308B9
:104840003111D829815CD3AF659E0C572BFEC36B09
:104850004A4EE049038D48EF49B3979ED44C6738E0
:10486000015D9A0A4FD4514149999EAE7B3AE014BA
:104870000E9B9F256E1A9C63AADFC9FCD2D13C22F5
:10488000B159EA3C3AF5D7ABB25DF7591520DC4493
:10489000C4EA09C151110892D616436038FCF1FBF5
:1048A0002FC12307C90D12B24C18332B3DB4EDDCD8
:1048B000BA28E94AB5CDAA3D605CFE286835B23B0E
:1048C000CC9A510C30E604A348A4FFB4D7CB252DD5
:1048D0004A27074376DBC4C7AB72032130D9BBB08C
:1048E000CA90B5B50A81EFD4C0B7D6164BB21865D9
:1048F0004AD214365DCDF4A93AC16E73F4D2F647AC
:10490000B500571B5EDF247F25B53AD8EAA2B19FD8
:104910009713EBEFD523FC585CED12989BCD4D031C
:104920001AB50E4331D304843FBDDBCAAA5521E436
:10493000B1E9C9CE2FB5ECF71E5DD21F0BFB17B541
:104940004B17920B09CCEA5BFCCBD1D90D8B2038ED
:104950006807D3FAB65704425E981B14C33A3AF775
:10496000A9E735A54BD4C704D0505600D68C92DEAB
:10497000573618DCC83E583C08E6B90D3CF7F2CE75
:1049800012C0C7CAA4E9441ECED7FD38E2F3A58100
:104990001DDEA8ABB8E9F006332D2CBCC8F0F152EF
:1049A000CFCB0DB2B1DEFD1D2A1DC9B44BC5A52864
:1049B000AEC61C0DEECE0902FD129CDF220DE6E410
:1049C000D4090CDF254B35E4D8FB259DE455A150D7
:1049D000021FA73DD73D20FBBDADD0E9B888C91166
:1049E0002BBBDA52CABACE09C11ADF215F1AFDAA5F
:1049F0009454A7CEF11DC71843D10AE4DD3335EF37
:104A0000D8C88CC2CDE50F04E4BFCF44EA480BB14F
:104A1000B5B4CECEBCED2DBDDEFFBDFFF71C62856B
:104A20005B1115F4C3ED97F36823E004FF9E2C752A
:104A3000FF23C5A8B547FB463E3A1CE0B9CF502F2F
:104A400009DFDEA4CC0A0C51E3D52AF1670539EA67
:104A5000644218DC5A43E5EAF0DBBA1AFADC39EFB3
:104A6000F41DC74DD61BBCBBA8CADA029F02AA30F0
:104A7000B2392B5FC77FD6DD9D200A2E06F340A4F6
:104A80005011075BE8690BBD43CC1109B668A8A2B9
:104A9000F5209F580CD9A2EB9CDD07896419AB0265
:104AA0008858AC509C2B44EE5495167F6310F1CA85
:104AB000A7F8A205CEEAF5A8FB95C75B68D9A2299D
:104AC0001A12C544E1C540C143DE33583312060211
:104AD00004C6D7622958821719EB2061FDE6581ADF
:104AE000F51969CCEF61E4EAA5ADE199590603DA5D
:104AF000F13839D18769132104B64BCEBCEDDBE127
:104B00004DCF46398E05D62FC9ACC731FDB4AEFDA9
:104B1000F35BB405D355034CBD9E333E0E0494E5C0
:104B2000AA2C14EF460E11962833EEEDEB431EEF40
:104B3000269B12A25AB1DC459409E534614EE42269
:104B4000F8224B33E74A3BA039124941CF23DCA579
:104B50002715EF1DCFBC7F0A88123CB4CFDA93151E
:104B6000203CB0525436509804E9C11EDC0C320887
:104B7000DAD598F00D12E256B9FC238E4621DB40BF
:104B80002BD645345027AC11501709F031DBA7055F
:104B9000523F50BFC820EEB3D5B9A60F71E2250F22
:104BA00047C1D9FADB4D9C81B03F28A9C1B87891A3
:104BB000E34209914834C8AEDBD18AAEAED09E1430
:104BC000C9BDEA432855293C69FAF258B21260DAA5
:104BD000CC27995ECB5E776D1E6AC84451492D057E
:104BE0001CC731425843EF32D9D72EB6E822E9C963
:104BF0003B4E0C5F4B10F1B0411CE269E10F5FD2FC
:104C00009F3FB557C22AEE44263B3CF012D7D6B69A
:104C1000B20C2A47D9041BA9E5FFCCF3094F213375
:104C2000AD69320CA53D5BCA52F8EEC52F4144E791
:104C3000459855F0BC08BB3FFA22D32B153BCEDC80
:104C4000FEC07F3907BEDBE1FD1DCAF87886210171
:104C5000269634DC4400D0C922EC3715D015F33742
:104C6000D2A2BACDE24422D544B955F101C5D8E467
:104C7000DBB0CDFF9DB9E74D46F6DC0DFBFC5017D0
:104C8000D2E70D79A23D34D24DAD032BEA3CFAD9DF
:104C9000FA584ADEEA1341F08E81A3CC58E6D20ED0
:104CA0001E6517540B21672DEB0EC8EC4516AC9A08
:104CB0002A1C1501F5AABB070139733E4809C02A11
:104CC000AB0E58F6FC24B9C5D828A2368532301C64
:104CD000E2BBCD17D459CA3F9DBDF5E40938AAC43B
:104CE00091250B1149DFE7D628ECB6CA0EC0CD14CA
:104CF000F6ADF9355E1DAA69B82D4B8E0ACEE3F6E6
:104D0000130ED9E4A303E0BB06DAE508242AF8DF92
:104D10002F04EF532D67C506E1B30CFEDCEEB34163
:104D2000ABD54AFE485A5FF83612173C4CD6FB1BEF
:104D3000321A1110E2C91752D220FB31677F074C9B
:104D400016CF4A4C592FC4D5F2DDA2DECDC931E6CB
:104D5000009201BD020922CE89193F182407EA06F4
:104D60001806FDDFF50BF7C42DC02E25FFDCE0C0D3
:104D7000471293E4D9D4A74EE53DFD34005FAF2040
:104D8000E7DBD91FDDE004EE28DC5BE9D5D8ECD009
:104D90004B3526D344FBE5BDF4C6DFFD0C6EA6EE15
:104DA000FFF2C51BFA3E52F6E7E234FD4604E7CFB8
:104DB000D7242D3C061C153595EA7F3E37B5BAE65B
:104DC0000A3949433FF5F626E6C7B40BC8100A1E58
:104DD000DFA72A34000FC4CFB8F5542EB90DB03870
:104DE0003A62C757CFD5F020E2A0F8161CF6E7D0FC
:104DF0002C1ECA172C2AAAF42E392B4B0C39F02959
:104E00004DE92BA2E723621FD7D232D4AABC1005EA
:104E1000E3BE1DCEAB28AF3FF8EFFB05C7C3C432DE
:104E20001213581DE3252ED3603A250247C3EFFC29
:104E3000FF27F863B1E6F83374CE134397F625EAFB
:104E40004A514FCD481367D31A460DE55FB7C545A4
:104E5000EAF32B1D68502ECB56453E4050EB7F4762
:104E60000205D0C0E7BDC710B766E2EFCB163447E6
:104E7000C109D9BA270D1EC0FF9808DFB8004F43FB
:104E8000383E13F03964183E25A5A40FFF44284C82
:104E9000BDEB6E17AE103DBA79925F7FC7E5CE705D
:104EA000A996B46D346C47400950F1DEC8A3BED951
:104EB000F754274640CAE2095C5E0D4CD2CE35D984
:104EC00091DF9356E3DE156F43F7A306E6CD05BCED
:104ED000EF252BF8B61625BFC731BDC4DA52A6059B
:104EE000EADFA35D6B2C1F5ED24B332CF1BA32117B
:104EF0007DFFFFA8B7CF0ABB12B46ABAB23CD39504
:104F00004BE3F3EDC9CB12A338EF159B0889AFB57E
:104F1000031847A8E91D08CEECE92FCDB72C3C6556
:104F2000B3DA05F1162CF1E8D6FB45BF701540D475
:104F30006A17094531B3D193DA396CA8E840BC0B44
:104F4000B02BF4240F7F02F06A2DCFF70FD19E5AB9
:104F5000F7A3544DD2234B1BBF92FED1E7D327CBEF
:104F600061CFE5E82BFF13151DC903F204AD839C47
:104F7000F1CAC90E3CB2CF1D1F28ECBD26D5A29C9C
:104F8000D61FD407BA779822E3811D1BF2E0289937
:104F90001A57EC162BE304CA400181F843E4A2EF50
:104FA000E059E0E5D35E031FD9DAC1F7FB9110A405
:104FB00067AAE0D12111A435BC6EAE5CA2FCB93366
:104FC000454230E2321E1FE939DD478CE12461069B
:104FD000C8C3BBC5FF4B3D9C45BB08199368342E25
:104FE0005740D22528F6ECDEF9EE11361FAC4113FE
:104FF00025FC10B0C026FDFC232FA959B264C1E4E2
:1050000032FD01B4136B1B26D6140ADF5F4C1B2440
:10501000E8C0710A0CE9D205706924451C16E43217
:10502000390CDD03322E6556EF4352F3E9F0007F71
:105030005759D83EC7054834160B1C4346442665CD
:10504000F84122695322BBE6454C595324E4DE2C37
:1050500039550E1F363249E854F607B769FE6B42E0
:105060001E1FB82A200C4BF1DB7B4E223957083E1D
:10507000C2F4092FDD30333EC966497F55017804FB
:10508000232B1F603241D0A952CA572FB4E7B91C55
:10509000562ED00BD7C025F90722C36A5BB5EB5952
:1050A000F9C7D05DC2EDEB3FD60E4E62F4B2109759
:1050B000DA3FD9160B3E080221592E3D1EE4D5BD1C
:1050C00027A9BAFC27E9B97FBB2FD4EE37ADF3B9D6
:1050D0006B9CB0AE173A2726F102FFE8BF3C381DA3
:1050E000C09A15B2BDEECFB3CA28CDB2E5CE189A9C
:1050F000C3D7E3F19C2E1154F3E95BFD00FB8DED6A
:10510000B286AF50C2C328F0525CC58AD2E4AA2B43
:105110005C2DA1262D6864810FCE1F5164A0E69BF3
:105120003AB71697B81CFF67468DCFF5B91ED20A5D
:10513000AC1DAB9E6CFEB32714A64A5C06FD5291D3
:1051400015C25BEDA9F210F828DCC563A7D54D1A8E
:10515000AE620F69E81C34FA45EA8A03E69B56D230
:1051600039A898B54624CB29EBE6461DA9C4F644D8
:10517000394A4A1C9DEF510FD293BDAEBB5922D183
:1051800014CDD7FB4B1E3305FFE0D306B6C9C5F0DF
:1051900018DC3D2AE5F9CC0A0634C6E418AFC6D7B8
:1051A00017A2489181E6131C2D1FAA2435CCD8DE06
:1051B000F0CB12BBB5FD573913BFAC9A1DB404A98F
:1051C000B03694341BA94C99FCD6DED04844FFEC91
:1051D0000E3AE7270B0BB8E70511EA2E58BE094235
:1051E0004618FDE0EE3195F3C6510DC62128074F54
:1051F000A83FD44423421040391232A9C6CA23CB57
:10520000F8964354D3FB1603E9AFE54D4957E2192D
:1052100047012B13C92437151BD749DFC61AC7F21C
:10522000C001BF5EF92D13449CB9E603F6171BDEDF
:10523000E83439BDD4EFFD43B1FF7FE20EE5DF2155
:1052400013F5F8F4014F48C1FEFB3DDBD6C8E6225A
:10525000FBAAEE1CEA2A381E0D2B172AC5C1C74C23
:105260001D4CDF2C26D656336EC14B2B3D161BB082
:10527000221B2DE1CC34B31358F2CBC42CD20DF841
:1052800032752AE68145EDDAACF90B2A31D5E01307
:1052900030352DBBFDD8B9943B6C44E52B97A10468
:1052A00023C0EF2301E227121D53CD2ABB56F4BBC6
:1052B0006DE347B24AFA682CC70D510B350B356CBC
:1052C0000EF3D6AFE839080C5FC1FDBA1D1814D330
:1052D000C1CA01055FEE6FB7F59FD8DBB8B00EAA63
:1052E000F8200C5347E24839D8382D8816E1FFFCE6
:1052F000E6940ABF36B2A711C22AEB224645DB105C
:105300001EFFD1F5EC4B55462A715015FA48FC5456
:105310003F4646CA19A8F7D340571243AE0356C5B5
:1053200028CF03055745C94E4B3BA622C51B35BBAD
:1053300035F6B5282CD1F843F800B3D53530C7D2AF
:105340003106F2B7C8E7A312289E150424C18B6367
:105350001612093C59F743F1E0E5441316EA3EF70B
:105360006CC64EB1D7EB1DE9D23AE745E5FCD40E49
:105370003545DACE0EFF3408A99E4B07810104F6AD
:10538000F45DB98E1AC108EBE8FDFDED9A009B8132
:1053900045FF41C494EBB02FD362D500B7E616E7C2
:1053A000F9289F3FE4E2E32F401016E37DEC291E2D
:1053B000F8321AE4FA2BC84232CB47E39FB101BF5F
:1053C000395787F62322B275AE4501A422E32AC4D9
:1053D000E7161F01B6B2348A203A2DDD5C88F393BC
:1053E000F51B6C4AA6370323144423E5F9DDE5E5F4
:1053F000116FD14408496B5005129A483C14EF3F95
:105400005407A063BACFCF02EB023806D52533602C
:10541000D81340EA7FD706B0E405AFF5FCD6E4EB3D
:10542000290FE4E7EB65520A29221C0AE62AB71580
:10543000DDE55F56C4AF2C040303FA1F552FC4F7F4
:105440000CE3BFC447D50DB3AD33BE71FA28C21209
:10545000C1371CD90BEB5C5B3CDC17F356F7C3CFB1
:105460001316E800DA38E9EE1BEC3516D0D42C1709
:105470004A3CDB4715B0E728371C09E27DDC3EBE1D
:10548000ED13D1BE5D69461BFEC71AFFC44FEFE89E
:1054900002E4BEA8CBEFDBE5BDE1F1BE2FAA485F79
:1054A000C1B8C849FBCFA341E8492C0C5E5731B8BD
:1054B000EE0D8941013D3E0FBE1139F9D306F13B96
:1054C0000F16E1DA1D5941A92ADC051EDCFBB2C228
:1054D00030E1CD0B10A319B915B74D336DC108D507
:1054E000E2A345DC2C4F25E3339EA8A44F8193E033
:1054F000E2F7C3D4CA04E0FE4F1604B25DCE9D5F4E
:105500003C38A32A913620B71ADF40154B0934E8FE
:105510000E3FEB0BE1D8F91B379A153852DA855D4F
:10552000EEC108561C1D4648B23BD7C12D59AD1FD0
:10553000D30BA43AF2E92AD8B92063E5EFF5F5F6E2
:105540002F50640BAAB514E7F5EDA85ECB3C27FFFE
:105550001805CF140536F3F5FDFC339AAB1238E786
:1055600037EFC11636083E1CCFF3CAB1AB37B4963D
:105570001ECBD7F2D3AF417F340CE20DB719A33C59
:1055800004FCC884D6639B203740EB34E61EA3CED0
:10559000D34BA2F9E5A0AD14434FB26EAF4B07E574
:1055A000AC05D82A8EB415F5186083F69ACCCC6574
:1055B000F2112F28DC6CD05B7F17A6E9249426AE6D
:1055C000C32FEB1168A8C5F98DF59A3FD087EEA3DC
:1055D000A17EF445B6E9EAC26678AC9C66D4594F20
:1055E000DC092412E68A4A90D73E4DBE46E658C1F1
:1055F0002BD83B45A651E52E97B34C16B25EC5ADF0
:10560000D001285CD05CD92B5CB0C5202ADCACDA98
:1056100049F0C4FF17BD04FDCD1C244B0EDDF4A3DF
:10562000C8DDD2F344DD1B9F17B724C82C07B4395B
:10563000861C1C1E4F0C5DD5472A186B2D5B45F749
:10564000F804F0E10215D30011E1EEF6563825DE3C
:10565000E2B565D0557F67634115B7D5CD64FB11C1
:10566000BCCB1EEF123903E83CDE33F3333DBF0FF2
:105670009F21F34C05E838CED12439B04ACA5EDD0B
:105680003EB6ED090E26E6704AC8572B81FFABC423
:10569000C52DEDB63C47343146C3B1DD3DA4040C05
:1056A0001708A8C95E39BBE53253F3A1A6202FF62F
:1056B0003659A02EA46105A1FB6146CFF5E0A0C13B
:1056C000A8BD0AA7E4020393461331ADC5ADE42B90
:1056D00022A81E4F53EF1C07BDF76126E0E7C6F96D
:1056E000C5FF04F8CF0F489E001F57DB5B58EFC87B
:1056F00026AB212B202A393C1B1327ED50C70B204A
:10570000CE011EF3EFF8235196CD93DB0147D1155F
:105710000DED261703E6E2B217C0D9CEC2492AFD25
:1057200004DDD112C0BF8A553C14C4A70AFC9BF704
:1057300020E1BE1BFFF8325ACC1199F3EFB1E3E838
:1057400006F000168A8102A0BD05EDAE371040E5D7
:1057500041C0D3331FA88F2DF8EED4DE32FFB81B23
:105760000AA621FBAC05290A9AD72FBD9933A44A72
:10577000B3DFF3EBFBA5B0BA07EAE8F6F541CFCC0F
:1057800063F7F5A9A11BD5101D9AEFBAEE7C2BB5D6
:105790001319039BD9E8464742ABC5F9CCD05D9AB3
:1057A000AFD5486B94F4ECFE77B59DBA5610ADA01A
:1057B000A629BBE424414C45B8D163A181D4AAE316
:1057C00044A5A7B6255B99DEC8354839A5C85474E9
:1057D000E9CCE3FAF5442FC0420E17A9C642A4E46F
:1057E000E8D6F92607EC0120AC322443AEFA47761E
:1057F000AAD311F3E2F16C8CA076D6DF3370A20845
:10580000A7F691E710E1370C6D48F6F517AB9C58F9
:105810001E923500625C6AD216176E29127FFE0155
:10582000F2CDD394BAF1EA1ECD8F5EEAFD56A8BA46
:105830002520580F00BBC1E5FAD212A25A2E413FD3
:105840001F5F5663F11B3AF0F6DC725BC65093CBD8
:10585000E9044672E2103A2AA63310BC4CFCF20767
:105860000921EDC6EBF49F8EB34753B14A52D1FEE6
:105870004610A2C1EB408FB576F6B5349FA3B902AE
:1058800026EB04BFF1D0B5E0411030F0733EA12407
:10589000D1ECC070D40124B5C8F2E64621104620F0
:1058A000A92CB1E5E566B017EB1BE648B93228F93B
:1058B000281D342E3AADFC0AC7FAF1605D01046A76
:1058C000561F0CEAFF02FE07B6CBADFF9FB0575143
:1058D0000B110215522EEEEECA3E372FB77F024B48
:1058E0002AB7DB4D34E0E4B5E23FD6B20139E460DB
:1058F000E4BDE2DBCF2DFF21291216BD193A1EA906
:105900001818B2A550E2EBE7DB83B0D9B42EEAA4B5
:1059100038D23733A6FBD7EA14AA6E453A31C14ACA
:105920005781040EB72CC736B59E0DC54D3BAEC092
:105930002EE6013BC1121A3D4DBBA13CB75FD440DE
:10594000012FBA996A08F76192CD0164ECE7C04271
:105950002278ECC1876A9882CA5AFA1F3F5DC8193B
:1059600046313D07620B3B9E54C71F9A6ED308E039
:10597000F20C46B365009876787008B3A35BC01B41
:10598000904136FC49F54EE939F0F10239FF454BBB
:10599000FFE442400F22AC6905E5C6F6C8D24132A9
:1059A000DDFAF71838C919D62046121D7FD7C02C4A
:1059B000E0502DE61E49F312443E2AC3403E376DA7
:1059C00001B5034136E63F4CDADFCCA5113975CF7E
:1059D000440E12BC2E2FDFDA281DB023D5774332B8
:1059E000E04D2F07E3309427BA2AEE54EE061E2C22
:1059F000AD0308C7F6CF71160B01F1DE0CC8396D87
:105A00003FF1FED1B7C84A9F21ED59E4394FB84B59
:105A10002EEDC7051ED806D200CB112E0DDFA0FA41
:105A2000B95FC6230B1146E4153B2D7851222BA3F9
:105A3000371AC525F8B2AB3C00D12B4849F0B84025
:105A4000FA124B6513661B1B21B7C0D6F4F6C7F0DC
:105A5000FE811434DAD64DF0DBBB4D39F44F96A3FA
:105A600050D0BDF9FB0732011C95D20AE21C1BC2C3
:105A7000090E87340C9D811B0F1E46AD48F6CBAE38
:105A80002ADB295534EFC3D0E8FBD20E06F1E6E657
:105A900000383AC02F440E3DF120DF33B1D3F1FB83
:105AA000AAEA51E7463BE6B51EC0612CE35338062F
:105AB00026F77FFC0633E4EBF5DF38440058284531
:105AC000CC2FE653D4FCC0CE0F0BC4073C181804EF
:105AD000CAF3EC0C920056111A142D01BAC91136F2
:105AE0000ED0CB154CE956C43CF12DC11306F8017C
:105AF0001A23321CC1F12CB0403235073CBDDDE425
:105B0000B426DE09F2361A06A8C98A5326030DC345
:105B100039570A3E9EADABC043C698060D055A8163
:105B2000214E0047EA04ECE35959A49D29F8412687
:105B3000CC339207FD06A9C16D9731F024E876F7C2
:105B4000E5ECFBDC34BDD59A481792D931F72AC170
:105B5000452C441F63EBE1DB521A1E2B57E1021662
:105B60002B2CE282D6C49DD904BD9F1E92B80E692B
:105B7000DE1006D7302911FBA7B4B94ED4F92B0A91
:105B8000456492ABA850B948EEDCD78EF425242F9B
:105B90000A978ABBC4CB6EF84D29BF9C376CAD38D1
:105BA0005427C9024EDD99609D1972BFC66651C95E
:105BB0000EB2A141120238217A356B8C38BA1665C3
:105BC000F054BAF9BA077C9201E501DC2B8E191169
:105BD000E7952C666B3D6EC489BA48E812A618CAD0
:105BE0007BA86CC1EE90BE5FE09F6DEC38CB744A31
:105BF0007FCA33A68E59B0DB415868B6D8092BD47A
:105C0000AD06D936CE50FE0279635225BEB4E24BC2
:105C100020DF56DBDD0BFD143261A4BE97E097F068
:105C2000FDE3BF70670822F715F2B8230AFB635D36
:105C3000413A6230F4673A24F917EDB56CAB38CAD3
:105C40004781D712A02163E65235F133BADEDEC1B7
:105C50002F35B148F21BF4F75345A195B49C383663
:105C6000B982AB56CA43374A093A4E49C9010415AD
:105C700011A2F66EBCD06B38185625DD1232C2F771
:105C8000CD1DADABA5BDE3602A2E691A03409A9CD9
:105C90004D96F11FE72C15FEAFF5C6DC5930A93D36
:105CA000E60A2071D729A781F9503EE7ABD9E01861
:105CB0004BD523DEE371C41C23E8E66BE3EF1A4502
:105CC000C8DC2058C6E113A4E65D5B0C5202D5F88F
:105CD00094B84309D82112EBD0243AF637D0BB4709
:105CE000303D06CA441ADCC9F21750ED26CD3A0AF7
:105CF0005451B0CD19DCDE29F3AEEC659B1CAEC36C
:105D0000F71399A1C5D0447748B023F6B2DB3234FB
:105D100095BFB226CDD1DC2C5D063D63546AD3E637
:105D200000174FC4DCD4DCC563C008F9D72D294C5B
:105D3000E639B1C904B37FBCD947F2BCB8E406D197
:105D400027A1C4CB0ECF2CF83B0DCE17D10F33FCBF
:105D5000D676141B7524B33FD5DA52E504AD404E18
:105D600037E241D794564BDF4BD1CF721A3CED6DE1
:105D7000DDB468EE734204C8B404A9AAE8BAE9C75E
:105D8000C42919DAC23E1D47BD0A3BA7FAEFF20447
:105D9000DA0F0E3CC207D6D2C9612103A9151CA097
:105DA00046D7EC06FC3F22282C4B2AFFBC2405FCDE
:105DB0002FCA1E62EAE01F046DDFA1B21EE6F2B92F
:105DC0000696A05CE83360AAC128F9BA60EA0EB56D
:105DD000DE14FFCD08E90052E4A3B6AEF5D6D755E0
:105DE000F3812BACA2B5B64D233E4359A848E0370A
:105DF000F1B4322E12BE1B0714E6D766C0DBE6C034
:105E00000BC7FA0007101B162128CB25BCC31A1696
:105E10009F1908072CD4C1E563C8EB1807D5119862
:105E200019D33EDC130DD8F13CDD000AEEB5BD3EC2
:105E300003EFE342E2542E3D06EFACB7A281D7CD8B
:105E40001B349AD136A02CD2F5C850C1051730D7D3
:105E500023EB34AE3341E79D091E9131EFBE20D7CD
:105E60003CB7E48FF6E2ABD906E3E71BC324EF02AD
:105E700011D8081DFC194FEAF7ADE2DEF834E23222
:105E80001A26345E06E3F84698B0F3A5BD9BD247C8
:105E90008B5A2A8CE013C901C3F844D9A6C4E5641F
:105EA000A9172368DF13CFBE9E8AFDDEC0AF8C9E8C
:105EB000D318B820C5E8962EC7BF62C83CF582E16A
:105EC0003E262566F592B3EB01E7055F57C3B19C0B
:105ED0005DE50477C681A86CC13F7603ACACC1CE4A
:105EE000715EA15E49C64762E26439C10AFBD5D73B
:105EF000E14B5B3917A3D9021B1BA269F3F429BE3E
:105F00000C9BFD35E7DFFD81EBB3C7E807C7BC435A
:105F1000E8F2ABE49A0D3BB8F3A9CD10D1D306114A
:105F2000EA4C3BE714A23CF6A623DCCFC8542E452E
:105F300007DED3D1BDDFC2DDABB55625325517C75D
:105F4000583D081BEF0EA519115B0D3C1DD24455A1
:105F500025521CFC4D25C22411224A5441140D2AFD
:105F60000143F502B0D3F7CB1E09C7432B16B4B1DA
:105F7000FE38D6DF193E4DD795D33B3316B38BDAB7
:105F800014D43AFA982956BE1DDD323F4EE7FEDDA5
:105F9000E3CA16D54C4F0F1AC994D702DBD3DF5D85
:105FA000BC6126DE07404730EBF85CC0A3C7F81899
:105FB000610306DAFAD39FF4810C3EDCBF1015EAC8
:105FC0002937AB225C140CCFC54D812512CEBBE71F
:105FD000B72BDE22AC214ACDD7C7D3BB2DFD9314FE
:105FE0009BE9CD4BE5031923FAAA4D3C4D94CDA76F
:105FF000EAD1F7E5E511C0D2256139DDE0BDADF5A7
:1060000000410755CB52690FCAE20F32FAE95240FC
:1060100032C83DF9C3B54C520A06EC4611DF40C008
:10602000681DDC4A3EEAE53D430C4815ED01ACAA8B
:10603000C8DDC45BB936E44AF30BB6C0EE12A92D35
:10604000D6B133DC54C1D8CED945C663E5D6F117F5
:106050001CB635DE4A522245D825D6CCCFC612DA38
:10606000AF0E0F39587FA1B4B1470D705B0832CB2A
:10607000C9DB740A2FE5C59E54EB77C93BFD65F873
:10608000D42A92DE56D13DBD21E03A095E4E58B089
:10609000873679C7F38853C4FF81E1EA13CEBA1A71
:1060A000AF91169F21CFDF2F2B4CC397142C86DA8C
:1060B000BD69481D0703431516BB22C7ED88C59B64
:1060C000E3D0A74EC3956D5DBC94419BC0E354F4EF
:1060D000D5E81B13CFF846A91D29C9E5519E40F309
:1060E000FEC6251BEB0644FF63F54EC4C6D22461F1
:1060F00066FEA608996B3104EC38360602E1492A9F
:10610000FFF65E81C73D28465BB10126F7CBF1164D
:10611000E24AE1D69143C768C15EB4121AC42401B1
:10612000510BB1668353D90B06E7B7D923C6197C47
:106130003600B5F9ECD14897092FBAABA7F3B4EF05
:10614000335B8DDF23EDEAE5CA9E3C6259E94E2DB3
:10615000C9E98BEB54772171E6E5BCD62D5EE57A73
:10616000247B76505702DA8A6373710CB1B2B700A0
:10617000385D027F01F811575CD2625EF61DF9AC02
:10618000BFFEFEF3F7470F26ECB8A3C112B5060910
:1061900033DC00EE36C91D404D410141B8BCC61389
:1061A0002BB148EADFD6C40616F1A0D6BE28BB360E
:1061B000B7CAB1E7C84634C0123428070AC212FA77
:1061C000E62E81251F09E6B024A42EF0ECD31F2F64
:1061D000D8F628E8F92BC8DA0B19A80E15C84BE237
:1061E00050B5B5BBE4F9CA272202F942E823E71308
:1061F000C4FA49D9CB4425D723FEEEA50E2E33E7AA
:1062000046D90441A102E321D4D22A2C19D64ED377
:10621000483D57D01DFC4502B5D201D2EC17C7242A
:10622000F544BF3C3AFA3EB8CC9AD82BE909FDAF09
:10623000D0DA1CDB4012B4FADF3430C7E21D17E9B4
:106240000EF5CD10ED023B33B02D9A05810D16CA27
:10625000BFF5B5E30BE86304BECB02470B130F0198
:106260000FEDF1E0F516154A4CC84527D5C54A3162
:1062700028C0041006C8C2E9B24E3E1031FFC7E084
:10628000A03534D2A16CD20AA8C9E70E0F11E6F3EB
:10629000DDD201611FDE1B034721004F3D5645BE85
:1062A0000724672AE0C2D412E549CE14D5BDD6F141
:1062B000DC3CD259C4454C170A1B424F10F8F6E596
:1062C0004527CBDF3EF6EB00E2E34828C4B97FFB6D
:1062D0003F202D020F70EDF83937FB4E516DD95329
:1062E000D60FF6A403C1BEE8B5006716D02052EC65
:1062F000CDE002EDE466E59F15EF743CA6D63BEDDC
:10630000EF95BFFF6AD244D267C8119C191D21D0F6
:1063100026353AEA34EF31C34E1F034D2EEB430BC3
:106320005F4E1381BB99D90FE037AEE73A57CF05DF
:1063300039EE425903F528B24F499E1606E404A3EC
:10634000DEF147132AE2E402D1BC7131174AA72BD0
:10635000EB3E175148CE9EF8110151AB62A354BFDA
:10636000E7B6E0EEB69DD6DEBCDEE1ECEA78B42618
:10637000CA6B68583BFF7A264B48CF1AD1EA5BD2EA
:10638000A82BFE11FB5F05931EA333C29241472742
:10639000AAD05B00301CCC1EEE22B212F181D6E1F5
:1063A000605AF1FD13B55ABC3EECE21B0A45660685
:1063B000B4CFCAA497C559F13B5A539D01F1D103FB
:1063C0004B42B8E7AA41D3A78127E2AEDA10D6F450
:1063D0009082D2550B24DD09E21965D246D8C04B14
:1063E0004C7FDB381EEC40B3D7F909210F2805D0CC
:1063F000EADFFDE08B49484133054E14751515EF72
:106400007734AF400F03C1C836CB6145CF24FBE3DF
:10641000071B5046BE3C11AA00B5BFD1C136B5D44A
:106420009E28DE0DC43A56D4C6E1210FF556FFA2D0
:106430000DDD440E0611D412C91AD354FBBCAB3C7B
:106440005EFABC12E2F0F03216428A34B3EDD2CDDD
:1064500034AE85DF1ED13D338125230B8C20A02552
:106460000E2EA826B91A55E9F818341005C63312AD
:10647000BAB3C3C55288AFC9F82F46451A51AC11FB
:1064800096071ADDEEFF347F3A50EB33D04FCBF452
:10649000C5110BF89FA83AC1DCCDA50FFE6108B469
:1064A000E0CF673EC4FDA528133C4257BBBAFAC5EE
:1064B000C19019C065F1374FFA08100B3F461433ED
:1064C00046A200D96DD33DA8A801D8382998E2E2A8
:1064D000040ACFA7EE64C8AE4B240DF0123F0F4163
:1064E000DDCD2823F51ACC3CE8E39F5D899837B1D0
:1064F00002E6FEB2D6AB0A074116E4CE4DE04B23CE
:106500000D9138BBB6A84AEED8FDAD34F6B4E830EC
:10651000ACC0048C4B4A2A254950591C9CD7F7BD66
:1065200015B765F660232014D53EC8BF19CD81AEDE
:10653000311B09070FC3C7D62B5792103ABEF2E39F
:10654000F0670EB4D265420D551C67AE634BABE2EB
:10655000742BFDD3A6940AF3D930074A5E73C8BBE7
:106560000F531CE7F71049EF9AA2C7C559F6E43F4D
:106570003809BD2F9D4D6A6849C4A0D349D404ADE4
:10658000FC4516573B3C4B34C041180CEAD806BEBC
:106590001DE2052954425AB2DDE805DCB4F0ED03F2
:1065A000ADE8E7FFDE2201DAC61BAFECE6F9BE1666
:1065B0004F4CF241EB2007F3B5EB7DB3DD48143CC3
:1065C00049F7F82DED65DCF10EF5B627982FD00CC4
:1065D0001EFE1A01A25C2DB5ACFA2A391BBE2E395B
:1065E000AC1345D542EED97F650413D4BBFAF71638
:1065F000B7F0E3B70995EC4CF624C85F393DEB4D95
:10660000E5AA12CCAAC2C64D3BBABBCC50D50C559C
:10661000FBB3A03D0D002A613134403654101253B3
:106620003E39EF3DC2360B169D773919D9FCDA4950
:106630001F3FD455187F42C74ADCA0F65B431E5467
:10664000216D00F232962F02C39EBF2E27CA4A4AFE
:1066500011BFF6A3CC47BAB3AD5D03DC1AD71E3128
:1066600000D3A670C1F8C1DFC6F3E42FAF21D6086E
:10667000404B77C9F2DE176E54C54DADCF57E6E5F6
:10668000F51C1CCEF1A7B31DE3E2050CEC8D2E2406
:10669000FFD52F392A33D019B1123AEB32C7CCD4F7
:1066A000153B2A2E03F42CEEE308FCAE4EEE5128E7
:1066B000112234CC1EB00F12E0E5AA9408170F1A6D
:1066C000F10B40CA9D52DFE52BD31EEF2217052E9A
:1066D000B596C835D0F24ACAA82141E581EFC2E398
:1066E000EAE1FDF347FCB5524CC9DBFBC90243D2DA
:1066F00006E32ADFC5FD2752C925F9284135AE3A00
:1067000004DEC1B455221435C63EE8C7E3C7D5DA66
:10671000D434033D3CFFF318550BC61CB6D7DC3010
:1067200050AFD5E2B900C134D250971EEDAC19512B
:10673000E2DFB1CDC2BF40EDE119F3E4F20051C197
:10674000ADE5C93026E6ECE013E53919B933BAD323
:10675000342AC2BB2427CECD630BBB374C000A2E94
:10676000F8F109B929D517C081F3DEE1361534A750
:10677000CB29124BC0D7CAFFD0E90626D4C05F058B
:106780004C48C43319EBA05FAF2BCD1FCA46DFE2E4
:10679000E66E01DBBA2EC448CDD1790856AE9E52C2
:1067A0001A1F39EA68300CEABDD865B2E1BDD9D804
:1067B00077A4E62269DC1DE656DB62180179FB1935
:1067C0001BE7A9DDDD3FD0540F4339B8CA06028765
:1067D00025C110E4C8F7E634362024661413BC1C27
:1067E000D633C309CBF603131EFCCCF01BD01267C3
:1067F0004A133D3729DC532911E21E81BD3F5A0F50
:1068000081C632B9E08EE13738B7E3D6FBD2A4E9CE
:106810009656563FAB49F4C05919AA35F68EDC3B63
:10682000F743583A26ED10213D4151FD9F46E105C1
:10683000EF49FFBDF64DC068D761AEE607E01CF535
:10684000AE1595C6BD5AE30C05F7D64B33E8C44DDB
:106850002947B797BA0B11EA2802A6A51D3EE847BB
:10686000B9F4E8BDE4D1E2B1AE4EE7F21DED4DB1B1
:106870004102CA25133028D623EB5A36666030C74A
:10688000B1E7A109D5BA54DFCEF2D5F82801B2B3E9
:1068900003C8F0D3CFE013E60304EF02BE3AFE0FC5
:1068A000F1F807EBBE0306EFE50D36B05349174E7E
:1068B0001C0F186D04FC464ACEF6E42623E851F27C
:1068C00048F04CFEF018D435FA18D007DE0FCD7F13
:1068D00004DE0115DA07B5E0250D2BF94BD113EBDA
:1068E0001C3AF55DFDC5F411F3F1EEF81AD31DBDA8
:1068F000F325C7C5A5D80E2C29F1EF2EFA30DB43BE
:10690000D162240DC7D438F50AFDECF8E5EF35D394
:10691000E725D449413B2A21372A3EB71BE23E3BBB
:10692000F0145A160047FD21ABBC29D13DD5F30820
:1069300029D44860E4A8BFB0AFBA7FD40D1C421E72
:10694000AB39002335DA513FB319913C35C2433B93
:106950000BDCA72D5222E3F9B3F92CD815531C06F2
:10696000E6281B47344A0E31F99735B6EC1ACEB7F4
:1069700012211BBAFFB01FF9CD5415B03C272ECB06
:106980002E6559C8E2A6FBC4C34E2733A5D30650D3
:10699000B065BACB231D11D8D6019B230FAA2C07B3
:1069A000AFBF5938B49B8F47B8D2FE96FD24662FEF
:1069B000E8C6F5E54F71B917C3AC25457F00401F08
:1069C0006C9BA9CAF0974108A932ED2A8F1F20EBD2
:1069D0004FE3B77A20A2029D322A3CD6FDE7ABCC2A
:1069E00041440E996123FDF8B66610FA4C0E98D812
:1069F0004DEF9B6022932829426116D2124C62F01F
:106A000025333B18002C23D0046E481DECEC2FD509
:106A100042CB150307F135230CEE1CDD25599D6C87
:106A20008810D104061936D198FC392945023E2434
:106A30000CD63A0FECAA9D48830D06304C1FF34844
:106A40000A2EEB43DE1804E434E6906C89F8324DEC
:106A5000F4EBC40FD3EA334C8FC23834C90813ECBB
:106A6000D7F11BDFF3CE31561CEDC414F7DFD8BAD3
:106A7000E5FE34F1E5819A05C83D10BF7AE6E607E8
:106A8000E849B8FBD0F94806F9443F066223C1E261
:106A9000364D31EE22BAF8F4AFB41C0ABE3D29439C
:106AA000ADC01D18C607F835B22450F611FA0E41D4
:106AB000FDBC06BC353D4009B5E1AE1C0010BC4430
:106AC000E50F3D1746E30EBE2CF9C9ABC43F666423
:106AD000CE9C2F4C170FF8011A152D09F117AD0E8A
:106AE000E902C43BDE41E0060812CFC2FC1C2E4680
:106AF00027CE40240F3232FFE2B33C32D6EB367F52
:106B0000B1F93B903FC22ECED8BE64BD683EE2468E
:106B1000651CE4A559DD89213EF21B7BA939F3D61A
:106B20003E4057C26BAB5EDFB6C48D3D5A0D0125AA
:106B3000BFD1B3423B0B5468A7E688A4E8949EB942
:106B4000652FAF28EBF73E0613C541C2935D1D06C6
:106B5000CF4FF79651B9D80B97F87F9ACBA9F0D6BB
:106B6000730B5D3EE3AA3894D7EB431ADFE4E46B82
:106B700065B71D9DD6B2C041275D8443AD523846EE
:106B80009D55B2F90E5F1E3D07BCDD4B6EEF050E45
:106B90001249C736BDD0FBF3020E1233D1271AF0CB
:106BA000F4E4E31203D81927DE245E4812CE13FD65
:106BB000EBFDC5D9EAFDB8E8CD320C3F25B6D7F7D5
:106BC000D813E010404E031014D41EF6D72627E544
:106BD000D6D030EBCA0146ED3EFA0ADE04052E4956
:106BE000D3F747BBC9DFDCFCA7DAD0052534F34374
:106BF00001C935E4F335EFF34781DCBFE83F23EE0D
:106C000046B664F20C6AA8A5EF0550CAA51E695BDA
:106C100015ABB17EDBA5B1D93ED60836C7B9C91DC3
:106C2000352CB14E64C6DB62199DD3CD390DCABC7B
:106C3000DAE603C8F70220F23C61EBCFDF3AA96C39
:106C40007FF82C5A6418188AFD50A3FFAF9562ADE7
:106C5000456E33180A005B0447510D51609C453462
:106C600038B4EEE37009B5CD88279068C75E32A6C8
:106C70002551ACF348B4900A3BFE60554BFFC1C4AC
:106C80005BCB1C03AB26DCCD4B0933091108EC2B85
:106C9000213FB6076241C3B4B1E507DA56BB22040F
:106CA000AB3B0DE6EA04E7E116EF130DB723320321
:106CB000DEC6FE9E50C3B8FF0238173F106A81D867
:106CC00027DBEDD2D460B64302708347D3E6C0D54C
:106CD000B3A0C934B3C4F4C1951828FC0F01A0E7D0
:106CE000C30BF721DF31764244F24AAAEAA79C9E01
:106CF00012D10F2DD4B5D40BFEED23FD5410C105D8
:106D0000F9E20EABCFFB0929EA04C1E237EF0BB27F
:106D100004D1C0FECE01BFD90DE7BCCE0BE508C73C
:106D2000F6CAE29EE110C1D81C2BBEE2D3EFD21E00
:106D300008230F4FDF0FF5298B2E81C5C4A701FC57
:106D4000F9AAB5D110A8DCE9C5EFD9C8DFBEFE4469
:106D5000E3C0CAD5ACF9F71DCD01B31E50DFC7198A
:106D6000CCD9D3ACEA91F68CC614B20AFE0FAE4071
:106D7000D634E40A26B80B01ECBF3A5BDBC1DD0E6A
:106D800035A4C4D3E61CC55202252BB05038AAB690
:106D9000B94B14427FCF44DA54CA14A1D5CCBCFFFE
:106DA0003DAEE2FF5E87DC16CAA7AD3BFC1EFD22AE
:106DB0000A02552717D664B6C66300E71D580A4471
:106DC000F63E45BEAAC76AA92F5FAF3B33D1F4ADEB
:106DD000142DCF3B9D44019AB1532F0AEB40E42080
:106DE000373BD9584DEB5E43505D2C1E49E51DB332
:106DF000B944A562CE4625F5FEB0D5A8E654C20634
:106E0000CD12E67FCBE94ED93BDE1C02532E08F0B3
:106E10005674DB53F2DE29F33A0D3359E97819E75A
:106E20005C20104DF1552C1DD505DFC0EC1EB5EDD5
:106E3000FB221CFCE4440E28D5E30CF3DFD1D74938
:106E400041D6186E5952F577B1302E0ABA545FA068
:106E5000012A2DBB35E7670EE4DAF410AC615CC49F
:106E60000C51CBFD300FD8BD3ADF61372409157CBA
:106E7000212CD337C900DFDE3F34C84143E3470E3E
:106E800000C8D89AA5EBB4B6C49CE1D094A3CEC6F2
:106E90001689EED6D0C9DD05F72E1422141091C341
:106EA000E82223DD115117D1FE963D943AABECEB6D
:106EB000DD2D9E2CFCE3BF0C923740163616FE0BE0
:106EC000CD3BF23284DFF5ABEADC905FDE50C99C4B
:106ED000A4FBE75A19A0E71CA9AFAC87EF13BFF8D2
:106EE000B7D0BF284B0F0EC081DC35CEE124E19D29
:106EF000A8BDF90D220300D90FA2AA45FD181F1045
:106F00008F39A117204BCCE21346D34E5F17CFDE4B
:106F10001E46143528ECB23ACE4F9D36D0E434BE2E
:106F2000E8BA0D44B8E581F0D84C02B50CF11F1F4A
:106F3000E8E7B801364456F9163C081DFBDF39CCAA
:106F400031B3FCB7E80A31214ACDBDFEFC0C760511
:106F500002EEB4D2022DC9472941AA321211D20938
:106F6000CD930215D2089832A40612B2F7FF0F0C87
:106F7000D8FD493BF7EBDC03D8F2F460D7D34A0CD9
:106F8000486C4AEE004F6D0F1738E0650909B9F5F6
:106F9000122CE23307625E10F1CAEC1C66B0F714E3
:106FA000354B362AFCA2CC1BC92C261E54FAA4222F
:106FB0004D5021B2F76228C05B58B03C7F21FBF1F5
:106FC000B4EBE1B3632DDA08FE4265D70039281A25
:106FD00055741D506504B8743C2FA450C2090AE8CA
:106FE0008BC61D1A21C3F8F9DE4028B75FCAE43BFF
:106FF000B5C81E671356D846DDD15ACB903B14282E
:10700000D7B226DB44E32B1010B412E62528030C7C
:1070100029BD450F04090005CBB9250EC0EF03FBC0
:10702000C519D52D1F404CC2D809D3C2F609522B21
:10703000EC03103C1EEAE3E216097113FB01DCF7D6
:107040000422D918E6341D00E17FE3E2BAEFCB3E1B
:10705000D7072D59C1EC3010D9C939E9B6CFC1D7FE
:10706000E74F3420C93A4CFB491711382B8ED4B264
:10707000344702FA0EC7A4F1DB0CCDCF1FFBDA03B5
:10708000DD36A9B3CF7C181A8A6900F5DC35FC4BD4
:1070900037478E479C325FF4F3B3EAB6D3DC03265E
:1070A0009B0F2C4B19BAAB3025EE46391D5FF920EA
:1070B000401F1DA822515F7B3F45027F2CB89BCA11
:1070C0000509EFD8FC3E5CB75C439ABA03774623C8
:1070D0001A54041B2CF911E4E8D3E07A9303B27834
:1070E000DFB51296BC4A17D5AF394807A2DE246730
:1070F0002D11CAC9C863FB5A07DE5C45E33C3992CF
:10710000361706D0421FCBFD034A2AA87B89BC8CC8
:10711000B38D6F5E0AB152510B6246D918D43967EC
:10712000EBFAB4D739F8F02E3F258E961F05E30A07
:10713000FB45ADC32054225A6DBD98F448205F2F03
:10714000D4F7FCF6F3AC129F2086147FA76B148D46
:1071500074E33B54C4531870F8BAE1ABFCC7A33EC8
:1071600070C9C8554EB7024758C0F8D1DDCD83115C
:10717000A38B8D6E5A91C3DDF9F39EB84BF5607702
:10718000EFBBCFC6A91C4FE8AAF2FFEE4D9B76D904
:10719000E1F35B06DBB1A8F90C0619D6E636C51F8C
:1071A000A11BC551D5F4DA1CE2EEE817CF10AA9F57
:1071B0004043BF1462EB52079B2D0F4AB03E11A90A
:1071C0005D3CAFD701CE72CBAD65AF52E7B13CB6F7
:1071D000A7AC1720D7D716A919104BB2AD09B8C65E
:1071E0003047EF18E1AF2B141534DAD72B6510991F
:1071F000D2345081CC050E9A3F071E48753950167F
:1072000046EDD0853DB318E8FE14BD45F4A19203C8
:1072100057E10650A1430F1B7F7B201647D75B0D1C
:10722000B8209258B7E5D7D90F57A2C06C4923F4BC
:107230004B4124B1420C3314BD4DA29AD9E43FE036
:10724000B82115D49DD9D353F3F1CF2219D1B86504
:10725000C42F30022F17AB826FC3130FF0B228C7B1
:10726000AF2CE2D740C94ED85541C7FEFDF2141EDF
:1072700047DB9534EB725043C02A12B3D848B8FDAF
:107280003CAB0FE0DA3ECE54C61816F906F8CA0C2D
:10729000E955322110F500A238C44A52E637FD8183
:1072A000E7E13DC3B5B29EECC130D8D3103E2DB955
:1072B000E72CE3C3DC5314FDEB21A110690CC1AF33
:1072C0008DEBBFE0EA2364031E4B530C0795B1AC72
:1072D00094D54AA93C7AB5CCDD294E474BB2D31D93
:1072E0001DC95295CDEDAC4CE5EFFDF12DE93B6E9E
:1072F00039F6CFE4CA482F904CD2E335F232B518B4
:107300001EB142DBCBBF2DC25397252D52F753CB75
:1073100038AD745FBEB108B64B643306BF10EF26BC
:107320001421E5C8DA223B04EF51DA2C1F341FB7D1
:10733000F9CCEAD247A8CEEBB03AC901CCE1CB24D4
:10734000810C251C959CF03D0A25BFB9AF0FAF1BE2
:10735000B020CF3A9B33EEF41C1BCF84E623D92C0C
:107360002CA73D6117334645CBC5AFE11C21CF901B
:107370000DD7AC38C71F02B6214BCE3E096F34394A
:107380002F3A493114FFCC3B0A4A15D30CF9DD13CF
:10739000163F465A3ACDCB2424E13A3AFE1A4BC165
:1073A000F1F93D26395525003123421225DC0E1A0C
:1073B00062E105E72ADA2101C1405F200F36FEE7CE
:1073C000E6C82C0514011D26EE220906E2C82BAFE3
:1073D0001BE8296CE6167F4DF8D8651043EBF20BDD
:1073E000613D3722EEE828320ED73904DCC9D711C7
:1073F0002227412EF8EA0CD9EAD657EE59111E0C75
:1074000096DD06EDE60E2DF5F9F4D932031BA91B26
:10741000D3B6DF0DFB1D962A1CC8E237D9DB44F139
:107420000BAD1F030903E2DF0C468C0828F600F8B9
:1074300009F05F5CF7B7DBD9F8203524E7D1EE39E6
:10744000E7E581A83336CFB7723754DB39BF4ADB63
:1074500035C00FE93CBE082330F91CBCE02ECF52EA
:107460004BB73AEA124143BE1850EFCCBF0F05E8C4
:10747000E5D0E8B3EC0A4F21FDCBE52F2005D8F984
:10748000811834D54F1C1E722C7BFA15BAF8B8A897
:1074900098B05D24D135C95204092419C0FC3923A0
:1074A0002C133632E60BA2062F60E6C416E8374AE4
:1074B0009E271E3D18FBDCC60003BF99CFA73818D6
:1074C0006C29CE0913F4C41B5B1E0AB51B52B640CF
:1074D0002BFE26013EDFDD10EC05B61AFCD610C0EF
:1074E0006058C217A720D11D10D5E949E2FD9F05BC
:1074F000E3101CDED4F461195891FBE32511EE284A
:1075000069EAFFFF69470000E055FFFF2012010014
:10751000B2A20100827CFEFF83A70000E702010007
:10752000AA4FFEFF9350FFFF4ABFFEFFD443FEFF6A
:1075300063230200C48600006342FEFF0E32FFFF99
:10754000DC9900002355FFFF9ED4000019AB00001A
:1075500051F7FFFF5089FFFF9EAD0000A60B020010
:10756000FFC500004511000031F00100CDDCFEFF39
:1075700059C6FFFF4479FFFFB56AFFFFA82A000044
:107580002F94FFFF7F000000E190FEFF5F3CFDFFB6
:1075900096AD0000CB1EFFFFD31C00001B23FFFF96
:1075A00089CAFFFFCCA10000D9730000C28CFEFF86
:1075B0003D32000058D80000548AFFFF44330000D9
:1075C000EE83FFFF3C5700009FAA0000BBA1FFFF16
:1075D0002EFFFEFF8411000023B1FFFFC525FFFF32
:1075E000E67000001A4E0000080A0100456FFFFF18
:1075F0003CA30100FB2E0100E937FFFF31440100ED
:10760000BE7300001A570000DA6BFFFF7387FDFF9F
:10761000AD4700006B12FEFF34F9FFFFA9ADFFFF7D
:10762000389D0100A9FAFFFF36E3010003F9FFFFCF
:107630008D7000001294FEFFD627FFFF6C87FFFFBE
:10764000B629010017CF000021A7FFFF9687FFFF93
:10765000DD1401007FFEFFFFF6220000FDD2FFFFD8
:107660001C1C01005318FFFF1E29FFFF70C2FFFF03
:1076700018D1FFFFD930010096020000875B00009F
:10768000D654010065CB00001D8400008A2701004C
:10769000353400006D40000097BE0000DCB7FFFFEE
:1076A000B706FFFFE064000039C7FFFFB6360000F1
:1076B000B9150000953C0000A4D90000B21CFFFFE2
:1076C00066490000647B00001AF1000024DAFEFF26
:1076D0008C89000060690000AF230000C698FFFF9E
:1076E00030F3FEFFB7490000AB2D0000456BFFFFF4
:1076F000B102000079F6FFFFEA1B020067160000E6
:10770000988C0100D6FCFFFF1B5F00006144FFFF67
:107710001A3100006434FFFF95040000D08200009D
:107720000DCBFFFFD13000009DF2FFFFF60D0100F1
:10773000A6B2FFFF1958000032CCFFFF484EFFFFF2
:1077400016E0FFFFADCFFFFF2F7800006B030000B6
:107750006922000099030000BA81FFFF6C5E0000FF
:10776000B8D5FCFF2A7D0000F094FFFF4A0EFFFF12
:10777000F93CFFFFD0C9FFFFDE540000225000009B
:10778000AE78FFFFFF7DFFFF7D4CFFFF0D24010062
:1077900026CE00007F9DFFFF588DFFFF372E000093
:1077A0001682000064AE01001FD5000040560000A4
:1077B000B83C0000E591FFFF8C3300002B60000017
:1077C0008CFEFFFF9BCFFFFF4BF6FEFF8BD9FFFF29
:1077D000E68F00009EAD0000F53BFCFFCE78000078
:1077E0000DC1000043A00000D49BFFFFE5BFFFFFD9
:1077F000AB37FFFFE0C6FFFF565FFFFFE0790000F9
:107800002C1F0000C8BE0000FA45FFFF5CDFFFFF31
:10781000BF5D020088C30000F6B7FFFF9FAAFFFF0D
:10782000291E00001BB3FEFFAC210000F52EFFFF58
:107830001C550000B8FBFFFFEF2CFFFF36360000A1
:107840001D1E0000D63C000098480100E204010023
:10785000620D00008EB200004C83FFFF9D7000009F
:10786000F171FFFF70CD00002D55000082A2FFFFD7
:10787000BC60FFFFFE27000073C100005D6B0000CD
:10788000BB0B0000A96AFFFF217DFFFF8A83000078
:1078900051000100DD32FFFF7C640000FD010000AB
:1078A000FA44FFFF8D20000086F3FFFF6437FFFFDF
:1078B000393E0000A513000010D3FFFF1C7A000022
:1078C000AC6D020058ECFFFF8E56FEFF10930200D5
:1078D00061170000187BFEFFC3E3FFFFFD96FFFF6B
:1078E00016F7FFFF9A9E000078ABFFFF178100009C
:1078F0000C8F0000CB09FEFFE6280000C5EBFFFF60
:107900008181FDB7E24C5847C4A9B53D5ED7AB4C69
:107910006B0F5469E98B06D143951DE61D79150F50
:10792000417FC8C9CE130C787F4C51071470817EFB
:10793000D3A4F6447FDDAF0B72F924587FB14D819B
:107940007F8C4E2D2FE44781E181ADBD3EE8B6E44A
:10795000390A032B08A15F328117496272DBDBD63B
:10796000B4169D3F7F4EAF0BB8544EFC41EB8118CF
:1079700081A6768CD7B88181E5B0418199B56E1C1E
:10798000B796BABE1612E7AB818FA0F8E0CB3A1DCE
:1079900071EA37E2DE7F6515240C2E285ACD9F81CF
:1079A0009D7134704B247D339F4741CDBAF1818660
:1079B00054C96175259ADA6ED634E1ED48FA81A58D
:1079C000DEB0D715E081818A28F4D2907F7A46FA1A
:1079D0007FB637A68AF6C64340B2DB88DA9535EF24
:1079E000F6D97F812A8147B4B38D5956F99BF93076
:1079F000029E41F7005BE6C4437F87F3D3E5CD6980
:107A0000A0DE7FF881C37F757936AE90C0B8F119DA
:107A10008C716FA375EA85816EAD0FC11FA8391CEB
:107A2000524FA0FB027FF2D21A7F0F6324535004FF
:107A3000504AE081291A507F7FE97A3EC2085A3EB7
:107A4000F27FD3CDBE0D076BF681394F8C370AA379
:107A5000A183359FC57C8181F33E693E16477FFB3C
:107A600018814E947CBE26BAFF5CE97C8EC82A2B16
:107A7000BF187F6A3E5B63CE3A7F3535C171E27EC7
:107A80001AC800C8322E5B2C69AF81FFB06C372D4D
:107A90007EEA0F814BFBCFA5D17F0B7F097FDEC133
:107AA000F881913CC720DAD77F687F7FE3BCAD3E89
:107AB00041E8E38F1830CEEA491A5629246FFBFDBE
:107AC00033D97FC1D573CBCDA8C1F375117F813276
:107AD00026B3CE31DF3B7BB7CFE93F82519181C9DD
:107AE000018F83A1905C2B54CDDBA5D9811404E3D5
:107AF0002F967FCC8171E39EDEB1AF7D7181C3167D
:107B000095A9E4123F67C432FC89D30A478A4D79AC
:107B10006FC578CA81C23D4B26DF8F947FC8CCD910
:107B20008155AB35A8F3CE11FED312AB4AF35FF704
:107B3000C11C3B5A167FE0498E7F6E81F24A8B55FD
:107B4000B5DDD6217F1ABAC89CA8818B6FB865B302
:107B50002D72BEE92260AC3087F77F50123945EEB6
:107B60005C7B001DC441922AFFDF7FD097F23E2943
:107B7000CF7F4381818157CC0C4A05EE7F81C5B60A
:107B80002181D81EBE2B777FA5EDBA8181E58117B3
:107B900067404155CA1335BAF914E5CE269393AB25
:107BA000F231339C81567F7BF57F9D91485D6F95C7
:107BB0007F5B9FA2DAB836A581712124C0CBD48126
:107BC000B90CAA4DE14C9C67248CB4BA64AA26A6D1
:107BD0008281FE457FBEF5B381B116596AA446D8AD
:107BE0002C788871E6D335357FA74AFEC5FBF80DA2
:107BF000DA3F2EA9BCAEC9E654581D8AD5EC8143A4
:107C0000FCA68E30CCA9202844A32E814DFA0CB4BA
:107C1000C031DDFF30DFFA4D83B400052A8AA97F29
:107C200068D91FEE81103D540FAFB0B6C31C8A81D6
:107C300005D25C727B5610CA0B4D01A20A4D282258
:107C4000777355C6C3537F0ED58A187F81199BA8B9
:107C500081765D2684C4AAAC19734003CD0B34E849
:107C60005FC7BB1F8BDFF7C4BE013AB7A78AFA7F95
:107C7000C8A74D33F405D990D2F1E9B39C67B2A9F6
:107C800003594F02D2F48196A249DB05BD237A4FF6
:107C9000697F0B407F890A69C8480407A02FA47533
:107CA00062D37F2888DF02B9D2C0997C4B8188D902
:107CB000D98D4FA1D715D3AC347DDE6139A67E7145
:107CC000309DBD13292F1EA869A83519D25DD0B9E2
:107CD00019E0518129455B51AEEFCF5681C1091999
:107CE00054F9FC3412D781B42E67CD5BB2BBAC8B98
:107CF000E3408923182A222E81BA210706DFA3DB5D
:107D000071FD007FFFD4FD235A7FF8BE7FFB7FBE4D
:107D1000FEEB007F00000083E9FEFBFEFED0FEFECE
:107D20000002788165007FFE5C037F63F8FAFE7FC6
:107D3000FB7F01FC016E1C5352FEFFFFE6817FFEBC
:107D400000FCFF81016055FBABFEF2FE007FE37893
:107D5000FFFBFCFDA1FDB1DDFEFAFEFFBEFC00FF56
:107D600047017FFEFF7F7B7F967F00FF0069FF2F2B
:107D700058FFFEFFFEFCC7FBFF647F4EFF72F9FF5A
:107D8000A9FE30007F7FE86900B8CCF5007F8FF84E
:107D900001FD7FFB00FFFFFF81F8FFD3FEFCFF73B7
:107DA0007F3CFF7FFEFEFCD9FD05B5F87FFBFD6D36
:107DB000587E01FF81FE7FFBFB7F7F017381FFFD0A
:107DC0007F7FCD007F0000CAFF81770071FF000038
:107DD00000617F00007F41FC007F7F7F03FD68FF23
:107DE000F6D0FE8B9464FE81FDFD817FFF7FFF7FD7
:107DF0007FF97B8F749981FB00FF2100FF68088168
:107E00006C3767DF60047BA915DD1A5CA08FA2FCCC
:107E1000BD87078EB7816BD8FCC181314A818182D1
:107E200071A91105B71C44A88200D4117F707CDDB4
:107E300057EEE2256D897F730E2D02F70852BA5E68
:107E400098E500FBC0EDAA06355F946EB0A6FFB0C2
:107E50001C75578B743FAD187F7F8DD06452A5D1B0
:107E6000A85F19B5225F88A099474B07816C8BF9F1
:107E7000219BB99F68E21DEB7F925C25D0DD3556D2
:107E8000D99FFEFB035C3E3A3B8137180EAB8B1F3C
:107E9000D790717217A38D01C7128123724E64733C
:107EA00034BDE8C9287FF83524026150ADAFE97FC1
:107EB0007977C00B1981027FDE832DD0D43B848675
:107EC0009BD87CF159BDB87583EFB26DD90300F62C
:107ED0002C3FD55DBE50B65D39D8A8370DF25A811A
:107EE0004DDF646DA4A675457CE30CB59E6B7F18D1
:107EF00040B8321F189E05E2DF2A8743425CCC6AF5
:107F00004CB8E294B75DC3D07FD34219B7409C818F
:107F1000CCBD7F5D869C7D39214D1583CEDDBC3186
:107F20008DA17F329F5FDF4736C0207FFA81E484D6
:107F3000CFC97F6C3B15A2A244B6AB0CA0CF352BAA
:107F4000461D2BEEDBB25868C6886A5A952C482B22
:107F50002A4B7F816F92363F07E1F398337F5D12A2
:107F60007F72E04A2B1E814E4C34FEF6E07F866223
:107F7000FB40198F8A140509EC4466268DDBD11469
:107F8000B09BA87CD5DD9B5727921E98B9D5857FDD
:107F90003345FFF2F500F4DCDA0658C07B92D89343
:107FA000585313A5708C2A81967D58D3AAE9435C57
:107FB000EC812E81DB84CA430BD4407F7F8E5874C2
:107FC000DB90AF811E711F7F1A562A7FAF343A7F34
:107FD000F1187509AE1C7F7FEDCBE730E11F4D2115
:107FE00086363513E289CB5A18A5E3EC321E1EB251
:107FF000C1D033C4A70D211F81D2813E7F8BF92DC3
:108000000E0928FD9B654032B88F81AEE839B03C3F
:10801000817F2217AEE7427681237B7F1E08731E85
:10802000291B640473F2037FBDA3F914E8C4CA5B7F
:10803000620A2BF9E0260C380F748150EFB2C3BDF1
:108040000665673C1EAEE02AF2C32E0FBBD80DA416
:108050001F749090538159F9AF2821620EEDDF7F94
:108060002F730F7FA4E93FC8E4D52E7D8D74CAF924
:10807000F7B93A1E22AD7E309F70E0CAD22A207F27
:1080800081598D7FCC1DBCAA82E05FE7963041A06C
:10809000A640D05E86927FBA1B7F7AACC3BA81FCC1
:1080A000E6E26869F6181D0CE3F909C7AF515359A8
:1080B000CEFD7F34F551D88B9332DCE79E19BAA6FA
:1080C000301CD0290204E8E7D6FA2D8D2E0A51B3D0
:1080D000572E5B20CDDD2DE40A7A31DEEF44EE4CE5
:1080E0007F81AD817F6D2F4F4C81AE0BD2D4F1C01B
:1080F0009B73757F307FD381F85DED88CDB18A5B4E
:10810000B47AB8B71481547F16F6AE4DB8814E4E8E
:10811000E6AA55A33F567FC8357F63A868656B61A3
:108120001A3B02EC360BED9B3D7792E4B8676AB0E0
:10813000812A15E4B8D8AD8EA8565C347FC7106983
:10814000C82281C0287F7748818E89883E0B817F35
:108150008B81A03A81AD6118D6CDEA8181882A64ED
:10816000CD7A77ECD7029DA67FAD957FC6BA3F0F3B
:10817000D716F084F6C8A99722929AB7E7527FFFE4
:108180006AAC7FF9F433B5A9A942294C8645B102FE
:10819000819316EFD42CB481DCF3A22D7F1766ED0A
:1081A000AF5C410A5E9A51FE5C5E5BAC9FE253A8F5
:1081B000A8DEE2E6015BE114455E9CE66BEF28DF9A
:1081C0008405655C34A4F0557F67811095D40F1049
:1081D0008F4A9FAB84F5B9E9A0935F9DE07F0CECDB
:1081E000E06D4A919B3810D1400CD4D86E24ECF944
:1081F0009A7FD59522EA411B973AF87FE7E9E31881
:1082000007E5FFFF79FFFFFFFCFEFFFF41E6FFFFF1
:108210006CFFFFFF980600008AFFFFFF42F8FFFF98
:108220008AF5FFFF3BE6FFFFA6FFFFFF6B0900009B
:10823000CEE7FFFFD4FFFFFF61ECFFFF1D09000049
:1082400036FFFFFF92020000AFFFFFFFDBE6FFFFFC
:108250006AFFFFFF77FFFFFF51FFFFFF2C210000A8
:10826000DE020000A9FFFFFFB0FFFFFF8EFFFFFF50
:10827000F2FFFFFF8F040000E5FFFFFFF0FEFFFFAE
:10828000E1FFFFFF2AFEFFFF7DE8FFFFE81200008D
:10829000D2EEFFFFCCFFFFFFF3E7FFFF74FFFFFF0E
:1082A00042EDFFFFB8FDFFFF69E7FFFF8AEFFFFF29
:1082B000FFFEFFFF12FFFFFFD2FFFFFF17E5FFFFEB
:1082C00015FFFFFF16E7FFFFF5FEFFFFBAFFFFFFF9
:1082D000C0FEFFFFDFF3FFFF85F9FFFF7CEDFFFF2F
:1082E0005BEFFFFF82FFFFFF19FFFFFFE7FFFFFFCD
:1082F000B8030000D7150000A9E5FFFF34FEFFFF1B
:1083000020FFFFFF8EFFFFFF21FFFFFFEF140000A4
:10831000ECFEFFFFCBEEFFFF45F4FFFF86FFFFFF04
:10832000D6080000D2FFFFFF8503000067FFFFFFB4
:10833000F4FEFFFF35E9FFFF1D030000BEEBFFFF6A
:10834000BFFFFFFF7DFFFFFFDDFEFFFFE8FFFFFF39
:10835000D010000094FFFFFF2D0D00005E0500000F
:10836000DCFFFFFF81FFFFFFBEFFFFFFC1FFFFFF3D
:108370007F090000A0FEFFFF6EFFFFFFE1FFFFFF90
:10838000A3F0FFFFB5FEFFFF75E6FFFF1CFFFFFF39
:10839000F2FEFFFF74E7FFFFC5E6FFFF6CE7FFFF9C
:1083A000B40E00000AE8FFFF39FFFFFF11FFFFFFD7
:1083B00048FEFFFF50EBFFFF40FFFFFFE6F8FFFF27
:1083C000B9EBFFFFB3FFFFFFA0FFFFFFEBFFFFFFD6
:1083D000D0FFFFFFE5FFFFFF600600009FFFFFFFEC
:1083E000D5FFFFFF58EDFFFF11E9FFFF9BEEFFFFF9
:1083F000D8FFFFFFFCEBFFFF6BFFFFFF68FFFFFFF6
:108400003E0C000082FFFFFF9AF4FFFF1BFFFFFFFF
:10841000D8F1FFFF90E9FFFF14030000D5E8FFFF4C
:108420009CFFFFFFF90900000F08000000FFFFFF9D
:10843000B4FFFFFF0BE6FFFFB910000060FFFFFF76
:108440000E030000B9FFFFFF77E5FFFF83FFFFFF8B
:108450007DFFFFFFC2FEFFFFDAFFFFFF93FFFFFF7D
:108460008C17000034FEFFFF2FFFFFFFC803000042
:1084700073FFFFFF27FFFFFF82FFFFFF43E7FFFFC1
:108480005FE7FFFF97F2FFFF97FFFFFFB6E5FFFFF4
:1084900092FFFFFF3DFFFFFFC3FFFFFF4805000006
:1084A000E2FFFFFF7A020000E00A000037FFFFFF53
:1084B000C9E5FFFFC6FEFFFF6CFFFFFF81E9FFFF7D
:1084C00064EEFFFF71E5FFFF3BFFFFFF7FFFFFFF54
:1084D000B019000077FFFFFF93EBFFFF8AFFFFFF5C
:1084E0006BFFFFFFF0E5FFFFD7E6FFFF74FEFFFF26
:1084F00027EBFFFF1E15000093FFFFFF17FFFFFF95
:10850000B1EEFFFF2CE6FFFFD70600002BFFFFFFB9
:1085100046E8FFFFDCFFFFFFC3FFFFFFBA060000D6
:10852000C4FFFFFF350E0000E3E5FFFF36FFFFFF4E
:10853000D4E6FFFFC0FFFFFF3CFFFFFF31FFFFFF5F
:10854000B5FFFFFFDDECFFFFC0E7FFFFF4FEFFFF1D
:1085500004FFFFFFD5E6FFFF4DF4FFFF0AFFFFFF1B
:108560006AFFFFFF8AE5FFFF69E5FFFF77E4FFFF92
:10857000C0FDFFFF98FFFFFF9CEBFFFFC2FDFFFF69
:108580007BFFFFFFF9050000A7FFFFFF621100005E
:108590008712000076EEFFFFE1FFFFFFA813000047
:1085A000F4FFFFFFE4FFFFFF3718000018EEFFFFA6
:1085B0005EFFFFFF19ECFFFFA9FFFFFF7BE3FFFF5B
:1085C0004CE6FFFFAFFFFFFF40ECFFFFD70D0000C1
:1085D000F7EDFFFFF30A0000931900009CFEFFFF78
:1085E000B6FFFFFFE2FEFFFF16F8FFFF07FFFFFFEA
:1085F000ECFFFFFFA7EEFFFF62FBFFFF0714000089
:1086000052DFDC1AD2CBFEB50628EEFDF526B01FF0
:1086100010DCE030E53326091CD838E211B500E261
:10862000222ADEADF810F50020B3CB1BDCCDE80725
:1086300023F3F8F445EFEA310706F62703B62B1BC0
:10864000FB3B488108F5D010F9E1F8EBDFBFFB2CCC
:1086500007D82F0DF7C7E323E7BEDECFEDF80127DC
:10866000F60BD6151B100CAF13D2DE3A31C918DC4D
:10867000D3401A14BBD6B6FFDED4D61AF12322D3C8
:1086800008E50D38E8AFBECBE423C8DFD5E7FFD25D
:10869000B5E7302AF4211ECC2002240E20CA191777
:1086A00001DB07582CFA031EF81EF9D2BA270E1167
:1086B000BAD72E0DDF2D55F5E0F4162819A7312A6B
:1086C000191008FCAEEBE7FFC211F323BAC9DA0EAA
:1086D000C4F715C51308DDE60B4BC44A094ECE4658
:1086E000DB1A1A483AD631D6D9EEF2EC263C1D9167
:1086F000F025D014F9E0D1D74051D6DA0EFA303750
:10870000D1E2FD14E833E1C9C01FD6F0F4C7BE6C56
:10871000BAE3E2EB32FE3C47E235C9E2085814DF27
:10872000C1E32EFF14E60A27F7E41BF7F3F2CA2E83
:1087300009D9E9D61BE5B729E549FFD5D631F0C5FA
:108740000BFA05592DC0EF2C323201D74DD4EB2155
:108750001DFFD6CB12E9F5444B0FF1FCE0DEEAAD8C
:10876000F8F5C743F6C817AF0ED718CE07B8ECCF49
:108770003208C3D31059EE40EFB8E4E801EB3D23D3
:1087800018C80C38B6B8DB1CD3171300113C2340B3
:108790003BDBBA1C1EEED73FDFFA4CCAE53AAA23F0
:1087A000CFE2F7D7EB32D1FF000A08EE25BFA4F0E5
:1087B000F5BAE9CAD200A4F7D6EBD338ECCFE1E59D
:1087C0007FF50DD2CA30F817F119BEF3F6F941FF63
:1087D000DDD2CC2429D0D21605B2B38D344ED101CE
:1087E000C4FC28B506C4E6A547F1ECAF2AE1111791
:1087F0003EE8A351E664FB9D1BF714C73A11FEDC6B
:1088000027EDD4F4DEC63E3ED5E7CFFCC8258C2745
:10881000495D233E37353E3C26092826E8AB1BE15F
:108820004D48E329C1D4DCC4F9F30003F6EE4579E1
:1088300036852507F3B1F9AE02C5BFA81F012EE6A4
:10884000BB1DD60E49C3CE2B6D2E46241688EB9B3E
:10885000C1E427DD0F05EAD156BC1948D83404DC41
:108860001EB50EEC2C5AD8261E91FBC4D12507C686
:108870005BBFFB18F103E5A41CCA960FCCB3FE1E28
:1088800034DFA9F5070321B91DE4DE1C472CCE3FD8
:10889000B2073D480BEB4012AC2112F7F9FEC3269C
:1088A0001FF92F0B05BDF13B110015BDA9DC0B28ED
:1088B00014BF620A21C97FB640F71A0BF10DE6D545
:1088C000E14CC72BCEC9B237C815DD055B07D123F4
:1088D00014F724DC0F8DFACDB66ABF0A43120CFBE5
:1088E000D014F41B49F843C5D5242EC1D8D4B6877B
:1088F00090F6BF93BD03EAE0F1354929D594E0092C
:1089000015DAFDE1031A28E42B18DBCB17E817DD95
:10891000240DEEF119D5F4034ED6E032ECCFDFF79B
:10892000E5020D24231BD1E206ECACF0CFE90DA843
:10893000FD2FF2EFCDED4BE704380F221251390431
:10894000151CFA00FA34E6D32C03FEF8D82B0208E3
:108950001329D71C38DA181B12ECF403CF1713288D
:108960000FD7221D1FDF31FEC6F0FBF1E6F8CC0B5E
:10897000E400F0E4070914272BFAFA1021D4F526B5
:10898000EE12192FF0EDD84BF3B2DB0EE3E0D6E395
:10899000041BC0E32B2200FBF7D7E4EE0DE5DB0957
:1089A00022EB04020916EFF9F5D23BE928010FF991
:1089B000EE291C2C81F4CBF92BAEE8F1D209E1F9B8
:1089C000F4D9E2F9DB1C30DD200518DEEED5DFF14D
:1089D0002111EC0CF1E4F93600FCF8DEF0FC33EE8A
:1089E000E8B9FE31EF40D2D8FDD4CEF0DC20190B2F
:1089F00006FB39140D1F9EE4D8E10F1B142005E17E
:108A0000FF22C937EBFDC62308F5FF522535026F5B
:108A1000EBF3223505CF49D7154ADC0A34BCDAD04E
:108A20002634F72B684831EDEDE3F35040EACF3CB4
:108A30000C9DBDDC3FDB0BFA4318CA0DC2F31A1DB7
:108A4000CF206776471517B9F0E81A0FE4EC46F720
:108A5000EE4CFBDFBFF0C3FE3826F1E801F316C58C
:108A600019BC0DBCFD63EDE6DCA208E9DCCEED032C
:108A70003736CF0DFFA25724DDC9D615C034FDDC33
:108A80002D098C3DF6EAC7C4C0E84E091166287F5F
:108A900003F24413FED1CA34EED525D2475ABDD3D2
:108AA000115CDB312F0E3A02DD990436E9BE25D187
:108AB0001E39331F15FDCCE1304B2C03DBF7CDC045
:108AC000630BFB2D65F82A0BD2B6F15C4300E10481
:108AD000EE3FF9D8480D2D2239D9CAE305E443BD4C
:108AE000E8114232FCA308DDED14EEB0F9CFBDDA97
:108AF000103EC7722EDE7C4943021EE509E55B94F9
:108B0000FDDBD2BD13B4E9CFD43DEA1638BAF5F295
:108B100010E3E1B1132B300B412B35D916CEFA34CB
:108B20003616343FC1D7DF0AFEB0B5ECEEED45E0B6
:108B30003A1056EA0D311D06CB283827B23E02F80E
:108B400042F1E4F6E90114E12608BBC42002ADDFDE
:108B50004B1CC81522E1EA142B06BCEEE01A2BE4EC
:108B6000F43B0216DBFF40D31A13F4F2D1F6290DC1
:108B7000E2CB181115C4F928FF14F74A2A1EF4E8AD
:108B8000C7DF27D14F3DBD6BC4C1F3E6F1BABC27A7
:108B90004B1AD10B1702F83B413942FC1C14C5D4C7
:108BA000E9D913B830C5D31A3B0A20312AC3E74AA2
:108BB0000314DBC5811235E74B9A42EC40262A1597
:108BC000340714E340E4D92BE50FCF0FC442EC1F68
:108BD0001A32AEF9FC4BFB5021E00C0FF9C354F0F4
:108BE000BC1A0DA8E938F1DEBF199DE52921D93F4E
:108BF000BE3224963BFCE8E7E045ACEBC20320F92B
:108C0000F3212A0F10E418C0139C30A38AF4F85300
:108C1000BF2DC3562913462335C7B64A26F647FC4F
:108C20001A22ABD8904DBDDFF8FCDCDF14D7C2515F
:108C3000BA020241CE301BE63130C047F9B8D653F4
:108C4000D413428AEED4C8EB2DB03740482718C160
:108C500060FB1B0AC41C3D17D6D3CC39511F1DBC69
:108C6000AD3032EFC515A416BFBE0A182181DEF261
:108C7000EB3AACE60424AB38282719CAC9BFF7C1C0
:108C8000563649462AC944A5325918D93D284CEED2
:108C900041FFF7474017B9AC10CCF73BCF2FAD00E1
:108CA00001D9FCD72FE10AB4FDEBC94732E3D52344
:108CB000A40E3C3D184C56C21B55E4CDDCF5D4DB6C
:108CC0006553041A034E55C9D9151B4BDFD340CD4C
:108CD000F12A6811CDC44B170BD8D04CF4C0F8550D
:108CE0009F1EDFF1C92904E12E0641B0FC24DF49B3
:108CF000FE12D925182214A90B2E4A0D349D421BB1
:108D0000DB44CC3DEBD242CEAFCE3C1E83ADDE1079
:108D10001BB7211E4F00CD07E3F3271B362E22ADD4
:108D2000B80721FF0D144006D624089DF3BDC1E508
:108D300023D9273BAD90C81ED5402E3F06D921032D
:108D40001FC8F3D718DECB0340EE304124D847C903
:108D50002B2700E6FD312412EA1B05D1CB67B64272
:108D6000DF56EB41FFC10715F3D1D3E1AC1DE0C1E4
:108D70000428BF0A552ED7CC27DD29EBC9B8D3F577
:108D8000BBC44B37E9F3FEDEEF400E1A15163EB3B7
:108D900009EC1CF006D6D626B8D63EE337BE24F83A
:108DA000B5FEDEDCB9E413B9F6F92630C7D1D6E654
:108DB000AC48EE3BCC06F810C0B7F0D1CEC93F614D
:108DC000FAEBED15C14C30B53945C40E462FBD1533
:108DD0003813DB083AC8AE2CF9BDD6F5CFFF1139F0
:108DE000E4D8DBB43509EE3DD8332A843DB0C6DF84
:108DF000F4CAA6BCDA51B1B62D13B9BE29810AE86E
:108E00005BD52425BBCD51F521B637638139B72316
:108E1000351E1B6E400F47B92426B548BD1A450BB9
:108E2000BEB915B821240225012E4C342657D7444B
:108E3000FC252E46E4EAE5383ED33FBEF825CCE5D6
:108E400005F6001FE0B63C5737C002B9BF9FD4DC1F
:108E5000C2A8F83B434298D914DCE7CCA6ED2559CB
:108E6000CD2DFE0EFB5AE700E7C83C25E5AD01D845
:108E7000502F16D80209A158B6A625B8EAA821EFA6
:108E80001209FBCBA91936BEBA239CDA0B47F7CAE5
:108E9000E4FBF5B902F416F70061EDCAB43AEB054C
:108EA0000124CE14BD9BFF1DFAB1CDECEFF1E59787
:108EB0000F940E3FB6F20545D155B9F629C948F1D0
:108EC00016372119F3B24CEEFC22AB3B0536E3CF4B
:108ED000104D4B52364938A8BC26294BCA2B91233A
:108EE000E3E8DA2E190FD82B31B110BF020FCC18DE
:108EF000AC33BD222905A7A304984426E80012FD3F
:108F000021EA34DF17CF301127F5D6FF241A27CEF8
:108F1000230300F6111522D325D20BCF1054E737C7
:108F2000E6EDF407CDB318B02D579723F33D240297
:108F3000F5520826D9F7110D540707510953F1F9D5
:108F4000FC1D3136C7352C474EB847D4C34A08E11B
:108F5000FEBAEBDD140413A11B41001038F806C95A
:108F600088DF432F20D916240B150FE63EE1D824C5
:108F7000AC32F2271BE22D28D564F11E1FF9EA223C
:108F8000EB4B4E3E27DDCFD42830213EC3B7CCE794
:108F9000D913D237E6C712EF42BDEBADE80213E5B5
:108FA000C3FC23CB24E74BE849DC4D38072EEEF019
:108FB000F5FA0447A5B4F8D2C4CE1033EA7F43DDF6
:108FC0000DAEEA3244362A44F7ADFBECC0051AC3B5
:108FD00014C7BF47041AF92133C606A931E7E9A827
:108FE000FBB1E0400FD64702EC46015F1446F5495D
:108FF0001C3F3CE802D8E31DE820FEE3CBEE392D10
:10900000C7EE1AA02FF0EFCDEE1AD2D7543725B302
:10901000E4E4169826EC1CA365D62E16E3C328FFBD
:109020000DDCCF7FF2D1DCBAA7E8E428C50827C958
:10903000CDEB08E5FC173D161D120A24F02CF3E7D2
:10904000EDDEEDF90DEECDFFD3D59C09E30BF91E56
:109050000517FB1B2DC9FE0A30EFFE3C132A2E21FB
:109060000301E8D7DDAE2D0EC0283237FD0B0721F6
:1090700097FC3DF32AE2DD27F43A3F24091DCAE7B5
:10908000F82A25CFFB1B27430E2DE2FA028E32F47D
:1090900064399F0D34F9DAFA1C18C3C233FA07AAEF
:1090A00045DC00B1C600D7153DDA273333080F4C35
:1090B000F0140BE8E7E5C3F6FBA3F2C8F12F1D0B94
:1090C00004A801200F201408FFF5F047FED512D8A0
:1090D0000BC7A007DA29E5F8EF9D561B052B0E3AC2
:1090E000FC10F0256A4CFDC8100AC6DB04F027E529
:1090F000DE2B2719F1068A0B29DBB02E16F2D728B2
:10910000E10BC6EF51071C4C4104B810FD252906A0
:1091100054FB424C4AD51A90D5CBF9DB4C4C381055
:1091200051E409D81EF65BEEE12F105FA03A12441D
:10913000F4B5D5B081FE2CC33DCD4F3646B2B2A6B4
:10914000A732DAE9C2564E95E9EECFF5A96410D6FA
:109150005C09F9542A15F00D10CDDED43EDFB4E1E0
:10916000E7C1E349161044E136F11FFADD5FC6DBC3
:10917000EDC1DFFEADF402BCEC0E32E6B3F90E1D1C
:1091800047F2F8110557633C50FB01EBCB4A101D29
:109190009148C7B0D6F9A01B86010C9B324F0D3108
:1091A000455DDCDF53D1EF0C1711BAB32F460E1B10
:1091B0004A31D7C7E8E015B7E5EBEA35C0CDEC3664
:1091C000F1F747BFE6044607282EAA1F4806D31C1E
:1091D00074412CF3D6F323F9C34328DDCEF464C1E4
:1091E00026253722037DD2FFCBE8EC4A0102FC277B
:1091F000E3D4DCEECD084534A9AD312A2C16E705C1
:10920000E935E8460FFE38ED37250B1907011E2D0D
:10921000D7D0BA3BE2C8F85CE20D04F4D8C001CF65
:10922000C3F8EE8F042B0D2717EB0A1D2EBCD914A3
:109230002122982CD7CE39D418BC3506A2A9BD411D
:1092400037FEE5CEE5474B1C1337BECF2CEE2E0183
:1092500008DDEDDE06CBAEE7C6F52CD7051B2F03E8
:10926000180DF003232A0BEEE22A6F5DC420C4EC34
:10927000D015FFF9D7BEED1AC8DFF1C0B7E418C2A8
:109280004619C92D44FBBD24407FF50EE6563A9899
:10929000C6CFFAFCC9D4D716DBA317200033223C73
:1092A0003AECFE4C2BC90007D764B73D2A1736CAE3
:1092B0003ED1333015120105FF060D1107F838595C
:1092C000CF60A6AFB446EF1C3EAAFC221ED4D0004D
:1092D0001E03FEFBA50E0524F5FA4B4CC90FE5391C
:1092E000D7F9F5F930CB3B470AD9C31C023239FD17
:1092F000F4C92B3D3BE51ED5BE4A3D26281B2A2F2F
:10930000D51136EE3A04CB2FD5D30DE0BBCA1BF0F6
:1093100031FD2F88BAEBBDEF5ED425FADBF33A06B8
:1093200018E6DA6DA0FA0DB312EEA3F9C7F3C6C6BC
:10933000D724BF273EC7FF03E916F4D55526C3330C
:109340002E3C1A2300DAE3FDF7D0FE2027E4F5F6E1
:10935000500BE0CC14D83E18F037033807A8B4CD32
:10936000B0BF6517E4E7C5EFBC4206F3406550ECBB
:109370009D492818260EA70E0FFDEF1ECBDA05AA71
:10938000331143DD24F9441324A7FEEC2BE8EC1E33
:10939000F2F1A5C5FE160C067F2A2FED3CF9FB1352
:1093A000280CF70A25E608282B06DFD52DB8EF5242
:1093B00003D92BE2C8F9E6DE06EECAE59959E4F7CF
:1093C000FED6DCD2C0EA07C9BD0A29A9184212C6D6
:1093D000F1001A0ACEDF3E4129E7FFE1E21A30210F
:1093E00020FBD3AD06D301180FDEA8BFD91BCC02DA
:1093F000B3342D89B8C1CD31FBD8E92932062C15FB
:10940000BE2AB5CE5B2308F020B24581C3E990D4D3
:10941000B33040F9BEDB4A9DC7FD05A74F2BB9E825
:1094200026B2D442E4E7AF979DA4F0C3CA405612D7
:10943000C738E92612D4DD1987E10B46B3DE22E2F4
:109440003CEDDD1928BCBF41B505301CF300E0E45C
:10945000403EEE340ACAC41F2DF0B7B95F0CCDB53B
:109460000CDB2AEF34D277FBF7E6DFE3D84A11C6EC
:10947000C1F89E1026223408456F2A4B0117A835E3
:10948000252316B69D40FE78F0C020F5454744B030
:10949000F83CD6B04919112A0F26B71048E51C38F8
:1094A000C40FCBECEBD8464F62AA96DFFB59EBBE5C
:1094B000158417568940D0F9E6149EE23B4D2530BD
:1094C000ADA5A8300E2EF9BB061259C90DE63B1FFB
:1094D0003CD6BB0EF6E394D7E0D3F3B1D7D8B1D8DE
:1094E000F23C0224950D2D4BEB12D3C6CBD72B5259
:1094F0008AD52CBBC5B4F4CC380BCF49E6F8E509C6
:109500002C4F1AF918C80AE8B52B111AD705B20C56
:10951000F636FD4D242B10C8051A18BB16FE0CD2CA
:10952000C2302FC19DFEBEE514B5649D13D3DB325E
:10953000E12150E41D3FD303DB3DAC01C1C7BE3F79
:1095400024CF3BAAD7AF42D0C5451B1F3F001DC14A
:10955000031D3708C70FF559F2E8C9E8F853E814B6
:10956000CEDBF5165036EE20DEF248E511CE4A0687
:109570009A0E18D1BE25FB332FE48AC3C3E31ADC4D
:109580001A4147C503D83DE9470012D5E81EFEC57C
:10959000CFA41427EF20B54A263A170B15C92D483A
:1095A000381A172633352EC0381DCFCFD1EFB9BDAD
:1095B000C21633E9E2075A06330FCA43FF9031B9A6
:1095C0001335811FE8C815C901F621ECD2FFE8E286
:1095D00007C1F9DACAC23CDDD91B2E43B5059CDCB4
:1095E000F4B71A37FC09B8241ADFCE99102F19C224
:1095F000DCF2DCC2FB26B0C1D839290605FA2845C1
:10960000D35930F94EBC1CC44D04CDE2DCC340013B
:109610004BD2F625B22E542DC3CFDDE2DBE3A20EF2
:10962000280BFB3012E6EC00DFFAEF17D6D444A784
:10963000CAF2AA43D0285FCF263A2F023FD312E2C4
:10964000004BEC5225434ED52C1319F6B341EAE8F2
:10965000E73FCA4E563B06ED36FDC310F4E84936E7
:1096600000A04AE1C806B308210F3D1ECD2921BE46
:10967000A2DAC746062CBBDE2FFBAD57B826BDF6D7
:109680004DC516FA4D78DC49C3A805433B0F143A83
:10969000CFA9C10A0816F5DE74EEFC11C0C0B6EF02
:1096A0000E4FEE4921EFC2B6A959FFCD24000F3C61
:1096B00034EDFD33390C04F85BF60F0F202DF21555
:1096C0003A2CEDC2161ECC17EB00E2E89B08E20A2A
:1096D00015EB0AC04FCE08F0D24B3EC2E8CB21EDCD
:1096E00027B64C3F1E2EF4DBBB05B3F4DE04272B5C
:1096F000C1B2D6B8AA1094DCBA1A2BB6F38DB77FD4
:10970000B71243562601BA42C135CAD2A0BEA0073D
:109710004E450363AF2BBDDDD74B5B420740543F43
:109720000EDED10CC630F0CD54054781339F23DACD
:10973000F258460C5016E73AB9B9FA46F0D6B513C6
:10974000F2C3AEE3E52119B86D1F2A4325AA2E37CF
:10975000E74144302AC9D6ECBAB74D515037B6DB91
:10976000EAB7E0EE38174941CD2CB5FF0AC2E09FB9
:109770003C1923AEE3D0F7E9B7C837B9D4F31E5A82
:10978000513C4C1F0C0F23D208CDEFC5E73B0D0019
:109790003E23670ABAA1BAECDCED014242F7282F5A
:1097A000DD96B03FF9B136BA01BC0ACFE0E81CC67D
:1097B000B7E3BBE3FF254BC838F5BA29B2D4EEBFF7
:1097C000DD04A61A08BFFC205FC5EBE4E521D22C1E
:1097D00097090A2820B8D8F00E5B4CE7FF0A06DE8E
:1097E0000D3C49BEF90AA5394BE0D8243736DAD00A
:1097F000D94AE1EFAEF705E520D4ABD54039CDE647
:109800001C4DBE4F18EB2F13F8B7C803E3E1B409A2
:10981000CB41D73BEF9A25490319E10E03EB031522
:1098200016EB1422ED201B5731BBF92B682EC6EC2A
:109830000BC5B6C922B31118C6C539DCA5E2261C72
:10984000DAF71F8D001ECFC9B0E507DB3FFBE6D17D
:1098500013D1DD07ECE69C18F30C41D1C81E1C1295
:1098600081E6DD1A034E9E2846FB53E2F1DBF0C78A
:10987000E216C827CDB76CEAD7C621B8D9DAF7EA1D
:10988000F8C3050ECCED05A2293A0A1C32E9E6B56B
:10989000D53D3F3A17C9CB33FDF5FFEB2AF634F738
:1098A00001F72A4AFAF2C3C41B3B99E6121A12BD09
:1098B000D7BD274608432A07BB5DFFF42899ABE0D4
:1098C000FC47C1D8BB1C2F3C44E3FC3900371EF4D5
:1098D000262625C62CB4B607345BFE35BF2815C234
:1098E000F90115B59E292F1632CAB926FDF4FBAE33
:1098F000F61704F7F1F31C290D33EDC1F6EF08F16B
:10990000083500F71EC2F72E313DE62FADDE2014DC
:10991000CFC9D1B023DB27054DC8EFF551CE343880
:10992000ED37E2E119EB282BEBAEBA0ADFCF34E2D8
:109930001BF9E7D1D1DF9DDBAA18422CD2F726BF55
:10994000CEF0DB3EE12437CB150C13DFD511EEE46E
:109950002F21C31E154CFC42DAD22609A2CADAD541
:1099600081E6F09A19B65ADDA158DF15042FCBD045
:10997000F3365031BAC4DC38E93FA0DE18F31FEEED
:109980001C44C51020BD3600ECB7FA4EE0D921E6E4
:10999000DE3A18C7D331F90BD72BEFA9C51B59B83D
:1099A000F51032C32CECC3E1EC0254392223F71F2B
:1099B0000CA7372D9A42C21C1EC53D11EF09C0DA13
:1099C000D647F738DB1943072052D41F20F10F0781
:1099D000E8F9EFF9267EB7F9CADA7CF12A3B37E9D4
:1099E000E5003DE6083B20552E4115F01F0BBA7CE3
:1099F000B33C3AFE0827CFCE12DE27ECD8230D0C5D
:109A0000F237B5F5CCEE30B2EF0ACFDBFC1CC65610
:109A1000EB104447EC210F03D152120B15FB233BF3
:109A2000CC10D7D0EBEF9A0F4634372650F6E5DC52
:109A300029DAA70702E9FC21FCE6C1CEFA28BA24FC
:109A4000D3E033EECAFC0037E4FEFA4634B5D6194B
:109A5000EDF1DAC9584851F1D93F45D5D415D4D0E4
:109A6000D90B0181F44EAB0E24DAF2B6DE2BE1BD48
:109A7000A639D60EC500371A3698D8FBD5101AEE7F
:109A80003715C423A0271DF5D11DAD3FD2150C27D6
:109A9000D6221FC8D9EC22B6CC1018E509EAD24B61
:109AA00019C7AF4009E7DB31B8EB15099BCB53CFA2
:109AB0001003D4EED6EE3221EC6BBDECA8D7FD0539
:109AC00054BB23BFA836BBEDA8ACFAE8F8D029F602
:109AD00012C6D604E0CA0B8D0525B217F3BB24DEEF
:109AE00018E5CFB4403AF0E538E5F5084FB549BE82
:109AF00014D9B0FC4CF11DF04955D7E3D8AC03CDD7
:109B000032E0E8B32FFE50DDF5EDF01FDCDF2C0076
:109B100062CBFA8A3365EC1972D43254D6FD044212
:109B2000D916B6D5B0220A32E6FDB5A607323019ED
:109B30005C3F41D2C0FFDDF51ECF0BB7B07F62F0B6
:109B4000A9E0A9E147DA21F625CCB4D14947E7E8F5
:109B5000CAE6DDA6F42D30C93B0BE4CFB34100E4E7
:109B6000DB49DC7511FE5649190145290042F2AF67
:109B7000CF4231FA380BCE0B2BABC043ED56F8D5A4
:109B8000AA3CBD13BB20054A1C400D24269C5A0D3F
:109B90001F4D15B314AEEDC1254C2A709B4C0D9F83
:109BA000F00A00C6ED26592225394511342B172617
:109BB0000932D504A928212BF2A23CBBF9A142D13C
:109BC0003014E5EEB633AABE44B13747DFBF28B83C
:109BD00064E909C0053AAED9380DDB8C19BC3850A0
:109BE0000B1A0F34F60A28ABDFB9ACC4CFEDA53A97
:109BF000560E0506B0C39C3B02CEBF1419D848E4EC
:109C0000D2CA240F4B190E1C1CC3F4FEA9462143D3
:109C100003D3EB1D3DCEC6BBAF2CD039F133CCE323
:109C2000372F903D3BB23A270B3F22D45603DE1626
:109C3000F12E02391CCBD0CBEEF6443C18EAAA1C1C
:109C400006B83112D8EBE325C70BAB34EA81E7C481
:109C500035D4003B9EBBD346E6DDF7D5EACE2DECEE
:109C6000BFDEC9D8345113AFBCDB052B18D60802B0
:109C70002BCBBF1BFFEED04646DC32F8E6B50C0519
:109C800043FAF92E309D00E60CFAF1180A3AE7F68D
:109C900050433BD347CF1830E80E1702372B3427F9
:109CA000CFC83B0ABCFFC2E1DBFED0C7DF19CAB395
:109CB0009989E1350A2C30E8F34D150391B8D64661
:109CC00027DCB4FB1538FD2CD2390F0CC404F0CBC3
:109CD0001C2C34071C1849F9FD262C2C94B6A82AF4
:109CE000FF3CCCE0FDC90B34E4BF24C909B12FD43B
:109CF000CD2A0ED0E2CE02D13402351AF0D4B4D03F
:109D0000DAF8D661BFD004DF4D1729EF1ACE3047FD
:109D10002E3FF0DEDAE033BEA1D527E6444DE2E97E
:109D20003000DAE3A61604CDF7CF43BA1602EF47A8
:109D3000A7901638EFBC4FD4163AE81AC0AEA9B7B0
:109D40003FE508EE303AB0A9FAE6E6372535422974
:109D5000F9C7C336FDB3BD5AD7471A2EC512079EA1
:109D6000B5188DFBDB599E29D18FB813ABE0CAE43F
:109D700029351DD3F9D92EF50D1914A03DE9DA4284
:109D80000AC2D40126E239C9B81BEB9CECE3B4DF6C
:109D900004BD5A1FB0F6C7011F0FD05D2DFB284927
:109DA0000F9DBF5A45DC3D5017F5F3DDF552C6F265
:109DB000D5D7D41DF91910C9FA16BBFC22ABD3D4E0
:109DC000F25734F1ED4A06DFF62281422748C32DCF
:109DD000E3CD2DDAC521C100C870F14BC205340BAB
:109DE000D0E0CC109D1EFDBC3C331EDFF412D2A887
:109DF00090D430EBF0C9DDE10C30CED2293FC31353
:109E000009D32937F9422E2ED4BDBDFEAD28F2125A
:109E1000F8FFA12DCC361762F2F20DDFECFF27DA46
:109E200027F0CAA197D11B0416DC52BC3417C259C3
:109E3000BA3FB2E5BE31BFDEB7E12938EBA7D9F4AE
:109E4000E2DC20F6EA1FC202063BC5BC2D261E2519
:109E50001D1BFF2F9BDBA02EFC19FEE4DC48092B09
:109E60008E45ECE4382ADBEFC7ABFFE4E9FB481F83
:109E70005000E7F2DC1E3040FEF2B80D33B7D318C5
:109E80005541C9120BCDD9ECC01F93B613E5B3EE03
:109E900007D352F3DAE125B4B0060193E034050D9F
:109EA000C428E56342B9E538F3ADCEF5CF14498D4A
:109EB00017011DEDEDF50415E2132C2CF80A4B3CAF
:109EC000DD4FB8F6811F2B2C22F323A36126024E0F
:109ED000393C18D4DF9F5C09F35AFEFDC6C9E5235F
:109EE000A95126A01544FA7D4A43663BE425E6DFE6
:109EF000C30BCBC644C009C9F43C24D313D2EA0631
:109F0000C111B4A91415E232E6C005B3C303E8B128
:109F10002F0442A3EC0BFF4663EB502862082F2B63
:109F20003C03150BD1000FC1FAC911C2AE3915D4CB
:109F300013750445D144B24AD5F41FF6271E2120DB
:109F4000E5161201232F07C826C7AFE43ADB25D058
:109F5000CB0B48F2F9E243AB43EA0AC7DAEE1C0B3B
:109F6000EAB8F23EB9D77210203DFECEA8D5F8D996
:109F7000F7D10A18EEE20717EA48E037401F23003E
:109F80001D2735BE5EFE142F1223B7531AFAD5D9FA
:109F90004315AA361A4840DC07E4D210B31A38F643
:109FA0000AEDE2E4221B28E3F420C707581E050C43
:109FB0002C090734D6CA12290010E6A92652FA3510
:109FC000DFB49F1FB6ABD4F9DAECEEC31140B4C5D1
:109FD000CF21C242D862BBD80FF352AC19BBEF4AB3
:109FE0001CEBF3C6F018E4B99F34D2EB06A8310796
:109FF00019AE32E3FB3A34CEF51BF50A4D10167F4D
:10A00000FD1E3862DE461E14CFCE25FE38AD332F3E
:10A01000E9D2C929BE2B31DC02BFEDEA19D2C7D083
:10A02000F729F00616B6E9553AE253815EE22FDED3
:10A03000D1BFFDDDC432183DBB3D2DBAEE30BFD8D7
:10A040004CF5478EDEC217EB56F7F7EA1EA3CAEBB4
:10A0500032C8EBECBED6914200E831543652B6FB22
:10A060009EBBD76E1AEBD8BAD4D4E64E3B93C5D775
:10A07000EBCE20CA033421B23620820AC935D4E996
:10A08000DF43DB2849C6E6B9093241DC1E397BB023
:10A09000BA034A1AF504C00DE4EA43C626EE0F4F90
:10A0A000C9E5F7D52B36B2B32211D71097EDB75CBF
:10A0B000338A1E1EBC3068E1F63DF3A24024DEF573
:10A0C000FA34DA22273A301DECC0FFD03F22462F67
:10A0D00028DE44DC34EF4C1DB3FCE7D4FE19BFE8A6
:10A0E00003A130151AFF41063D4AC2D0184B3EAAC3
:10A0F0009D2FCD1B4CC147BBFF17F5B2EA33C13AC8
:10A10000F8F7FF511CCBC3F103C5032E9ACFB1283A
:10A110003F0ADA4D22C736F206CFF0F9EB05DEE54D
:10A1200014CFCA1E163A12C307F2151A24D3F02808
:10A1300044B00AD006E617FFEECA2030D6B1F4C10B
:10A14000D619C5FE32EF1EED16C114BF36D11CDA8A
:10A150002BCD3C1FE401E1132DCEEF1A43E6F701AE
:10A16000B2DCC5191843FF1AE2D6E71926D5350720
:10A1700019DAC84318D5EA3015FDCAFBE8FFF8F232
:10A1800003E59BF4D8070E033B3CF834D301E01DF4
:10A1900018F45FE427D60D31BE201C213615273276
:10A1A000C225D54E24D9EA06DD38E3D0F200DAF331
:10A1B000B5BF2BE5F50B01FDF502C5FB4CED03200A
:10A1C000E126D943151CFA1F1FCA1FBD13D6090F5C
:10A1D000D52A07140607DFE70465C116FA0B160C2B
:10A1E000F647F5F2BE0D3612F7252E27120A25C0C6
:10A1F000810F270148F22ED20ADBECF6F80AF4F2BE
:10A20000C6C0DBA4F8EB422EE3D0F0E503FF330237
:10A210001A240606BEDBD5CC19ED13EEC2DA47BC14
:10A22000E6E4D914F6FDD022F33088FBF12705D5FA
:10A230001F5BD2BA4CC5CA3912F6F201F0D2DF3D2B
:10A24000DD021954022FEFFF2810A112560EE7F578
:10A25000410EE81EE3CCB7ED00CF2CDD30E90D0B4D
:10A26000023F20F34398520CD62FA00B3DF927F163
:10A27000FBA7183408C7CD2D232B13FEF9FFB93DDA
:10A280002B0B52F99FDFF84629BCFFF2EF98CDF275
:10A29000DFCE0BE7E224EED4792CCA23BDFC1424D4
:10A2A000410324B5D63DE12AEC0C453D46270D532C
:10A2B00024C06322E5CEE7C20AB5F5FC31C1D3095B
:10A2C000FC9132DC01FE043CD340D7F400E1CDCC5C
:10A2D00033A9BAC2C5132BB8DA9D0BD6F5C2103A12
:10A2E00032BDDECDC94C26E93B360F2403D6107FA4
:10A2F0000DD200BF0EBAD3C9ECC913270F5FB3AAA2
:10A30000EC0AC455AAC9B8E8C1D41C16CF61174ECF
:10A31000377F17550F0BC6B3AC4501E6ECD3BD37FD
:10A32000975016EAA6FA1FB7E431D18558BAF7E17B
:10A3300021BAF5E43C4103A7CD3AE0A8D9E79BAEAA
:10A3400005332BF70B2BDA2F56B926D3D73D34B173
:10A35000BACA39EED90A06CFFD130E56A5F2C6FECB
:10A36000CC2BA104FD06A2D7ED0836D502CD4BF1CA
:10A37000C928072CE4372622DA0FDA1530FBDFBABA
:10A38000D5F1B8412691D4D5ACFF2B350CDD14E5C1
:10A390003127E9520EEEB2C3B6F805DECD2BEE72D0
:10A3A000EBAEB852F5C423CDF4A9B5BAE30016CF8D
:10A3B000E2A4A45AC2C20B390F7AA4CC4CEA14F31B
:10A3C000E74E3413BDEBD513C5FD1E825B184FD786
:10A3D0000B04F2DB30C4E4084071AF20B22F87A831
:10A3E00033DA054291B7C51D183BC5F42200F2FFD0
:10A3F000FF3537A60B122DC12E26351EEB10C7E9EF
:10A400005EE43B072FC6BC0CCB10DC251D3D96F946
:10A41000F0104718F7E9380BFF1013298C27D743A2
:10A42000EF2FDC1709CBD640DED22FA71501221162
:10A43000D993F0CB120E30D5CF1DEDBF13FCAE94E7
:10A4400025F068BA081A9F42410726BFF892BE0954
:10A45000F8F41F151DC4234328EE48171B9CEC4D30
:10A46000C94407F40B7533F60DA4E7022A26F2FC63
:10A4700067BE382041B0DBEB4724F6F80E044C6889
:10A48000DDF1F23621BE244FCCB308D52E14344E64
:10A49000C5F45210E41AE31FB4FBD1FD1F0F0A529A
:10A4A000F9F8D440ADAB43D6B2E5C4B5C7A2F2B912
:10A4B000C5B4EC39D53852FCBB278939331230AEDC
:10A4C0006475CC23A100D651E88197F92DFFFCDA01
:10A4D000332EF5B1A91F1ED5E80FFA62314DB7DC56
:10A4E000CD3B2DFAFC204073572801AC243BBB2404
:10A4F0004DF4D94D01815C0121CB30CDE5931A2576
:10A5000058F417F9112529B8F70B43F52AC2EC0DB9
:10A5100006C0B54906D64EDE2501EDC3AAF9C038FE
:10A5200008C2E6F11B0B3322AD100AA74CB213F29E
:10A53000E8AC3BD355C6C036E0DA2F36C396E0BD53
:10A54000B3DA6110D80C020A00FD183538232BBF8E
:10A550001FDE5B2F9C3FAF5ED54FFC20EB1FF9C089
:10A56000E3C8A513403A0CD02CBBEE00BFF83A2C40
:10A57000D70D4B27F6112AC1EBE025FFACB83241CD
:10A5800000D721E8C632BE8FDC2E7FFBCFADF42C86
:10A5900012EDD1ED37FC0B09284EF4E6EE5A3449A2
:10A5A0002C0A22C853C5D31D29822429223833EA14
:10A5B00036E64007324BE1F4AF17A116C4D12DEEB9
:10A5C00020E33A2B0605DED9582CDD6C623D291AB2
:10A5D000BB203DDA1CBCEAE6EBD20F62AC33344A56
:10A5E0009E671AC6BABBBB31D7A668C7E346B10699
:10A5F00067F730B2EC9357F85BFC0129CDEB07D934
:10A60000DEDEEF272F070E413304E3FEDD2FD624D5
:10A6100002251DE6DA0ADACBD531FD0B05FFD52779
:10A62000E93EA3F639DAFF3EDAEE4E0D2A22EEF7C6
:10A63000F2E0D6C3AFCDC607DEF4ECF90ED014B805
:10A64000BC36212CED10BECBED3B05F43F83020060
:10A6500029BE2145AC2AC0DB34BF370E30F43C1292
:10A66000A0FCFDC63621140B4CC306DAC20F21CE66
:10A6700017C349F6E326E5F3DEDDC1A10A8113EC39
:10A6800012F111F831B5F4E32DF119C0550D3CB9B3
:10A69000DBCEDB0C47D7334CC5D508E4F316011DE0
:10A6A000A52128E2E8100DE041C3D025F20019935E
:10A6B00012DAE22CD40E4CC6EE2E032ABC163DEE66
:10A6C000D11924EC1D37100DC034B5251336DDED3E
:10A6D000BBDB43D4480B251038F1C21DD8FE8D00DA
:10A6E00057D8CDD3D736D10A251048F4E0C615B7D0
:10A6F000F62CC5BB05BCFFB9BD3EECC61FD3ADBF34
:10A700000A12E0C7EE12B7B895932522BDD8ACFF68
:10A7100050001C0B021E3904E996B6F7205D19356E
:10A72000E0409B14BDE0EEBB1E36CCD32807C4F03E
:10A73000E039BD2AFEAF45990008B1154311002B41
:10A74000F31FE51AEB1DF028FFDD101D2FC727A50D
:10A75000293DBA38C00A3BD0B3CAE6BBE421EBAE10
:10A76000B2DFFA1EE90DE0ECC38110D902B8E02790
:10A770000BF10EF5E9E6BD15F5FD58C5AF394300FF
:10A78000D6DB2AFD2ED0A51FF9091AC82FEC5F2AA7
:10A79000B831FFC92D1A4A42033EDDED04BDBDA606
:10A7A0000211EC2E3C3802F128B9FFEAB8521A0126
:10A7B00030D10525C9105522B907D321EDBE2A9BFA
:10A7C00056E50C243728F8D3D6B0EE3955E13BFDD9
:10A7D00021B94D380D09CCECBF10F5421907A12C59
:10A7E0000D3E4C30DC1B2EC4FBC0E9C7C8FC1FB0BB
:10A7F000C305A1E541B059F8E9FF3331D89437F7E3
:10A800000F28BB1DD41BE3DB0520E4CBCAC916C54A
:10A81000BD12CDAD18350623161FF7F6C7EAE115B0
:10A82000F0F83E4124D499D7F3CEF695CCECC30F83
:10A830002CF14CF3B5C2311AC00AFFECF405EC0D53
:10A84000CB27F839CCB73E20FC2D122FB5EAB6D96C
:10A85000D2D1E01602D6FDB4CFECC5C522FBD6D3CB
:10A86000DE1E0AE5DD08B602C1CBCDEA3A25ECF7DB
:10A870002924CE2E2F14B7391EDBFE1D00E5BFD4D0
:10A880001427CE1B019FFCEE0AEA0A390637F3B5FE
:10A890001327430FF61CFC0EF1F6CE26CCD934D28A
:10A8A000FEE6C7E1E11AFFE5183AD30204D2B81672
:10A8B000EB040629CA16D7C4EF24C8DEEA484BF5D4
:10A8C000120040361F42D2C11843EF1B2FDBDCBD04
:10A8D000250BC6110D1AB9D7D2C9F7F40C16C0BC96
:10A8E0004CC7052E09DC3A030006810DCFAFDADF35
:10A8F000AAC520E71E3804E9E7DF1D3EF6E7A611EA
:10A90000E310E7311B1310E2C3DAEC0AE3C6F027C9
:10A91000FE46EA33E811E616FA241EFDE5F6E3FAF0
:10A92000D0DBC2FE0300EE3DDAEB1EBEF61FDF34C5
:10A9300001C913EEDC06F4CB1B2A33D4CAF625DD9D
:10A94000DF28D90CF10C14C830EBDDDFCF0C161664
:10A950000B1B0500BD1B0A35CC0C1300032E132165
:10A960001ACED9EDD6EFE6D8D9E532EFE91BF73CA0
:10A970000E2208FF1CF9F5CCF2EF2FEE1AD3CC2BE8
:10A98000BF1EF4FB1527360BD6FBE2EDD3E914D737
:10A9900025E1191FFDF51DCF81E3D9D4D90F212C55
:10A9A00007C90D32FE0CE229EFD11A1C03022BF865
:10A9B00007E50AD0FF0620380CEAC9353614F5142D
:10A9C0003AF60C39E4DF0B15D6C1B4421EDDE304C0
:10A9D000C32527FF1534EEDE0EE4E8462A23F536BC
:10A9E000E4F81C1523FED3E30FFB253BE21D10C545
:10A9F000E80025D7FF13E812FCEC072CF0171CD752
:10AA000023C01E20FC07EAEF25E0DDC16ACF63BD4D
:10AA10000AFAABBBDDBA01B8F22F625E2060D54402
:10AA2000B0DC3BB8396367FFBCFCD1272D54E51A75
:10AA300055BE0DEF1D4414014C4B494D09D4C73E82
:10AA4000AE1D36C3491066C0F1BECEF1129FC8508C
:10AA5000FEEAEDC83E2A5ECEB8E2FFA9AAB9CB381D
:10AA60003AFE13D50CB7D8601B29F64D2C3A242595
:10AA7000184F2115054B0BA70B3B3101623D03E736
:10AA800003DC2F217E4F99B0CA65EF2038E506F927
:10AA90004335CEFAFD364CC68159D7BCEE07FD5C76
:10AAA000FAB4D549A61C3FE7D34AE924CFD45015C0
:10AAB000B9562545F7EBD445E1EBFF261A2A252F99
:10AAC000E732DC33610CB1F014C1EEFFD04DEB1670
:10AAD000CCD93EC3E3FF3B3BB0E83740F64C6A2F8E
:10AAE00009093B6E2A3305FD3F13F9F53E232389FF
:10AAF00040D8E7DA43E6C8C8CCFCED4739E354094F
:10AB0000490AE5584D4C22F52C08E0C6A44F0864CC
:10AB10002847E0F9D3D653E78513C7A3CF084E16CD
:10AB20003733DDE0C0D00F3D71ACFA3F2CC64FF596
:10AB3000A8A8E04D4E34CBC936BB13AFBC26AEC27D
:10AB4000225BB2F013BB36E6F435F85CE223D1DECB
:10AB500026E9AEBE900193F2DAF7DBA8286FDC0D90
:10AB600095D487B4C40B05FAAACEC4503CA233BB1B
:10AB700009EED45C3F27DB1AECA5B3CD10EDF1A7AD
:10AB800061A142FFDCAB39C36753D2E5BA5671B756
:10AB9000C5357FC016ABD542900B06C85617CC6E94
:10ABA00029AF4F4C5E42F9DBF11F32C03FB8FDA028
:10ABB00048AEDFC5CAAA04F715F83760FB0443F4B2
:10ABC000E05F16C1B02D6143C58AA646C2DBC6430D
:10ABD000E4182002F0EED12E9C4B322830F613F20E
:10ABE00083D35209A822C070CBD03C5D352DC9C299
:10ABF0009313043EDED6D6C1BAF475A9011A4C8A65
:10AC0000BA3FEDF0FE22C8C8CCAACB914A59674B97
:10AC1000DEC029B9173F47B5BD5C46B6EF185B618A
:10AC200056193BEDFA5F58350BEFE131AC60463316
:10AC3000DB70EAAA1520C7239EAAD9A4BE00425DF4
:10AC4000C02837C8F1F461253C6306B0C446ADECBA
:10AC500019F727DC0C3335B3D1C645B290B9DDB056
:10AC6000C61776E7AEDC7FB228255219C414B1426C
:10AC70002240B2CECF2AA343E0DACE5E57D2BE1C2A
:10AC8000B8B41FEC3256B2F211AB96194634241800
:10AC9000B0BAEDBB5F2643F4AEF1C8CFB0D236EB0D
:10ACA000C7600BB19E2BCC40292CF253021D0B3AEE
:10ACB0006200C44C2EA410BDA2E7E534DA3AB11507
:10ACC00007DA43D5FE66CED0BF112FD01A1AF22074
:10ACD000B5EAF6C498B9381055F33DBD1010FF28F9
:10ACE000B3E11D45D1EA2C111359EFE050F7A93417
:10ACF00009B032B9FE84384FF2C6ABAFD003F74289
:10AD000025473066E7402DDBE1B42C29A8EDC204CD
:10AD1000453CB95C3DC5EF53CDDB23D526C208F8D1
:10AD2000D1CBA8D69856AC65F7292BC8FA2FCD52AF
:10AD300016DF03EA10CAACA204B4F6CBFC010BF296
:10AD4000CA19E90229D6EBEE3B07E0D2D4C4D3EA14
:10AD500037D40FFB812D1208F844150AE7E5C3C16B
:10AD600000F811A6F53103ED01FCE7DAC8F71AA3E4
:10AD7000C3C011DA0FFED00CD9F40709BEE20EFEF3
:10AD800068E90F3FEB13DFD3BADE54FABBF11CCEF8
:10AD900000CC3BB8D8CA36F8EDEACF41F12744FEE3
:10ADA000D12A14FAE7B0C00BEDB5F6D728FC6E2413
:10ADB000ECEF18E53336650A0C70FAF812E5244218
:10ADC000CDE4F4ADE2E4344B310DD6FB14EF4DD2BB
:10ADD0000AF848E2E1B428E14A0B26F9BB0EAA17AB
:10ADE00000281F11CF21F13106C92D1DCFB8C5B6DE
:10ADF000D9D3A9F9F994C4240F205834F49C241908
:10AE0000ED1028EDE1B8C0BFC21F371D49C6E3EB06
:10AE1000E83921FED90DF53A341ED9C01EA4140C10
:10AE2000BFFDDE64DEE0C0CADC411AD0C0BCC9DEB2
:10AE30000801CFC4AF819AD1AFCDB01ED1E0283D7B
:10AE4000391FFA19300134DAD1280BE8EE34DA1B55
:10AE5000E448B90C22C31D2FFDB000EAE73EEC1810
:10AE6000F10CEDCD21B86738E10CDDEECED918C676
:10AE70000F3AE1C20ED111CD192FAC38B622EDC672
:10AE8000F4DCFACBE4F02947E5FF2CE108E6532C8B
:10AE9000275AC1E2BA39010978C3EBFEC2C22111B7
:10AEA000E2BC06D716E5FCC1D2CFF1E355E0AC26F3
:10AEB0003AEEECD118CCDF3931E9E1DBCBD5F9FF43
:10AEC0000CDFFB1EBFE217D13A1F70D2DF27F9E774
:10AED0003FF9E9F3FB42E506C91365D02AB7DBDB8E
:10AEE000CEE1082E0C2D46640DD62FEB2BA32A178E
:10AEF0004121D7B58ECA188CED25FC4C1337DFEFF6
:10AF0000C7E3E6DDD410DF04CBC325F7F932BB1F5E
:10AF100053D034EFC1FB3E4DF922BBDD491502E9A8
:10AF2000CE09132EBC03061618BFA6FCE308D0D525
:10AF3000C34C18B307FAF228C721E62E1E05BEA996
:10AF4000CF40B12CD62AA820F1D04025DC393008DA
:10AF5000ED081E31EBB9C30443CDF7F8E513CFC0BC
:10AF6000AF412D18FBC63900E406EE333ADA021180
:10AF7000D61A06D3E63000FB1C5AB22A2606301D2C
:10AF8000482003E30CD159533B12C3F4CFE8941B80
:10AF9000DAF59C24E6DA2429123F0921E2CF00C623
:10AFA0000DF8F31446C302F2F8D40017E1F2F8F4F6
:10AFB000D6CEE714812DE50DE5E6C0D10D361F0D87
:10AFC00048B2C74CC4EAF034BF20FDEE0AD228C90B
:10AFD0002FA8BB1CD63CF9FDC3FB56C8001BEC4098
:10AFE000D3C6E2D83D2937E8DFC2D6FCC097152B7F
:10AFF000D7CCFBBA213FACEDC69D010C03EDCD03D0
:10B00000A8C322C1ADE9C4B1D105E8EAAAD4E9A236
:10B010002BEE1FF5B8B70DF0272FD111D9AEF0C721
:10B02000CE3C2507A0F1DBABBD15E3E6F104F01F34
:10B03000D4B00A481802D3ECAB1406CFEE260B307E
:10B04000C14922E929F5174DB3FF16BF2F10D72E9E
:10B05000FC25BFBD46F84AE0192C193C2DE60F49E6
:10B0600016F900D3D25AD4F33CDBD4D5E4C5FA06A2
:10B07000A74733E9FC2136042A34DE334B142EB8BB
:10B08000DC4FDE12C9F55044BAC2AA62DFDE00D23C
:10B0900017071AFFC3EDEA13F5BE3ADDD6F33653B0
:10B0A000ADEFCD250EC9CC444BFC04F1BFC6BDB3FA
:10B0B00001EDDBFFC32911C7B82CA1E43052F3180E
:10B0C000E905CAEB27AE0C3617D0C6EEC61C11B286
:10B0D0000FF9D7D1FE1FCDB7062CD6F44722F8D3EF
:10B0E000F836F518C31A5412FCDC08D22F813E45FD
:10B0F000A02802259D11D718CEC3BBEC04D0A4FA1A
:10B10000BD0A17C327BA20261132EE0DE02D2E18E6
:10B11000F8F12CA4EC2128E52035F7083023CDC325
:10B12000F108496DFE040D25D6FCE30CFAF1D68F2B
:10B130003F23EB2425170B30EF171729BF0926DA19
:10B14000E4E0EFF7151616FE04F8F82DECECCD0F41
:10B1500004F70F15F925F2F2E3DAE0EFBFD60DE4BC
:10B16000E210EDDC1A8BF83C024A28211514042069
:10B17000A30BE108FEDC0501E131FA3F10AA12340D
:10B1800001E4E21CEA051712D4D2A11D2EACF6117F
:10B1900027F7E80B25E7E90E0D2E0A112CE038AA57
:10B1A000F0341FAC040627DD0EEC22312DC5D6E3AA
:10B1B00033F4D616E22A1DD8EFC2EBF1E733F2F0F2
:10B1C0001000E11918FA29C9003B3B0A0BE4E1E33E
:10B1D00014DBD803F4291825128106CF3E0507E8B1
:10B1E0004743D81EE9100625CB09E00D1ADBD836F7
:10B1F000F628FBC10D29AB00E4E2FF0B2502F702A4
:10B2000031CFBA5211D2BB57B817F7422DF19D4931
:10B21000C5F4DB5646AB42C8132DF6EE5F431CA9BE
:10B220004B2DD3CBEA4FECDD191238E838BA1F7238
:10B2300024DCF2AA41A4032F05DDE83D14312C4E95
:10B24000BADBCEB251D9F929692426EBBFC926361B
:10B250003BC02D2BE147EEADE0AC41250EE44C2385
:10B26000EBE1CB5AFB6AAC6F0EFDF030A5EAE8C407
:10B27000EEE9C9C7F840CD5714D9FFD0A9C63E752D
:10B2800002FDF34BEDC52CA6C63FD2003B01423771
:10B29000EDDA3EC750D9F5DCA7BB562EF2CCF2D37F
:10B2A000C6EF2B54C233B8FDA1ED33CFCC6606D820
:10B2B00006EBA13D7FCFFBD2295C9D189D2AB535B9
:10B2C000154AF7F3EA310C39241A38A60BF735F58D
:10B2D000B3CF25F508C9E9C1121DFCFF20038F0378
:10B2E000B2C2495EB713CE521D5631C52834B10ED5
:10B2F000F1C986EEFCF4F3D7DAF730FCE01BC5DECB
:10B30000CC18CA3037322205F5FA284D452B0F24C8
:10B31000DF44EF01F8D8124038F7D2FBE5F33000F4
:10B32000D50F14D21A3A1823D7AED67F0FC5223FB5
:10B33000C353D3ED093107F71B2DFFE1DF0411E8FB
:10B34000C7D6EBF70525FDC6B70836EF3368276289
:10B35000ECD8C6C71905C2490DD7ECC800E8F0C53E
:10B36000F8CD20DDE541512E33041614FA42E3F501
:10B370004238B1113E0CD1C1DAE42835E40608594F
:10B38000D7D9E9EE34251538C2FAF3D7DE34F6ED15
:10B39000D8F8482D35DC22F6CA05C6E73806D9EBC1
:10B3A000EBFE2CEC00EE2107D1E1DC31FBE8E111F2
:10B3B00006DAE4BA4CCC2CBF35F9E71A3013E1FABF
:10B3C000163CE52105D0F4CE155532F22D21DD2FA6
:10B3D0003729FCE0E8EF4115CBDA4A0ABF18DE1541
:10B3E000C038E210F4FBF7FD19C95641F71414EF09
:10B3F00040003359492B3800CECA2B47F61866BF98
:10B400005DD4CD1CE8DBD42811F4FE3405F3ACDCAC
:10B41000190F1242DAC0460A2DD5F72BFECD38D9C6
:10B42000FEEDFE021FB728D41208E7F60EE42757F8
:10B43000C320FB43E0E9F0E71ADF2136CAAAF0D3C4
:10B44000E223D21D34F6D706321739FBD32D3EBF87
:10B45000E5B3C409F7BF20313ADBDECEEDD1032CD2
:10B46000BE12B5E5FA45350AE8A02158F38339AE96
:10B47000B4383201E22F0521BB26B3DEC4CCED0780
:10B4800044433508EEDEDFB9F718F4E03BD812E8A4
:10B49000F748C6D4D4B016E2EA0532E9F1142174B3
:10B4A000C90FCF3611064E200012124414D0F1AA53
:10B4B000C821FBD8C01FD0F1BE2D813138AC25B6D4
:10B4C000302E26E9BD2218C7B7CF0A37E4B819BE17
:10B4D000E2204E240B93C0DE2F069C4C02F6E70DB3
:10B4E0004710BEF1C0F445A10F2EDB0E3AE0DCACF4
:10B4F00007E8F7D5C3DA2E021646E135E0B3B2AF5E
:10B5000039E764F6D74AC9AE21065B5AB2D903C5FA
:10B51000410D1B2423403AECF7B01A52E9F21EC445
:10B52000DCE0DE09AEA7A01C140E309D1FBB12F29A
:10B53000442ECE2903B134A6FC44B3B2DED7210D8C
:10B54000E1091125178FE6041855F81B46F638FC5B
:10B5500054523EBF51E2E045D7D85A2C420640092A
:10B56000985FBF2A3C1BCDA4CF35EB564EA245E1D8
:10B57000A2444E334D42390A0026C88156F6A4C66D
:10B58000F0BB9C48A92AE7B053C7BBC1B0030EFF6C
:10B5900030C31BDDB411EEF1AC1A12AD9AC82C27E2
:10B5A000F49FC7375530A2F2A0A8A3D398C418318E
:10B5B000A6C9D4B61A4C1047340913DEC4A0D3432D
:10B5C000E11404C934D70E2FC699E39E4701E6DD86
:10B5D000DD3F144728D4B18CDC68081C0010B3ABE5
:10B5E000B015341A53E6215DB2511BFABFA3BA1944
:10B5F0003354BD0251A5B7FAF15DBDF04B30A8C27E
:10B60000FEFED82AC10CAB421CEAA608FB2167FD4E
:10B61000D3A71EAF2FF8DDA8B236CA43391A18E9EE
:10B62000F503C39A1A04CF66E24EDA19B84C05FA4C
:10B6300011D607F203D30FAF44A7BE17F308525336
:10B64000CC59F9A101504DC6D3C848CBEB53F9E111
:10B650002E56EF03BAFA193532F6F0D634D305BABE
:10B6600073282DC2EC73AFD2ACC83CBEF63910C9FA
:10B67000214FCC9E54E4BDCDAEBDA550CFAE3E56BD
:10B680005A06F5C624D01133D1E8FA3E47CF77DA0F
:10B69000B0E226CCF5CA071FC93D2D16E5A9019DCC
:10B6A000F139D2D91426B1F022219F3827F463450D
:10B6B000E7B24DF12AD7D6F252E2ACF545C6D3C572
:10B6C000FFE8E6AE1FCEF34611E325DC3BAACE0F22
:10B6D00032BC4F36FCCD4515E7AEA43BC1E32F7F0E
:10B6E0003C3DD04628F1A042D0C923CC6157FB8D08
:10B6F00037D837EA7C06C66BDFEF3430AE27E73544
:10B70000FC451D4B091AF427EF20ECEE1DF010BC90
:10B71000BBE50818D20543F9DBF0CEF7AD07C7C08B
:10B72000204816FF57DD7F31D33E0A5142DE2F07F6
:10B73000051D0AFE0A19560E10B8380CA6EF1C1982
:10B740001701E504E142F52916F2CE1F14254A033C
:10B75000CEE6C902FA19230D28CFEFE40ACC05C1C1
:10B7600005D1E1BED8D6F1E0F619001B27FB1B4C32
:10B77000CC1BDA29FFFEF6FB252539300D07DD2D20
:10B78000CBD82BE8E73939E22D1E0227461BE819F2
:10B79000C2C539C2DBC4EF1A3424D4F9CAD9244B48
:10B7A000F005F508D6422F304DDCE8C896210B4F46
:10B7B000C535FC004F26C7D013E70E4EE113E7F85E
:10B7C0001832A2FF49F5EA18F11805D029150FFD26
:10B7D00013E4F3083DD90D293A0D275CD1D40A545E
:10B7E000BA4011F6B52B0B5734D313E145DB162BBA
:10B7F00037BB5D1347C5F7FF061ED1E9D75102E2FB
:10B800001FCEF4E228D1FC18D1D2E14825491BF122
:10B8100038140555DF3901F59CBF14B5CAEDBCB32A
:10B820004FD5F5AA152B91A6F64D5D2627023E179A
:10B8300060CC4F2D02E233AA3DF42DF5D7B7B6BE4A
:10B840003EE20E23238FE3C5FD3F6D23DDCD314462
:10B85000FEE834B1713DFFFDC0DCDE04FD2F3BF19D
:10B86000C718B3C1DD1CF0BA4B88F4DB4DADDD1C4D
:10B87000E0C63A332E0A502A4AD6CA2FD0D712FB36
:10B8800031A7F9C33610A7A91F23D8F82EF0075106
:10B89000CC584FFFACD237BDE842FFCC47CBE5696F
:10B8A0000CCA3E5E48CD2D12346411B00304ABE2E5
:10B8B00006BCE81DFCD81242D965810B0D41D9C3E5
:10B8C0000F7D42BD8C3D4C14CB04F3DE31FF34A818
:10B8D0001DD62AC3FB00DB1430F8B37024D8A7416F
:10B8E000D5EE2DF72937DCE011F20D05F1D8B7F2CE
:10B8F000A9F6A819320030C3C03B2CBC268CDD1B36
:10B90000F11F3A7FC959DA0F04BF3E0BD4FA14D0A5
:10B910003721F41CE8F82D18D145F942FE1FD4DE7A
:10B9200005E2D2D4EBD821FE2C1A200202D8372D02
:10B9300033D5C4C5D614FFDC01D1CA1FEBAD12C686
:10B94000C14AEDB3E1D8C802F70CEBB311EF0C26F6
:10B9500010CCC9E4AD13A6EEF24CFCBB5914E214B2
:10B96000A90835E8F810D5CD2913D1EAC51EB7F2DC
:10B97000302FBF0ED942C4FFD116DACEF7FA295FB5
:10B9800052F7ED2EEE0BB6EA1A60D8041CFE2C130B
:10B990002F1419CF32372EFDDB13B7F7DBE92F2633
:10B9A0002626DBEBBFD2F937F923BEDFC5320BA960
:10B9B00012B7B9BCA42C2B3630210D3306ACD6E11E
:10B9C000DD73D1F9D320D9591DA3EA190BD135CB99
:10B9D000A6C5143F21DFE51AE94C072C2CD33412FD
:10B9E000EA51262208CAFEF835C650CD230B0B00BB
:10B9F000FDB3CBE3FBB33AF40A07F510E22B432384
:10BA00002042F81F30053B210FBE4726B2FDE1540E
:10BA10002FD08CD5F32935B0284247F627F01608E9
:10BA2000CCF6DCFC45D7E6E4D2D848DB5F22D52251
:10BA3000BC00A8F9B7C74A06BD0FCC43E093113943
:10BA4000B0E8A8BA1C1809E3D24E3B42D68DFAAD35
:10BA5000FBFBED1781BC3ED6F92CB84ECBCEC637DA
:10BA6000233BB1CEB44DC6831FA3D4C4D613D6CDC9
:10BA7000FCF4FECE46FA1CDEC2FDFE94B00CC3D927
:10BA8000DB112DF9DADAF9A3D3F8260CC1D5D1DA16
:10BA900094B4D2CEB7DCC4DAC2240525CB10F36649
:10BAA00097B5E1F616F424E8F3E2DCA928CB010D02
:10BAB000A19AB8DC15AA12F3F37418EDF100E70CA3
:10BAC0002D3528D9DAB1C2C636E20396313B1A24A5
:10BAD000FC37EA1C27DEDBB926E7D169FE37BEB3A7
:10BAE000251E4B2517DA122C20DF582A26BF11E21B
:10BAF0000E0AE390B41B65094CCEB9ECA0C9B4D3CF
:10BB0000D1D418D9F5F903E93A4BF8F4B45B30A96C
:10BB10000AF715ABE1E429C20B122A14EC3AE02C27
:10BB200019E44302E3F6D5B6A74619FFA912BBA054
:10BB3000E7CEFAD7F3CF1EFF24CAF3EBF465F6463F
:10BB4000023EE0160B0210C2001FBDDEF2DC3F37E2
:10BB5000E6EFB4E8E42502B74423DC012AF4D1E09F
:10BB6000F6EE343E17E7C3200854E1D30351001822
:10BB7000F83F09392DEA34FA2F2055C23731C31165
:10BB8000444AE7BE092AF0B9FC09BFDDB0EF9CB218
:10BB90003D4915D6FC3BC431C44A2CF4B51DDE0624
:10BBA000FE48CE14C40CF80DE17F1A0913C040649E
:10BBB0004E1134CCFDE2F6CE30C04A41EC29E54EC0
:10BBC000F7C254D74EF1CCDF110B5CA2BB390DBBD1
:10BBD00059A98EBDE60335DE43BCB82CDA0AF4124F
:10BBE000DF11F62EC7B4EC0350CCF4C6D02DEA100A
:10BBF0008BD94DBDF6E7A0F221B0FAE248FFCA01A9
:10BC000041D1CC42D60A47EECAEACBE3CA50E2554C
:10BC100009D72B14EC3543FAECE1DFC630433C1F67
:10BC2000B1E0BF9EE1C3E948550508ADCBD8424815
:10BC300033A4DE07E0180123DC3AFDCBF1AA8AE940
:10BC4000E0C9DBC224A8ECCD2C202F1F1319DFDCA8
:10BC5000D9E7E2C0ED403BE51037C909BFD9E7316C
:10BC60002810B8F9140BB0CA27A65D5E08FEC800FC
:10BC7000C404CB3F1036CFC8191FFB880E1B3C6C89
:10BC80002DC3FAF8F0C906AB35F353330E72D0CD9D
:10BC9000EED6632C15586215A506FBD5DD0A1F10DC
:10BCA00089EB3F3F1D211BA2F4300312D53C28092C
:10BCB00000CE44DB25CC29C5C65601081012342914
:10BCC00030F7EFEECF28052050BEA4A9001023FCCA
:10BCD0000A12CCD5EC8911E5D62D815624E7D01671
:10BCE00034A91BC2E8B8F9EAC3A52ECCE6F7FBC815
:10BCF000E81432E852B830E543410FEEF5132AE676
:10BD0000110BC00AF4C731ED05D21E21DD27162123
:10BD1000DEE706DC171928E2D51A05FF2EE6DCFB64
:10BD2000D0EE15FAF0F419280DE3BCD62113E21277
:10BD300041E3DDD82EF6F52AD62CFEF4F3FB1718D6
:10BD4000E31B2EFB0005DA3216E32028DA25F21079
:10BD5000ED301907F41C14EE00E4FBF51B2FF00B7B
:10BD600017EA01DDFC013832281BDAD1212D09CA7E
:10BD70000BE51EC80E00EB12D8DBF9202FD40BED1B
:10BD8000F624FDEABC17E123F7C5EBEF181ECB0E36
:10BD9000331F05F1E8070A007FD0E819212D0EC2F4
:10BDA0002910E6E41ECBDFCD0303E5231CEB2DCFEA
:10BDB000F9D30E1FE6D6CBCE04270DF6DD09B8FA6F
:10BDC000C30B25FE20DF1717232D06E6052DD712FE
:10BDD000EAFBD4150F07D8DC28E048BE1FF92B3248
:10BDE000DB290BF6DD0BDCDA1103D5D900C9E21033
:10BDF000B0201ADC08F9DCFFF11BFC0EE014E92E80
:10BE000012EBDB28EAEBD02628EADE07D627B80FAC
:10BE1000CCFF244B0FF836B935E7D9C9BA2AE6C6A4
:10BE2000BECDBA00EBEEEBD267E548E2C4E2FD0D11
:10BE3000D1CB2227E8DD0B26DB3C261B07F4B6D549
:10BE4000CA1C36D427C7DCEE212C341AFBD423FCC1
:10BE5000CC0F2220EF03BF30E5EC3E22005B051142
:10BE60001B11D3D0CF1FCABB1730DB38DEC50BF197
:10BE7000F7D001291E233DE2F52906EA2AF4D9AAC2
:10BE8000E130C4F7E6F0AEBC1E051C0DFEFA5B0FF8
:10BE90001FF7EB25C7D5FB1D121E1EACD90FCD22F7
:10BEA000D7E3D16A29F4D2BDDFFD00E9E90E28818C
:10BEB00020F9FC0218181D0C20F71BE6C12B20DF0F
:10BEC000261FC20514D9C61843E6DFD218F4DEFDDA
:10BED000C1035E1EF8DF2CF11E59FA26B8CFC3D974
:10BEE0002B4EE30910EFEF5D1C143D360EE425BB2D
:10BEF0009B06E9B2D201150D38E5D1F7EBD0320738
:10BF0000A7F5048CD50AE7F82BE4EC07493545A9D9
:10BF1000C4B53818D73A34C24C3C42FEDF1722ED84
:10BF20003AFED660192F9AF2F6C9C6D91C10F7E767
:10BF30000B0B44BCEAF7D30D1CE33FBE10E6F6D56D
:10BF4000D315B80107DBF632CCE9D6C2FF29C4CD40
:10BF5000DB042B40C839E0000ED21F3316D1CC27AA
:10BF6000E6E92EF00A8667103B51093310191FB419
:10BF700031DD59A8F62C3B19E72AE9F45E2F03BD01
:10BF8000D70013F7E00CAFB93C9ADC121FEF12B4E4
:10BF900012FAE9F2C3003AE1530F311839E7410CC4
:10BFA00001DA31FC2BD037BCE5E022C63633C1DAEA
:10BFB00020572FC3B801CBF52ED1FDBDDD45AD3BDC
:10BFC0000BFD35C043EB0D09B6640B1305D402BB62
:10BFD000FD40D6CA2203C919441817E246E959D6CA
:10BFE000E02D0FBA4D12C9B50AE8CBB80AB1347FBB
:10BFF000C6FAE8EFFBDD1EDA09B9EB22CF22F17AAF
:10C000009905F4A41ABDFFD401F4DFBC21DDF21FB1
:10C010002F0ECEBE2D0132F20D17D8E629DAE5D863
:10C02000E9E3DA7111220F0CF908B0E51ED1309C5A
:10C03000E11C1027F738E2E621D3DC0CEAEB58F8D4
:10C040003D1EE62B1C1247DE59D202E434F31F29B1
:10C05000DB1917F15D103DD408271C21B1532430A2
:10C060000EEF03F8E6811203AB27F4CE04E4242399
:10C07000C3E034122C32D0D0FEEDDE20FDEE03D62C
:10C0800004E064EBB336C60511DDE41934082DD3A2
:10C090000546D70EED29D1DBFC1ED60720161AE087
:10C0A000231ACDE7EBE429FD32581D212DBAF74DB7
:10C0B000202FFE148F0CF7F8FFDD1ECBE141D306D5
:10C0C0002BA8D830353810B3E8EBDBEEC01ADF18F8
:10C0D0000AF7ABD5D3490727F0BCEDF13831F52687
:10C0E0003CCCF40C43E50623F3F8D7E80DF0302EF2
:10C0F000FE0E41DE2BF0EDF1EFF1290234EDDF27EA
:10C10000D0BB0EAA41FA14CCDC36E669ACF0954FF0
:10C110002BE3192EEDF6304D3EB817A50F921330D4
:10C12000003B1947E1CCF6D72DB4FEB8A7DBD7DE2C
:10C1300031EAD82042ECD0F5A1273FDDC257E8D53F
:10C14000CE49C93E27264244DCF402D5FC2419A678
:10C15000F3D925BDCB355512BA08DB2D2224DD05D8
:10C16000293EB512B8CF2346CEF6F9FD2442D4823B
:10C170004544DFFD0A3BE5060C0346B3B5DBA812D8
:10C1800058D82DFAE4C1B2DB2BCE41903DAF6365A8
:10C19000D7E3F2DC0425D3AD61E18DD51DF72C8109
:10C1A000C285E2133D38491A3011F5B8DE5FE0DC94
:10C1B000250D2DF73E0B96EECD49FAE4D7BDF6BD21
:10C1C00038D9EBD516FF207CD626976A28BD0904FE
:10C1D0002710F7E5F63692FFBF3A0C95B5E3A8B9FC
:10C1E0001EEFBA2182454D00C028FE1039851F3F41
:10C1F000ED118DF2C4CDB125C937F3D935FAF7C2A7
:10C200001AEABA5120E037CE3AF441A6E7F0521AC2
:10C21000B341CBC3D8B03D3DCFF02647452CBC56EB
:10C2200029B8F1CE12ECCA08102A1B25F05719E2E2
:10C2300023391B29B0DAD9E6091CF9CF520C46DAAA
:10C240000E26AAF1F521DE04F6D87F1735D7163869
:10C2500002FD342C3D1527ECBF3C1000C3381806F6
:10C26000A72EDF05476B0F532A21C947B41C15E3DE
:10C27000D2D351FFC0DF471D340A245AE744D628E1
:10C280005640BAF0FA1C4E0224E513C92742DDA538
:10C29000D82C091CD03A0703A552142FC0D7CF12AF
:10C2A000F2581FD759051910F6F7302C2127E6014F
:10C2B000CBB3FDBCF3B81E370C245441EC40B6E0C0
:10C2C0005DE03CDEC2D32A0EED0BA2FCD6C3C41D3A
:10C2D000FB0262E1E8D06CCC01DE1561562409BF97
:10C2E000BAC21EDB29D836A41B20D03A121BD32099
:10C2F0008BDD60B4F9D006CADA4ECB030510F65FC9
:10C300001F193231BD23202FB9925AB421DFB03327
:10C310002EDFFC15DF1AFF4AC3C6AC23281B25E518
:10C32000A21606A5C9380AFA1D0F40B7CE52CA494F
:10C33000E6900D2CD5E5BAE2E930B7EB8AAC2D6476
:10C34000E301F785FBEFCE45120D3045E338EBEC0A
:10C35000F80B11C4CBE2EAD6F91F3AC136E4C33B6D
:10C36000B5BDAFDCD16BB9BF13C7C132C12E0A1541
:10C37000DE5110E631D74138D3DC2EB8C0CE242BA5
:10C380001CEE9825CCD0F5C7D87FEB3D45FA24D0DC
:10C3900007B732352947D856F20E270157D6F9E9A3
:10C3A000ADAFC4EAE91C463EEA26DFBEA931559D81
:10C3B00020FB0644A2E612B64F1192231FDA033186
:10C3C000C555BC16ADFBE13F3602CE4E34C947140D
:10C3D000A9D575DEA934103147350B0FF4AF9FB2E4
:10C3E000F66E3E32144B3E40422C52EEABD44D988A
:10C3F000CC1DBB374F2C40463504D528DD35C4CE87
:10C400003333380EF026341EE61532F5C0F7B10787
:10C41000F917390EFED42EF0F92EE01A1BFDCF19B4
:10C4200034DC21EAFA0BACF5F31301EA25E9C72065
:10C43000F9F7CC2213F220FA1ED7D8C8C0E9252577
:10C4400037D3F407250EDF1750CF012C1A0FF6F360
:10C45000EDCFF8CEF4E1ECE5D5F8FEDEE9F9DC212C
:10C46000DE0CD9050317230F1ADF1BCC30E90ED3DE
:10C47000100BD02CDA12E3310A164A27342DE53599
:10C48000D6020FCE40E205B61DDDE345181B14ECC5
:10C49000521E4A0F012E11CA81140955D4C52B070B
:10C4A000F1DA331DF70EFBE109EBFCCCFB331E3B4D
:10C4B000EF282CDAF011FDF30A00FA172D03E10A38
:10C4C00029EBD3120B06F0B32DC7E54B053310E66D
:10C4D000EF08EC24D20DF833DD0BC4FEDE0E1AD4C7
:10C4E000F8F0E21FD6E9DFEE1905EBFE08DE0321C6
:10C4F000F0FCBF5CE5CBDAC5040F01190CDFE318D3
:10C50000E2E4F5CDFAF932F0F8FC03F6FF1EBED4F2
:10C5100031F3D11241E5F509283C1FDBBA00EE09E1
:10C52000F7F0F7D11CFEA500C716CBB223D1310A14
:10C53000F3CE29CD25F60FCDE01FDD2DFCF7C1BED2
:10C5400040D5310A072424E3FF12CA3D05E816ED61
:10C55000F21D21F333F7452A12F2F60141E415EDFD
:10C56000BE1401DDF1D01256D3CD1DF1F8B4BC3AA2
:10C57000A1F00F252B35ECD029C222FDE015F15793
:10C58000E511EB18E1C9B91300F6F2FB2017061606
:10C5900038E5F8161FF1CBD3230F05FFD5FDAFE823
:10C5A000FBC115E44222FB3F1C2FDEFCCDE7F2E885
:10C5B000EAE36526C6C7812830D4F0C4C1260BDB68
:10C5C00029AAB7EFCDEBC9F3EA3532EBBC1D3CDA53
:10C5D000F91797D638D23303EFF6DAB1ED1DDD4502
:10C5E0002F16DFE2F9A5FE05C2E9ECB6F11AC42A5E
:10C5F000D6FC312AEDEC13C0282611EF3E100D0DAC
:10C600006144AE6250C40D218A21E0112302C7FDAE
:10C610000AEFBB690DE2C0DC9415E138EC3EBFFACD
:10C62000344FE7E3010DD1F8292E3BBD2ACC170981
:10C630005AD2EDCE2909E120D916C3F9E2EAD397FF
:10C6400025EFE1E9C8D0D5E34135C6F12231C6E690
:10C650001C34C6DBCC21F3E5012A33F556EDB0CC12
:10C66000B443BDEE36D6981D04DC270DE9C3E41BA8
:10C67000DD30E5FADD2D0C0842DF0D065AC719E45E
:10C68000232FC310C9955FB31023C8C2B8EACF2BBC
:10C69000A3073E470CB8151CD3DABF0A4BEAA745DF
:10C6A000FCE4BFEAF4FC2D0A201B81D9A1BF309B1A
:10C6B0009DB734075CF22C241E103136E3AAF4F047
:10C6C00044FFFA4108D93DC35BC1AB3139D718FFEC
:10C6D0009DEA52DFE022DA26E42CD727DC3CE3F2A5
:10C6E00028E1EC921441BBC3F910F7DF22C3D7A9AC
:10C6F000EF0C311856292535F0F80FACF38E46EEC5
:10C700003CF9004DF6CF04B32ACB3EAB23CE3CD54B
:10C71000E10CDC6A2B394121CC3238C10FD82BF324
:10C720001F1BF00DDEE9BB231DDB2016F4211808CA
:10C73000E0DAF9DD0B1BF7F904BFB842D8D4B03BFF
:10C7400007E1231310B91BE6E3CA31C6BAC8FC25BA
:10C75000CB01DA0A46EE170AFB0CD508B5012C4CC2
:10C76000CFE303CFD021C1CA33DDBFE9F32333E2E6
:10C770004129314A5531100208BB2E0523CA2A2906
:10C78000C6D7F93E23F533FC26173708D41E15C348
:10C79000D44025C811CF022BD51252D6C4D4D80C00
:10C7A000420529E7E10FF9E03BED52D6B920F0D779
:10C7B000F5E0DDFC0A2BECD1BE3E1B28053E2AF538
:10C7C000DF54C13381DD3A10F627B5FD27C12B0EAA
:10C7D000192D3E2309E641F0C8382831BC20C0FBA2
:10C7E000D8D0C2C5FE8FEFFF11BED8F62FC3CDD271
:10C7F000E70900F60814E71F06DA44B5E5DE1D0375
:10C800005ADCF3D4214012D81834E5FB81061CE52C
:10C81000E4FFDB1A08E943A0FA2123C1EBA5F83EA7
:10C8200009DCFCF320BDB7135F2303AB2E02DAE76C
:10C83000000F40CE20C11EE2C12DF7D105BCCE199C
:10C840003CF1E28DEBB1150F2129EC411FCC2C14EA
:10C8500010BE51352ACD310FFB23DAD4D5D117F2D2
:10C860002123C98212320DA6FE28DFEE34BCF42744
:10C87000CABB123725B2DB0A2105BBED0BC1EEDFC7
:10C8800018D8E114B922B1FFC9F917E6F94FE2EA65
:10C890000700FAFAEEDBDB2AD7DDBAC608F913384F
:10C8A000B2A7222E27D03A12BCEEC2E6B9BCC9B854
:10C8B000FACD4F25E4DC40D0225EDCE52BDE2DDB1B
:10C8C000E4F6DED49D04FF20FFD7142FBFD4CAB9ED
:10C8D0003C10461CE0DE523CF13E872831FBDA2753
:10C8E000B4C8D2E841F6C81DD9EF2609EBE82EAE50
:10C8F000F918C81522B8DA1641FECEF31DF233B589
:10C90000BE1E31E40F1DBCA910D6CCC57FECEAE1F8
:10C91000D71ED593F221E72A081244214426C74E98
:10C92000FB4505412325D3BD90353EEE4EE51CE683
:10C93000F052F73BFA5DE246221FFAC724463FFD5C
:10C9400023B9B06502DD22D703FEEA3903DC401EBD
:10C950001FCDFF4850453AD4CD0532E7273A2F097D
:10C960004CF7DED3F49643F6E65AD517CB4A40DDB2
:10C970009E30EEB3D5EAF9E8E03AEEC20892D04232
:10C980001DDED8C91406E8F233BC4551E192325B92
:10C99000D3DE9DEFDF38DFF32441C941E3FAD81A33
:10C9A0002F02EB1AC551C1375BDC3F0223D2FF30A7
:10C9B0004EC9EAF200DDBAC7E9A8F2DE13DCDFCA2D
:10C9C000FD9941B224391E0B1BF72F230F12F9BE1C
:10C9D000F020E8E9072DE257111F0BFC14540C134B
:10C9E000D9D7FC4A5F4EE9A8DFBFAC3ADA1A07FF95
:10C9F00040BD28CC1AFEC9C7F1FDE64DDFCAD913E8
:10CA000027C9C9C5C3DAE0CEA4251B39FAB4E7DCCF
:10CA10001CF622E90DD2123FDD22E830302F3DF521
:10CA200022DE4EE4A628BF0907C4EAF1E7C7071FC4
:10CA3000F511DCC319B3FF0B8823B413E5F422B955
:10CA4000C7F4E3162D36AFACFF0DFF08F6EF07B7BE
:10CA50003CEBDCE734EF072B0F27F2E60225F60F5D
:10CA6000C048F3F3D9E922ACF124C8F6130FD31C64
:10CA7000ACC619DDDC11C3203465DF73F9CAD09868
:10CA800052E004CCBCE1BB1004EA043B13E5270BE5
:10CA900004142DF91BDA18BC1641E9321DE2DFBA85
:10CAA000D8B1F6B210C12419F940DEDF20E4C8F194
:10CAB0001609ECC89CDF81E22FE3C9E9FA074316A7
:10CAC00030A9BCD0D947F8EF1E2EFF06A929CBAE5E
:10CAD000EDC3362E0233013505ED41DB4020D8048D
:10CAE000F131FB00D9F410D409C8230640A0E32D8E
:10CAF000EE210AC204449DDBCE18F80432D3206232
:10CB0000C8FF052103C0DFF7DF1722F016DEC9FDDD
:10CB10001A0300CE1813CAD901B1EF271407CC02AB
:10CB2000C8BF3A52FCE4CBCBBFEBF233E602BE8186
:10CB300010370D31F3F65AC7F323DFF3DF643DF30B
:10CB400020EC0B353D41321A0FDF32EC19DB093D89
:10CB500028FACBC624F4E3381C31B403FFFCC70722
:10CB6000DDF7401421935B18B22B3243DADC2DFC45
:10CB7000A62630F301E7253BF337F6293AD00FD24A
:10CB8000EAE90FCAF233BF1AF2C5E12A07C0CC1F87
:10CB900019E9E5D3C74C0416FF062EBEF1C144CCFB
:10CBA0000EF922D3D416D2D4E0DA293F4DAFE8EB08
:10CBB00026F1C13B891841062ECC3201FD2046D614
:10CBC0005ED00233F214E715DB2F1BA9ECE1F1C5AF
:10CBD0003E08EA3607E10341C2BD4CBD37D31C1401
:10CBE0000EF1F79C0115C0BC05CA99DF361D0E1E5B
:10CBF000A606EE5344CF99EDC9F534C2DA4006D704
:10CC0000CB0617CA0DDB0736D2E1D2ED39C92BA707
:10CC10002AABD3A8FEE41E36F808F62A42201CDE12
:10CC2000E6C9C50D1528E43AE6EC81022C20F21580
:10CC3000D419E924CD24E3424D2B40DFD728C1C7C6
:10CC40001E11F1233B274623AD232C361924112432
:10CC5000F3DEE0D92FEF11EE17FBBB2BBBE6E2FDB5
:10CC6000E0E33DCBD51B24CB221B26EDBE0BC3D866
:10CC7000DA2CC9C31220F81517151444DE95EAFD05
:10CC8000F334FBF817FAE3F60D03F327E12F19B09D
:10CC9000C921DC39E35416F8F704DCEACDD63ADED4
:10CCA000E9E0CAADD4462F17D9C5FCC8E227D41F86
:10CCB0002C302822C6142A3AEDE8EFD20322E409E8
:10CCC000FE1AC432F300ED06D3CAFDFB1BBC251CC3
:10CCD0003D2AF11F1BC427D8F294550B1F0FDCCD42
:10CCE0002440251B49091B33E947D53311E1303175
:10CCF0009F0FE69B070DE93319BFC5F9080B2D47B8
:10CD00008AF725E4EB201D1AE2E418EFDF3833063A
:10CD100001B7E0960B5AF1E32CE2A8100DE8D4BD60
:10CD2000D7DE0E310A331FC4FACB11D936FDD399A1
:10CD300004C5C5F90E1E3AF3E12403FBFE57F8D7EC
:10CD4000E21AEEE5FCD5478B2AE905F50712CCE897
:10CD500016E20E35C10B4DC9F83F0439F9E9D63951
:10CD600043BCD03A1A9BB035F80C12BD6FCD234F9F
:10CD7000D2122D07463D2543F1FFA34B16A83DC512
:10CD8000281F5EB1053ED71837E0AB64E4A0E41A73
:10CD9000016ECDE5DE38C322270C04E828F3BDF789
:10CDA000B8D82DFCE8FF3D074CBFD433F7120E79FD
:10CDB00020233BD5B4251C3D3BF5C6DA1312F914EC
:10CDC00029C90EF5C3FACD81CD4E32B900DDE5019A
:10CDD000C8C2F6CEF9302414C29E333EF42F3C3C38
:10CDE000BA053FE746F436CDB2D1BB3F44DAC43B87
:10CDF0003519D7BB25D498293EF82AE6EA133C32E8
:10CE0000F115122302100445D1340C2FED3803F52F
:10CE1000AC452F57CFCE4C02F8BB2944E9DC401C6F
:10CE2000B72C08EE12D91FCDEEF812FFDCCA05238D
:10CE3000BDAB0634280ADFDEEDDB3805BFFACA2FAA
:10CE4000F5B14724C22A2D2344279A34DB56BF4A22
:10CE500045FA46FE95DFDED9DDB818B9574247CF0F
:10CE60002944E007D4C811AC38D8B94EB8ED14E95C
:10CE700014C0C6D1DB4D3BB928DDDB18EF16E5FE4B
:10CE8000DDF1F02CEBCA23C0FD1A1307E6DB47E205
:10CE9000B9D50FB5393804D5A3C9BFDF30D9D72FDD
:10CEA0003EFCECE63D21BAE52D2CFE21A7E1C12692
:10CEB0004515F0F3EDD35ED9C2FD39D0323A3007D3
:10CEC0004557C9E22347F539F0EE4B1A37BC020E3D
:10CED000403FEFEDD7F7E51219F2E47F0E08091B8A
:10CEE00014E2C5F8CFE3F801F01959FF0D0C3ADA56
:10CEF000DCBEDF396033F5FE093DFC2ACAC06C395F
:10CF0000F51D1440CA70F3B4F2A82119D5A739DF72
:10CF1000BF272D0B2AE6EE0EBC19E4042603FFD52D
:10CF2000D816090C102A09D3232C24B6FAF4C62FDC
:10CF3000AD9F0AE8DBBC21B4BA2EC23FDD98EADE21
:10CF4000381149220AE9DFD622EF412FCBDB30C36B
:10CF500008BC43E7810AF04A2C494720FD0C09210F
:10CF6000C637EC2FC33DC6C110D6433B350C01A6D6
:10CF70000026F3D1BECC1BD714BBABB7F0FC3200FC
:10CF8000374609EE2726F818022EEB102C3BE9262F
:10CF9000F4051932C42AF3D8AF2D1540EF02EC176F
:10CFA00023E517423CBE17B70AC2A9DBD7D91197B0
:10CFB000D20AC021D913C5D72B25FD3A0EDDCF43A8
:10CFC0002535112D3239F2D4FD100A36E3B80BD1D4
:10CFD000DC2B60E1AB231BEC2938E1FA1C46E4E7CB
:10CFE000F6E0FC2ABDC11814CB02D7B91FF90EFF19
:10CFF000EBDDF2A4F3B7FC3B3FFDF2F1CEF023D81A
:10D00000D11BEB210CCAF517C5BB236CE613E20C50
:10D01000E2F8094C2F34F7B6B0D6EBF7C8F5F701B4
:10D02000250A090FE5DC25441DDE4F301737313660
:10D03000FDF82FD8CAC23494E5EBFBFCFA95E6C99B
:10D04000EEF135CD0CAACAF1FEF320194BA90C1F45
:10D05000DF0A04CF0DDAD7DCCDD0F5D734BB360EDE
:10D060000D15B1F73936F098F20E0C1C2401F3EAD5
:10D070000FF4D80017C6E2091CEFBD94F7E426258B
:10D08000E6FA23C634D6E9EFED1AFDC3CF4DF5CC51
:10D09000F012F9212EDEE8EF34C5E1D7CA143619B3
:10D0A000C6E8E70F412A37CFCCD9AE33CFE9F581B7
:10D0B000FA8F03EFE0E5D3F8DE460C3E55D30C3093
:10D0C0000E034616C6E3CD0C33CEC7F54235F2EE5D
:10D0D000F6411AE6E1132010E319DDED2BDCC53132
:10D0E000E6064402DE07364A22F502EDE0E1E6C438
:10D0F000D73D0237EDD65AFBD71F0213DFD737C80B
:10D10000B51B19C9200D5AFB7F15C4AB4333E41678
:10D11000EDD54ACE5A18B2AABFE3CD2EB51602D924
:10D120002FC33ED5D0CC5036511A49472FFD172B6F
:10D13000E4335DC60E4F1761071216CE0DD1F9E626
:10D14000DB430D21CA414FBB0E29DE0435EDA1633F
:10D1500032EEE04309C0F4BECA2014CBE71EDA1554
:10D16000AB2121EA0DE52412E1F2D7022E33CBE602
:10D17000FCD03CE0D7E4D228BB1113E2CCC8472A4C
:10D18000FEF4E7D6D42D423F45B5D7DE3704EEE9AD
:10D19000CA380DE7CD0941EC9418B8B9C84BEEDA9E
:10D1A000E0D4D2DD131F0FC4031DF142E7DAD7F834
:10D1B000E71D54251C3A2826261920174643261E0B
:10D1C0003D5149C9D6F034DA36EE45E0F1E3DA11E3
:10D1D0004506FF2703EC32E407533AEB20D36C40BB
:10D1E000F93BD7E7324DD418EC1F3F1E2C14C02C4E
:10D1F000D647141FF1BE072725FED62F353E17F55B
:10D20000EFB12CE21A312DF201D9CB24430DF022DB
:10D21000C16129DC3CD6B99BDB21F33DBA612348CF
:10D22000FBC8EAEFF6332BED2E23E835C5FCB5C17C
:10D2300044D9BDBF35F6FDBCE1542B2436DA14FECB
:10D24000C8BD3E20B31621FEE0E1DC06C5203E53FA
:10D250002119E0F434F4E1C5303E40F5414ED530BB
:10D260002942174F3B3FC4471507CAD7B52202E4EE
:10D27000271B0B2F16D8FFC82F2BEFF43AC2DFF372
:10D2800012EF2DFA2C50D60A321345B931F80DF6AB
:10D29000B6BFF016C6FBBAE0BFD3D7F1F00F49CD49
:10D2A0002F3032CC2957260639F52EC1D0D8E52AA1
:10D2B000F41C192328205714F1D0DD000EB61334C6
:10D2C000EC4BD7136F061F273E1FE61F1BCEE4F75C
:10D2D000BEFE03F2C9CF3826D80931D7D335233C57
:10D2E00039D8D640BB0AF8E2CB4D1EEC2A512BA60A
:10D2F0007FCF0C072326F9F8240F1B04103AC21B1A
:10D30000F60EDEA7DDFEF3FBC7E2E8B9FC2A062F26
:10D31000D43A15FB28FC0AE4E8250B2ED0E8E0DE21
:10D32000F70A4614C5D9FDD6F60FCC382E3216F2C0
:10D33000F942F4E2EEFEF7160F2BE4F829FA0800A2
:10D3400025CC054A36D7EA120E2F03F018CDE9E6B0
:10D35000F2FF34CA381FD70D060F20031F17FD0A2E
:10D3600099DC3DEBDCF126C0AF52BA2D37F50E0B40
:10D37000C207D61D07C311D60A30F41FF009E30D0A
:10D38000F8D03330A9F9E638DDB1B904E5F9191F51
:10D390002D0BC1E4305C14275EDFFFCED7FB1BFCF6
:10D3A000D5DA121416ECD80D04F9F43301C32409AC
:10D3B0001CD4EEED81DED1E935FB1113D91E07CB6C
:10D3C000CE08E7D21E1F152A100D2AE8EC261916E2
:10D3D0003D14D8DA2200FC1401BE48A147182EF7EC
:10D3E000F1CCF1DE2C321B100017D31B07CF252602
:10D3F000E9061B09B4E9C91D1209B5D90A031D00C4
:10D4000007D932FCF9FC1214E0EEF0D1ED2810053A
:10D410000C3DE0C219E226AF223BD2F1D429EE2D19
:10D42000FC04DF18F8ECD9CDBECCFB2F36FCFA0C8F
:10D430000E113BEEE82E2F240235D8FAFC1F452BA7
:10D44000273ACD350C2CF112FAFFDF0329F5EFF066
:10D450001211223605D639C3073123E6FDD2E5D6AF
:10D46000EC101AE5E6FA19221CFB06DA0A111C2E4A
:10D470000D2BF71F1AD601C832E8F227C8EDC7C630
:10D48000161DD50AFEE6071A380B1B2601C4DEDF7F
:10D490004131ED15E50404353208CCF8132A2CEBA4
:10D4A000072E13C42B381E013B16EC0BFEC81A1BAB
:10D4B0002B14D0F2FEFAEACA0DF41CE0BD04D3210D
:10D4C00012B4DCCA1503FDD1F7E41F03C71328F615
:10D4D00049D5AAFB02E010D3FEFB1881232B34EAC6
:10D4E00015E9EDEDEB3816030FDFDEE9041BE52649
:10D4F0000BC7D7D50BBAD725D8300AD10F002338A0
:10D50000EC3323C1FD061923E63E21FB2F2F0BFF31
:10D51000B1D340D0E2FA2E19DEF7D3072CE6163449
:10D52000E21DF26FFAC917D910F4F15BF0D8E5E209
:10D53000DD2C4FD81003E211F4F619DEE532F5ECDC
:10D5400024DFE73000FF2710091FBED1E1E2CACF78
:10D55000DD1DE00E0FEE180BE7CB1C1417F52206AD
:10D56000D5F300AEE6EE1518DC232EDA0D43CE23FC
:10D57000E0E03920DAD4042FD929E9201BD3EB15B8
:10D5800002032BF91C22D23CFEB307F907B514E9BC
:10D59000B934E422E34808252EFD08C9EB1444CF32
:10D5A0003F472BF0DC041A294AD60B320426F8E850
:10D5B000250809D5BAF2E33616BEED1C07400C0A61
:10D5C000D4E81E01D62AE0E60A0A3902BEE21BDFD1
:10D5D000DB0981152D3A2438D59C4815292DF405F1
:10D5E00005C8F7013102CB35EE2B8DDD0CE2E5BB32
:10D5F000370003C4D801E211CAEC101DF32D09EA6B
:10D60000FD114BF9FA5FF2050DB0C025FAD8A2045E
:10D6100044444E141DE3CBE8B8F3EC2DB9B93AC835
:10D62000ECBA101B9EC60839BFB94D052E3DFA0451
:10D63000C937F92CD3EDE91906B416C20D173AED26
:10D64000D0C7311C231D2F1CF2D531B6F99702EB40
:10D650004EF82EF2954AF718BC0126D8FAFC0BC6F4
:10D66000012FB0EBF946A54848E53F3D4C1121C6D6
:10D67000C8CABD40BBB64BD3B8B335EA3EFE0506BB
:10D6800063C911BFD7E62D0FE012343A094C4001AF
:10D69000F02337AF20B0B92C81F1E8C9E7FC19F1CC
:10D6A0009BE7F609FFBA43B31C47E23E1648DCDAB3
:10D6B000AD47F9CE1713CED52B08D910052D3C5701
:10D6C000DEEFB9CF0A4FF0623699DAC0D0B4F53246
:10D6D000B4251F35F2B03234B414C74333F42B08E9
:10D6E000D2321BBCDBC814D559CC52100102FDC18B
:10D6F000C54522E6343ED5F7DCFC426202C0BFD508
:10D70000E62D42E233C31AD808DE18D8E7FD09C770
:10D7100034BE01BA26F0282C0128FA2733CD031B8A
:10D72000F02D51DB0635C803F402AFB4E81FE7B6AD
:10D73000E8012D0CDCE4C7D0C8D9F70509F51E07B0
:10D74000C9F1C80DFD150DFF3611ACCF34090FCD51
:10D75000EF1A02F5E51CCBF32300B5DAD3ED031382
:10D76000F81A36D7DEA552423809D2FCEC101F0752
:10D77000D33A11070EE2FB26D6163CEEEC0ED1EEA4
:10D78000281BD02798E2E461DF3FEBD904FC0514A5
:10D790001C43D212FBD00BF20608E121F0C734DAA9
:10D7A0001DA53705DEA92DB804F0EAD0F30B162A23
:10D7B00000541FCDF1DC8113D4F118520336E1AED1
:10D7C0005086D435F9BEE107E7DCE00D0E212505D2
:10D7D0002B84E8E1102ECA0CFCC6DB182E1FE20ACF
:10D7E0002DEEFF0BD81DD2D407B0F2C533A2093CF1
:10D7F000DDC9D7CAF3D0B5EF2740F6162B19A00F15
:10D8000000F03D5AD3FF3C0FFD201E24A6E2A625C2
:10D81000BC0A2730E49E2B4DE0CBD2D3D6F34CC6C6
:10D820000522EEF7DBD9D4361AF20A48CCDDEB0E2E
:10D83000CFEFAB3F0EFAD6322B3FF9FA77A9B640BD
:10D84000DE39D5C01415E3BE46FAEE08F3ED0BF64B
:10D850003DFAE9E39CDDD00FECCBF207F3C40CE416
:10D8600011DA39AF45C297CE40B32A114AE1E4D16B
:10D87000EBF6BD26E8EBDD2113F7F0BBA92AC02E9D
:10D88000B2EDBD0436F3F1120B1319141F3F06D588
:10D89000C8D4153618FCDCFC00C2C3B409FA205603
:10D8A000BB122426BB42D3DA39092C3AA7D5FFAAEA
:10D8B000A5B20C2C25F700120247C4151E07293803
:10D8C000BB7114BFDED0352A03C717205E1BE529C4
:10D8D000320E1E30250EFCF1EC3BD35D0A29A1FE71
:10D8E000F26A2881CE0E172CA82332D73C33D99068
:10D8F0008E3BA2FCFDF0FDF0D9004BC7F2B42B0526
:10D900002AE8E7C805F2E7EC12EAFAF90314EE2078
:10D91000E205E79909D820FEF7EE0F08FE33F7EE8F
:10D92000CDF60D1D05D32F150205E6E7252FE1B134
:10D93000FA1DFDFD2D10E20CE1F7C41724641E054D
:10D94000FC041724C5E7E7C71A29C609E8112C2DDE
:10D950001CDBDACC3E1C46C11334F9F0B704EC0AE8
:10D96000E32C02F52A8E391C034106EDDB26E8E79D
:10D97000EEE2282022FCCCD029EE15FB24EC0BFB98
:10D98000CB15FAFB1038F12235E52FEAE0B5D0C50A
:10D990000EF7A2F21B3CF2315929DCE22BE2D7C58B
:10D9A0001C1B09BEDEFA3149283409EE0B21D12DAA
:10D9B00007F93BE081DE0DEFD2EF1BED010EF7DB47
:10D9C00049D00F2C11CAE11A0DDCCC17FF3908F031
:10D9D0000203C60A213B2F5916DCE1C004C80C24FF
:10D9E0002FEFBBE4192BF529DAC79337D7211F3264
:10D9F000F31AF9E8FD16CCC029C3FDCEFAF7E719F2
:10DA00001A354B7832FDF9F9D61A03F7EEDADCE76E
:10DA100026F81DE8F5F6F91500EC37B6BBD2F8C7C5
:10DA2000EBC79B46CB12FF100737E315C915193B0F
:10DA3000EF87B5BBFE03C5D34027B8C19BC10D40DE
:10DA4000DDC9F4D2CDF6BC3218FCF81B2B15140E30
:10DA5000D8EEDF04B5438E2D19CC18B802F334C4C8
:10DA6000A030F2D1511AC6CF161D3A190D830C10F1
:10DA7000EAD0CEE4F1DF250045D9A4FFFEAC29D0E1
:10DA8000F445DEFF24BB43C50C6861B5BBBB0F0981
:10DA9000C741EC06F60F33F02248B80A24312A5762
:10DAA0009FDFC73006C5F839D9FB14B22BB9702CEB
:10DAB000009EFF23DFC722114642F028F0A9EBFCAD
:10DAC000A4582B1E28BFBFD305F1D9C80249EC2AA0
:10DAD00033C5E0F2DE21F5AE2C4681D2EAB2D82A77
:10DAE000352DC2F79BDD063A39BCB613DB571A98C1
:10DAF000953F18C1E98BE811FB04D0FFCF1C60BE35
:10DB0000F10F10AC25FB17EA010EF3B8470F2BF706
:10DB10000FC6EFC414E6F2E6DD26EF0730E8221167
:10DB200025E61B08DD27FC3B0EC2E2221DFFD516B1
:10DB3000E04F05FD0B09293CF30731E722E8F6DF4A
:10DB400003D5E9DC032D3604C702C9F7EB08FAFF59
:10DB50001F29281908D7C72E14D1E1E7170CDE0CAE
:10DB600026255013CFEF00D3BB7FF4DCECEAF3D5CE
:10DB700013E819EDD7380E0D24E6F2F7140D0FDC7B
:10DB800019FC18263E26D54B28F3EE32DBEE11E6C3
:10DB90002513F827E7D519FAF0CE25C11A00DCEED7
:10DBA000423523032AF3FDD6F7E501D836F0E9EA3A
:10DBB000241B3D0ED5F0321402E20FE7CF00E13B0B
:10DBC00026ED1D0039F1EACCEC04E5C617DED7DE00
:10DBD000E814D00AFE0E0FEB02011BFD0CF50C0E33
:10DBE00032321F00DD091A08F1D3F2EDD108E5F851
:10DBF0003C0B11EED7E41C110D2A03D90F08231694
:10DC00003F05F2381E18C6D3E626CA06CFE7ABDEBC
:10DC10000C263AFAEFCC0CFFE21BC2C016E3CDF1A2
:10DC20002731A3173CDF231401F640B2F21A241067
:10DC3000380C31E1EC04FEC501BAE82509EB4003DC
:10DC4000170003C219A22CD8D7F122000CE335FB30
:10DC50002019123E3F1BD3F7D910152D09E2DD071D
:10DC60001C04E0030448A4E548A71CDDF2FC14EC06
:10DC70002DD9E427ECEE3BF4F4EA5EE0E2162C1535
:10DC800020DCE9F10BCEC8FED8C28EEB081402F7F7
:10DC9000EBC204E5FF36ED1AA5DCF5EF3BEF2530CE
:10DCA000E5B8E14A28BBDDF4D87F210FA9FF00A524
:10DCB0000A131805E9FDEDF02C3FEE421B08FAC2ED
:10DCC000AC0E1CD7C9F02900E1A425201DE9DBD545
:10DCD0001A3D16D11521C24EC8390B58F319D31469
:10DCE0001DE3F3EAE3CD08E4DFECED0E3030E41899
:10DCF000F7F1B2FCD014070829D213F7E9D618259A
:10DD00002A01EDD4D9D1E1E72EF7D0BFBA0C0E9A93
:10DD1000BCC7E51D09A8C7E61BF5BDEE1CBFE11F8A
:10DD2000EE300FEC26F8F3C9D92C0950DBD8E00708
:10DD3000D348C4CA036C262549DAC0CB3516F4048F
:10DD4000FA2CEADFD10C24FA50BE3A28F65D02F82C
:10DD50005121F840A81CFDC8CBC3D6EB13C605F271
:10DD6000BC15280DFBC0F73CBEEF2EEF080FEF40AF
:10DD7000EDC63FEFE9BD26EEDD5E2851D32FF5C29B
:10DD8000B3163AF3D400C5FDF121D3FCD4BDEB9614
:10DD90000F60DBFFE843DCCA0CE1CDD50CD1D73DE9
:10DDA000FD3438ED02A6C414DEEB200817D1F327AA
:10DDB00046ED05D80133EFEC2A16BFDECD7F14CB3C
:10DDC0008B03B1EC2725C90B20B51F09EFEB002C05
:10DDD0005FFF2231D90ED750292F472941E5BD23B6
:10DDE00002E2E921DD15CFEFDCD7B3F7FC0C2FFB06
:10DDF000CE0DFCDD0E0BFD0F405F11E611FDDC6A60
:10DE0000C2CAD51DE82828CBD5E12DDCBC33A30040
:10DE1000F81FED382F1431AAF8C1CAC4FCE4C5D9E3
:10DE2000273ADDF72D1C8F43DEE8AF8118FEF51988
:10DE30002C0CF0DEB1EBF7D9E4E9ECE63201F0EDC1
:10DE4000F832E063F595304B4D2713EB14AD2ACD36
:10DE500039D5D8DE1922ECFBFBE036DDF7DDF40422
:10DE6000CC0DFDCDF9E2C83E1EE4FA24181210E3F1
:10DE7000C3E5E40B0C14D1DB10AC5BE3C8E934DF81
:10DE80000ADFFA0BCDF10CF7EBCD17392B0D0C0592
:10DE900059D8B73A140F0E12DCD7D2DFEDF71D17A1
:10DEA000052330CA0601EAFE1FC5EC34A9E72C0F92
:10DEB000132F01C937F390E3F94198383D1D51C83C
:10DEC00001BAFA0F08F8D7E936B7C7C1061130F81A
:10DED000E91EFEE8210FBA152825C70938EBC2C68E
:10DEE0000FFBC8FE28032CE7D8120BF7D4E3FE1A69
:10DEF0002BD8E5A5C445C6D428F6BBC9FBDD120264
:10DF00004CC7131CF84B4E0CFD2433083C32FA0866
:10DF10003516C467110008EAF7D1CC0CBA0D4709D1
:10DF20002834FACEF14657F60F04EB401830D65B92
:10DF300027D9323A21E223FFFF1D41B3C51EA302B8
:10DF400015EF29F0382507D7F4BEF9C544474A161E
:10DF500006CB52BE0CC6EFED0002FAC831D118C391
:10DF6000CD3EDE11373F0401224AD435FF4923ACB0
:10DF7000C40C42C9F3145C2F3B082B36E861E6F56C
:10DF800033EF450B2A625619C5320C2FFC5ECD27A4
:10DF9000152B6410E63EEA2CCE064AD7DED5476D37
:10DFA000B800B462BDE5FE41FDCFABD6237FFDBA1C
:10DFB0004612BAEA1F47012B051E16F3FFC9BD3EE4
:10DFC000F477C3FCC9D3D80BC6EDFB3323D2EBC720
:10DFD00030D8F00D013343DAD5325C6FF2D5280525
:10DFE000CB1A052E902B4EFF4732434BF6B6BA1094
:10DFF0003225B9D3E3D8E2011A1D382B1718E2FEF7
:10E0000000352F04E0B41222EB17261DFB1DCE2194
:10E01000F54216B30AD228EFFD1F04FBDAD8F23E10
:10E02000F7DE0D2BBDF2DEFE28E5C8E420EA18F28B
:10E03000FC0A110F08DADE4400FED924EBE7FBBE30
:10E04000083622E31EEA352D17DA23C63B40E805E1
:10E0500008381E3A363701083412E2F0E9C9DBF01D
:10E06000E712F5B71D150D19F9FDC81C452A29D46D
:10E07000B823ECE64FF119D4EED5093E27F6F5EEBC
:10E0800022D529F0EDFB344FDF2516013004BAA864
:10E09000634CB7CEC51D20104DFB2E52E124F00776
:10E0A000EE35F4F7F001CE5F0BAE44EF15D2EA0C7B
:10E0B000C853E82B81F630D4020A2FDCD244CCE3DB
:10E0C00002CA0DD9BAD00E1BF43805E1F0F50DD710
:10E0D000DEB4961CFA53EBEFECF9DEEAC3D6E62287
:10E0E000D005259845CD2FD8C42EFD2EC6D2CC60A4
:10E0F000A235FCF5E616CB2CD5B22BE7EEE826DBF5
:10E10000E3290DAB21B9F31C313DC23943BA39BC07
:10E11000F7F03E00FC0004E65CD53035F9FAE5EB9B
:10E1200006C227382CC1B4DBDA22C3CA1A38C6BCEF
:10E13000113047D9E614AAE99D191A24CEFBB9F289
:10E1400016E42C09C943ECFD2008D0362EFCB62F6E
:10E15000521215C12B28F306D234B4ECA7033B3A74
:10E16000D6093BB9CDA9442707402637D631D7EA8F
:10E1700014E9F6D5D1DE5620DE382CF142DC174505
:10E18000FDBDDCE9B9FBF83BD82626CEDB8BCA2BDC
:10E190001A54302CBBDC2EF02F11E0D9172AE0CE18
:10E1A000DAE214A83DAE0A1403FA371047E90E4824
:10E1B0003D1EF0D11707233C3393C708372FEC38A7
:10E1C00038AF2CF507C9C48D28F43FE8E8FBFFC23F
:10E1D0000D01C21DC120E1EEF5EE1A81120EDE180E
:10E1E000F3FC1AF12909ACAF5E2D0FE4EFAD253A2F
:10E1F000F1F943270AC8B1D5D335E3E9E2E00E24AB
:10E20000CF39F20A26F4FE4C08C01107B0C9C1A6E6
:10E21000052F29EE38F2B04E05C118C7BC1C234F9C
:10E22000023AF2C1B816E6001281E4EDB5AF463706
:10E23000666F55DC23232DD1CBCAF5504638D44028
:10E2400053F7D4360BB302EEE6F1F508D3FA945B3C
:10E25000B41809C143F03BEF13F1DAB1E7BF0A3557
:10E26000D6342FEFCBF55945A06BD926C045D32F17
:10E27000C9F2D993B346C715175F3910091FEC11BE
:10E28000171C31CC4F2C290ACC36ECF6C4C3F7341A
:10E29000C0683EA41FAFA5C131B6502AACBBE60191
:10E2A00017D61709F835C1043DC902F263F1484099
:10E2B000F61122F00B092D52E4213DC39FEABE2B3B
:10E2C00022BBCA5AD558C0A134AE5AB550AAFB4A8F
:10E2D000C1E62EE3225DC9073525EC3F67E55C1FEB
:10E2E0000A305220002B48304B199CF1020F526B20
:10E2F000871E37C34102CFC33D8B14E94011E81D8F
:10E3000002F5DF1AD639BADCD7A8C8221A4AAE33CA
:10E3100034E0D7293605E9DDD20FBDD2F8F813FC79
:10E32000D7DBFCF3CF44A3CA372C1AE1F2FC304010
:10E33000C30BC94EEFB0AB43D60E3BFBECBBB7D81B
:10E34000C5BAD1C9C330D9E6D1B915CD5A8A1ED2C2
:10E3500026BC0FFF22F6B92845E5F0F7EEE7E03FCF
:10E36000ACC301253C3037ADFD0FD93D2099D8CC49
:10E37000CE2EEF1D143C12EBF038D91F900BF6E7B0
:10E380001C0C01EFF9B2FEDF166313B73C0EEA1066
:10E39000C8041E3C31E03D0AB7C911DFB9C6D20B33
:10E3A000C2FEF3D2DAE022DA40D1E62CE1CDE7B2C8
:10E3B000F8FE34EAF8427F07E8622AB9AF01D1D209
:10E3C0002408E4FE213D001A3719D12123C5ECC5EC
:10E3D0000AE916D830CC0FB2C272F8E8CE2B9EC82C
:10E3E000C65136C03EC73807B3FC18F209F1BA0669
:10E3F000D50DC556C2D900DE03F6D4E6098C1D4002
:10E400005F012B0FE4C019B3948BE92C2D0EBFEDE7
:10E4100031F6307F0AB12397FD33DB504637C652C1
:10E4200005BCB90021C2F305430325F2E91951598E
:10E43000F1E4C40A09ADDAA64EC90F11CF3DF83296
:10E44000F348AEE63ABE02E545081C20C9A33C28C5
:10E450003AE840EBBC3C0E1EEF023CF13009164896
:10E46000B40124C70ECB9E025B2100E425A7F1C7AF
:10E4700046C7E6EF27E334ED2D2E08A9E20F32C39D
:10E48000344FC42D3246E2F7211D06C63A0EDB306A
:10E49000A7CC0E203CE024DDDED7F9F8C6BDC20CC7
:10E4A000F83C2E6042FD1E0FF7C93E0DE30DBEBEC7
:10E4B000DCCBBC43B3CE0FB03E16C2BAF3BF0F43A2
:10E4C000A8D1230EC7591013F122BB134411B44431
:10E4D000C5DD6C375FD1B01AB52BDA2DCA0EBCFC86
:10E4E000FFBEF545CDB3E71CD5E9EB3E2507EC0BA8
:10E4F000E52DCC1DA4A21416C2F440E748AFF7F9ED
:10E5000006D6EF3AF9D81DB3FE16532035BDE03DCF
:10E510001BE1D6ED070BE53005F3C438F2401CC80B
:10E520002E0F03D5D018276DD7F6053EED09413FD4
:10E53000C72AD3B6F021F1CCB137CA0EACFA21EB21
:10E540003DDD11AA31FA132D10CE43CC00A365ABEB
:10E550003D3C37E41A0E9C22EF0EEFD0C8C0B8EC59
:10E56000CE26ACBF4D45A0A3D4B558C0CBFCD1D36B
:10E57000D2EE12D2CC0AF8A71120D9AEB4B4B53875
:10E5800045C3323EFBCEFBDFBA1139BE1D50F53418
:10E59000991601B14B41EF39FC3A3B4C3DC55E65E4
:10E5A0008114C046D5ABC4EDF91526C2CA0B44D8B8
:10E5B0009BDE2C424F10E41823FF9551FDBE1E2414
:10E5C0007AED0040BB1B1959D6DBBC0E3F1C25F071
:10E5D0004F1B18FD56ED322EAB4981E004DABDCB5E
:10E5E000F916D75943000803B0CD03FC3C09CB9280
:10E5F000D3F7032EBDCC1BE3F82B11E4A2C7C92926
:10E60000EF34D2EAC511FC05ECE8CFC1A4D209D1A0
:10E610002F0330B1543D011ABAF6110EC3E4E9D507
:10E62000052A390728F8680BF340180B00F0ECCFE7
:10E630002448060441BD4C44482CB633B815D5C413
:10E640002E34FD3C1BFC3117810ABE0E170AE0FD7B
:10E65000FE3BFFFDEDCAEFEF29D34841BDEEE84E8A
:10E66000823B03C128B47A38346EF90EEDB7D0F985
:10E67000C2D7080CD1C6B3F137CA9C0D1C1C26FEAC
:10E68000211FDCFDFD1BD64CCA25F3B7F1DEFBC410
:10E690002237C63CDB0A41B8C9F6DC2E0AFF0795D3
:10E6A000FDDFBFE7F81AD2CC0FBD37164C2C084D52
:10E6B0002D9FDBDBCFBEFBC50E0945CF2AABE3D0D8
:10E6C000EF9FE3C8D721212DE3E1B21C05E8DDFB74
:10E6D000CDDD3340023FE72F00EADF30F0D0B71244
:10E6E00099F509ADFD44B7EA5C2510F201FF145F0E
:10E6F000B7D73CB7FCF02F2BF1FF04F12941FC0EFA
:10E700002911E313DBF5E9BD3915DAF51FF3D04420
:10E71000F90A1CE907D73EE9D021F6E6E61E0ED439
:10E72000E0022E0A4E201D16DAAC0D11FDD41C1A83
:10E73000C7D2BD22E8D7F9384E1DC10A17BE013F26
:10E740000B020F301C3102F6E4CCB00226312BFC58
:10E7500016FD0F24F434BD072DE0FCC534E9282B49
:10E7600042CA3B0E0DE6C9F44803D400EB30F02C4E
:10E77000112E18BDE1F848FEC2F225D3D5CBD23A0E
:10E78000E1F10B3DE10303BBE8051A31EB3A442408
:10E79000E6FB3DE327C706F8CCB82DC6DC4FD60C08
:10E7A0000504E706F820CE24E7F5B0F5302E29E57C
:10E7B0003F12E3E16DC268580F33D2BDF61AC82686
:10E7C0002C01AF31E8052007F71F3FEF1ED5D61B00
:10E7D000F2352AC814F4D617D524D93CF63F1D17B4
:10E7E000CC13F83F14E03ED02D0A343D09FF16301B
:10E7F000FFFC093A35397F2CF31BEBD22116F2A42A
:10E80000FF1EF11BEF333CE917B24FE1470EC3E4A3
:10E81000ECC6DE0FF5AE35B7F003C21515D73508D7
:10E82000433409382E0CF804E42DF222DB3F220297
:10E8300025EC3FF12E3902AE28251DD829D2B6DDB0
:10E84000282631E43217094432E1403B3AFACCE55C
:10E85000E3F6DE3A0B022B1CE9D7052B3A26F5ED41
:10E860001310EB25FE3FD43E1C8109DDDAA0DC0845
:10E87000F11DF03626040DE0F22FC8BF091C065228
:10E88000C43316DF5AC1B1AFC6360119F7281324B5
:10E89000E428D7F0EC25BACBC8F5BEDF04E7334354
:10E8A00032E3F25B1EEA16D40A47F107E429DD14CD
:10E8B0000DEBFA20FD2601CFE2EBC1F6381DE70291
:10E8C000C103B422F61CE1DB19AAC93344FCEDC133
:10E8D000CE520DD52CB319CDD3D79C42D5EBE42124
:10E8E00027E2D765F001D8E101321030CD20F2DC0B
:10E8F000F9FC3F52EF23F3D54DD7C1D6FCFE07BA42
:10E9000006C803E6E235DDB8204907F50BC2D8ECAE
:10E910000303D2ECFD02E20923FDF0F204F0282B00
:10E920001B03111FB2EEF7F2EC10AD2538F1C096C3
:10E930003E3A6B1BD6E5E4D6F7E5DAE1E2EAF00B06
:10E94000CC18D7F93E25EE41C9EA17272010103C14
:10E950000C33F41FC323080C2A100B1404FB25F6F8
:10E960009135230DCD04260CFC461F2A231B13FAD8
:10E97000C92A1413E036CD1DD61EA92642B902ECD1
:10E98000F42831D6052A584717F41D34E0A8F7F2C9
:10E9900012021EC307EDF9EA33D3D41FFB042BF791
:10E9A00014FA08CB2BB709EA58E4080C20DD490318
:10E9B000FEFD44EF83D7CF39C5C6FCD7B366C6EB9F
:10E9C0001CFADA0AB3ECD9B932D1C02CA5D2D431B1
:10E9D000C2B2153FD9EE5DFADAE4012328062428F5
:10E9E0002A36F7F3FDD00F3023FFD2EFCCAC437FB4
:10E9F000E0FB25EAC1628EBCE548C62C0E0FD74766
:10EA00004C19F493FEB9D1C7E619F9C7F02A11CC15
:10EA1000DC2026DE16184A2ADFBF3AFEE8C61D3D76
:10EA2000F2D71A6C0EFAB9141EAD9C2823B543EC2C
:10EA3000274730384AB8AD6AA8C3B6B301D80DFC31
:10EA4000B2F3FA1E42D1DA0CD4F4CB1DCA35250438
:10EA500010DE5021160D2FB821CFFC04DDFFE2DDC2
:10EA6000C3F630C5FB01E7EC225AB645FBF1EBA338
:10EA70008F08064209B60E072A3CA0FE4F0DB62F9E
:10EA8000EB16591FADEAFF02ED10C115D118FEBDFE
:10EA9000020EE1EFC334C81064FCACAB40C6E3B275
:10EAA00029F6C1B9D6020ADB24BBF60DDC083730E3
:10EAB000C6DC34B7A1CAB2B515C054A5040429E90F
:10EAC0002611C3B9BFDF19FCBF0817E838CDB4DA87
:10EAD00012BE040B18F64121BF163CDCFAEB34D20F
:10EAE000491FBEFDD5E21535B20FCA811B82CECDBE
:10EAF000B8BA1EF5E1C5A3B70C061522D731EB1F36
:10EB000004C5F33AC40B3109B5E7FFF610F8FE402F
:10EB1000FED235CB3AD1F0EAF4264134DD2F03D2D0
:10EB2000161094E13DFE175C0003D1D14EC22614AD
:10EB30005281C1250BC8F2F80A0BD200F9350CDA64
:10EB4000C50750F614D6FD341828C1EBC6F7E429E2
:10EB5000F6C9F5CEF2FBED1DF00B03C83D1F4C03CB
:10EB60005523DA3D44E8E1FE35C35348B6A63DC11E
:10EB7000E4ECDEFEC400393BFBB7090B29D7DA4DC4
:10EB8000F84016E839039DC2DA0BD9D62302D9B270
:10EB9000F03615D428203FF11FBC12EEE6E411DF59
:10EBA00010F4CAB0EDF6E535E2D6DF40920E3CB87F
:10EBB000CB084817FF09D6F4DAD21435D598621F6E
:10EBC000DEE105F6292EECF4D70B10E527351433DA
:10EBD0001432D8D7D5D31103300611ED1CD9F14525
:10EBE00005F6F6ABB0B53705190830B5385B29D056
:10EBF0000215C80232D8DF04C122D2C8E9AB38C43A
:10EC0000FFD310A1DA342A901DFAF143F63BE8F65F
:10EC10000F211B93B7F40ECC4607FC22F71C36BF1E
:10EC20003FDA0F610DC90A04E53FCF1D64DF10E232
:10EC3000F7B91FD311F3D43AB8245714312A2C084A
:10EC4000FAF3F5CD5C19A76349E4AADE043DDE3F83
:10EC5000D2FB3E3CA2BB55F8B145F9E5C2092D1DDA
:10EC600027CACBDC21A60365610DA33B4E01B4246A
:10EC7000B7CEC5C6ABB214B0BFCD6CF44CD41365DF
:10EC80001E34E33481D3CC56D613DB134C15ACD5EC
:10EC9000B73908F338BFC500314AAE37F7DDAE0BE0
:10ECA0002736FFA1CF34C752F6BC03B1CC5DDE637B
:10ECB000FC00153E10AE8DCD3E03F4E2B2E06CE7F1
:10ECC00021BE04B40D24D158BDFDE576CC41E32F1F
:10ECD00034E42FC8436103AD291B23F0B106130DA3
:10ECE000D844EBF11306E5A827B41CA6FE971541FE
:10ECF0000B0E43208757B70B0AB9DE39C007E3F480
:10ED0000E3E4FEB5E0AFDF2657B514F1362DCD10A4
:10ED100038B44AC4220AFB2F02B60001BB25F922EF
:10ED2000BECA4FF7200FF9D793E9A2E4B433DEF35C
:10ED30001F530CC0BE1D2DE2CDDE281BE52D2EBEBF
:10ED40003C24273F42622F2806EEC9C9B6ED06FAD9
:10ED50003E2FEE3DEF30E0B4CF490237CEEEE5472F
:10ED6000BC20E7D6CAAD2A40D7F210FE41461407B0
:10ED7000C4C7F9F9E305CBED4951FB58200441A480
:10ED8000C2330FD309E29656E5D12318101F95AE72
:10ED90003533A2C5FF61FD312FFDFF20D313421291
:10EDA000FA164A9C4BDAD8D2DB081F2026A3A556B8
:10EDB00011E939E4A3C865EDAEA8E4D7152DF549EE
:10EDC00010C2C3BCDA404116C30CE3D281FB0A1C5B
:10EDD000E1DF99C0C61709F6289D3B0DD92B5632A5
:10EDE0001EDAB69523D7D6011A2C054AB4F3ED7D69
:10EDF000E348DDC7D2498D231CC1B2141E4D2D033B
:10EE00003432308E293026F0C7F3E4020303AA3CE3
:10EE1000D21209E9C852E01BFB23F70018DFEBC848
:10EE2000F1D4EA44E202F6EE381501F7C4D6E1C4A3
:10EE30002FC84307EC1650F02C28F30721F8BECD5D
:10EE4000C3E21551FBD4FE0921CB19FD090550B1D0
:10EE500022C4FDE2400421CBEB09C82A112926F681
:10EE6000E224D0F942E0AC140DEDDB2EF5B2C61B66
:10EE7000C21346FEC802E40216F208C5150E23EEC0
:10EE8000D8D8F80A58F9BCFFEB1E1303E1E7E3BD3D
:10EE9000E303032ADEEFECE8262CD02B3F23070107
:10EEA000B94C1C0DC2F62BE30F2C2226C50704C358
:10EEB000A9231BE1C60501CBE30DFEE1E6CE1CC78D
:10EEC0000EF72A233EFB17D4340CC03E17D8E43289
:10EED000221ECECEC71401270BC9999066260A229E
:10EEE0001B01DF0442F3ECA8D027E1E50EDADC8158
:10EEF0001EEC0D32F1E20D2816FDF1BCF6FC13D725
:10EF000016FEF29DCDFDD70C36F1170EB9EA3DE2A3
:10EF1000DBFA1ED9BF0840DD74FDDA51B6E4C4FD4A
:10EF200025B7E25FD8331AC8B7EBCEB83CF611DE8E
:10EF3000200F3FBFBE1ED93CEB19E4CA683A08C691
:10EF4000E50CE8E14130C8D07FE771ECE2BEA63FB6
:10EF5000CF4E1CEF0347FFEDF046D414C8243D0606
:10EF60001DFEE1B05FB6F145081A40B20B23D8365A
:10EF7000A3F04438E3EFC5FCD7A4FA3BE8C1CCDFEB
:10EF80007A28353BC9C9F2F4ECABC1CA33B50511D7
:10EF900023431F3F1DCF022F503B0F37BAC830DB32
:10EFA00041FDFD0822F64BE10E27FE57E3F4EB0688
:10EFB00001BA20F6F4D6F9D625F2FCC41365E52192
:10EFC000A6000E07D5BA2FE2DCF32FEB29E1CB1C0C
:10EFD000522697E9B44AD2E6D0CB4BB01ED7F60DF5
:10EFE000A6E5E1C7CFB4FBDEABDBACE12FECC1267D
:10EFF00086104DE0C9CCA74DD4BDEF3BFC012902E2
:10F00000ECDDFAD8F3D9FE1AED34E6E9192AD3E398
:10F01000E22F11EAD8ED2949FDEDE5F409200AF2C5
:10F02000E7382D2C35EFC8F9F8E50B17FBD304E5CD
:10F03000CE0BE0D0EBE8FBF6B91D05E41FDF0CE3D7
:10F040001BFA1815DB260E28FC22E4101B19F5EF1D
:10F05000DE061B29D0000002FAE631E90FCDE1FE01
:10F060003CE32F191DCB380A112118132714F3C3C1
:10F070000816EC0BFCEFBDDDDB10442FF10CF02C7F
:10F080003125101613201C011D2BEA1F2A1AE2FC41
:10F09000033F0B26D4E613110D0AFBEEFBDFDA2447
:10F0A00004F625DD15B9D5D4D8201E1AE6E41E21B4
:10F0B000E4DE11052EDA81F31FD2E1FAC7F2E41C77
:10F0C0002DEADB1B0803D1E720EB4526121DEC25BA
:10F0D000240BF208393ECCCFF2DD2FA4F6DEEBF59F
:10F0E00008E6FCB20B43EE122EFD34DAFCE62410E7
:10F0F0000E2E2208CD1E13C4E82BEE06E5F7D4F63B
:10F10000E5FFF8C9CAF5F8D7437C45D953363BBC6F
:10F11000C3162C10D9022BE67F2EC31E1CBA29461B
:10F12000EDF7FE4C2638B2E9DB0601DA204FBD3F91
:10F130002F15143500CFB848D60CFD1CF7D96CC577
:10F140000942FB022ECAB9E50EAA2AC3A80DA818C7
:10F150000931D6125C08CF1011F3B528DBC12AE6BD
:10F1600051A76818F1BBF3023F08EA43C54BECD145
:10F1700001F3181CC5E71F4F00210DEF467034E85E
:10F1800024111FEC0AD3FB36E80924C9D1A417EED9
:10F1900000FBE6DAC607084267FCC7F02BC2CCB911
:10F1A0004C361D2E1ECC0331341F28C93131DD32BF
:10F1B000DE4704C9233E3B4206F75B18FE0EBD0C3A
:10F1C0000F1F502216D6C6EBF93B37CB9F0AFFEA3A
:10F1D0002CE0F1BE10061665199E3BFF2FFDD4B240
:10F1E000250E2F9D27603DADF7032834C482C92426
:10F1F00014F6DBF8AE192823D2E2F208E4B43EDAC2
:10F2000060072626E42E40CE0FF33D559D04EEDD2B
:10F21000C9CBD412BCD21EEEFFF654271EDAF01E64
:10F22000D81AC800BC4AE9024A252512D8113AFB6F
:10F2300027C72C23F2150B94A7D922DEE7EAF5069F
:10F24000C5CB5007EEAFC7EFD62D2E30FBEE1036F4
:10F2500001E1C530004FE2041B2019F6FBD0124635
:10F26000D50BDC8B010C07E5F4A8C93B31980A2FBC
:10F27000F02AA81633101E1C1BC12FBFD5C1C6C251
:10F2800053E2C53AE8E4E7F82C0DCFBA261BEEE0CE
:10F29000FCC116E1D11F15229832FDD3D1D7D55F1D
:10F2A0000AB5C7F1C5D9202520D9D8E1131AECED4C
:10F2B000ABD4022B0C067FF1F67D91FD9CDD02495B
:10F2C0005F6DE4F2A353EE5116B513F91C0039BF7C
:10F2D000123BEC42F3E00F9E0112EA2ABA331FE917
:10F2E0002D08381C13E404F737C65ABE24031FAC9C
:10F2F000CD0ED3C8F8E8E8F9F22858D318AF25099D
:10F30000040B35E3DBEB0AFFE21C1C23CA05D2E148
:10F3100009D4F6340C002ECFE310D427E6C5DA1753
:10F3200041FBF40BEC2FD69EF0D940C918F512F82A
:10F330001EF4D20D06CC01A8D00CE41115F1071172
:10F340002CDCB6C71DE5D4E93A0C26F43CED13D904
:10F35000EDF0EFD4DA2B30E224E3BFFC21D7FE3608
:10F36000F62AF0E62B17DA4C3D16F8C4EED2DEE0B2
:10F3700029111CD5250D0AD6CB001E18EA2DD10463
:10F3800020120C3ACCFD0305F3E6EFE627DC16026B
:10F39000F4EC0FD11027EC16F735DF36302CC825EA
:10F3A000C6CB1915DD052DBCC32E40FDD8190EA9FD
:10F3B000F8DD5A05E42510271D15CB3235F8DB237F
:10F3C000EE3F18BB0F2E1516040C2BC31A23F2E8C0
:10F3D0001EDF2311F4C5C4C82726DED1FD1417E3B0
:10F3E000B1F4CFF7D29DD7CE2C17EBE92C1E16CA5D
:10F3F000FBFDB8E305E8E418FBB516142981074DB9
:10F40000C8AFFF9FD1A518262430EF483D2ECD3739
:10F41000BAFA551CCAC5AD1AE7F2D00B0B30C612AA
:10F4200030EC19F449EA631D1114C34CC4ED190CF6
:10F430003481C122E24DB8540F1EACDA3345F1F8E5
:10F440000CF2E0EC47D0C841B3154418E7F63DD5BF
:10F4500026FA4AD2462AD9B2102EAD0D35FCBB1D74
:10F46000FC226D163B4297DA2A694338ED3A11D5F2
:10F4700014C814D4D2F901200A0209F7E49C5C0BE9
:10F48000C31DD9D33F0B98DC0D06FF28D5163A28AB
:10F49000EC493FE13AE1C5450CCC500A39402FC157
:10F4A00054525C3BFB225439399A4B1439BD140336
:10F4B0002008D0C4EDC0131A0E42AD0C7DD62CEC42
:10F4C000B908E1560BF93D5ED436EDB4115ADA3085
:10F4D000C9C0F227E94379FDBF38083F3234FE5BEB
:10F4E000C14B3EA54449B72DA6DBB64358CF1AAD54
:10F4F0005F2CF10B26F4631951BB0C13E0D1D7E557
:10F50000DD07CCC600D710CBBEDE413DEA0605C400
:10F5100015A033E8352AEBFFEE3208D03E25143330
:10F52000DA1B1960EF470F26F3EA01971B2ACFF089
:10F53000532FD10140E0C55714FE34FFFD23462868
:10F540000605E428211BE22ACF35DBC4DA12FAAB28
:10F55000CAD8F6FD43E153091C362BEB4DEFD523FA
:10F56000E253E1DA3FD81246DDEB04E409F6D3AE0C
:10F5700014220ED906FCEA2AC1B108C6291CE30FE1
:10F58000293BD6E9CCA6FCCE17DCEEC8040AF8006D
:10F590002DF90C1F1EE003D433D71CFFE1D91B0645
:10F5A000FDF506F50525EBCECEFBF6FAD134FF01CD
:10F5B000E6E3C636C0CE8104FDE31B0FEE0F08D391
:10F5C000E48B25D8DA42FFE2285EEFEBE5DF13D4C7
:10F5D000DE140FECDB00D524D6BCEBE32F10B720F4
:10F5E000E1EF32CF18D9D1A82B24B60BE2A9090339
:10F5F000DD26C4FD040EF80BE41BD52BE10C131221
:10F6000056B6EB5BEA3D1DEDABC6FCBC0D04BC7809
:10F61000B50319380EECCD05B84425F351E2BDE928
:10F62000375833BEEAC196CF66B7E4F033D3BBF1A7
:10F63000DBDCCF4517C9D6AF54E8BF4DF35314AD4B
:10F64000E1E321ED104BF0BED322E5EB1CA01CFE44
:10F6500054114BF8A7F9C02B0EB6E71905EF180D9A
:10F660002BDCF7CEF8012EFB41E0FEF4BBB0BB2350
:10F670001AFFB1FC46C80DA1CEE9861812B2563564
:10F680001709A543203B42241BF4D2FE250E74FF2C
:10F69000F9EC62092749F11CB01C3C0CB30BED19C5
:10F6A000D726184F1CEBBB39F13F06E4F8181106BA
:10F6B000CEBCE9E3E0E7155235F3B9BAF3B9D2EBC2
:10F6C0002AFDA513F6E3E729B9B4C154F4D1D8E96A
:10F6D00050D84AB708201999E613437F1D2BFC39EF
:10F6E00005E4B1E52C12DB221B2B4191AD2204E98C
:10F6F000A8D4EEE72132C3CECA3311F00DC14D2894
:10F7000001FDD019310319D8008EF115AB34FFD1AA
:10F71000E90D1B38F6D6D0F50E081FF31B0CB2D23C
:10F72000F8E80FAFA516D62E03FBD6070B1E374BF6
:10F730004DE6C60BDB33C3F5C5B5B932FEAAAC1A2C
:10F740000BE90EBC4420E74A1906D91FFC1CB6FB86
:10F75000E204E8F40833FC15E5D90A03E4EA0C05F1
:10F7600003D8B6DD0426ECBAECC60A12EFF6DBD5F8
:10F77000F02AC1ED24E3C61A36F2CCDE320811BD00
:10F780002DF6D20840CC20BAF744B81A1AFCCD00A6
:10F79000274744ECEC0FE80999E0B7E2002F30105E
:10F7A000B9FFEFF7F522E93CF9BFD7CC27F6EDCA50
:10F7B000F3A12C21F1DF2DE1CD6BD614BB41321D1D
:10F7C00053692AD5B9F1D8ECEEBAB4E4490A180E57
:10F7D000FEB444EDB9EEF9F3D9FAB27FC625F84B81
:10F7E000B82ACDB611FA20E5B8E51E352033FDB7AD
:10F7F000C036EEE106D024282A36E0FA10E2D229FB
:10F80000E10814D038072828101925CE2BD844B980
:10F8100029FC1AC1110CBD111601E8BFFFEDF3F46C
:10F820003B38F428BAF72C27C008104105C1E1097C
:10F83000CB35EA1B4405F90B0ADC01ED291A0A2B2A
:10F84000F43FE818BCD0FC162E0328EA1535D6691B
:10F85000F2C9D918161ECBEB1ED5BA36E133F11A10
:10F860000E3771E615DC6E23FD244004253ED2C21E
:10F87000BCFED122E0EBF803BA6B2FEFC3A3D1B8E3
:10F88000503A0C16F7E2F44BCAD7C801D12CE41E4B
:10F89000D345EABCFEAFE63F563FD60AB808EADBDE
:10F8A0002C400B2DE8D0294610B829433FDFD9C79B
:10F8B000151ACDD81EB5EF5013AFE13BBAFAB6AF6B
:10F8C000F7EC1CFC0CDB20F1D8F4559EEB2619BBA1
:10F8D000F029C21CEC09E1F8EAF711EE172214DE58
:10F8E0002DF02CFDCB16307FD61914CFFF24E3FA70
:10F8F000E80F350FD0921C4615D520E0C4571120D3
:10F9000062C241F9C2DD1AC2EA87B417A5EEB4CECD
:10F91000FACE5E084FF2F2EB0016F6C43F50E1FC5F
:10F92000C02BA2BBA7295142FAC716830E35F82C6B
:10F93000CCD7DEF2302BCD07A83F2B130DC5B52B4E
:10F940004640EBFEBE02EC20C742DC19E3A6559808
:10F95000411BEE1CFDEE132DDEDFE751422AD6F5EA
:10F9600095BB00FF4BCFE78E218135DF4288C2DF98
:10F97000EFCFE72641BE9C0EB215AED08C84DCC022
:10F9800044302B4CD4B1C4A5CA5E1FC90A26F2FF6D
:10F99000D0CB2D3DB21B3BEE871DCF370BDBC132E9
:10F9A000EB342CF83EC80D2DD334D4EABDCA22ED79
:10F9B000938FF72AEC1AFF32E45692F0BFF2D71277
:10F9C000FD704BFBE2F13608DB2D9FF4E1F9D0A688
:10F9D0001CC2B7C329A6EFBAEC5D174E29D9A8D629
:10F9E00046113D3016021AF0EB04CAAD1B0D240877
:10F9F000A3D43C02E1A8F42E0AE5DEE81B8B02DB6F
:10FA0000D413FAEAF228C3F2F8B6B73EF433BDC015
:10FA1000C516C203C1EAF518822431D3F43129DDB9
:10FA2000EECF0910812A17E3F133F3350BDD0937E7
:10FA3000AC0D0E405005F12205EDCC2206B1D811D7
:10FA40000FC234D93907C40A1B0217FEE6A12EE201
:10FA5000191DE514BAED8F3422F326D06925D71C81
:10FA600012CAF90F0F0D04CF03A531C8E3D046D257
:10FA700054F4D30416D2FCCAD20CE9AF31B6225CDE
:10FA800047C8BCBD4AC6EAC347FBFBE7F2096BC4E3
:10FA9000A1BF3B32C9E0211CEB03FDEC0C0C4B6613
:10FAA000F03C2FE0381C25CD1BF896ED1AD737C255
:10FAB00017D1FB14E9E84AD92563C2EB25C1062C0E
:10FAC000384309BC970C39F157C52D291819FA3458
:10FAD0001D1FDEDA21F2E5CC3E2D280AB0D52DF827
:10FAE000F31845F99CF6FF1805EF31D43FBC0B0E17
:10FAF000B00BD7BCC515FC2910F73CC9D1FDF4C427
:10FB00000BDD4126BC4BF2DAE5DB3720FCE2075384
:10FB1000EF2F2C2FDA2FEAC25A1CC5332C2AF71FDD
:10FB2000CC4EF0DDF6250602CFE3D028D5623A426E
:10FB3000F8BB16BF2EA5BE0BE91636E71DF9F9F383
:10FB4000C82DF1E5C5DD251CBADACB0545952A9A05
:10FB5000E917300E2B0237D32C06E930D230992129
:10FB6000ECD6F232FBE3CC27DD83FADA0BD71D04A7
:10FB70000E26AFF505E01EEEDEF7E8D9AFF7F41973
:10FB80004012C713E38848223EBE3DEC493DDC19D4
:10FB9000EAFA3444DBF3D01DEDEF0805CFDEFF4475
:10FBA00013CBB7E2C3D3410A1E199711191F289529
:10FBB00081BA283AFFE136EF2B64179CDEDFDB02C7
:10FBC000C14212D1A209D5F63164BF1437F8FFF152
:10FBD000DAAB0FE008D7CDEF1EFBC04B3D029826F5
:10FBE000D218F5E7E100BBE7C1DC2626FB2DCD14DA
:10FBF000082FA6FCB9B7E4CE075ADA0217D8C534E5
:10FC00001521F113F2C3B4CC071AF3DD9F0F13F1E2
:10FC10002B4A14440433AA143DB657C3A52F2A4FC8
:10FC200018BBEAF84BE6DFCC21E6DCB94E4CCE3609
:10FC30001B39D9B5FBCFF8BBC7EC03F9A639595727
:10FC40003AE616F2C53CEE33D2C838CCDCF2B62E1A
:10FC500092582FD7B950FE48B623D7FC5B191CC366
:10FC6000AC52F1443529314B4ED8B8BF08CD293BB1
:10FC7000CAE2F35128D9F9DAB6612AA225CFB2E156
:10FC8000614BE1C3C234E63B357FF4C00874B9FA76
:10FC9000E054C910CF9EBC1463102116384DC2FE2B
:10FCA0001554B3214326A8F21A093B44A3E4D623F2
:10FCB000A9BBFAA63AFFF3BE50669B3A241541EE63
:10FCC000983A15341FFC5EE02207DFF5441DC42876
:10FCD000026B4EBCE3EC34539E42B55433B0C214B5
:10FCE000995F58D4D4B6CC0D28504AD1C1CB22FE4E
:10FCF000DAF5DBF9AB083000F59C2105540AF8165B
:10FD00001A0CED1C07D2DFECA7AED323FE13FA3892
:10FD1000FB4831D8EAD13CE425C04934A54BBAEEC2
:10FD2000022C894715472431DC0EBCDEDBBCC23E09
:10FD300013FBC8DECCBBBB10EF09F120BB39B8CF39
:10FD400025FCF9461D2DCD1268A8A2C6BF9714DB6D
:10FD50000821C636A8E336D23C170243D0CF503C28
:10FD60005549003DEFCD8112F5B32D1808292BD848
:10FD7000D3D2C002DEE85549BE912E9420F34A73D7
:10FD80002227F13D5432B4A032BCFAE249DB6E378F
:10FD900033B63C304D3DE6CEC7B241263910410264
:10FDA000A19428B63E1FE3CBCFBDF60AE23344C987
:10FDB000CCFC04BDFBC831C7E2468CB4E5381C0B53
:10FDC0003918C61559BC2352F0F6A3BD28D13E47B9
:10FDD0000BE62EBAC7D3B71FC01DF9D7602604188B
:10FDE0000BD699500715063041F40A3ABBC3B293BB
:10FDF000D30DEEFBE52110DA3F4CFBCDFCFF3F0EAF
:10FE0000DFEED73A28D6C0083A2E3217BC1BF027AF
:10FE1000BF0DF8EB06C40A38C420C33C279BC03E84
:10FE2000462F6C19FBD923D0DC2ED2FEF1E6FCEB79
:10FE30000F2CD000D3CA19250808E52424F3D3BE1B
:10FE40000A0DCEDECDED2D00B10FD13C3821DCF90D
:10FE5000F4CBC3FC19EC22FEEB3F191C320FE2136A
:10FE6000F5360CE3131A17D84519EA07EFE8C3E390
:10FE700021F03A392026E939042D246B20A4FACE4A
:10FE80001C1DECF5354F397F12090C20C3ADC0BDE8
:10FE9000BE141BE5FB73F9DDECF7C8D6FBCDE9C05A
:10FEA0001A2CF70821C7FCB3BFF80012EC2AFA009D
:10FEB0000EC92D1218E6DBB8F2D6CA07DDCCB4178E
:10FEC00031C7E42FE71EF2291A1FC7DB15F911D736
:10FED000FF2B023DEE3C3843F9FE3CDA1D0D0EE9E6
:10FEE000FBC5C8B7BD2FC1BA04BADDDAE2FC3923BD
:10FEF000AF3CEFCAFC03F7ACCB2AF4C7EA53A23AF3
:10FF00000CF32431EC032CE9D9D9D2F91D08DD0911
:10FF10001ECA21ED00EE07F5FAC52C0BFF11F734D0
:10FF2000060330163400C60BE4DF01172DD7351059
:10FF3000050D280502F21A19F6CCF62BCDECF63495
:10FF40000A14FACC0314F53223D43BEC10FECA3B5E
:10FF5000EA20D1EAD92AE6DE1532FB35CCFEFE0BCB
:10FF6000430D4D02EAD3240F0315280E1704CBE8E6
:10FF700028E4F0FB1320E5E9D31E232419D4F61559
:10FF800051282902140A333705D92E0CCDFCCBF4A5
:10FF90003DE02021DF22F116EAF8FAA730140C0424
:10FFA000361BDFCB21CA17F3FF15D1F73DF4E82A42
:10FFB00000CA2CF70EF3B6EE0EDF1B25192603DD63
:10FFC000CEDDCCF1ECE5FAFC2BE70B120F07FEF6C9
:10FFD000DE072704EDC9E1EDD540FDCF2806CE317F
:10FFE000D210C9E52CF51E7F212BE1210722EA5F03
:10FFF000C4FAE630B1CB07FCE9171CF3D7F5145E61
:020000040804EE
:10000000F4DD3E04C519CE01A2C8400D9FD0A12F3A
:10001000C366EFF740E30D18B1CFA7E33FDF4EFC17
:10002000153CF111E4D7B6340914E802264EDEE59A
:10003000E2403A2B5EA72DFCC418F303D3EB100C5F
:100040001D05CEA328F8E3FAEFF3472734E9F2DFE2
:100050003C38FFDA1F2BB3323E0DC9DD39BAFC271D
:10006000FA521D350C4422FD2CFA18031E294317A1
:10007000D0CB4DF0D4F1D62E40149F1C38C922EEBF
:100080005002E90A22CB59F7F2F51B21EC1B07F0CD
:10009000A4FD0A37F5E6F00DD90AE8A9C0E1EDF1B3
:1000A00081DA29D7F606F9ECFDD3EFE302E552E158
:1000B000F5CFD71EDEE5351FDEE80A4AB4C2F70EDB
:1000C0002201F22E15260AE7260FACFFDFAFD9F189
:1000D000DC26F528120AEB1D246D0661D043EF27BC
:1000E000F747C9B9D0D3C537EBE931A8D4DC1AB882
:1000F000B12B1920DCB72704EFDF5449DBC30747D6
:1001000003D915963ECDDC1BECC02417CEE7E7CD16
:10011000F11DEB05CCFECAEDF50011D000D339EA94
:100120000A0A32472733D20007FEA326FA34C5B99C
:10013000EA1C291FF31EEAEAF4E3E409FA01CAC241
:100140002DD1E325E725DFEFE5031DF6C115291EB7
:100150000AFDD2C452360CD7DCEA1BE6AA0210ED27
:10016000F50FE5BC0C8D59E3D4101BD50C502A17A4
:1001700006ED5E1AF402E8DCEA19C4E32E1F0C0651
:10018000EF144320151D3EE7130DCE26D9BCEAEC33
:10019000D10215E527DDEB2700F2D70C14FDE51A97
:1001A000FBE9F7EDF1D6050E2CC6320A1B24DCFB69
:1001B000271B131CB2CE2DE8320D4AE91E33F9D0AD
:1001C000CC1BDF320E150636320FEBE91B1A2FB8A7
:1001D0000CF5C7BEF42AD052EE152AA6F5022D0E54
:1001E00001B8050BE6D8E225FB0FC41828F5F6F098
:1001F00081C1ED0705C5E94D2B131B0500FDDF434C
:10020000390A27E8E9F7E71607C938FAE52BFD238D
:100210001B02BF05F522F3EAE02E1B20E24BDA2594
:10022000D01C19C4E336F431DBD5F4E7FD161F0BFF
:100230000AC2F6E83F0E5CDDFA372916F414D51F22
:100240000CD4FE0A3419FF1C3FD306130324FFCC41
:1002500009DA0713F0101A1BDB03E933F5F12A0260
:100260004DEC0E542303F918E78110E6DAC701EAD2
:100270001CFA34E235FAE1C8E3F02F1CE4EA2C085A
:10028000E4E0C83332C6EAF5F3351A09EAD81314A4
:10029000D823E9EBE6B21C2AE0E8052121F3E5CFFB
:1002A000D505E63D101A081C0BFA0A0CE247261683
:1002B00003E8E7F709FEE2F00141BD0B181317F957
:1002C000E60403E11EDE08D9E80ED852E0F7FDD9B6
:1002D000F9F7F80CD2C5C1D92635C1FBE7F2EB0618
:1002E000D4DAE218F119CDEB03FA2D211DE3CEE5A6
:1002F00050DDECFBDFCFFE26131FE61EDBC4CCE295
:10030000D8EC1D190E0CBFDCCD15B7331AC70ADBAC
:10031000FB440ED506F11CF0C1DED113F8F7CBCFAC
:10032000C608AEFC3ADB073DCD3013E41DDA2301ED
:10033000ACEE02E6DEA186F3FB1135DAFC19190BEF
:1003400025F23F3AFA20EF28B706081629BBE1D07C
:10035000370734E80AF7FE18EB12DFF1F6291AD650
:10036000FE4DECF8BECC353C111DD8F2B9D8ECA34B
:10037000CDD41CF33BFDB431F130D7FFD2C1F61B15
:10038000FA0ED0FDE3F5E432CB13E5C117E751F2E5
:1003900034FA18C3D4FFCD1656C5B11BE0FF03EBEA
:1003A000CDCAC6D41BFA2D20DAB8D2D6C5D5012DB8
:1003B000DA09363914138CEE22E7BAD6EA2531E988
:1003C000F0C20CFDF1F0364E2AFD18F032FA0B0D9A
:1003D000331D20F3E4D8DE07222BD381CDECBC27DC
:1003E0003125F703A92512E6D526CD92EAB5364286
:1003F000F629DDE2F95DE810F3F13C0200F4A9030F
:10040000B5E6FFD91426CFEC2A203CE32E001C438E
:10041000D0FFC5D531CFECFCB3DC1B48160D010075
:100420003BF7D2161E1AE5D2D8438FEDFDC9C2D0D4
:10043000EC1E3FFAC2F30FC638042007FF44F8C68B
:1004400026E4E4DD1C143EF7EC1B1007FF2FDBD481
:10045000D8E2E9CCFB2AFDAC35C8BF1BD1C4D9FA20
:10046000FBF45ACD0AF5FD19BB47FD15EC08342DF8
:10047000F2F5063D04EB15BDF138262E0FC7D8DA8C
:10048000E430D63EDC0BDD511ED1A324E2911903EA
:1004900018F881482BDBB5F64ABC27DFDB20D4E611
:1004A0002AF508DF36E3EE0AE9E43C323104006362
:1004B000CBDBD5DAA2CC17DCC5FB00F92B1CB7418E
:1004C00010C30541C8EFFF1C0322C8B4F7F70FD3D0
:1004D000E8959DE9253603DE21A734E32B0D1E04A4
:1004E000D8C44B1C10D6B404EBE208D42440062236
:1004F0002C1CDF1DEE24970AC620F72638DA00CB25
:10050000B7ED09DCF5CCCCE84601290DF03FC92E4A
:10051000BA250BBCDD3B22180E23E309D92420DBCE
:1005200025FF4629E43BC6C295F4DFE715DD0181CE
:10053000BB5F23FAD3EEF2D538472E2A0E10F0CC4B
:100540003519C2ECC0320FE1B7C3E6130A240844E0
:10055000BFE9EC153521C4BBD333FEF6CB1B25F721
:10056000FF01E4B8E1DBF4012635FD3716E1F1ECDB
:10057000C50F07ED05CC202CDE29BB1FF0BDEFE732
:10058000D62D4911C71EB307D9ECCFD313F9B01E2E
:100590002F0BC9F42DC6091075E8FFB2E6D1EDACFA
:1005A00038F3C0FA3525CECA24CA251348311EEDCA
:1005B00038E9270395D5FD30F986DB13C8D21FB281
:1005C000FBE13028F42FC5C0C2423803D401F40740
:1005D0001FC9B31015433B3CF1D910FBF1F223E7DF
:1005E0004B33E9F8E7063AD905E70CF617EEC031C8
:1005F000CF03E0B71A10A8F813E2C9D8EB13F50F30
:1006000022110857FE37C14C2AACE437BB32CE5F0B
:10061000BA22F8F40FF63A25E7A9DC0A2ADC1F38DB
:10062000CE0ED5EBC1F9C90A5AE232351DC81E17E4
:10063000BCFABFF9ECCC05C3D9E5DC00EEB93FC983
:1006400021C4F51517CC0F2B63E415E5E4B440067F
:10065000E62D1F2CE1BEFE31CFEFBEC033F4CF0F2D
:10066000100625CC354ED0F2C4A702F829E92CF1AA
:100670000E2E470C34C1E447081BEECAECC8F23515
:100680004CF9E00D4CFEDABF1BEB1ACCB7512C0134
:10069000EF4A1ECFDA3508EB05000DE7D5CF25DF91
:1006A000FDE9CF211606E1BFC3F1ADFAC1DBEBD501
:1006B000BCCFF945D32336360C15142034C9CEE00F
:1006C0001B5AD935D0DADAF00BB30D0D0321202BEC
:1006D000D43200BD24C1D81937441E46C9F30620C0
:1006E0002BE810DBC6E417052C2881CFCA35E4A21D
:1006F0002A1C33401B07E5F6E0C22FDF43EC1ED96E
:1007000020EA0247DD2509EDB7891E5EC2E5A05447
:10071000C2242BFE3AE74D531B0C0105CDE030FB04
:100720001FE1D422A03514E746EEF9C10530CB090C
:10073000AB01F3EB0A22D5C1C30D25E2EF16DE149F
:1007400008DE250CC3EB3827CCB12724C1DA441AC4
:10075000E5EADAFFFD2237C5B8FAEB1BEF422DEFD1
:10076000E5CCCBC62D21F24531D1DC28D2E2E2D056
:10077000EEC707B10AD3DDE1D9BFB708F9DFBDC7BE
:1007800060F3DFE7C8B327E72FF2FBC12EEB352874
:10079000CFE53227041E30D1E5BBB3F318AE2405F4
:1007A000F4140BE9C5C2C9CBFBF4C6E1142E3FA873
:1007B000950A0F1A012615A8480DE45111DA1AE31B
:1007C000320ACD33ADDDC420F281F0FEF0D0DF0B74
:1007D000FBFE5ADCB838E5E335F9C245E3DAE767F2
:1007E000AF0FCDED34CC0314A6CD28C124BCB52E5B
:1007F000AE123910DDBE2EEF2F1926F4FE09340B90
:100800001CEA1BB406D2E4DCFF1AD6EC031C0ACFA8
:1008100007E301FA2EFCEE36E408F8FFE2ED24F5DA
:1008200012090E57FDEDC3CFF5D0F7120E0001CB24
:10083000462CEED7E814E003C4D5E7DFB2C938F997
:100840000A21DC2FD50DF3F4C2E417FFF90E2A1F9D
:100850001103F814D9F322EFFED4E80515EDDDE11C
:10086000E407233CCDDC1AFFEE21E419F11ECF2171
:10087000090CDFF0F81401F9DEF6110216D6E533A3
:10088000E5DAF80206E22C060913230FD50CD53D54
:10089000131CD417200415EB7F182002DF15E4EA9F
:1008A00000301DC90DDAEAE62ECCDADDE810D92DCC
:1008B0003215D61AF1FA1E1E03DC0D27F7EAF6EE02
:1008C0003F2300EB28F5F70816103C15D9D706F999
:1008D00019BD0EE8283FFCEAECB3E0B0161E103F4D
:1008E000E3E1DF33C70FDDF6ECDD18D62ED5ED29B9
:1008F00023E00CF6C610B8F3D80AB30AF02AE228AF
:100900001648022FF43AEED5BABEDE28161DAE23E5
:100910003F5EE646BDCEE6F7F00DE3FD4AD704F2B2
:10092000060DD6F7950FD93341284DD73A16FFEF6C
:100930004926DE0B27BE2E2DBD2FD81E0C189A0D72
:10094000FF1E2481DFA6AE105C1833DCE4FC23CF4D
:10095000EFB812F426330F3AE504FB27F84C3C06B7
:100960001723E7ECF7D9D5BC1CC9D1F323F8E6E48B
:100970001900DEBE45E6342522F72FC43A37DDC420
:100980000012EAD02630E8D3DF32FECCE62922F985
:10099000F915EDE93C0E1F31C8E6B446F0E75356B1
:1009A000AF31FF2DD53A38FBF3E52BC7EEFA0BA399
:1009B000F8E2F936B4E471B72A0C3B23BE39FDE006
:1009C0004B01D217ECD348081CBD1AF54EE22B0799
:1009D000DD423DDCDEE1CABD3DFDBD17121EE00D6E
:1009E00001C7F4DED7EDF7E22C18DCFE3A1CDBE49D
:1009F00005E4AEDFBE03EFECE343CD1915DD0FCB0D
:100A0000CBCBDEF527EEED0B4FE6140AE1DF23FB3F
:100A1000C00F071E1F1F05CDF8CAE4240B3D1FD1D0
:100A200022D7DAB6D7EB2B36ECFC160738E7E72AE5
:100A3000EC4913F0D52137E759050AD41A03ECEA3B
:100A400013002CC0F0E447CD3101E0D33001DC1AB3
:100A5000D10FDD112229F5F8DFD6F8E1EC30FEE008
:100A6000EE274DFB1A17ED0324C1DB242F31E4E4FC
:100A70002F3919E1EFE9F73D27DA2111C1E823ED1C
:100A8000E80DFF16FE07C8EAC6FBF2E52E2AF5269A
:100A9000BC1B1521FC112EFB81DBF5221A15E0C4CD
:100AA000EE2E224B011A3C10CB13DBCBF6DB2713C7
:100AB000EB28F5E829DD0C14273135DC0111F4169B
:100AC0000530E3012008FF1AE501D6F8EAE0EBF073
:100AD00010D2EBC8D9EEF127CCEB32F1C32E28FBB4
:100AE000C63E280A1AFB0E2FD6120A4EDDDA1C3734
:100AF000B91FF3FB310648F6D703FC1816D8D8FA0D
:100B0000F5EA2828ECE7B3B433F40ACBC9A3EB2009
:100B100059292B9A18FED1F5040FF4346EFB271DCA
:100B20004DDB02CEB9F59ABFA0DBAC813A32C8C02A
:100B30000DEAAFD915424EFCE40FBB32A32A51A6F1
:100B400038F00D50D6B9FFFD163627250CDEBF0C48
:100B5000FBBC47D0C520BA189AC81001E624D5FCC2
:100B60009EC8C80E1E25EA730A0DE3C30C01F3C329
:100B7000ED4C1BC31903C3D5CF0B30E73935C03A51
:100B8000E6C1BA0EB808ABB73BB7F93E5C0E2FB161
:100B9000F50F324934F1434A4238D8254CF4F50A6E
:100BA000EA503A08ED1A4A0EF15B4DCF3323A720E5
:100BB000B542252FC6F6ABBBDBD52ADEF42F65CCBC
:100BC000B7E2CEE2D1CE1CC30747C14626E5A90154
:100BD000FC41B20D5635BD64D444C086F3D233E730
:100BE000421AEDDCD0ED3CD2F750DE06C0A3D016A1
:100BF00092D529A8B8C1899F4BECEBDB5DB01005FD
:100C00000EB32430580944D050FF150C27D64DA8F8
:100C10002BEDF84D38E6C4F2D2ED191CB7D5EA2019
:100C20002EF8BA38AF403A6256EB4849DE56E2E851
:100C300023DDE52AC85044140BE71FBEC0E8245941
:100C40000BBBE38ABEDAE8B0A901233606B4F1E1B2
:100C5000FB3A23C18DC0D864C69B565918700DCD80
:100C6000473D120F3BF6083417D4A2139FE9D0DE9C
:100C70004227FF5ECD56310EE2F4457FAD0419ECFC
:100C800013ABA7E12572BF642FFEC2CFEE40D6435F
:100C9000D235DCBE44E66300C432E0DFD0395E4CBE
:100CA0009A5CDA26CA63DFCBF3A8BEE313B3CE5D4A
:100CB000FEE25BFF3F0E0E3244E5ED54CFA31ADF98
:100CC0005931AEF5D5CA1E420CC0012810F864D5C2
:100CD0000B96001F78FCD1CB5D1DF454B227081988
:100CE000DF59B0DAB34FE1FCCE9BFB5A43A7BB36CA
:100CF000E14CCE435ED96620F1BB24FDF452FB02E9
:100D0000D9D5157521C05ECCCFF4F2144FFE1AB7B9
:100D10000F0D3264C045BBCABDC26141FF5A3CB22F
:100D2000D933BDE5E5E1CA1B7F5E820ED2E6A1DEC6
:100D30003A47CC10EBFC5145D9E9B3C9465A06F500
:100D40001EDDC7590B244B19F30B5017066221F710
:100D5000E4A4080A0A25E308C1CE5AF114F2B8F84F
:100D6000C6470F42E424F84ED8E0451441B5AFB968
:100D7000E8DA39E9EF20AF004B90EA03BB65C82DF4
:100D8000DB51520DC6AB85C4CCC5B4D1D51D08AD61
:100D90001A46729B0EB0BD61C918EAB8F303B06978
:100DA000E93EBA390231E7F9DE643CD3E82A212171
:100DB0003CE92CFCDAC9EEF0D45EFCCD455431DFC1
:100DC0007266053B3CD5507646A617A8F43607E276
:100DD000EEF5D95DBF02A20A515F3F17BF2B5EDE61
:100DE000DFD903F4194BEEB503D0853551AFF0C709
:100DF000E71035A4FE07C724C8C80BD8BB64454D0F
:100E0000CCF4CF9EBFB9F01124DFBAB3D2C9FBF73F
:100E100081BEDD9AF0E5CE6E5C41EE0FF904EC1F69
:100E2000DF0BE74C09CDFDF9DE28E71DF0CB1BF702
:100E300004CFC615B41138DC2541E04DD50330226E
:100E4000E4E91E0003FB26E9C742C804E4EB0513EE
:100E5000DFDDC61A1A114002CDC005E9184910326B
:100E600099D33103FA8DC82F3819F05121441EF857
:100E7000B91851D92ECCA81BE1F1E12B120A1C3A6A
:100E8000F0F2254949420443B9FB933D0682FFE550
:100E90000118C740035CC3D9243EC21ACCE0B4EFAA
:100EA00050012FC61A1EF728E204F0DE2EDF0D2DAA
:100EB000FE00E01DCAD519C0F9E84625E42CD32F61
:100EC00038CB3EEC28C0CDFA3FF9D3E9BDDBEDC409
:100ED0004FB6DA04D0CD25D22D0EEAC722D320F2A8
:100EE000CDEA2E3047F43C043DB9BF58E7FC0AD3A5
:100EF00013E2EEA81D12C2F03B19AED4C0C8E9C17E
:100F000046F1D4B9B7132FE799042D3751CCCC5201
:100F1000AF2B3579FAC8E64B94043816483A0F3DA2
:100F200021EA101CC89BD92F431BE33BB7D84DEDDA
:100F300016CCB7FD30B8E5DDCAAD3CFE44D415CAC9
:100F40000BF33AB1C83ABD4C4A1CD24FD6C80BE598
:100F50003223C0B3CA2B18FF33F040F3C20725EE8B
:100F600029C71D38C2E797C0152CE80CB299F2E1E9
:100F7000D408F72AC1D3E2E522331FC7C548D638C3
:100F80003BAA3D37E5C7F1ECD3152720CCF5CD358D
:100F900013460347341ED7D3DEE5EEAD31EBD1D790
:100FA000E7DB0DFFF8B42B05CC9DD2D6BB33FAD5C9
:100FB000E2E3B911FC38F52115F50A311081C84D6D
:100FC000E62EB516F7E32218E9511F2BEF09BDED08
:100FD000B0472FBE1DB32919F4E0D531E3E0A12CB1
:100FE000FD16E53CAD1229D2EE1545CC39F1C2D142
:100FF0007444DDE3915BF9151E24B01CF0D80DD4C8
:10100000F827420D160EFA351511381518DCFF12A7
:101010002FDEB547072CD8B3EF2117F9030A1AF5CD
:10102000F930C4E9921DD41DDB97DDF124D9325784
:1010300029D410C84100F6FCB9D70C1AB381A9E72E
:101040000B431DE00007F3DDFA3345CD43D4FA2608
:10105000F5BD28C5CB26AFC1122237131F0630437A
:10106000A6E3FEE024FB2F21F2C011ECCFBCF6E595
:101070004424C2C11E2420FBE6CB250F22F120C749
:10108000F2C20ACA15D551C7D830A6EF09FF460FDC
:10109000CD271C4030DFBCF4E0CF2A5CC505BB1077
:1010A0001BAC0C59F9ADC6FE03F1B6B60CEA12043E
:1010B000A29109F30E134ED2ED48F63345FA0934E6
:1010C000093618C41CE5BEE4E7F925F9F803D9038D
:1010D000CF3A6039C0352201161AA13BB81F9CF3E4
:1010E000F8112BDCE7B4144934F836050A06D8E8C1
:1010F000A50B25FFC829E4F0C734E8DD3AAAF5D5E9
:1011000023310721F9DB344C2FE0CC27E2DA7FBA18
:1011100006CE2FD0D229C22FBF1BD5DAAD19DFE7FB
:10112000C9C5F92A37C113470A610F49E40F17C32C
:10113000C11C03B9D4373A1B4309C3CBC9B428D85F
:10114000B5E728B40835E900ED26FDF0091A29486D
:10115000D1C50DEE19BB342231F149E2B335D811B6
:10116000A9EA311933D2DEDED0F7EAF5DD4CE21D13
:10117000F2C5E82B210FD0DD2ECB38CAC3292504B8
:1011800005FEDA34E53C08B4F6F3F321DA2A3B1322
:10119000BE120FF84B60E4E2A219DEFB052E3726E3
:1011A00018E716FF39451732DF2013BEE5BEEDD92B
:1011B000E8FE074214D12F12BB0A33D803AA6603F4
:1011C000F328CD2D0D02BAD950F8460C17CECFEE2C
:1011D000BEDB102B260706C2B2E3F9430C500B0D01
:1011E00029E7E1EEC4DFE92E6C27E76ADB12CA09C2
:1011F00037DC6013052E3451E9F9BFCBD5152FEC40
:10120000EA2FFF3306FD1AEBF405E2C5F70DE311F3
:10121000FCBA3601102ABF1FCDF84739C20AD10FD8
:10122000E620C54BF3076133F0271B6023F5DA2A6C
:10123000CBB91EFD19374CDE2709DDF802FDEFADF5
:10124000E91BEDF8F520D239F60FEC0DC134CE1ABA
:1012500010E80E35EAF1C60935F434DCD8E0C8EA06
:1012600018CC00F3F03AAEB827D8E20DEE051B0417
:1012700030DE26FBDB05EEECEDDB02EDD2AB38FB1E
:101280000E02F7FE1A2D1D94217F0ADD233A2F0549
:1012900020C4001B2129C23ECDE2E2FC2CC5F5256D
:1012A000C403F2E214E31CF004440E1D0A1CDD1911
:1012B00032C6E3C5ED1AEC1DD3FD13313AB2284A0C
:1012C000EA433311DB06E9D5161EDBBBFF0600BD82
:1012D0002C14D7F8FDBD3AF6D443F4F3403DFD415C
:1012E000FDD13D1FCB241FE34B1BC0302E29D091D5
:1012F00027D6EF0F09301BF81301E7CED72DCB34DB
:10130000D6DBF6BAEBFF4E031AF02407F824E5D03B
:101310003827B290D9DD050424EF4DC7F8D73C211A
:10132000D12F1B11DFDF8D1D15E40BD0A72B1584EA
:10133000A6FE70FF129FFAF331AED4153835E3CE16
:1013400026D74BDBEF19C258E21F09D4221F15D054
:10135000BAFB1BF92428D7DD170C25E601D9D942A1
:1013600046450B13C9B434F2F6FE36B8EC27AFD0BD
:10137000F051F7C7BFF6E24027406615CE0C4CE3AC
:10138000E94D271FFC10BF2FD71BD1C005270E47E3
:101390003AF081553AC1E2F34A330BD6154A1EA9F9
:1013A0004612C5A72036E33345923D21201D160580
:1013B0003716C73ADEFBB8D1EA89A2DCE6421C2E1A
:1013C0007DF0293F1E17E12FF3ECE719C2F6E2B8D2
:1013D000EC0FB0DBC9D9F125F4C708E3432D4BFA74
:1013E00013FC31B86ADFC0B3F0280838D4FFE92F06
:1013F00063DED7C3AEB3EDD83029E7F016FCBCEE00
:10140000B5A61DFFB5204CF10CDA0A26AD31113915
:1014100022073EC9CD0DD3CBD706FC301DF1B2EA71
:1014200040B1CD5B1AB89BD42FF2A2E05B3FDE1235
:101430001CF60B2EE508E337C7B8C5C9F6BD32BFA9
:10144000C8CAD5E3FE0A0BDD262FBA2C1504AF99C6
:1014500014201AFECAAC26FFC94BD3E7CFD5F32C14
:101460000C32CC3A0718B365CA19C60220E2F997C4
:1014700025F2414BD8370347B72D5BBFC4BFF042BD
:10148000320AF331A6F31A9FBA49CD2B1D4FF39EB2
:101490005A54BDD74D421922E0C0AD1CA5C3DFFF91
:1014A000DBBCB7A7E202F4FFCC8DC6C489FA3EEAE2
:1014B00028B309C844359EBA320C812B02BA2FBF1B
:1014C000ACC809D031EBB811F9B80DF5C6190A3816
:1014D000BA332ECFD7A9FBBB52C2A119A004F04446
:1014E000E60B221103BBE31BE14BBBBC05F93E9E9F
:1014F00036B5FFDBE535DAF0F7D2CF09B5B09BF2B0
:10150000B501E912D693C9333A1ECEEB4710323CEF
:10151000E6B2FE8D3B143225FEF4E937B2F5CBBDC1
:101520001202423DCECFC407B9A2CDE417393EB175
:101530000D134AE31A3AFED6DFB9D3BF0A1CF517DA
:101540000AE6AD64CBD71E1515DE140BBF38AD47C8
:101550003E2B4D2D16362DE9C206192026F83339BB
:10156000D20804FF1701F40C03F319201FE9E8DD8A
:10157000F8CDCD31FF00D7373719CE49F32129DE19
:10158000FCE9362F49381CCE1019B20516B3263A9D
:101590002AF2DED2FEFCE43849ECF215DD45E50323
:1015A00043E522A7191032D2ECCA1EC4F60EA803D6
:1015B00052BBF8D6F231D748C3DCEEDAE6FAD81DD2
:1015C00015093018E5ECF50CB413EC17F20B14B850
:1015D00029E89B13DE76FEEED084F80AFD2203F79D
:1015E000EDC122FED97FECFADAFB832AF5FFC06752
:1015F00029C024EAC52E0B30E910BEC11EE3B92470
:10160000500D3A610C361599C0E9DB6AA435C26306
:101610001563E4DDC4AAD115B415DFF2FBD162E98C
:10162000C93EB34FE0E1192B3BE315E7D75006E67F
:101630000105A42929B5FBD3CA333CDF05B1C6C6D1
:1016400041F634AC7F0016E01DF217C2FAB82D2027
:10165000D3ECF5D1DA15C2DE56D25FB547BD21BB5A
:101660009A01261015D5D7BF14B829E5EDC931D395
:101670003ABDC124EC3ADD0BDC8CA3EDF8BAEF1BCC
:101680002AF9D0D9BB0828F6F6382BC5CE2404A0F9
:101690009EDA33E2300CE633F10540050629F4B159
:1016A0009C0DE702FE2D06C5B2EEB1D116E0C39245
:1016B00022B3180ED81E2F142D28FDCA28E0E2FBF5
:1016C000863407FCCC05E513C7FAA9DB4DC3050A30
:1016D000185038FAB8CDFFFEF6F1C924B8C1D5FBD1
:1016E000C648E067DFCF3149BC10452437D2C3AECE
:1016F000FCCE9EE51A0BDCBEC6FDEB34EA161CA53B
:10170000DCC80BF70A3F28003E19DE2D25BCCB456F
:10171000DF465CC04EF23EFEC13BE5C625E2F8EE78
:10172000FAB00240DA09E3DBFED5C03C32CAE69FDC
:1017300035130137D53568C9B3FEF2FBF824C14B28
:1017400012FDFBAE3567D1E7DEB754D731582ADD3D
:10175000C946315947C2C70CB7E4D9F4CFE8041FD2
:10176000284B0CCE3BFB47D31814E01308DD37138E
:10177000D72450EDEE5AEDBB36A31338046013D5D1
:1017800049B337E913FF2E0448CF4403C5F6DEC939
:101790009BF3BDFE48E2CCB5F8D4C6DC3341143827
:1017A000FDD0C240DC1421CCBE2A484D202C67ED70
:1017B000106112010EABD71AE7C551303E245FBB52
:1017C000BBAB25F6E48F1DD5DDEE12F0B6BF231DB1
:1017D000B2232625E1304F41EB4B59CC525F2846CE
:1017E000DD123E3FCDE3E0BDD4FA262DD54CEF9A75
:1017F000DC1F65A8F181C5ECECE44AC92E4F01233A
:1018000005C019F2DC2026D0FC44FC171E3DFDF279
:10181000E61AC0DA32C328E079CFE8D2332F28F4B1
:10182000D02206EA2AFEFCE60D2403F1D4193A3050
:1018300037EBD9F1C3FC2DEE2B3CCF2ED823322B26
:1018400049EE1E48E3FF01D6E4172ADFF442CCF14B
:10185000EC0B14203FE347B821F0DDC5E7E042225E
:10186000CEB2DEC31EA81623E2C133C7CD2123D5D5
:101870009AC71625F9B902CCC0E036C83BF9BD2499
:10188000E40A37F50F21B951038CCF32D505CB359A
:10189000FD17E4520D0B16DA7F0FBE2FBAEF0DF8CD
:1018A000EFD92EFCC6D018DAE7B63C34D1EF1503D9
:1018B000FA3C2EBFF3E1DF480719F3EAE750C70708
:1018C000DA183D3433201E9DCA0D3AC129E9320988
:1018D000D9C0A1D42A20CDE019F0FB1EF4B518CF51
:1018E000E8FBE8D02D0E5497E421143C2C03FED8DD
:1018F00021EDDCF01037BF02F9B9FB1605B7FCFA91
:10190000590036070EC2CFA2D6BDC77CA52BFCB4AA
:10191000791B4147D508F318509F0A1B0FFE0F147F
:10192000003BCB230810D105DECA1AC2DCD2C23C70
:10193000CCB5EA30C4DAD0C6F8EE0CE73916E5CDFE
:10194000D4DBEE1EDAA1F8211FC1202716CA0AB483
:10195000D314E5CF09D61C01B2551816000C1F3C54
:1019600001BECD1DAC2D8E4DF0991400BBFB3F99EF
:10197000EEF4D5D9040B2B18E6992AB441EA0FEA04
:10198000273AE3F4140E38E9EE272AE42B21015616
:1019900024B12CC5C6FF3B069B20EA00F7E2FF51AD
:1019A00023D938ED3EE025B4B2CFCC3BF7DC2FF69F
:1019B000FBA759F2411E2FD1C63538E9FB2FACD910
:1019C0009E1A152CC7A6D9CD25B4BDCEC7FA3DC8E1
:1019D000D512FC295329F2CFF3D515F930FF043580
:1019E00012E0F6B23AB3CFF118CE0ABD321AF612AF
:1019F0000916FDDD2CDCC8D6F136E0D03681093F72
:101A0000F1BBF43B18B5F7E6BBC637E7A521FBDA17
:101A1000D0BCBA15FCE9C9FBDE03060314210BDABE
:101A2000B7FCF31DD8FEF4E032D3E6C916D127F097
:101A3000DB0C2BDDF315AEBB2AD6F2D0F304062A5D
:101A400036E6EDEBD3E810C7C41E18DD3010E635DE
:101A5000FF30BB1A25D9E2F7F1E015251CA8E834C0
:101A6000CAA8B896FF22DDB205AC164004F542F6CE
:101A7000510FCD16EBCCB406ED062216CFF3CEDB1C
:101A8000DACE12C615B548FBCA36E22F1949F54B16
:101A90008D323402BF25FEFCF6C946D51748FB78C7
:101AA00002D61C04CC180021002FEB102030F1C00E
:101AB00029B7FE15AE247F09CD05322120CE34D3BF
:101AC000F4384F2FBF28EC2634F6D4213F271705D2
:101AD0001AEC4723E40741D62C58D3564504DDAD14
:101AE00038FC0FB33CF947FACE05F2CECB25FCB655
:101AF000C722DFD30EE006D6BE11E13AE7FD09DBCF
:101B0000E2C8188320D9F70EFDFCF4A8E02D3003BD
:101B1000E700B8BA38FFB7BD4ADC36DCD6E40DB012
:101B2000D32A7147C90304093B7FFDCC2A0CDBABE8
:101B3000E8242FFED9E030EEC0F704F2004944E279
:101B400033D82D2DDEB238ED26114C37F1D118FEE9
:101B50001AF5C8DE4CD71CADC608ED2BC735F824E6
:101B60000F1239D82EA31557BA3317CF0C21EDCE4B
:101B700092D5EBD50EEF10312226E43109D1CABC43
:101B80004501DCD80618C937161FE2E2D4E73C321B
:101B9000584EE010B90D12C455ED31BE2A54D8315B
:101BA00018F635B218DC340EC3536CCF2625BE0DA3
:101BB00006363C01B91AE845C8140ED609741F232D
:101BC00033F64CC8212F33CF2ED9E9B6D9CF1CCA52
:101BD0003C0EC82C35F7CB3DFAD302FB3C0E248BD0
:101BE0003D0EF6D50EF224ED04E48A0F12BE1ADD86
:101BF000F147E1CB34FDB62DF30A20F0D5091106EB
:101C000029DCD70031ECE741B2FD0237C8D4DB4311
:101C10001D3431333ECCCA0DC62E0B4303CFE750E3
:101C2000B9F21D07E11E2D4B2C022CF826D4C7500B
:101C300010BEE0F818F9B9CE1D472E0AFD03951B1A
:101C40000E1D45A8F5D11C3A0008081448F7F2F219
:101C5000EFEDF6C7C218BBA5CD3247E600DD4B233A
:101C6000CF1DD6AA070DA132EABC28C1480BDAFE67
:101C7000D949AB22F62800E415C81FF5EFAF1BF1D8
:101C8000ECC9EFC9E7EC0EBDF75E1D00FBDB2E08CB
:101C900006E155FA2DBB3C1BCEC92E1A38E12007B0
:101CA000BEC800570715CB4EB6D1CEFC180318F7A7
:101CB000F1FA261FDA2D3D26CC481A3BDD997FE646
:101CC0001AD557ECD0D6E21D05C9F03923003AFCED
:101CD00042C438E2F3A3EFDEDB562D3C1719130D97
:101CE00035F72F98FAE4305512EB1C00CFF1CEE116
:101CF000E819AFB6338CE2360AFD1EBC32CF3AEAA1
:101D0000B70217FFE83632EBB8EAFADBB230AFE4DD
:101D1000E3E828CBD31E06D7EDF9C93332EE4EC126
:101D200010FABFE4FE29F9462CBF0CC4BD13C6C986
:101D3000DEC0221AF9E24F81A90AD52CFAD5C5B521
:101D400028B8FC65170F1F3F31B6242059324B0AC3
:101D5000AD0EC5F2D6CD3DFA11282204ED23FACFFF
:101D6000CB34C76AF0CCBB58EEB40BCD2DACCC56FF
:101D7000113DCD6F32F038FB14A458B80CAF3B08BE
:101D80000AF5B9EA41B00DD14CFFFDB116D736DBEB
:101D90005727A43D22002AB810B0D0F3C9C733CBCF
:101DA000E81DC3030C2043D3FBDEAA2194D070E6C8
:101DB00030CC58D9303EB5FE37CADD0C39C422D5F7
:101DC0004DCC5DCE29E706E7EB13D0172047C23193
:101DD00010209340979EC3ABE5D99215834DA6DBA7
:101DE0002CD6D5FA8DAF53FAF515FA3F131D0CAF6B
:101DF000011E0AFC3BE3E5F8C54A153D1117110821
:101E0000D5DB0ECED8CDCD1301FCC24CE0E823EFDC
:101E1000E1E7F3FC223DE83C3AF0F4FC12F513D87C
:101E2000CDE70D4300D79215B503E42DDAEB10058D
:101E30001CF813DFD4D030E7F1E2D4DC06CCF5D3C4
:101E4000D4E03A23C329F4E41F2E1414F52BBFDD8C
:101E500029E5FD32DCCBED33F3110D371FD9182402
:101E6000CD261926309320BBBF0EBD2E3023F0BCEB
:101E7000A72E27DEDBEE201CF73E415BEE36E51E8B
:101E8000D81DDB27E50F4C49D381A8C4F9B3A914A9
:101E90000A32950F14EE0F011027330CDB2FF9D502
:101EA00006FD2DD3FEEB0619DBCE251710CD2964D8
:101EB000FE0A6302A817A41A1DE13216C230AAC492
:101EC000E2CCD21CB4ED09180436101A96FECB1FD2
:101ED00034C8BBCF351A0854E7EB22A90B11F5CA59
:101EE00022B605B3F0FC2200CDDCB62404E4C060C9
:101EF000BF07C88FE5CEADE5F2CDDE3ED6D6CD45E7
:101F0000DEDD0055C32706D9DEC5E3E4B20326387B
:101F1000152D0530110A0CF0E12220E2C93ADFEE5E
:101F2000F4D92EC30B52C818FF44E11DF6CAE15084
:101F3000F4B81020E3DBE83CFF07D306F2F1E4FA43
:101F400029D019042932F1110BF7BCF7D315F9097F
:101F50000629BEFEACF3CFE2E50412C44120EE0731
:101F6000D3BFD4D12545CEE1D2C5D7F9E4F914F0D9
:101F70002802FD2FC3F1D1FB30FDFAA6C1C32BE827
:101F8000DA17FF43DC9F141523EDD9F70A182FE366
:101F900003C5EEC2F505BCD3FB25B5121FD122FD4A
:101FA000F8A3F5CA271E311DF120FE1E10C435020C
:101FB000BEED20FB063AEB252B3624C0D68110C29D
:101FC00010D5050F04392C25F80A25F8CFE624FE94
:101FD00018C940D1F71A03AA03E5301FAF0423E460
:101FE00023E5DAEE0CEB160204FC1FDC0207E92500
:101FF00051E9B330C8AFD6FE3AE2E4E3D8DF13DFED
:102000004100AE4AF556EAD10CDE0252CFC0CA11E9
:10201000DDBF1E02315B53DD18D8AED0F9144F0876
:102020003A4AB23835329EFF6DCA599B4EC825EFE9
:1020300032B0ED141FFE332C2D06C7E2FAFBACD4F0
:10204000CBBAD6B1C1ADA30235CDCAACDBA2DE2A74
:10205000C93EF3FCBE332A57B7CBF742100CCFD2A0
:1020600010B3BF475B65AE9815D1F7F9AEF9D5B29D
:10207000F3CD26495109EAC949A20814F72FC2B77E
:102080001514F21C3B11CF12E808D6652954B1E0B3
:1020900090F1DB0BEAF934D0BDE343B029122EE80E
:1020A00021E2EE1234121321C7D7E52FCCD827BA7C
:1020B000F986DBBB15EA7D20C547BAE0C221DC2FDB
:1020C0002A24BBB8C5E51F2624F7B8B42224F80596
:1020D0001937F9293DC4513026EFEA42B609812566
:1020E000F3143E1908153AAA28F6CDB7ECCEBE086F
:1020F000BC209CD7F1B1A12D4D51385BDF8EE4DCC3
:102100000FD317EAE741D140A3C5EA52450BB9E026
:10211000CF5E3C5153CEA83E1ED1A2F4F59E583B53
:1021200021FBD0CBE0B1FB25D2CA049F3BCF1B1FC4
:102130001B0C2DDC36B014E1C122D2C1EEE340C34A
:10214000D002B887F8D8053FF73AAB2B56EC22A857
:10215000C9E91EEFCBB1A511E12933192911584A5C
:10216000FC06B5EB170CF9FF05EF2646DBFC3CB58A
:10217000AAE6ACCF055EE916B1B802110C52FE1109
:10218000D9BD0E3A3BB5C0C353B237FC4E239D11A7
:102190002B25E115C91ACE09AE14A8101E06E5F4C8
:1021A000A83CEFF15BF0D5B2FFD0A5F4D02032CF40
:1021B000860F493D0BB209142C3FE9E717F9E63CBD
:1021C000F5E4E3EDB1244E2F0DBCF4BC6B03AFBDC1
:1021D000F3D46B3CEB22D8D10666C92AA31F2F2A61
:1021E000B449570217B8DD25CC34A5E03D9A47D94C
:1021F0003FCA00E3380933B3D917DBD44C81173B0E
:10220000D9DF011722BDF6A0D6E6E8EA1FD428B42C
:10221000E0D64DD63825FE1F3AC2414C12AF1AF017
:10222000E0C96D33D5030CF9CBD9AB1814B6C40F84
:10223000BD0838E0E59DB6E8814AC4D3D0F021401E
:10224000063D080E20460F171ECE00F2B61B1608DC
:102250001EEA170BECCF15411801DCD5261E43AF43
:10226000D90861D91F347B04BB2DC126520A07123D
:10227000F1C9EAE0E11232F9CFFFCDEF363FC4E118
:102280002240E52FCEC51304D5EBBB2012209A4384
:10229000F809A0FB1D11BACA24C523E6BB1EBAE883
:1022A000D6CFF92CD702C9045C3ECD136AE302FFF6
:1022B00020B92737CB19E2EAC0AAE444D60921277E
:1022C0001F98FA2A0A374DD9276E1C05E708F7D45C
:1022D000E7C7A4DF426B25C30E203BBD042C4A2672
:1022E00055413ABB3C12F1D409F3BBAADED7C55322
:1022F00026BD1E24F4E6FBC91993F8C62CE4160E7D
:102300004D2ECE75D629E228E5FCF2098ECD2DEAB8
:10231000E500120B0BF11EE458C5EBEC1EF1E3E0F7
:10232000C8E6CC00E406E527480BDFE3F7D2E51B5F
:1023300012BB16F62C01D5E5D91AD6CBD1B3B2CB48
:102340001D3201F1D937041DD1D00AD0D40548AED1
:102350004CF83A2FC1F40F362FC52D111829FC1A4D
:10236000BB13DCFBF9F6C12DF8CE1AE6D1201A20FA
:102370003D26EE1BD1EAF038DF0DBE06FDF7060C58
:102380004442C723B6F9ECC9D0D8E6A704002AFD19
:10239000EFDC69D7CA0A2122DED7161810291F35AB
:1023A000E9F9D620140E02FF2102A0ECC8D23601B2
:1023B000C6DAE8E927D749D7F128F534E2E5191458
:1023C000103CC92DBBF13503C91EB5072DC2DBF981
:1023D00026E0DBCF3EB004CFE005E93EE4F2071A89
:1023E000051D3AF5DAFE0D7F2AF222C22D1B25DFEC
:1023F000E621F2BEE9FCCB02010EEF2F3DFCC31437
:10240000BABEFE27F7E6E7CE70E6F3EFCF182C1141
:10241000AA81033AAFF3DAEB53A042394C3845EEC8
:10242000E12A021F3025E7EF21DEB204F5C4FCAF3C
:1024300026D2D3ABFD4F09F1E4DCDB24D53B19E018
:102440003535CBD319436BBF0A31EAE8DD012C44A3
:10245000BAC8FEE71AB519BDB9DD2C01BC3F51273A
:102460002CF43706FC1DD4299C290E3A2719EA03BF
:10247000E9D1FDD209C5B24FFE9DDFEBBBF5D359C3
:10248000B5B1F9BB213115F033560E06CCD56B0929
:10249000FA2BCAD71A5B2EDEC2CD4BB105C9425307
:1024A0002A663845F6284400CBEE48001338C5EFBD
:1024B000EC523FB702C66FF4D657ED5E09A747BD91
:1024C000303FFF3962E6ACA6D7A81632DEF7BF3E32
:1024D0005EF1C526DA3057C95229A4E7C6F023D4E5
:1024E0000AEDE716CBF7E8F30927B8AEEFB4F2F13F
:1024F000EA4627D508F4C1D8FD0B07DE3259081D7E
:10250000BE295B97EAF5FCEBF137B5AEED4FD4DAB7
:10251000221107BC15F52E043A4BB9F620F8A1EDAF
:10252000DF27257DCA088129ABD6D911CC3F2F0DD5
:10253000CE1D04F9D79E2B0AF52942C0FCBB5FAC27
:1025400022330522AD0F12FA02CFA62E1ED4DEC012
:10255000BB2C303AF0FFD2C7D4292AC51BD11A1799
:1025600035640A5ECD9FF14DE5152DB4BE3FFB2BC2
:10257000CB112850CADF931FD14EF76FD9FC46DD2F
:102580001AC936111C533BE7BBAEBD54C704410A00
:102590009B7926CAB2F22108272BF928E8435899DB
:1025A00062CB16C3D6E62EEA2004DE073C43AA6EB1
:1025B0004F1ACDEDE1AAA31C189C0BAD3F0CF4EF14
:1025C000E0C6D24874D42A9FCC23DDFA03412CF50F
:1025D000443DA7C61C4C88285CCC3AFBDC2C200C64
:1025E0002FD61BE49B72D9AECAF6F2A8BEFF152007
:1025F00057C830DCC0B5C022BCEC35C70E9ADD2D03
:102600009AFFF0D0F621DCF406302AF1E1F1D6DAB7
:102610001FE5DEFE1ACEE2C8FCFAFF21EFC0FBC8C0
:1026200016DF1E51410338E3CC04C92312250E984E
:102630004539D5D5D9282F0F0120DDD7DCDF06F4A9
:10264000FC19094A05D1F9E82AF7EEF125F31DED49
:10265000DF3D1E1CF5D81DD6CDD801D0D81BEF27E5
:10266000C31F15240B9EFA46F9F718BAD620D61CBC
:10267000050FF83223139C2FFBD4ED1819AA37F459
:102680002FCED6D1FA073B6918EF34341ED11AEE9B
:10269000E71CA308DC29130C4914DF060FEE15D242
:1026A0000726F9DBF11D21F42C81FCE9F447DB2F2F
:1026B0003A1512E8C0E53BFD349B0AD6DC050AE476
:1026C00009B7400AF4532305D7423E15E30DFD1820
:1026D0002FBEB916EB391F1707F541B61BF22CDCDC
:1026E000D50ADCF90129FE11F305FFE7CEC90E6218
:1026F000D2F223482314BDE30C1EF8181BE1072C6B
:1027000012D9E6EFB83B28D6E5E9C51C97EE16DAF4
:102710009A42B6BE633B160FF4C100C0D4C61DD3A7
:102720009CDDEAD3B059B4B336F513272F2A1AF932
:10273000E2532FE1CE3FBA33D643C8B504BD8F0272
:10274000082E4B19BA46CA410AE1ECB6ECD8CCDFE8
:10275000004FA145FF3C8B35B0392551765702F02B
:1027600007652234E04E3010BF3B054055B446F6B5
:102770002BA8B6CDF4C919DF0EFB9A0D3DF51E4E00
:1027800013DAAAF7E713D0DE5C264CFEF210C3AFD3
:10279000930015DE29DBB941E6F2E53955BB071890
:1027A000D9D73358C030D3D4F914E2ED1BF5119EBC
:1027B00095D14418C3EB1F0D5EE8A017AEA3654783
:1027C000534AC8021C0332AF3BB902CBDE2CB9D549
:1027D000104F3F0737FC08A2B87F144CA625C64906
:1027E00058581F43D9A9E34D07DC01E9B3B2324A77
:1027F000B327BEBFD7DFB4EBD6B7AC075BAE2EEBCB
:10280000DCA8D05C2944D0F6DBD01E189312F0CEA1
:10281000EDE1BD6543F252981607B0ACB0EE4F55EE
:10282000BCB5FE24C24B020039D259DEE94E490C38
:10283000E90853B63E84E2C81F24B5359CF841DD53
:1028400014D03BBBB2FBBB0DF3343712F1D015F7FC
:10285000F5FDE7BB5324D9BFF11E3D45C53025F931
:10286000E4D825AA0D1E5BCBE2F2E44D4EA743DB74
:102870000403FCB6E8A23934DF37B92F6642345876
:10288000D3E0CDEFD1C3FD9BC84AF739EC14C3C9DF
:10289000BF16243ED9E3420BB9EDD0193F0DE648EF
:1028A000E70958C6F83F3EE026B6C002E4D4EB8EF6
:1028B000B92ABDF625AB06D6F81CF6CF25D33DE6E2
:1028C000ACBADBBEEDA3D9EAEBA3F840143AE72299
:1028D000BF47FC0E19E04F39C52BF0A8C0AFE5B1DA
:1028E000CCD0CC309CD8ED6781F8F5531E4AF42A41
:1028F00083C8FE440EB78A2425D403FCDAC7191214
:10290000CFE2C5C2DF1FC03241CCE32E40FDFE2B1B
:102910001BECF49D0CB7FC01BBD2B3E72103E21022
:10292000E83BF84ECA2645D032ADD15E10D3C84937
:102930000426FFDFD7084344500A0D1DF6540CCA85
:10294000E2143FE5061D37FD3A26283B4F5E3B2B40
:10295000ABBF64DAF6DA51BBB2D142D648DD0D0422
:10296000E6A049ECDA20F83FD8EC4BF32FF638E438
:10297000DC05E2FEC5F029F40A34AF1FF4022BECAB
:1029800056373A4B25054337E532C1CDCDAD192A2F
:10299000B84C1143C2C8FFCBEDCDD5141144F001A2
:1029A0000EF80A41C1FEB65141B1453549AAC3CB23
:1029B00055EFAD2335BA24F4122049B8FDB72EA83F
:1029C000D2EDFB39BAB4C1DED948DFF3EC3D47B5EF
:1029D0003FF754E490B6C3CE28484B6EB7292F304A
:1029E000A72D6C42FEF11B1A5FDD2854D5E44F9EE3
:1029F000BDD9D81D0A81BFCDF63CC22F41CDD3D958
:102A0000100BF4EDDE0DE206C800E10120E7DAB1BB
:102A1000BE3F13C727DF1A0B05C222F91CF9FA398A
:102A200008291356CADD95071CD0B71306CC0CEC49
:102A3000EE2ADED9CD068121110DDE02F9DC22EB72
:102A4000CA2DD0C8F3EF0B26FBEFDF32F7FB161BC6
:102A5000E3000FC014E91EF625DA1A05C31CD0EFF7
:102A6000C02EC90CE1C71CAC2FFCD1F6113122D10C
:102A70000702163D1808ED35215D061C2605D3100A
:102A8000203617DCCBEF3549E91CE533F9C5970B48
:102A90002A140B2CD4053CCA3C08DEBB1C3624F19E
:102AA0002DF907DD120B2A1CE12AEB02FDE5D20C01
:102AB000E2BF25E7933116371DD408BCD622D1D307
:102AC000FAE744F2F32DD7041E3CEEF2E3FF2CF0BC
:102AD000E9D3C70E1726B7EEF9101FF8EEF1B7329B
:102AE0001CC3E3C1D436F6B8E5D9EFD7FCCF211229
:102AF000FBB7D0BDB6090B2C17381A05E1C3B80EC9
:102B00000807D97FC83B504AF4C8C301E2EFF53B40
:102B1000D40CAC24E303BFE8FAC4B0031840452B3F
:102B2000C4E13FFC013F023DFFEF44BCF0EA17194E
:102B3000C835E9F549E038D6D048D60D2632C4FA72
:102B400048FCB1B4EBF9EEE771DF0E0414DEF6AD2C
:102B5000B6EE4F4F103A4CE6D517FFE2C818CCE856
:102B6000CBE0B6053DEF27F2B3EB09412D292D4609
:102B70000750CD37B601F6BE2CE650AED5DA403957
:102B800033FDB33FEAA747264A2A4235285811DCCD
:102B9000CE1C22C1BB2EC1C38DD60C1CF22B2CD552
:102BA000AFE04CEA2FB93A37B6ADFAF9F90ED032A8
:102BB000D61E8450D9027134026BF5CD3A5440ECE4
:102BC000EF2131D7DA0FFE412AF83E4373B645DBD9
:102BD000CB15351D2C8CE53F1163DE51BD08DFCAD6
:102BE000F7FB1D261D000121FBCC1EB2225040E444
:102BF00010292FD0D78914AA33512D189724991151
:102C0000FAF418D5E1F0E423E82518A9F6D7F3166D
:102C10000D27F4E0180DECBAD6E407F5F8CAC2E2C5
:102C2000F800F043F9291805F62EB912111ED1FA51
:102C30002D220002D7141B08363AFE2725021CC29B
:102C400025FBFE02DF2D2ED3BFD0F216C6D7D80E3D
:102C500006F61FE835E62DC336FDD5D82324CF2947
:102C6000C5D60E04ECA42FCF112016E3F12314389F
:102C700002D7E7D5F3C4E109F1E6D437440FD2EE29
:102C8000DAD3F52A0B06EBEBD9F41F0522C7D1CC1A
:102C9000E525D8E0D6F714063C3A180DE9CAEDB69A
:102CA000162AE0B4E8E130E2432C3AFE0EE4EBF7FA
:102CB00038DB2F34AD33351A24E72409C01E2F1A10
:102CC000F4DA1B11D208F9F0FC16F8E3E2D6D016BC
:102CD000382BE80DFA0605EE08F41DBA1EE429FCAF
:102CE00045E91CB6033F12F2C7E981D4212E1E2606
:102CF000BAF104F9F9E9CFFA17FBC3FEE816F211AD
:102D0000FC35FE0CF9AAB6101A05421522FC42C386
:102D1000CA2F1DB4F8CAFB51DDD8DBE3E33129A883
:102D2000A91DE5A3A7EB172005050D27FD45B3F960
:102D3000A97847CFF13339C242BECFD2F71F1C2446
:102D4000E2AFB3B24D12D309651AC0B2263E1EC619
:102D500007E7190248C4EFC7AC6725BEB4EDC6ABA0
:102D6000DB1310E0573F3EF6380EF14D37E84D6368
:102D7000133A141CC29E1739E7F904C6C12CE91F87
:102D80005A08020A70350EFFE498A02B48EDAEB940
:102D9000362956DCE7F62C44122FBA2F1994BDFEC3
:102DA00039DC4848BCADAEC0E0B80915141BC1A55C
:102DB0006BC7D850B22D7536F244139AD0A9D5C33B
:102DC000DAA4924096C720D4EAC0D311361B0D3F37
:102DD0000CD14231BECFDC81C7E94F40124ED59FA6
:102DE000EBDAFE07D065A5543351CFFA4EFA03B79C
:102DF0009F2C163EDB38C234AD10D4CFAA17301842
:102E00002AC9B7DC4A22BDF91B1B300E261AF63C34
:102E10004187E5DDD537D0D936DBCBB5FAB6F2DC64
:102E2000B81C3B22C0FA5F4C3A18A60EA3C40EFC95
:102E30000221CC2539FF433F104508C502F2C3FEED
:102E4000D30B50B9F616CB2F24D211BDC141143388
:102E500004CB0C3303EF25DB16252C083D34C0339F
:102E6000154120DD09053B2924661156211AD0B8E9
:102E7000F31ED3DA29BD413AD215DC00E33AE8C5A6
:102E800022B428DDF2E9FB532181C3632AEE0E0749
:102E9000C8E206304F6566D2CAEB34A61A1735333E
:102EA0004446EBBBFCC53D074B96D4F96A1A4CAAC5
:102EB0001FB241C619311F010CCB41F10A34DE307B
:102EC0001144B11DEE15273F0E530BDCE52FD43D09
:102ED000C01FED4DB2150F09F8F6FDFA65B133C507
:102EE0003033D1BA66D7354C0EE48CFB15DD44F98E
:102EF000FEEC47DC16D1E8FFDAEAE2DD3AFF26F520
:102F0000D0D7CBB6CFD2200AE8E31E020ECFE71B04
:102F100006EA37CB143DEFE1F2D321CD382A0BC9B5
:102F20001A073D23C9F533E3BDC48119081F1CBD31
:102F3000DB1A03D2113BDDFB33061D39D302ECCA89
:102F400039D8FD04F0EE370C02CA32BF264B0A1DF9
:102F50002605C6C72DFAB8DED6F4C6FA1918050339
:102F6000E6363C4D03B803E9E8F33AE6284DF6258A
:102F7000C81047E8150F1E310548AFCC41C947C7F7
:102F8000DF1EED2BE5EACE0BF307192D20A9263520
:102F90002DCFEADE30C1F22F3CFB42D7E7BFDEFA8D
:102FA0001A1307B42D2AEB1C0ED8273236F2F82D4F
:102FB00031F7E627DC10001CFCC748D8E4F93502DD
:102FC000F00F184842FE21E9F33042DFDFC7C9099C
:102FD000E919BFC2F43E0F1F2DC40EDE11EBEDDE6A
:102FE00030E12709594F2FF831D3DCE9D7E0DDD99B
:102FF0000DC63D2EF80C110C01C7BE3A2B552B3FC8
:10300000C80812EA3AF3ABD5C1DB4452BBF5FC0663
:10301000C5D5F2E8BB65DF59EDFEA2F427473AF6C5
:10302000F79EC12B8EF6F21CDAD92F97C3F7DF7FFC
:10303000EC06AE4BADBAA7CF15C7F2C6AED1DBF0EA
:103040005EC43D182C51AAF425ED25C029C22225C5
:10305000C83AF74CF8DBD5CA56F3D943ADDC29237F
:103060003C97094E2D61F4C044B13347FFDF2DFA80
:103070005260F800D1C9CE2E4AE42207EAACDAAF9A
:1030800009F63E44CBAB3FACF15A34E6B77A44C7BD
:103090008DBCF9D70C55FD0F88FFE2B64E096200D2
:1030A000ACDDDDF7DEC111C7C63EF008FF13312AE3
:1030B000EB9A05E625252EC1CB6742E565A62EE0F5
:1030C000FD52A3D1414CF13F24CE9BC8FAE9FBC687
:1030D000C12725F9FA2AEBD5B222CEFCDB041CE08D
:1030E000F108DB4E91C69B2927BA4AB41D31CC2F7B
:1030F000BFD2142BD4D6C2081163B90911CAD35553
:10310000CBE6EA44BC4DEC3F20C1084BCF3AE0F897
:103110000347C0EFC31BEF7FC1B019EFC2B923DC77
:1031200039D7BB3CE6310312F314B6DF4650C9274A
:10313000D8DA27DDB2A5AFC5E3EC0009B6B31106B6
:10314000E4BE27DD4ECE49D0AED2FF38F03CD0CF22
:103150003A20F6DF19B36BE2C83ABD0DDED026DAAD
:10316000103BECDDBAD805074B0E24310E1CAC0920
:10317000C3C3BC33BCC01ADFE4CA2802D1E51C3685
:1031800006C61E08B50B2B08FFF72C201ADBD4B996
:103190000CF323FD1ECABFEDD7AFD941C3B5461D01
:1031A000E42815EC471F1C47E442C505C421D7FCA1
:1031B000ABD2F7CEEAC81CB73001B923D3E3C09431
:1031C0005041241EE9FE44E32ECAB544F5122033D3
:1031D000CE2C3805FBCF26070BD8D7F2D9E39CDBE2
:1031E0000ED7F3AA08C517E4C70F1F052B1002B8A6
:1031F00097F8D0FD040E0DD51555BCC63FE8B8E0D4
:10320000D7DFEF91D1F3F6CDEBE8E1E948183ADCEE
:10321000C9DD52BD0A23EC0512350627BA06E2FFC6
:10322000F22A2D23F028CF18B7F1E2FFDDDBEAE424
:10323000E74851E0EE21F43FD3DFF0E2EE28231E11
:1032400013CE17F11D2339EA4019DDC9DBECE53255
:10325000F1F9FB2F0A1F41E81216B4C30E3CD7B692
:10326000DED6DCBD24E9FAFCCF23DA172822FFF6EC
:10327000E31F45F52532E93CCFBBD3FA4BFC08E808
:10328000203643204E06D547DA18F30CEF0BFA111F
:103290001A27DDD3D31A0913F105F4F0F0DC179BDC
:1032A00026D531F31BE0020B4E2410CFF2DE443D55
:1032B000D4E3EB1C85E4DCF21DAD1C36CF3A2CD2F6
:1032C000D6E6BB2C1807D61DE532012BE8F5321BDC
:1032D0000BDD9ED914ED126A1F0135E90A2913F599
:1032E0002928C7021B4FECAFBBEA81FCD1F5D711EF
:1032F000F3D20BDBCA18821736E519041CF4CF1F72
:1033000015C4300817F702F929FBDFE82F0C2BD47E
:10331000C4D8EABFF21F062003D5CCC5E30CCAE926
:10332000EBD1231AFC03A7D4F9CCF410FD01DFF98B
:10333000FD22EEC80FF3CEDCD2DB2EED0543020AF0
:103340001A2FB7FED337B0DCFA21F5172ADBDA00E3
:10335000C9D4F3315325F5DFE5182A2AEDE5F9DA6A
:103360002CD40DF031E6F46E19EEE0D2D503DEF583
:10337000133D14ED0217FCE8F4F904132D32254E29
:10338000D731E1D5D10BF208FDC028B52ED8BA153A
:103390005BEFE4FE14D43449720515010A1AE1BC4E
:1033A000FB42F70812C2FF1022C1DAF2143DCDD45D
:1033B00004FB3724FD25C032220B16FC2049D1DD49
:1033C000DFC24FBB352A21EFE103E1D69804FC0DA3
:1033D000E8CC060EF5F3E91FDCE93F8130FC06027C
:1033E000CB0AC2E7F7F9E4C72FFA19DCF90E1C146F
:1033F00012E9E708CB10C105DFE50533E40DBF2175
:10340000D32F1AE85411553743CF3C134A3E18D0F6
:103410007FFA092BCBFA1EAAF40123474C31F7009F
:10342000DD314E0E24DF28A0140A31D6DABCF4D5E3
:10343000022F2013FDB924C63AEFBF0CC4BF74E0BD
:10344000F12E27A74541372900460A0C38D1D13241
:10345000403F27D9BECFA312E9E6E0173CDC484144
:10346000590E4B24BEC22DEEF4E904F4062032FBC3
:103470004012D6041710CBE2C13FE606C693B9CC82
:10348000D11AECD0775E1E381120E1DAFA1D3F36F2
:10349000BA1B0745C3B6A80DB2E2F93FD0CFB44D71
:1034A000AE3BEE20FD4C45DC41323EF9172B423657
:1034B000691FFD19F92F06D210451F093BA5BBFA5C
:1034C0005E36E69C421EB4EF4B22E2FFCB1FE9DDE5
:1034D000EB5806CCDA03FBFAED1F1B3FC8FF511B6C
:1034E0004E0B3C703FB9FF3EC60053FFB654F60981
:1034F0004425BCE547EB31470AF2F7CD052D3BD417
:1035000041CDE97FE839D40DED9025EDBC0DA21039
:103510000CD1E101C5EF11BD0A26020DF900D7BC9F
:1035200008EBC3FCB731F51BFD190C2B4207EFF577
:10353000FBC0051CE536ECF5F5FC041810B9E2D02B
:10354000070929F5D7FC1CFC140E09FE021C02CF4A
:103550000DCA1436D2E6EF1D3A1B00FE07332BBD11
:1035600005CCEC20104013AEBBA4191B0AE118B91E
:10357000031BC53C28EC03CAD0D6F6C013F14D138B
:1035800031E4E3F8E72226D4CF240FE4FE2430D040
:10359000C00A3DF92727F0EAC92E0EBBC337C42263
:1035A0000DE2010C172304E12445BEE2B5162DF906
:1035B000B19024E3AADA1EE2E72FEE0D1D172AE6EA
:1035C00019200024DF29D81BD409F6CE38CAFE11F1
:1035D0003CF0260E0D1AE720D92EEC5FE7FB9D0B81
:1035E0000A41C1DC8DC84EF311E9E3DDF03232E36C
:1035F000CD0DF41344ED5013023BCB3BBC02D9116B
:10360000002500F716FC30EAF8474464E6CCD610F3
:103610005A2EE4E73BD6F6E5CD30370D0F41E11ADF
:10362000F415C2960E0DBD4CE5560DD2B5121ABF5B
:103630003ED41D1EDD980917C1D12EFA23EAE80FEA
:10364000F017F24B2AE5C1F5D3C1F9E429114DB8C1
:10365000D5EF26D3DEFAE40F2FD8E814D14F04CDEE
:103660002FD6D1D62E2DFF3E411EC03AF2D71ABC1E
:103670001501FECF2AD0DE2AF79F6BD91B0215F861
:10368000CDEE21CA8CEFEBE3CCD524EB0D22E8F98B
:10369000651EF3C6D9E9CD1BFDF82969BCD3E9F94C
:1036A000CCF52B01CADED630D82DF0360DDF3436FE
:1036B000EECE5500E937AFF60FC3E7E8284016D93C
:1036C0001CFDFEEA3FFAD339479FD6D8BB19EE4A14
:1036D000DABEAAE1E4252E0ACFEF06B4F32DBCE64C
:1036E000EFB0D6BFDAEF31210B3039A40181E9F216
:1036F00009F7D0F7D305FEF9C002270CCFD916027F
:103700000DFAD3953D0ACE3BDDF01ED815C907CA88
:103710001CC9DAB0083FC1B95A391CD3D9002016E8
:1037200035D6DC18E131142DF7D012092CD52CED4B
:103730000406021E4135E3372EF9200954631CB2FA
:10374000DAE3C23BF2D0330AF9F82E33CD1531C398
:10375000D1FFDD2829382F1DF7BE2F34F4CCC0C38C
:10376000F422411E44DA3AF5FDE30E322FBA082E58
:103770000F0AD203C3D3CCBE1ECC1D08D5F9E4A3D7
:1037800019333BC0DAC00532D0E2CDBABF99BDE8EB
:10379000D9FDB8B535FD3233692CDDD8BB3A27FCED
:1037A0001B33ECDFFCEE0D09F23157364CF3FCDC39
:1037B0001616340EA82CA8CADED8C20D935C4D3D57
:1037C0001FABE1CC9FC732FCEE46E701BFE415C357
:1037D000EDE8FFC913281FFEC90B14DCEE2F1923D7
:1037E000FDCF090E28242146012881FCBD1816248E
:1037F000B4C81E9E01DAA951E30BD32FD908CCD54A
:103800005330FCFBE2411AFEABA6E132012B143C23
:10381000CE54AB69D2F2C7F4E30BF93627E932098B
:10382000ADEF98CAC8DEBBC30400D51D52D2194DF6
:10383000D620BB203898ED4C1A13E5D232DB81F24A
:1038400034BE0DA6E80115F2372D4EE4F9C32CC4A1
:103850003B5117D1C231D1DEFDDF09D9403EE0FB3B
:10386000DCD9A933391801271B2741330232D9CBC0
:1038700021F4D4321E234F410B201BBD2CC8D32270
:10388000FE17BE1CA5FC3DE0C7D11A1AB4DA1DAA6A
:10389000E8F30626D707E913D9C9DB1DBAD0F5131B
:1038A000E3F82AFFBE30B69FC2233D0C0959E68DCE
:1038B00093C1C1D8EC0E610FF00ADF2E329AE9DD18
:1038C000C93C37CDB7113C14D29E95C1DC24C663E8
:1038D000B8FCF81EF0E52346EE03B019F4F1B3048A
:1038E0000132D632D320BE0945EF2A05E5183C1D2A
:1038F00015DEE062CA02E1F75DF72FF0F9D8F24277
:10390000E0D5CB3416F0E809DCAE3B2BDB3FDE2004
:10391000CBD4CB4E190BDF320BD4D327F4DDF4C05C
:10392000CFD893AE9ECEB7EE1A2539A53E2AC8232E
:103930001BFCB3FC48C59DCFEEB3C64B1EFC810BF0
:10394000241414921BB904C29EE70B443D3BB616E7
:103950002BE3251011CE2B1838F5C5262DE6302F78
:103960002F48E2ECC821D0E0BB27224FF8BA041957
:10397000CFFCD7042C20E5C22C2E29FE22DF020525
:103980003439C4C137A5FB8DE9EB07C9FE39E3A87B
:10399000E5353E37B50FE8EB22BED001DFCD47005D
:1039A0001BE123264510F8C9180120FE26E64E1714
:1039B00000C4D4D5FDBE3CFEECD5B1B7D4E129B0EE
:1039C0001F1A0E0500B42AC15038BBDB36D5E312EE
:1039D000FE25541500EC184F1963D64231D1B0388A
:1039E000BE0B11D137C6C9F6CEBE2D112D1B34B674
:1039F0000AD7CA0ACF113632D957F312EE02E22A99
:103A00002B00F30D310D080CB7DEED53AD32C7239B
:103A1000FE43D31B3A292DEB9CCADE0A1419C6D5E6
:103A2000D2E4CAD4EE06E6352EC4E2B1B1D22517EF
:103A3000D6FCEC1C3ADFF1AA2B2A2A25E881E122E8
:103A4000E9D44F3406BC1335D608F2F922C22CF55E
:103A5000C804CC399E2CEEB243C4E1D1F3F8E8CBD4
:103A6000DF13A2B40828139826C9F8E817F033C565
:103A7000154CAD1809182FCC01C9AE8AF8D1EFC585
:103A8000253C0A1F10EA46AD0F27D727FBE5FE1994
:103A90000CFF2422C824D91AB3D30000270CEE1F30
:103AA000D6D3D3301BBEBC35FC04120D0C07B2D1EB
:103AB000F0F19E1E02F81429D92FF5F8E9F3DDEC98
:103AC000E4D008D8071D04281DEA06F536D41103F2
:103AD000BBFAD9E9350C3C1011F2261A24CCEF2E92
:103AE000DD131FCCA9C4CF6BDFF20FA12FC9F0C823
:103AF000B6CBE42120041EBC346626300BE8051941
:103B00000932C5EFC213EFD2F617C2BE292A180B2D
:103B1000EC0E20C0C625DA2E1BDFDE1DD51FEC1CE7
:103B2000D7FD4460E5DCC215FC29FFE2D24FC4AEEC
:103B3000E9F4BEF52BD0FCFCBCCC0BFF2A0027F42B
:103B4000E0E823100900ED65C13ACE304520281782
:103B5000D5FA370C1EEC0E1202E8C414F9DFC83196
:103B6000B9261A06E181623B45E909EC2C202BD4E9
:103B7000D4C2E025001CC5F2BF1A293C02DBF0F1DB
:103B8000BCF3C030C522BA371A3DE6EEF4ED2F0B78
:103B9000D231210FCEAC22B763D6A92202F3D3D300
:103BA0004CFD1299D10723C5FBB5F20B5D3DE747EC
:103BB00016F928220F1CD7CECAF7362B562EFBFE3D
:103BC00007C4141F39E33E1140FA4D27C4101AEC04
:103BD000CBBCA2E614FEE6D9FCD83DBEBD2E4AEF12
:103BE000D1CAFC2824F7E4020DFA24BD18D0136CC6
:103BF0005915D44BEB19C91C1C27F124DB0CD3D16C
:103C0000E34607AAEA1DCE6A00252F9B1FEB39F178
:103C1000B6B4EFE12CE9E1DA6CE13CF13CC826C630
:103C200012C021D00FF8CA4FBAED0800BBD9CF930C
:103C3000AEC81BCB1966643E2CF2BD300C33F9D7ED
:103C400035DA19EFDED121B7C620F53412EEFB3C90
:103C500011C5D4052F32EDF6160505D3C0FEC2CD31
:103C6000BDC747464BFA12DFFB10E7D7EA030AD677
:103C7000F833FEF543442C081C18C7250B90EBB213
:103C8000F6CAE4BDE241F5CD1CED10691AF8D52362
:103C90003535F039D3F5D81544E24C18020745A361
:103CA000DF47DCBB0A20EF2C28A6E3F11D01D62A52
:103CB0001F5D29D98E1EDFFB28DEDEF130E841E1F1
:103CC0007F04ABE7BAE734EBC269F13BFFEED804FF
:103CD0004614F2F151B9EBC50291B6AAB9F40D142C
:103CE000080F2504254C52DA2ACFD0FDB3552FDD1D
:103CF000DCE44493F84137D7C6B4F50453E8FE1228
:103D0000EBE8C4EC4CB3B15CE0D7E2A212EA24AD1C
:103D100020EE9B67D1D1E00B7B4D19E84156FB4A61
:103D20003132A72BD8254A090BC3B264D8C9E04366
:103D3000A809D944137FE1F81A681DE1C023CEB069
:103D400010FA142ED8F2CBC162B13ED30B6CB3473C
:103D5000234F36C9431BE3E70F28D1C18666C2C78C
:103D6000252A657C29FB143E0505EA3CE2FDBE5A86
:103D7000E2C46B474EC42FEFBE3001CE28F5573A50
:103D8000F1B00603794C0D9DC07A072450021BE95F
:103D9000EA25C8DE2EBECD291C36F7A3B20B15F9D5
:103DA000E11149BECFD1D341540C19F8ADF04EDB2F
:103DB0001F6B9CEA11D2F520F94AF711AB332DF6AF
:103DC000F22ED5C9E7FDE19BCFA5115553F3F3AF13
:103DD0002FD72C290614351909F1F1923CB84AEC79
:103DE000BE24F66C42D61E1A4A2BC7EFB766B5D171
:103DF0001236552634FF142BE917BAD4A51055E016
:103E0000D0CECE43F62205D4F0100C3FD9DFC32329
:103E1000F9FF2B53E3F2063FDF3BFE3045D8103D60
:103E2000E620273FBAE8A61F3CB1C5AE02D2F60A8B
:103E3000C2EBD10CE5EAA90F02383B27D4C8190D13
:103E4000AAE32FAB1DD715F4E412D2D620D340B38A
:103E50002C51E6081E1AB5FDBA2132C6120AC9BE97
:103E60001C330512EDFB11E0C8F0CE3D0BA64C391A
:103E7000FCF9CEE72908041EF1273095F702E61C6D
:103E800031C80AF61586C706471FE8CE24E2BEB041
:103E9000AD1BFE03FCD6D1027F322AFB02E63CECCE
:103EA000BFA6040C2CAB0CD32EE6D31B181937D4A9
:103EB000AEFDE72DB2F3F4D3DA20BDE3F10225F92C
:103EC000F4EC2825AB3A4BF0C62046DFF4B8210EBF
:103ED000D89BE2FEF212C3BCD93AD969E74A9BF0FB
:103EE000ED491A07D2FDEF5AEA2BA8ADCCCFF2224A
:103EF0000EF81ECA3CCBD30AF8D7CF07FBD3ED1977
:103F0000B2EBBCE924DFC2EFCB39C6F50C11D1CD41
:103F10000DED19B8214AE01B12E1F6F818BDCCF5F9
:103F20001F2C010D2A13162B090CAAE5FCE4D987D6
:103F3000D90B13D71BF5152C3030FE1A7A1D7202DF
:103F40002132BC219ECA05F50F09E0CD0B2211D309
:103F5000F30A02EB7F113C9A3B02D92005ECCF38E3
:103F6000284B0AE3D9A1186DD9B6A0F6DCAB0D2811
:103F7000F4D0EA0D3544CE3FDF05192A2AED05338A
:103F80000B0CDB361DE5D5F3EE17D25310158E3929
:103F9000D66C21C7C608DBF3110AFA1EE13AB78DC9
:103FA000F3D33EB0FA49F4FEF1B5FB02DBF6F34B76
:103FB00017F83DFE09D51A2A1F02FF0A5760051B94
:103FC000001505E1EE4F2BE04B05340EC43228F10D
:103FD00026259203C7F3ECDE1AF629EB04E0D41A87
:103FE000F5A517B0E9CDC6F6FEE1A34DC50E05C691
:103FF000C2F2EDE2F630B10CC914FEBEF48A2AC852
:10400000EC2E23F44E54EDA9FD382B731CD21B5615
:10401000A54CFA3C38F451D1A6B2312A41BFB6A919
:10402000B339BDF301D10BFE4EDD23C9EBEA23D238
:10403000414EB60ED126D91611DCCEFEDBC0A51B33
:1040400032105F1D3B3C1BCB990322370A5600C838
:10405000F148A2B1AC51E1BF25D3FE0BABC35DDC8F
:1040600037E19EEB103D332B6BEF0A0CFB4DAB2A77
:104070003B728BD1D2281847B7C4EFF4DFACDFA274
:10408000F2BF1509DBFFE804E16A11BDCED22B05B2
:1040900088FA60041504CB0F19E691E20EB1071EF1
:1040A00021A5DA3BFE203BE3E078C6229202D04312
:1040B0005844C7187CF8EB1C9B3FB84D44BCCE5805
:1040C000C55DFBBF54E8F113DC9D26C2FFD3C8BC1D
:1040D0002D3749B8109E3AEAE3DD487AE3F545F614
:1040E00007D9C73D8105242637C814D2B94A459E51
:1040F000100A4BEE49E279E4B846FC1AA7F8FB0E29
:10410000F5EE2610D4060146CCDC29F6DFABAB3643
:10411000DEBEE15003D72B362F25D106CEF7231B69
:1041200036BC0AE4D6DE15FBF13055F35A01CD1248
:1041300019ABFFF51DBE25B3B71140EBDACEDFE1B9
:10414000DD4411ACD1FE371D3BD5DE05CFB25A267A
:1041500008EDA53BAE150234F7BD31D108173C3947
:10416000D35309C52C1B19F5B89341F251CF34E74D
:104170002EE3334D27231534CD00F0E616841CB909
:104180006631FE3FAE8AE381BB43EE00395127CD55
:10419000EDA804D7D526CEB7A41237251BE5D569DF
:1041A00028F90E201EFB2A29E0FFDECAF7DB31D6F4
:1041B000140F313B37353FCAFD411837F5BAEF26AA
:1041C0004C0BDFDBF7AC49F837EADCB4E8CCD8B409
:1041D000161246D5DFA612ECF3F5CDE9BF0DD023BC
:1041E0001506CC520123B25738FEC933D6DEF0DCB7
:1041F000F127B101B1E9CA11B743F9DD069F32D009
:10420000E6C929E4E2E1FDF4CC26EBFA132F02E63D
:1042100006DCBB12D1F2CB0D0A1C2CD7E8DCE1E2A4
:1042200011F2C2E9B43301F615025AB9CAE9FF2CFA
:104230002015C618CB3CF6E42B1CCCCAC3E122FCEB
:10424000180C19FC1AD9C402FFCCE9DDEFF4E9BB64
:104250001CFAE91A1926F1DDCEBB243219EADBD0AB
:10426000DFB2E805083E979FAEF12B293BD5C00889
:10427000EED9B3FD0225DB1AD0AABE81B5CCE5F29A
:104280003DF4F5F211B1B2A0F5312FFA35E8334320
:1042900019CD320BF142261CF1E211E523F63B2049
:1042A000CAC5CE5103EBC343D6ED1ECB20D419159E
:1042B00027F131E2251968090A27BAD82EAC222441
:1042C000FFFBE5E4CA0DBA0DE71ABC1311070EC9CE
:1042D000CBDB0FD22C16F41B1A31E4E8051EB0FB21
:1042E00012DE1F1B08BDE35F2A1D510041CFF9E01C
:1042F000BDF5CF2621F8DD072CD9DBC8BEAECAF24A
:10430000C315380CCD45E10EEFD1D5FFDFE0FEB38C
:10431000FD1122EFEAC1ECCB3408C6CCBCD3DB26BE
:10432000D412A00EDED0EAE8BD33E2B306EEC2330B
:1043300024CD3A01F1CAD3FE0E0114EAEDC2E532F2
:10434000F321D265F2C3F3FFF531C02D02E208027A
:104350001E01F637C433184607FDF006E8F70D389E
:1043600056D0CB57F0370611029C4814C42DD22EDC
:1043700001F0C6EE09B629C3EFC70DDA272EDA0D14
:10438000D8EAC9D1383CEFD3C4280A433ED855D81F
:10439000DAD8BAF132FE220DACB3E14E0901D4DB1A
:1043A00010300BC4DBDB21C2FE2DD0F9DAE7DDE8EB
:1043B000D4D0E5DE66EADDC7C0E7C5FA17CEC24F46
:1043C00000F4FA2152432AB7DD26BF0DC31FF83A85
:1043D000200844FFE5EDC8A6F215F8F8D03F2413F5
:1043E0003A240BAEB926D1DBF203BF0923FF3DCB44
:1043F0007FE3032330011E19311314D632231A2B05
:1044000003E7E09CB112AFFDDD0E4018DBDEE134C6
:104410001E23EE1B19E4DCC758DA0CAEFACDB8182F
:10442000FDE9E51D58AE0321A223B07FC5D72BD5EA
:10443000B712690CA2FE38EA3BFD10C52B3A6E306C
:104440004026CE29FC14525543B9E615DCF8D25467
:1044500034E424BA11B4E918F8E9EA08A31B374D8B
:10446000E1011C1B1A2C44E6E15422C9C52136D6B1
:10447000BDD7144A47399E0505465747C996014C92
:1044800030D4184D4326031C07EF9B42AE2D22CF9C
:10449000D3D8C4C71704E5C9493A48C20D014EF63E
:1044A0007ECA34E805B4E4F02EF047FEEBE3E2FC0C
:1044B0002113174704F3C6C7C7D7BC0DA4F20D0AD2
:1044C000CD2DF41A3339F132C04FBC0BCC52139EB0
:1044D0002AC60DE9C0417159170D02B7402D26B209
:1044E00041F2CBC1F6781FEECD1F1F0F45DBE7F47D
:1044F0002AFAC92C16F1151CC159B8BBD5F12ECA20
:10450000DADA1EB422B4EE51C2FD293433EC0227AC
:104510002BF5188AEA10C0CA39DECE26EAC72A2E41
:1045200032C83A121A42D31B01140B492FFC25C37F
:10453000011928F134EA18F3DB01041CA7032AAEA1
:104540000C2EB24F0F12D83DDC0EF02B2C0AC7F206
:104550001417334313DDCC11FC14F6C71D111739A2
:10456000A12C38DBFBB117DEEB3AE121BA5141C98E
:10457000AA09C60CD6EEC3280B330501C9D8BEBFA5
:1045800051D52CFCDF341C32F8F881F530F5FAC334
:10459000EE23A527D92C23D74ECB0B9AF1191886D9
:1045A00009EBF3E1E1EBB93D2CF90DC75EED29E331
:1045B000C5DDF1DFFCDA4817270E40EE8554CED377
:1045C000E4C2014E060E06031E242AD3243CDB1C43
:1045D00043E1C6CB1A2DEB263C8423D2DE2D040901
:1045E000D8E80504F322BB15FE3A052BD6EB150DD2
:1045F0000CB647C62EDB813739D6B5E7B2F5BC23FA
:10460000E82F2E012B04DF16380D0132D230EAD903
:10461000D4FBFED83002E4E7020CF209E321F2EC0D
:1046200007F11FEC2404BFEFD713C4F2F8E5F4D868
:10463000E4FC3BE409E1F81DE229F4041E0E12EF4C
:10464000EED313C32802D411C4E3E7DDD51CCCF4A8
:10465000E6E20A000E1321E4071133DA0919DA152C
:10466000AE0ED6E1E2F110BBDE300DE201FD271304
:10467000A70EF4E904CF18E7F3FFBA36F510F227D6
:104680003634EF25E0E2023FE115CEDE01D8C0F876
:10469000101DD1120AD3012D371B170FDAD120EFCD
:1046A000F3E5F10922CB1B2BD9E3EECD0A2926DE57
:1046B000FFDA11F0B626CB0B23EC0FE4F7432CFA0C
:1046C000D20FE32FC11BDCE9342E090BF00129E6E0
:1046D000F5D2F8D60F17C7FD15042401F7C71D0C36
:1046E000E6D10EE7CA4421F41919A4C8F3EF304308
:1046F0008109F502E7C30006DC1D091EF1030F1D49
:10470000550FD42FDD032EE82DCECB291ACA982BB6
:10471000D205B22B1CF2C1D643FF26E9CE0204FF1C
:10472000E428ACD9ABF1253A002C00CC42E8D2C346
:10473000FD23282E12B8DC01E4BAC93DAAEAB42050
:10474000FDEB202ADEF4E9C807F2131C28EECB2388
:10475000EA4F1C1E91E9E22DFCD20DB3FCCF10F5FF
:10476000C939AABAE72D2A0BBFA3F2EA1EC6D6B2F0
:10477000FB3DD4462C41C2E72839D4CD0AA84125B7
:10478000E625ADD3EF01EA963056BF08DFE8FD0D10
:10479000BECF48EFD3A932210305B504FF262E541E
:1047A000F12B1D0119B53BD22CD0C225E2EA2DD93F
:1047B0009AD7FDE205DFCADCD9153C46160DC62B9B
:1047C000D5213706ADE43B023E112E11E4C3E302CE
:1047D000EB4329EB0BE52527CE5714D0371C811668
:1047E0000420EF2FF1153AEEC9B5D90C19EE12F7E6
:1047F000D8C5E40315F73A291FF43F212AD5F83824
:104800001D291CB3D2F53E2BF8F00EDFA40707CA12
:104810003605EBE3D741D7DF2034C7EBCE0B1BC502
:1048200023FBDD470F4DE8CC0BF8E9D5A80945C4BB
:10483000B28C092811BEC3C2C0BCCFC88EFAD3C483
:104840002CC8245CD417B71529E6E3DB1843D7CD71
:10485000DFC9FAFCD8F7E1E83F0508155019C3E0B5
:10486000E3E9F423FE3F97E41BAA00060413C937CB
:1048700021DF06FFDE22440908E4EEADE9C327DDAF
:10488000BFC3EA2528C6B0CA141204D1C7C44D520A
:1048900013131202E73223F22529F7DAE10705BEE6
:1048A000AAF41A1FC1E11125C2260018F61A13B383
:1048B000E0DBF2156B1B082D33E8C1EDCDED4104B3
:1048C0004B15183B4CF33EC415C5CC7F2AD33ADCBC
:1048D00026C936D2DA132807140603F5E547E5DAC8
:1048E0001C68E3FEEFF71BE87F1D1DC0E5BAC5C0DD
:1048F0001B0FA72D3200E5FB393F2204D1C6CDF1B5
:104900000A2AF7372EB8C2C4A0B9E4E2CAC8C8D18F
:10491000EFD81EC71B1533DA3211001B2D0B080907
:10492000E0B3E2F2260BA31BD50ED1EF0EC225D3C6
:104930000ED21CC2B3A8D1F39FFC14D40A02FF2CE0
:10494000301E0A21F3F83904F3C041F905B0EB1722
:104950002DFBC3E1A8C7CD08F10BC3F9C7DF061CC7
:104960003CC9D2D3162415F51A11C4DC2228E5D887
:10497000D4E025B42105EE1EFEED162EEDF63ED553
:10498000FEE4D21BE212E7122B2A34DDE8D102E565
:1049900027E401CF100A34E6C9D331D02806D7FE68
:1049A0000DCE28F73FF62B080A01D319C711F7F9E6
:1049B00008F8E60BCC16D12C24D8E5EBD5222D0D2A
:1049C000CDE103C50DCB33EA1C1CC73535F0E6033A
:1049D000FB2CFEC315E3CEE9F427DBB2FCC3B41411
:1049E00004C630350ABDFDE7E6FFEE81C4B428FFFA
:1049F000AF13D307F806DAB4200A1B340A9FF5F088
:104A0000174F2217333CBBEBBCB724E8C7DBFD2FA5
:104A1000E55D15F9F4F7F81D03BB3F253E103BDBC0
:104A20001DF3E8FB2FCF3F1F17101120F61CAE58C7
:104A30003AAAE90B4F0D328F0DAAC3152702121C9B
:104A40002EE2EED9CE1EE2C7C13BE7B6F02CF4CB86
:104A50000B35DC2817ED2BE7FE331ECF55C5C2C43E
:104A6000F5DF244F21F6C0C2012149D9D2B110D4BB
:104A70004AEF293DCA0F2EF807A408E9384708363F
:104A80002C0217DD2AA81E182C38D9B7024700AE11
:104A9000221916A2E3BA11D2ADF92B2DDC543B62D8
:104AA000A3252F54EE3A4D1EE3E4B427C21A0BC4DB
:104AB000FBCFD11DCBB450244314E4F41D2CB4B56A
:104AC000450F02F1BED7B9FFEEA9E1E71CFF26EBC7
:104AD000CAF178F9EDFCD8C7E27FA3FBD62907B469
:104AE000F3DDE3FC2A08FAE9BBE9DA3FEDABE54088
:104AF000FAEABAADE9F40336550128FC270839B3C0
:104B0000B957AA0821A0FBF14220FB14B65C663D10
:104B1000A0D3C3500A3DF1D03946DC010FF106C8DD
:104B200039D03A3DE60D4FCCD50AAB21DB3DCE5610
:104B300003E84801AF253424CB67DF0AB903229F7D
:104B40003E00209C05C25049B8262741332CB1EFC6
:104B500000DCCDF501FE0409F63EDEFBB7221CBCED
:104B600043EF28C5DBBC42E5480214C3B1E75F1B35
:104B7000C2D0CAA0412341C5EF50D4C3EED3CAF37B
:104B80001824DC28D80C0FE9B897323205B4BFBF1F
:104B9000A933061EE40207D7F2FF1C3820C8404C98
:104BA0006F09FA222D41E8064AB7C0111ADD2630F6
:104BB000CE5B38B81DF15D3224CC052CBD165FEC00
:104BC000ECA11D154157D61AC5D95115BEA407C66B
:104BD0003F03FCF3ECA1EFF1B7423A0237DF57286D
:104BE000F0EA2EF42D71D56611319F7040361BB559
:104BF000FB3B340531C3BEE54A62101CE07FF8F090
:104C00009D4226F6C7C912D8BAFBD4DA49F1FE1C78
:104C1000D42BB2B0403C4E06504208E30BC4FA46D7
:104C2000CC00380B08022D2AB0FEC80823F929DA77
:104C3000F15F0E1104DB3E12BCD7F207CC0102CBB0
:104C400001B40DEB47D522171FDA26C71B34B21269
:104C5000C04FCD3B0E2D23D711D6FA434541D33C4F
:104C6000A444ECAE2DEBF9E8176F3629394C08B1A6
:104C7000C72633CA46E5FAF1E733C70BE3F2FABBBE
:104C8000F3EE1F4403F4E53FC3D4BA4C3032E3F7EC
:104C9000D21D9C3EDBD0C5234CA7E4D0BFE203B0BD
:104CA0005E43DBA0E005ADD62DFF080D2EF22BC72D
:104CB000EA4E38B61AC5CBDCD42F189E2BD431401F
:104CC000F5080CED130B4ADFED24241BEB32B4C6C0
:104CD00045E4F6B8673AE7CCC62D37270AD1E86035
:104CE000F0DAD0EE4924B829C9C3D92D1B330C7F83
:104CF000F7FEF7B1F139A2BB3A382C28EF141CF7B4
:104D00000C44EA1C462C12BDE7250544CCDFF844D0
:104D1000C10F3C0110D9E2FC43E3B119B21D2ED200
:104D20001AEAC827E623230845C20AB0F41F05245F
:104D30000617FD402BD32DDF0FB73010C00D9A2082
:104D4000CF3514A1F7E90126E7095919D9FC4BB869
:104D5000D13F1D27F2DB00EF2B3B182D5E20C20E4A
:104D6000F0EDB5130AEFC1F213D8EF0C0AF214F309
:104D7000F1E12FFDE0E832CE049CEAF2E68DD54861
:104D8000EBDAB813D4BFE8AB03D8BCF3C8D20B41FD
:104D9000B02D32D12E080BD62B0802DD18EB3D5C6E
:104DA000F9C2EAE3C1C0F506FCDCEBF31FCDF581E7
:104DB000AAB45B223B270FEF3A5F9A2BCEFE2D322F
:104DC0000E40EFF3E7E80928FACFFEF7E820CD2EF2
:104DD0001C0B14F7C8A90B2EF768E31446D0DE2687
:104DE00032B94BF1EACC23EA0019DF9DDA30C50471
:104DF000D8D00A32DFBEE3F200DD19DA2EC6C403D2
:104E00004408C04E1C46E5032BD1372D06A5B41D22
:104E1000DA12152447E20C99D9BEC42F16420ACEE5
:104E20002029AD31C9F739ECE221ED8830452D7FDD
:104E30003496E8F8F50CD1D83ABBBA0AD5E809E3BC
:104E4000180D30D31A1CBA4E2A4FC14BFDFFA6DBFA
:104E50004428E8EE38F10A1F14F9C421ED4FDC3084
:104E6000FC07D8362A2EC5A63600EB2342F303D61C
:104E70001BBBA3E11DD93217BAB40CD515B70A2252
:104E8000EC3FFF2BCAC55C914D193F0CEC4346CD5E
:104E9000003824FEFFE4C2BD10E921F7D7BDDCECE9
:104EA000C99D160DBEAB37132FD02EEDF9D0DBFD0B
:104EB000EDE70E27DD53562AB514091237C7E9C5A9
:104EC000EC4435F4A2ECD926BD31F6D209E9082B21
:104ED00004F305B9331452E53911B2202D30D64010
:104EE0001E1DE414175D2454FAAD53DB0FA64EB813
:104EF00026DEBACE30DB231C12EE08110194BF006F
:104F000024C7480F50DDC75EA9BB0F26DEB4016B76
:104F1000DA34C8522AD8FCBF2A19BE33D51009BAD0
:104F2000BF09AD8DE215CD37E9CBE720B93DBC2CEB
:104F300017B9CDF9AE940029C4CAE6C1D22B9DBFE2
:104F40001C5AC80A1E81B5E58DF4D93B3C9308373D
:104F5000B0ACE251D3D217164359F9E1FE46DDE673
:104F60009A50BC4FFF06F9B146A9D21D3C8E0A2DBE
:104F700040A7CA1BB5483AE8F4E8D60F52C8E7FF85
:104F80002AE09CDE27A7FD3FB8C1D86015EE520885
:104F90002CF51EB6C2F3E10E9AE23DE7A444FA05F1
:104FA000A418AE63E73817DF47A854BA09512ACCD2
:104FB0009EBBCD42C8ED3147EEEEC9E1EC8FFFDC80
:104FC000BF14BF47DC35F3262D04EC61D22D01C997
:104FD000175A7ABD30E04CD70F40BC46542CDFA79F
:104FE000E860FCF0F5A85ADAD613E5D5B8101B0C2A
:104FF000322C162FAEC35305400415EF2881194DEE
:10500000C3D006A9D815331A27F41DE235FD16AF13
:10501000E43320EF25FF01D4EF06112F1F230EEEFE
:1050200032F1FADC1AE0F910D210F2FA131C24D093
:1050300007FC3F043B522A0E0D15DB2C1406BC1155
:10504000D4E2BE35E31BEDF89E1BCB07242005F808
:10505000ECDDFE34091206EC2103F7EE43B7FE0C3B
:10506000EFE907031F2DF6F8FCDF37E2FAAE0C1864
:10507000D4E733E218051AF11C28E4E0B9200E4702
:10508000DF00F6177F13CBE41DFAE8DB280FF5D815
:10509000D53907FB35181D0D13FEE8D0FE2F0CDAAD
:1050A000F0F421CCDE3732EC1BF6F028F63EEC00B3
:1050B0002FF8F2E90A272F2307E8D201422031F521
:1050C000FCD936D3FDDF17F927B8B22BD9CB33F58E
:1050D0003AD3F50ADEC22ED1E8F9151A0138E0DC20
:1050E0002EED1606102BD619D9DDE25A0157129B68
:1050F0001DE7DD1EEBEC5715C6E6F022C54AF52983
:10510000FBC7323CA7BBFCB2B23CEF363DE8D7F35D
:10511000A844B6B25031D6EC650D3FF7CAAF522362
:1051200010F00128D1F91D96B81F3CA0F74EEAE90E
:10513000C9E621EADC9A2E04A6F7F9F0C21C17246E
:10514000F01A0115DEA3CFF20F1EB9D2C9BAEC2FA7
:10515000AF2006D12CB64906141503E9C5C1C2AB70
:105160009F229EBCC811E31CDBC0A4D416D8FAD978
:10517000FFC5FBFAA72E010EE4A1D6E02D05CB2535
:10518000ACA7F6E7ACA1CA68D7E6DF3ECFB2BA203B
:105190000C6FDF49C8303FC6B2041B1733E9C5ACFA
:1051A00020922335BC1ABDEED11ED42FEA4FD8076A
:1051B00095363A570E3695F0194F2625FB5672F361
:1051C000AFA4DC3724EBFAAC4EBFFA7F3155F04385
:1051D000AAFCB9FEEEBD35CDE50119DCFAF0D03FF1
:1051E0000E0D3F06C0F3CFF9BA3FB9B8021AED571A
:1051F000BC0EBC89BADFE4365915E2B0E3B244F024
:10520000CAF61B81DBFB25E2E02F1CD4DF14F0D3B0
:1052100026D61CF5CD03FC0112D92E0A43BC42C888
:1052200047D84B5FD712CCEECAD9DD0AD2F6E59447
:10523000E8FF452F1915ED0FD6440DD623F23E1683
:10524000D73160F91AE728FDBFC9A628D8ED29098A
:105250003F250CD4231A01F7DEE1D0FFF3FFF0C5A0
:10526000221023DA9C9410D231EFD4BE0B0BF8D865
:10527000B34B0000020819112040EFEFE34CE21697
:10528000D81025EDD8F5D21A44C6BF3FDDE8C72BAC
:10529000F852C3F8F9E9D927013CDAC919B80DBAAF
:1052A000F5D42CB70EF1D0FD22D520EB3A02E879E7
:1052B000C8EA381CF5CBDCC9CACAFC0FC652AF58C5
:1052C000F1B9EA12C1DBF9BFD3B9373B8D05103311
:1052D0002EB3C008F94343E3169744B52621546C16
:1052E00035FE16C55627D6C313DC9BCC1510D1E26C
:1052F000F5D0F318EF089228371FD114114107F7A2
:10530000ECEBC5171AD2FEA01520D0F0C5E60B04B1
:10531000DADF083AFBC22EC8DF0139D71D1EA9F417
:105320001AB1FAA497F6D1F2421A3B0EEAD6F85710
:10533000DBAB09CDF8DC4227BD1AB82A15F209CE3D
:10534000A8C50EEC4CFBFE1301E86E04DD1FE6055C
:10535000422EB8E6FDD53B2D3B303432371AFFF6EE
:105360003043C51635329ED9C1EBE0B520073F0B5F
:105370000C340ED7AF3D29D72BA7B7AC39A73025B2
:1053800003D0E943280EFB1CF907273524F44525F3
:1053900037F01C2FFB093EFBF5037442D943CCFECA
:1053A000F7AECC2009B503E0B24A0FC7E207CF9FA2
:1053B000E59A4EFFC3121DB74DF5B221FAE4E41C85
:1053C000FF441618BB1C111B5222EEB7222B14EC03
:1053D0001DF851302B87F828FC7AB2533524E2D6D9
:1053E000EF45C5FDD1153E1C05FE4FCD1BFBE9CC9D
:1053F00081D5AEE3E7CEF00B1EE815F200211324B1
:105400004E18DC7FFF201A273DCD2414DE44B70858
:10541000F4E9F869C20426B6FF0FB93A1DC338DFB4
:10542000EB15EFDBF23CBD040323E4DDBEECE5C984
:10543000EFE0C9CF28D500B64BE70F4C04CFBBA592
:105440000E44DB11BBF0002514E947C73C12E938D4
:10545000D92E32C62323F836401BC118261B0C2A2E
:10546000F337C3FF3558CBCA1AFB09C725D2D7E695
:1054700019EC4DB4EAB1EE46ED2E88E2F201CE17FA
:10548000C32BCBC3DBC9DC9AC91A58A3C1311E4D4B
:10549000055946DCE9E0FDBF3EFDF8DF053814E3C1
:1054A000B79A2511402AEF02B81B0BBEAFE505E302
:1054B000D8D20AC0E9E051E0CF11F0EA20E1DF43A1
:1054C00024FCC7DBB71504C92C2DACED21EBD4DDD2
:1054D00028E6F43417FB4ECAD13ED77D4035DB1B9E
:1054E00098304C361002C34FDB3154F8EA9AFE81F3
:1054F000FF000827D2C80CFE06F13FE3DEB7BAAFC3
:105500002CEE315C1AF2FB12211C300D20EC10D76E
:10551000ED26270ED2E104DDE4E13F12F33D04D68F
:10552000C412FEABFAF3D92F1606211238F3F62D6A
:105530001CDBD6275403BC09FFF8D3D0FFD1FA10E7
:1055400029C7D8F0C7AD0F0220F1D8DD44A421D47B
:10555000D3FC31252612B4F42CC7FFE0D2CD1009BC
:10556000C517EFBFFF3FE281D7A60935CDD5C7F2FA
:10557000F2030DCEC91DD3F4CB14D3DC2F2A0106C0
:105580006F37DA380F2704AD2478E9DD2A5F240469
:105590000FD1111A24FDEBBF03BEC91AF5421CF24C
:1055A000E0AEDC320436DAD73709B8132026F6F538
:1055B000BFA7E31D093B133625F2E22EDC9A052A2C
:1055C000D90EA51BEDF2CFAD13F5ABCE3D18C63607
:1055D000B2044E1127B9DF35D44ABEDB2100C8CE54
:1055E000F9FEBEFB272E31FC1921E0E822E93BE35E
:1055F000B71D1ADD4120E538F7240B1523BE02D56F
:10560000FD01E12EC7D515EAD9C1D6BECD01D9BE5F
:10561000CFCF23E52BF7159A0D2311CB383018CDBA
:10562000EE19BBC434DC0F1642D10CE01A0133E092
:10563000FD1DFED41CB602B4BBDB27C43BF2E8E779
:1056400012CFE3EAD9B8D3C9530AC4D22EC9D9F3C9
:10565000BFE6DC120E1D06C4EA211A3420130ADA52
:10566000F3090729CE1C3A0918FCE1B705F2FFEC53
:10567000FB2D1ED6B4E5AC17DDD5EEF4D8EE3BCF4E
:10568000F1DA1F0502EB1947CAF4C5CDF442E5B4BF
:10569000FB5214DE1B25391FAFE1EDE21602D0D418
:1056A000ADE00103CEE3322C177F13DFD325E209EF
:1056B000E7C9354A21033D34E0F7DA15FF0BEFF077
:1056C000BA064D06BE26E5E226B8F1E5EB25CB1479
:1056D0000002FBD7CACC9DFEF81BC302D82EFC38B3
:1056E000051720E7360FC63111032AA229C1060388
:1056F0002A0CB292F3B6DFDA12D912002EAD1A4597
:10570000C206EBADEDD3D404E6DEBDDFF64FC10734
:105710000209CB8E3E4DE62DDC090CEB0DB224D0F8
:10572000E9FBEA54271EC81BBF07AC320311CCDAD1
:105730000D61F3D71F13EBF8C3E5DBFEB0CE3605E2
:105740001D09DD182DFCDCFFD21335F3F2D5F20272
:10575000D8E22629B9E6E22412C1B81BC929F236DB
:10576000DFDE17B8B6D52FF8D840EEDF32E93AEDD4
:10577000A5E7012E2726ABECF8D5C5404CF3EADBB4
:1057800006EFEA3CBDFE2C54CFAE9E451BCEB4EDD9
:10579000F31B19DAE9C6BE017320B305080AEBD57D
:1057A0003F3126F60BBA28DE2EABA91833E7EEDC24
:1057B00011DD7F150356E0E2D90826DAB9CAFDC427
:1057C0001CD9A1EBCFE9BCBB1C041DCC8B395223E7
:1057D000C6E89DDBDDED2629E58E0DA2E6E5DED0EF
:1057E000F3BDE7F7C51F1A95F549AEF3289BF756A9
:1057F0002314A3B7C8ED010EE710C204F902CA25AD
:105800002B14CA10F2D2EC3390D3EF45DB01DA2827
:10581000003A4AD7E5FBD920E1C21605E60B250B75
:10582000E3C39F05D0EBB1F72DD81C9641CAF076A3
:10583000D9CDB9CD31BBAF1ADC0E0B42F3C3DAC1FF
:10584000DE0FF712EF34F51C302AD5382FEFCF20BA
:10585000E4FE1712F810029B22BB5315E1E2172158
:1058600004172B39BB4393BCB1B426BBF89E45A7A4
:105870004ABED2C91538CEBAB0E19025BBA2F0E23B
:10588000E80E35342AB8959D272445C42641C1CF5A
:10589000BDBF1629DF6A3AE9B1F211BEE6CC4E323D
:1058A00009462A2611CD3D47430623172A222548BB
:1058B000B7D42C0CC7FE441D2C6EBF1B08B1E345AA
:1058C000DB5AB9D6B0461EFEB31AA8DFF90401D3DD
:1058D0000F2A1ED3330AD7E0190E811E17E01F517D
:1058E000B8C2B81D23B20C260AFA53E6C6D3B28B4F
:1058F000B2F3F9110D06FEEF0F4ED3CF58C6116C5F
:10590000DEEE2CB520E7FB0CB40648FDA9F5F7F157
:10591000CF45039F353A15FE4ED6D73B103AFA488D
:1059200013DAEB18E6CE0E13BFC6D10CCEC0C9CE2B
:105930003CEEEE0FF4EB17D51513EBDED1424733F7
:10594000DFCCC56BECF0C1F6233DD2E4C6AAFA5217
:1059500035E8E63C7033DCE42118B6EFC80BC4DB55
:10596000BA070A070FFD46F20C3B0CBC3803DC09F2
:10597000D4B5D8222AFFD1C518BEFB2119BD4701D5
:1059800026E502CF3C2AFD23B5C1DD081ABEE22A76
:1059900030F0A1CC2E43E3EA3F04480FCEB5230CF0
:1059A0003100160616FF310327F736F72BD8B24D14
:1059B000260721B6CF24023F07A70D2987FC0C3903
:1059C000BA18FA06AE39D62301DB3311DA0BBAF076
:1059D00023F9EADC1A410D281E9229EE2AF030D074
:1059E00040C6CCED7625D9CFE30AA013FEC2100441
:1059F000A3F91681A514BE1B3FE8DDEA47D5EE3BAF
:105A0000EF1BDD15AE4CFFD8C6E4295DBFC62CFAEE
:105A1000CECAC44457BD21227153430990B3FC1F21
:105A2000194092FCBD1045394DF21185EEF8FD2C60
:105A3000228F053209B1D8F62E9DFBAFCBCE324670
:105A400042C3F503FDB4DFDC3AABC7A0E2FE4DD2A2
:105A5000F43CD0CA4C2BAD0945E9390C24D3E0D134
:105A6000F45915334257EECCF2E8D4DA25EEB8CB30
:105A700049FAA1B860E5331724C330A91195D61EA1
:105A80002FB0D4F40DCC38F4E42AFBDDF63E29B176
:105A9000F7A1DA20CCDD3E669AD2FA4CC13FF2394A
:105AA0002C925227A745221ABDDEC1D9BCCB178143
:105AB0001CEFF59FF257FFFA063CB451C3C4A3365E
:105AC000CF3EBE1FFEC514100FF2F1B224A335D293
:105AD00052F85A0798F0160D5027C0162701F40EF9
:105AE000BC49F22DF6EE2C31EF08A892BAD6EECAD8
:105AF000D523F6D738B805D2AFEC1506E0B5D310EC
:105B000021CECD27CDE8CEA2E21AB97DFC90A9DF47
:105B10005E20E475CC1A1F12F6D22920E30AD2D3F4
:105B20003ECAE0E7DD1CC4092412D195DF3D4BDEFF
:105B30002E2AC12641E2BFE3DA03CDDFBC322419AD
:105B4000C7EECBACF133ED42CCEEBD02D9FE3CBB8F
:105B5000B9F823D72000EE2633B9DADEB2A6E1D9B0
:105B6000AEDF29CA26191BAB1CB9B2E3CE113831FE
:105B70002AC2F1F1FAE730C9CEBAEBEFF23A1D08CA
:105B80007F41FE011934FCC0BEAFC0DB1F03FA2702
:105B9000B6B80B0CF0BAB40E56DC01CF3CBB327772
:105BA000B6BCB50DB83D44E4BBE210CFD640BF87CC
:105BB0001196D52EDDDB62BD2731310000CD2818CE
:105BC0004C58B8F6DE41D81ABDE5E14B3AC2010B9C
:105BD000D4DD58DDB13126A90DEFCE3C2C4C8ECE54
:105BE0003C16102D06E7DE27A72127D5B7F04E1566
:105BF0000420AEEFD5A59B35FC211129C9E849C386
:105C0000EE48E8C02B0027EC31F90FD7FCE8D0C9EB
:105C1000E9B81B1DEB1B2D001D47CEE00AF022D07A
:105C2000C62A323602DC1FA5BB40271405E132FF2D
:105C300001E5183A2B17D530022FC71DF84F43E264
:105C40003DE3C1F43437373AE13A0CF3C4DA013BAF
:105C500020FF03EE431F39EE3B17EB293AF4D5182A
:105C60001AE4310110DD44ED2C3BE6E5DD1CE9389A
:105C7000CAFB2414DBE60215F1F6DF0803F80E0D6B
:105C80000A24291CD7EFFC5B3CEDBADAC602EA0E07
:105C90003030EB1FFA10DF22FB153DCAFC0E3D062B
:105CA0001D082816E1FCCBCA0E2CD8EBEFF80AC66B
:105CB0002E10F30581373FE804AE3BCFE322FBCF44
:105CC000B8DC15D4E8E9FCAB46DE39ECD1DAF807EC
:105CD000DBD4BFD2E60BCE15FE22EEE7E608FADAF9
:105CE00032FF08EB2FF0CDAE24FB97D7D0FEDA3988
:105CF0001E30F3E70E3594EB3B2E1004EDC41E4628
:105D00002DFDEAE2CE31073CC524FA51CEEED1306A
:105D10002819F01BC6E0E010BF09290D26FEDB267E
:105D2000C0259BB59DD7D91E3A4C0CE503F0FC3538
:105D300004BAE3E823E0EDD1F8170F144C0EEAFDA6
:105D40000CE727C3DCF31B190AC0CB182D1421C59F
:105D500022C2EEC417D1DF4916CE24C321F7FA08B8
:105D600019DEC9B1EA5804FDCAED01D8D18C0EFD87
:105D70002E36B413E3C8D818FED60CD62B1EFCCD95
:105D800007D5C3D3F4D82610304307AE3A3CB2D57A
:105D9000D4DDF0CE20EDD2E4F4280F053D0CCB5C31
:105DA000B3CA3D2AF64FC738C8CAEC1B15F823BD45
:105DB000F69D300211C73222D656E3E2E50247D5FE
:105DC0003AE419DD042F2019C5C0F9E00BD5D5EF51
:105DD000C207E9300E183FF6DF34B0200DE0C5C130
:105DE0001FBCDCBB27D85A06BFD2F3FBDFD7CF815D
:105DF0000516CA3950D9CD0DE10DCBC5DCD009B897
:105E00009CFAF981192CBBD62902F6062D1FDE203B
:105E1000C6DB45EDE9DD08BDC439CD17E8F035072F
:105E200002DF380FDEFF35F3FE35F221E8D83716F2
:105E30002814393AFA4C3CC3422B030EBB0C03CB5B
:105E4000152A02E802FD40B9D5D4EA1CF348CCFE7D
:105E500039FFEFF0293AC0100D233833BD1C2D0453
:105E600030BE18F518FC13E120FBFB3AFDD51D4EA2
:105E7000B2DC2BC12BB8F10927FE8CEE0AD724CB5C
:105E80001AEB58011E2F4756CE1B0320EDB0BEC49F
:105E90000615A8BB1F45E01C2702DAC5E82303DD71
:105EA000E70F2FBBF736110D4645EE384BBCEA1B0A
:105EB00047F527E5AECE20DDF0DF1EDDAE08CEE4EF
:105EC000F90E112A2BDBEBC7AD37342FEC0B173F44
:105ED0002DD3FF3F55281A3DE4B12BE3D7C14BF634
:105EE0000A0036BBDE34C73DBFFD083925D7C4F6EE
:105EF00035B4FB8745FDCDDFDA0CCCFC40E40F3632
:105F00004BFFD9D0173AE4D3EEF6EF2CA4C91AF818
:105F100020E32066D7E71FFE21F70134A9D8EFEE72
:105F20000A08E8010E2ED21C0ADFF1B3C71EC55DB8
:105F30004DD88131CE13302A4FF700174E0624D6A4
:105F40002D0DECA5EF1E1647210814CD2E17F4DBFE
:105F5000F42509D9AE32D11CFB1BDAD736EFD0FCC1
:105F6000F4B7FA05151CB305309D3213FAE1D3AC32
:105F700004D5200324D0F4C90822B79A2B2C2FE48F
:105F800002CB17C451CB22C8E7D9F2C8D518452394
:105F9000A7AC2D113CFE2815AADF1822AB3A377B9F
:105FA000DEB5C224D531C74013011C32851BF78FE3
:105FB000CE1A251C56EB5A153C19AE53EA9BB40B6E
:105FC000E82324D3FCDAEF372ED9D54D02F332DEA5
:105FD000ED283FCB0DFF0500040D00161AF1C8F99E
:105FE00014DEE9B1C53355DAB2F9C1C1C3F92A0AE1
:105FF0001DFB16CBDDD0CAEAD826F40931FB1EBC46
:10600000F1E0F7FB1A2B1C15C01BEF13FD01F83A4A
:106010001DEC19EE2C100E1E032825EE0DD70D06D3
:10602000F7350CD81C35AEDD26103BB7DE18310F26
:1060300015F00C07C9A417E606C4F2C92C19E0F63E
:10604000E1051CF1E1190F31F7D33836F9A114B18C
:10605000F2D8E7FFDCF22318FAF90B3B4F3BF707C6
:10606000F2FCDB11D7F0A8F7D0E91212F78105BCDA
:10607000FFE7D9E7F4F3F9F3D4FB0FDB2FCBF206FC
:10608000D636EC030FC70CD9E753DBCDD90835C2A0
:10609000D5C933D321164A0600E9352FF8FDEDDFC7
:1060A0009FF9F0FFDFE8D6DE2116EFD4C7390A0BDF
:1060B000EDFF53E0E63F2F1D0603CF0D194C0AFC00
:1060C000100534DC29DB1FDE0AEF9D0BC4102A0209
:1060D000D7AC10F9E4EFD523F027142A28DAACF670
:1060E0000AF8FA1816D0DD49CEEA17DB2ACCD5E536
:1060F00022228DF3D72228DB3A281B0407A6040AA4
:1061000024F6FF15C33747DFA0A146D030D6B9BA71
:1061100011FBC53AC006D49736CC25EA04264A12AC
:10612000BD669A2F4FF1FEDC4C3728D8D2B73230FB
:10613000FC41204F06BFB8AD0CB343BA12F5BEB058
:10614000364A44EBEE8C2A2B65C6F51E4FF637C750
:106150001D529CD635CEEDC616FFD858D301E004AB
:10616000DCCAEE46052DCAA69DC659D2AA11B9426F
:10617000F134E520D7D19B4509E002232089E8349A
:106180005151C009E8C714BDC8F82B3CFC4C5F0551
:1061900066FF21E1D835CD23A0E0B0D916361648E8
:1061A000DE8F3036B93F3164AACF43C9E8FD4BD604
:1061B00029B8392344EF7C43B6B73590EE7FC64DFE
:1061C000E96FCDD834D81F96ABA99ADFF74341AA1F
:1061D000D46E4223FA4A17D4C10CCCD62E2EA9A1D4
:1061E000D007FA2823D829FBCDFD34CCBDFCA3323F
:1061F00042EEA89C0B9F338BE9EA45459FF599FC3D
:1062000038D23372FC2418D7EFC6315AB3E8C6131C
:10621000EB28FC2C32D61DF5C7C7E614FFDCEDFBDE
:106220002AF6EFFACFC8E2351AC33CB71325EFD4EC
:10623000E3DD0DEA3E241805DA0B1E1615DFFB938D
:1062400040FCD2A90526D1C7D5EBF1D0EC2636BE4D
:10625000E10D44FC1D1FC12A031FFB0A272CECBFC4
:106260000CCEAAEDDC0BAEB3301D07F1E71239CC32
:10627000C509941D2F02F42EE50ED6E030E421FE70
:106280000405BCE822E511B7C11E03140C343FC35A
:10629000F1EA59EF0E12283BCCC7D7F7EFF6F0F32F
:1062A000B2BB23041E041ACE14FE8543EFD8F30AB2
:1062B000EEE51EE10D314F3A21FFD645EEE9372AD2
:1062C000F3F2E2C481DCE2D1ECFBB418CE0BF0E8CF
:1062D000FD14F8094DA2EDD9DA27AF4DF5B29A09B0
:1062E000C852013D0523D2651EF82AFAFB2AFE2A70
:1062F000AF34DDEE31D6CDD4DF3C01342611CFC82A
:106300006207B1483020DE5A12A42EB718CC1CEE1A
:10631000B1E7D053CBCD15E2D9CB253E25FF01E81F
:106320002EF11429083C19EFD62F074AC925BE0FB4
:1063300010210F3020487F9E00353A321ED497FF3F
:106340001C28D91DA228456050CAE63D2ADB4AD444
:10635000ED14D5C4D9D03218BECFF7F6F2F6B01C82
:10636000FD16E6224C61D10532CF0D032ABC0D3D4E
:106370000600E9F0B2C41DDF00C6D8CA219FDCB513
:106380002B0D160510D6DAE4447E165D3159F6035E
:10639000CB5C2EE8C2F7E495A10EC1E534F8D7DC5A
:1063A000D500DC0EC41B0CC1C7C13DE01DF737A0F2
:1063B000F8EFC2D1AECC5C4B3EEDD428D65F0620C0
:1063C000C04E5338EBC41BD703BEF3AA5B49ECACF9
:1063D0002B0E5EED8FA8312F100DD07F02CE021C48
:1063E000B10044C5AC1ED4ACFBE79EFD017534E69C
:1063F00025491A3231B5F0442430F6FF00F8F0ACEC
:1064000034EAD519BDCBE7F9C184C401F6C2A1D6DF
:10641000E62B035BD64B42D5EA3EEFFD0F1713BDCB
:10642000D233AA2E37F7DA2AE928F7F611CCD44C62
:1064300097DB1E431ADDE7D6FB1BF1CFF226D5E929
:106440000936C5C5BB0005BFF8BFD2C6F8A5CF0643
:106450002E00F2E1CF3CDC10E3D2CA01E101EA0DEB
:10646000031FC5FE263326CE37B0012CB2DC15073C
:10647000C01652490738ADFA28369C0235DBCBC02E
:106480002119FAFF1BCAFDC3D4D8183124392CE9CD
:1064900025D5D145E6E3CA0AA2D82ABD17E2BBC07A
:1064A000C3152402F91EBFF9C6E11CECFEEBECDAC1
:1064B000F081CFE5FD132ACD01FC121442080D0234
:1064C000241C0927FD06F2E21B24C7FD4E11E40936
:1064D0003DF74A2CF1C83F383A341ED328BD0A3C58
:1064E000F836FBF2C6FE1922F5D7DCC60EECCAA8B8
:1064F000CF2DB4B101C80FF1CEE0EBD8E5BCD93F48
:10650000071EFC0FBFE73830F5F52406C716231A1F
:10651000E93DDA1ED411C30BF3D927151B2840E837
:106520001DD0DE3104C796F5F5231BCFEEDBC6B3D5
:1065300049F938BEF9B4D32714F5F9400827B5F462
:10654000EEDD377FFE13F4B5EE19DFC5170E4825D3
:10655000CDC618D1BFDDD345FF1354E72232E4CDB9
:10656000FC241A29E30107E55EF8FDCCF8352ACAB8
:10657000A9EAF72129D80403D3DE2DEBDF44F2EC9E
:10658000DAC2133E832148ADBFFB43C302FFCC24D4
:106590002247182A032914EF160EC701E6BAE3AC06
:1065A000FCA90CD62BD6BA1DDEA1EECAB8F3372E45
:1065B000F8173AF69A0DF417CF21C7DFD612F90E65
:1065C0003D0EEDC9BD38C563CE24DF652A43CDE954
:1065D00005FDEAEBD4C8FF2B03B837BBEA23A908B3
:1065E0001B08E5033CC5F0FECB3411BD10C4E3E34A
:1065F000B4C1E61FB9318F06FA0316090802D41E8A
:10660000E531BD2F430033FEF9B83C07810BB61CC2
:10661000B3D0D9E412F43D1EB856D0D94FCEEAE03B
:1066200012F8B04003E007EC1454EF1D2800FED12F
:1066300057E8FB0FF39B35C8FDC2CEF9BD14E30943
:10664000ED2C4DADF5F42052B9030233BFB9CE00A5
:1066500021FCE021C2A212D731F30016A7640EFE7E
:10666000D8E6BD7B1858B6A3EB1719BA3F9EF226A1
:10667000B6BE4622B64BE0FF2619BAC1C292123E00
:1066800013011DC0C7E2EF8F4AE50741F139E43439
:10669000D21009E6D8B7AE1FB8BEAF37EAFDDD505D
:1066A0000926E31A0E0F37CF2BE055D8D50A0FC6AF
:1066B000E3A3131B05D422D80DDB30C3AF3F24EB7B
:1066C000283DECC4A440B9351B223CFE08272C58B9
:1066D000D03D2F11D80416EA0430FD6824D7B9261E
:1066E000C4BE1CCF9F020A85B7FFFB0113C8294116
:1066F000AC260B0D24210CE3D2EFFAFC57B53A106F
:10670000C9CB0CD3C6B4E22AE440133DDA054A9B58
:10671000371F08E4F82B110AE43DCD350D13CFB532
:10672000CDC110F824D2A7E509F5220CD82CC0FD64
:10673000302F49C4EFDBB668BEBD10D2F0C6EFB74C
:106740002DFF1E271429D8BA4439E3DB1422EACCE2
:10675000EA2224D5DEF7DEFFC3E930E0E514291490
:106760003AEA3DEDB612FC1BB549FBAE292CD1CA65
:10677000BA022D150003083C24EF4542E7FF142020
:106780001C06E4E9CDF195121945F72D1CE0411CDA
:10679000F816F910C2373432F622EE0D16F8F8C2A8
:1067A000CF1622CDE7BBDC0B213314E7BD2D1B1721
:1067B0000FD73AEDFFD08100CCE6083BAD04F2ECF8
:1067C000C6E321BFF4D717F5EFC73C22F105211727
:1067D000E5BABBE5FE1DD9F636B5569BE511E5FADF
:1067E000DACDD4320DEF0A1E1A3E220DFF1AC62E44
:1067F000F40EF006C1E5BE08BAB40EC8FF30B5C449
:10680000E93B3CA237122D17FC3307CE112B0EE0CB
:106810002C0529DB1BC9321323221806071DD104BE
:1068200039C40C1DCAE7E71915EBB145102DE5C7B2
:1068300019F9D6F82CC9CDD79D3B1C161DCF33C5F1
:10684000252D37F11033E2E9D8FAE9DAE7CD14FC67
:1068500014283E1D1BEBCA2503154F35E3CAF41D52
:1068600014344C08E0AE163FD86537CDE829CA0F7E
:106870000219F027D90DF3D93912CA2D07DED9EE46
:106880001E0630F0F6093B42ECDCC60D0DA9FACB32
:1068900040E709CC1BE4E6C75D330AF4DAA4F9EA61
:1068A000EDE904130117F3C8E8BFD8EFF0EEEC35BB
:1068B000E4ED33110B113E0CD8C428E2DC0AD71DDD
:1068C000210B0AC61C3712D038EE4EE49D1E070F6E
:1068D0002506A70AE75C3F2ADA123A81DF28FBED9A
:1068E00005D616F5E0D3F905B7DDF4252AE810FB47
:1068F000EFE7E9F3E9FCBC16ECBC093B350A1E4A9C
:106900000CCF1855E1FD17240F2527F31D15C01CCA
:10691000C8C71A573ADCC33BE739CCEBB327DCD303
:1069200010EAA3C10D38031B1BCC3EFCFBF3BDD703
:10693000DDF5BBFA1434C71C0C1E362E0DEAEF161B
:1069400003CB17182E02D5D2E340BE14F0FAE3E5CC
:10695000FF2CCC2908D3092405C0F2C8CCF241C4CD
:10696000EEF7262A23F2E1191AD8F4FAF3A7232125
:106970005A341DCEF91F11F2C6AF35F4CF3D4E1774
:10698000F81D04BFC1B61F12E3E01EF44840E6063E
:10699000D6FEEC070F3028EAC50D4D0D0D00B017DF
:1069A0000D354A20D3D4C9061BF0F5E4BDEB4FA545
:1069B000F8A81F330F0522ECDC18A9E4E9EF13E770
:1069C0000D1F19B9DAB8DD2EF30F2055431BD73848
:1069D000DEC94E07F6F040DC0D17A8DAE133F92FD7
:1069E000C0FC10E6F9B7F74024194A3B0FD1BE812D
:1069F000D41DE52AC904FA2CE8DA1315C7DAE6F73C
:106A000053B7CA6CECB4003FF24D334AA4DEC2DF88
:106A10002BC9F61BB5CF45D33DF6D63CE8E9BE25DC
:106A200047F1CCEE05D5FFBFF0174AE4DDBAC85AEE
:106A3000F6151D37B958E237F3B3E1203241F1FDC5
:106A400017B835E44EB5384613557F1867F2572E00
:106A500028D5C9CA53C769D50DC0B017C64B15ABE9
:106A6000AA0C04A5DFE0B12D14F7561B3847B55327
:106A7000CE39F0E22BE230B646C222A1C725261855
:106A80003BC63E301638BA224CC506F0C5FD18C4C8
:106A900045D633FCDE2FCED08F1204DFDFC4EB6689
:106AA000FEC7E5F5200FB2114A5E32BF1DEB0D1295
:106AB000BFDB3129EF0D54A4EA00C357F4C8AFDEA1
:106AC0000871CBA88FC707D5121DD11EEF00DE12AB
:106AD00026450140D3FAD6E1F43AAD41CFBD540D7D
:106AE000EE9C243D5407FD1B16C1EB4B1334E59976
:106AF000ACEF23EF3AA5C8C0F4E154B61E3CF1D880
:106B0000F138FBE6D0D9FEEEFF29EE113DE3DC21A2
:106B1000AF0800BFE0F9FFFE0B3CD9E8D93DE71F05
:106B200025F64638C3C5F508E91CE73020C80AF544
:106B3000FD1D111E22F5E4E8231ACA16E71505E229
:106B4000D73CE6E130FEE7CBE440FF37EAFE08370A
:106B5000F32DDFC203FB188FD104DBD1EF162BE03E
:106B6000DC48FF0C03CF31011BE41211E537E91AB1
:106B7000DEC618C1CDF2AB07F2D181FF19B74009CB
:106B800012BCD82E3B20162C2917CF2FDDBEDABE23
:106B90005111C7E4CE51C93309CE4AC4CA2C3414AA
:106BA0000930F2F7DD39E7EA4CD61119E8F4F1DCE7
:106BB00032E72E02E80F3604FEE92CC6E941FCCD8F
:106BC00053ECBC10ECF4388E2453FE0A13111FEB67
:106BD0002DB8B8D8E0FEBAEE3A821AF1E6F92618D6
:106BE000F421C5FCE52CD4E1CDF4B610D5E1C821E3
:106BF000E7353E2BCAC9DBCF102DBD0CF9242B592C
:106C00000E04192A01CE2DF801CFDCF5F933F8284E
:106C10001D0E2316E8E6DDAAE7D2312E170820DA8A
:106C2000F6F4BBFACAEBF4FE39D920E744E40C3E93
:106C30004BD825E1E6D9E096DEF539DAE71EBAE56C
:106C40000B1A33A2F4DB0BDC0B01BB38E9E914C9E6
:106C500028E1410638DD2B2BD7ECD9C8FCC6DB1068
:106C60000ADCE2DA1E2EB4F3E8E1CFEF242BE423B2
:106C7000053E0916DA18FA330CE40EEDD0F639D9D0
:106C800022F3C2F4F6C412C3D2F80EE9175341F549
:106C9000C6D5173AE83A3909F61ED8CC1CDEB5122B
:106CA0000521F5E3E0DAEEFFECE6CB2FE0B938C1E1
:106CB000C80F5D17D0E04ECC1022ED23CC162E0568
:106CC0007446BCF8811D2F070AEBF4D1140130FC87
:106CD000EDD03C0B10D927242A382C5F9ECC1C2ADF
:106CE000280DE62FF5C73B40F50CBCFEDAC1DDC030
:106CF000FD17E931E7F31D3F30ECD4C620C0FE405C
:106D000024CAF17FD32ADDBFB8C1CF21ECD61BC77F
:106D10009A232BDFC8181EF9BE0A0C28F8D4D10715
:106D2000F90EF2FDD340060A3C04C60B0305F22D12
:106D30002BE631F6EDAF2506D40A22FC17B010DCA5
:106D400016D7D0F6CFC514CAFC2DFAF71CCBEAAA89
:106D5000F500E5E4E1F6C01FF10DFAEFFCF0210EBD
:106D60008B3C0C10EF2601B52FF9CD1FD3FD12ED92
:106D7000CA10CEDDF8BE3C4236D30FF10DC83AE959
:106D800065CDF0C4BAF041F62C1F032E401E56BF4D
:106D9000E839121F09FE283029D8322D2A39204F10
:106DA000EEFB3D151C091D290E202219BFBBCEA5E7
:106DB0000CED18EEE5C61DF4C50DFF2A020738D507
:106DC000B8EAD6DD0208FEE64117FDC33E0F2C1BD4
:106DD000E3DF08B9CFB10A030D4FCD4341FDB40144
:106DE0001452EB02CDF0BCE11EFC1D1AE3140E138D
:106DF000C2D12BC1B5B8CDED3C021A0E0706D8EEB4
:106E0000AEFAF5BD2EECD0DEDA0D04AB56BF010FA5
:106E100003155681FB2229092BF80A33F918E5E5F9
:106E2000D310D4430623B2B8113DE117D42627CDA1
:106E3000D6494ED50FFC2C2EFDD4CACF03562F15A4
:106E4000D12F291CEED812E71637DECB12330ECE27
:106E500035FE2B0312D3EAAAD415090F201BCDEA65
:106E6000BDBE1F0030A61D03FF38F1A6180AF9B2F7
:106E70009427F3C4D7E8FA081CE6F2FFEABBD7F779
:106E800026DC25F812D202362B03F24519FB08ED59
:106E9000E75689E33014CFE8383719B1C4EC112C28
:106EA000192B1AF6EE00E2BF0D5BDFF3591D3B1DF7
:106EB0000AFC2A27EC28B80E0FD60808F43BFF017D
:106EC000ED1724E21819E70E422241AEF5E3F2BDB8
:106ED000E8C6D1ECFB0909DD3D8A58DB43123928AD
:106EE000FEF7BB331130EC06E6D5EB0522D80F4D8B
:106EF000FCEE24E6151EFF0A2B3CEC1C23F3FC6B76
:106F0000EED442B9F51731EFE9C3E1A44907D3E262
:106F1000B6A8080C33D2E0C051EB0139264DEF532F
:106F2000E1CCFF2D02042D44C5A9A70E23E5E8BF3F
:106F300035413CC01FE001EAC8F9FFDF3C2963D0BE
:106F400002E7CB34EF01BE04B41C390910F3E20AA6
:106F5000D51CAAC954FFD1AF4CC430C9411BD5CEF2
:106F60000624E23F3FD3176199F64BB356C0F6CBE8
:106F7000EE2D22F3FDF42E43F1E60543C3D5EFFBDE
:106F800050DE0E27B141F9D334A43DE6ACD13EFB2F
:106F9000FA0808DBDD24DB176BBA2CCCB3DE15183E
:106FA00014E530D1B52C3F7330E173113DB61E07A7
:106FB00051D02C37ABD42B5A1E8149C1C0FC5AFB8F
:106FC00032DFD005CD17401DCE083AC9C822AD1911
:106FD00036C78A16EE5FD67913B6E8DCFADC44D001
:106FE000AEF014A94DE02A955304B013D1EDB34D82
:106FF00039C0F6C7D5A30311153B230A3FD6033B7F
:10700000CD44C068E612D919FABF0A510E05F1F74E
:107010003426CA5C04C9EFEFE4BBFC23C5DE06EAF4
:1070200012CA0FD1EAF8FF1400350D0B461C1B5194
:1070300008A5FD39C128AF0C3BCF0FE7C5E99AC2BF
:10704000052A5012C90CFC212624ADBADF07CEF167
:1070500004DFCB06DBC9F579F435F5341A3F2C2B68
:10706000B6EBDE13F825A8833700196200F8CDC50A
:10707000C14AD71D13E2E130F31B11FDC6F5243AD6
:10708000F5C61E1F1AACECAEE7F1FE05D21DF305E6
:1070900021E050DFF2F9C2C70B40E93136A3F651C7
:1070A00027D1281211CC040E34021D1BEC05FD8ED5
:1070B000EF9B3FEBC9B9471D30DA0F483AE0F65075
:1070C0001804193F0B37C340D8E3E7270F31353297
:1070D000BFE24B2D539D22B8FF7FBCEAC03513D6CB
:1070E000C52123D6ADCA430C18E00E0BF8E924F4F1
:1070F000EDC9D51C2AD9CFF11A4CD2E23AB228BA3E
:10710000493AF049450809E4BF18B509E7521DE2BC
:1071100007E109D6B0153138E822FCAC111636B8B3
:10712000CFFA810598D9A8BF04D7CD1EC431F41376
:10713000F91629FE1EE328A2AC16FB0EBAE6DA3ECB
:10714000B338F6C321E511E140FA26E62119D3FC54
:107150003FCCFE05B1EE43FBF013D22D000633BB4E
:10716000E3B2BC0CD2E0BF0ED02228005EA7BEC99D
:107170004CF8BA2DCA43D0DC13142A9CEB04EAE580
:10718000FEEA051DF51238E42D3CCDEC41F4C9D6DC
:10719000163543E72EFD0408C214FB3CFCF7D0E58E
:1071A000A8D4E14224B6EA1BD9381E37A2F7EFE78C
:1071B000B096491C55F0E92CD648AFE5CBE023EA60
:1071C000191543DDA1D4D3313AEA15E8001CDEC815
:1071D00033BEBD222D1331B7313E0C23C734A23F3D
:1071E000DB3CEBBDCD340A0D13061001DDC8E718FA
:1071F000B1EAEAD3E7BF4B90F23B05F7421B2417F5
:10720000BED11B132FE0DE151A08BDFFD7AB57D434
:10721000FAE52BE3D7FDE1F544E5BE130F32D8F0D4
:10722000FE0F2CE02AF2285E18EC2920302DCBE34B
:107230000A0D17580CFB2ECA492A01F5351AFCD243
:10724000C007FE921DE838D5EBC6072B05422CCCB3
:10725000E8343A0FEE2E172AD905FC47CF45F54101
:1072600017480114BD231E2D02F601D82E0C2368E9
:10727000E8D2312A442FF5C70A13F425EB24EA0C8F
:107280004FDE1739734F293AE7220EDBF8451C1CF5
:1072900030E25214F4F9053181DA0DFB1040174940
:1072A00050E8E850DAD5D7ECB5F0E93B23141048A4
:1072B0003424F3DF524A03C8D6FCC0D14A33C12E6E
:1072C0000C11B1F71ABDBBB8F28D0B5435C0E1DC1F
:1072D000EEDF2ABD3C1D21E4DD18F245FCBFE1F7DD
:1072E000EFB4174ADBD70751A9121E5CDA38E32B3B
:1072F000CBE3CEFDFA23695427BB33C83FE710FC2C
:10730000CA32E713E3F534F22523E69E22E336B8CA
:10731000CC0B2AFF194A15263507D7E2E7F2C61A21
:10732000E0323BF6F944BCA4A21CD931B2D8EAC47D
:1073300014DB02EB13D9FF3ABF1C162E0ABD2AF745
:10734000D0C80637EF49C4C24AF12E13CA04E2B2CC
:1073500026ECD713F0C03535E2CDEB13EB28CBDAB2
:10736000981C46370CD7EB19DB253BEFBA3AF70DE3
:10737000E0DF2ACC16C0C2CD01D7D5FBEBDAC6F7C9
:1073800014F523399FBBE354F2C3382532EBE2BB3B
:1073900006FF081B09CC34245112C481290B36EC9A
:1073A000FDD122A2F9EEF907E931091E5A08F6FAD1
:1073B00033DA160ECE251E42C6FD06EDA41FDBFDF8
:1073C000FA0802EAE3151E04144A2806C035FF280D
:1073D000EDB2E6CD5136D2FEF0CD03DD23F31FF73B
:1073E00025D21BDB2C4311CE3141F32D01F2134C7E
:1073F00087FD20DEF6CECF211DC51105160ADA1F46
:107400002143DC185672CA083A18ABA53BF737E19E
:10741000CEE81A2133EF0AFE32F54B24B5FE3727AA
:1074200036C6BBD7EF3EE2C21A18CF2C043FDCD5DC
:10743000C3D5C815FD7207D9BF9940E61C478EC653
:1074400062F93291E2FF28BD19C5BBC31E23C53ABC
:107450002F48DA1E09CDAF4B234538239C251069F0
:10746000E2A4DD014500D3C62B23EDCF403F1C5BDA
:10747000EBCCE64110CDD361B8D8C572EFACE0E2F9
:10748000641A16333306044CBAD1973FB8BF17C6F7
:107490000BE33DDCD0DEEA0318B5D3EFBAF40F14EA
:1074A000EBCEE7F2B20EEDCA50ED0B47AAFE3B065B
:1074B000424BBB004F3E25E0F6F8C4C50F2EA7DDBA
:1074C000DE28CE65C7CB2E58BF14E70113B5FFC128
:1074D00013FCA8F8B33E376113EE007FE4F6DA3010
:1074E0003B020EC13724F3CADCA8F0AB3CE54B4F9E
:1074F00008B3650C25BE6D5125DAFB4CE2C420694A
:10750000AA1134A90F0E3FB4E44B2BCDE8C24418A6
:10751000A4E7F3EC1A462FDBEC6634DADAE515F271
:107520005B63552E38BC6127149422FFCD1ACFA07F
:1075300038DC7805F653CEF83F12A817B5CB0E1CF1
:10754000C2B32915D9E30208F33E3D474121A907FB
:107550003A0DD4D9202525030E44322B0EA6EE1762
:10756000C0FA5CB61CE458D8FE54F5273C17E65C1C
:10757000910102ED2433DC3BF50B8EEB07E8D8AE2E
:107580002FDDF0FF3337F51ACB46B5B2FA0411B44C
:10759000E9DAB6E6DB432B254A183ABD45BFC08879
:1075A000C6F255B916FCF314DA0A1219E8152EE6DC
:1075B000521C0BFAA0D6700C439331F1B839DDD5CB
:1075C00046C411E22DF634E01B3CB9FB8D1F1E3F73
:1075D00022818DC9B4F55417E2D926EE58494E4A96
:1075E000E0B2FAF73CCFFCFDF422A8360EF1EA3007
:1075F0003E56F3AEE7E9ED5DFF3240090F4ACA5847
:1076000011F1EECF24D8EABFF313F29D2C23F1E65B
:10761000ED212AF1ED3F1BD026F903F4D421F0DD52
:1076200030D44C2EE2EB0C07EEDA061803F0D4A2AD
:10763000E60F1EF51C0AC02FB80C2909DAD20AB2CF
:1076400006CAE83AD5E42ACFEAF20C05DA00FFF1DF
:10765000FDEE2AE9CE12D0D207E7BD2E30D224E0CB
:1076600023E327E224B9271BFC02212D3114250C2A
:10767000EC2504F811D1ECDDF9E60C34261BE8E129
:107680000B15FFF2DB2218F725E8140000C7ABF852
:1076900002E29CDDFC03031B2545DDFCE1FD0DBA88
:1076A0002BD7E1AF102DD5060AC5D6E32213FF3440
:1076B000EB02F6F9D3D124E229C81718F611300CE1
:1076C0003DE5E32807FAEEB9100D2B2303F61E0B58
:1076D00026E79AFC2C22E5F1F6811DD61828D2E582
:1076E000180FCAEB4533D2C6DF1FDBF92415F13C76
:1076F000F3DE21E8F2EAA5E50FE60FF61A170F46CA
:10770000ADDB11A12CD4000AEE07D4021DCCED266E
:10771000110FF4ADFF19F308EBD9EB09071CDDC815
:10772000EDC5281815142125F1FFF9123CFC189617
:10773000FA3033220DF11E21EAE1F209DDEB1CD112
:10774000F7D6D9D5C315E9D503D4FAEE1DE2B5E1D4
:10775000EDF7E6E2D2DA0CE4D7108D08B91C353526
:10776000A2F84FDDEFD509CC2235DA373625252CA6
:10777000A2C748002628E0CF1629CF34E4F80B2F03
:10778000CF254C2C10F50A0BEFBD9D1A18AB18CC69
:10779000F718C01DFE1ADB0A7F0E1600CE103AEB5A
:1077A000512D20B7E3F636F234BEEF272ABC11F98B
:1077B00035FEE607CDF5ECC412ABEA21B953F10072
:1077C0000905D91B12FB0BF92F35442AF8D70CDD1C
:1077D000F79DBD2116544EFC12DA1AD61F2C30E943
:1077E000CFF9DCFF0E1DFFD70B25AF3530CDFC11D7
:1077F0001DDBFCEBFB0CF81B1A27E406D446F4D681
:107800002BF8C6DF2A21D33237AFD5E2DE373EC8A8
:10781000E032C7E3D70AC6A3B443C54F1F4910B52A
:107820003D3806AC212CE3E8FCCC15D8142BCAED6E
:10783000C9132026476A0F30360032C0B6E7FCD1A4
:107840000CF0BBDEC2F21C092DEA0407CB04EE28C3
:10785000DF22F12DCAD6D30D49D32C2410DF04BF6B
:1078600033C1EAC7325F23CB3B1CFBB5E619391E97
:1078700053F91FD4FF0B0BF3F416BEBA4081B402C8
:1078800026CA0B21353F47F64371CA0038E9F0B1EB
:10789000D5C34FB6C5EE2314AA0B47D7B22C0EFDA5
:1078A0000DFD490CB8C306DDB0A3B3E897C4045E70
:1078B0001D22263800D2D8441F23C1CEE2D0FE03B9
:1078C000E60C1633E4F41EE7058CB7E21BFDEFDC93
:1078D000014B3DD52E1A11E4CC5FF21ABF0DF2BE5A
:1078E0000E3E5C5F1E32389CDB1422160CE012CF79
:1078F00012EE08374FBACFFCD5F93803D016BB3299
:1079000020120F0E11F9030EB0BEE037F5D1DB00E7
:10791000F8FD180CF60414F11819D6F6D13005EC60
:1079200025FEBCCCE72D0043141D04F313D512290A
:10793000D7D531F4E0D5D8C6F126DB00291D13FEDA
:10794000D11DDCC91A25FBDBCDED25EBD218F72CB8
:107950002225F4DC2C30F404D30B34CBE2D405D64E
:10796000B020EF21F8191FCA08ACCFCFF5BB40FA01
:107970001F3F15E5DDFF21332F0BE6D6DEDA1315A9
:10798000352E261B3526E8F0034BD80E2A4BFDC7B3
:1079900020EA1CFBF0330EFA81031733D13A424D33
:1079A000D714CEF41F3223FA14EFFC12CB1822CED8
:1079B0000FEE0006F5F33FF2E144BA0A0BCA19E9EB
:1079C0001F4010FAF6FFF3312F14C8154103D716E4
:1079D000000E042ECDD7DA26F53BBD0F34D3EFE4ED
:1079E00012E4FEFC0D1B04D1011E1BDE152029F53F
:1079F000D7DEC11120A5FEDFF632FF11FFB2FB1466
:107A000022D3DA54BEC9331EC8233D13DD059F2699
:107A100011ABA34008A03BB9EE4D3B231E0F0A0358
:107A2000CC3FEA51BECD1A62399C53141CDED941B9
:107A3000E0292B171309A6B6D1E04B3EB40295D32B
:107A4000032EF2DDFFABB4E4FC3E4033D72D54B03F
:107A50005EC2DA3F1FB89F200C2F1EC54D2B4D056F
:107A6000BC09AD2BE9559C26591A00DCFFA5F0F0A6
:107A7000364BF104B7E6EA47C32B9BCF382B0E27D2
:107A80005001B83CC6A606B94405151ED0DA47D742
:107A9000CDFACB041F40EE33D0B9F434FEBACE4E4B
:107AA0000EFBF17FFCACE0B7F92FF535ACF1CA94D1
:107AB0000837EE1DB13E63FC3D2DC4E16B8D071D03
:107AC0000AFDA516971354362FDAC0B01426E7F333
:107AD000E1513C27D6E53B43C2ECB822AB39022743
:107AE000E941F3D08B1E2057C821FAE0BEE9FFF927
:107AF000D5D81DB5D1A1DC2C0ADC23FC20FE0DCF8E
:107B0000D909EE7F02EEE9C3E8A6C364212320353C
:107B100017402BF9FEA3CCED0010BAC43AFF2AB5EA
:107B20003CC3ECD7E0FAD7FF4AC746CBF9C008F50B
:107B3000E4B92DDA17BBECE1DF22AE0FE9C9A5D31A
:107B4000411BFB192B02C0D243E03ED70DB1DAD066
:107B5000B232E0B5A23B9852F807BF332624D4E7EF
:107B60008229AE9123230B061001D5C6E9E84EB257
:107B7000DAFDD117CF2815CF4944F6A8C9D1E83886
:107B80004848BBC544346AF8295909CA081952CA79
:107B90000607EE50FF3FD4F92CF7F53D9ED8C2FD05
:107BA000AA35F613DEB111C2A85FE5FEB529FE8342
:107BB000EDA0E21EE11053D74DF1A02E34C46DDCD0
:107BC000A3E023FFF9FEBC28DA1EAFACD905D4C16F
:107BD000DD44672FC5A7DB10EE67C820F7338F346D
:107BE000D8EDF90C8DD0E72024DEF71D51990B3C20
:107BF000D5141DFADAE0D5D0A75ADBA7DB910C0229
:107C000028142FDDC7F93F062B27DA9C252F0A0BF6
:107C1000B5E2C6C507CC15C64BD40F1D1B1EE931F6
:107C2000D8E1D608E42D330B1CC3FC7FCFD409C2A6
:107C3000080FF43DC04DEFEBC6F5DE06334FB50837
:107C4000D1EBF8F5C7F93DC805D105C82E2924D4D4
:107C5000472B20F6E8BD5102E9CF0043A9CD092505
:107C6000B20B4E1BDB2D23E2BFEFDC071CDBCE2962
:107C7000EC12E42AE80714D30741E7192501340B75
:107C800013FFFBCBC9493201C8FD1B3F20132CEF6A
:107C900018FD031D24D50ACF36E92DB8DFC9DA1C3B
:107CA0001C1AEABB1E00C91D3ECFECC01D10A8AABD
:107CB0003E131AF9153C2AEDD1102D06E513EBDD24
:107CC00042B21923203642EEFB510DA92414E7EBF2
:107CD000E138C7CC0C05EA4DD3B804EA1517EEF12C
:107CE0000315EAE0E03C2CCCF208EBCDE3D03D11EB
:107CF000C50B1CFA384DA3FA0702CF07273900211C
:107D0000BCDC3C4A36DD0C23ABFD427FCD410A2072
:107D10002963B14B2125ED30210720DAC90516D49E
:107D200046EEAEF2E8C8B51330FE1CF324F1DB37A3
:107D3000D7B7CF522DDEC704CCE54904C6A4B0188E
:107D40001B073D31D7F201D01306F9FC33A7FBB472
:107D5000251D34FE950DB6CDCCBBFBFE215C043257
:107D6000D3432BDB1AF5F8F7B8DEDFE3C82D47DA8B
:107D7000ED16EF0B15DDE414C5F825A7D0C3B24D01
:107D80003F1CEB29D8B6070F4E3EDA0DFF2325CD59
:107D9000E91444221BBCAA3DFAFA2E3ED628224FF3
:107DA000C0234A170B16F9CAF3D521242B41E3CD82
:107DB000C501162100B91FE21BFE10AADCC4CC23AA
:107DC000A3F6E22AB3C2ECF0C223A6F521CA2A30F8
:107DD0003BFB61F64DE7354A006D4B2700A8BDE33C
:107DE0002621373ACC3EF8173E0410E506DFEBD1EA
:107DF000C5CFFA0AC623A0FC3CBBCE1B0A38CAD1A9
:107E0000481725EBB8CBBFF6F5250910ACC404071D
:107E1000320250CDBC121326D2DFE4FCE05203E163
:107E2000D0DFC5E85020CCB0BBE1F49DEFEDB2CB84
:107E3000DFE10CD1E6AAE9C9004203C9F60B51EF14
:107E40003DCED94BE3DF1F10F628AB4BD11733BA29
:107E500044D7ADE02325CB27DD48F00B3F31F7C0F9
:107E6000551522F0E0C416F2C4D7BA1A27C0E0C2F2
:107E700034CC0A4F1223503048B50A31FDC2D10B21
:107E8000AAB0CAC8B7AAAADEFA3835FF43F5750109
:107E9000CFC3211223F7D628B82D30185122E1CCB8
:107EA000F0B613B701BBCC0B17132B0C46F30B1C0E
:107EB000D930F33C51E2A235432F2E2A0581180F09
:107EC00063D5C9BC19C7FD0CBDDC353DD0C6490022
:107ED000CDFE2AB05C41E82F2EF7E6A7C233DCE0E6
:107EE000A325F018D143BCE8BD03D5CBB9A2CBC7BD
:107EF00009D7140BB918D5B6195F2FB13005EAB9F7
:107F0000F6CED5F6F3BEFF17E8EA28E5DFFE2CFD36
:107F1000EAE80FB9E335E4E6382AFEDF20062C3321
:107F20001EEDFB57F6D8F941D3F1B5D92DE4D2E8CF
:107F30001D28001AE1D32E34E6FC2AE60A3225DB9E
:107F400031CE2145122C20F9281301F229E9E6321D
:107F50001E0BFF19FADC20BB09D722C106CFE91599
:107F6000F8552F111781472FD542DA1D373529F7DC
:107F7000B911F92020FA31DDE8E5E6C62CE41DF060
:107F8000F1272501EBE7266CFE0BC92019EAB6DEC6
:107F900054FBCB1EE217DC2016E624E5CEE1C2A698
:107FA00034D217E0CD06F72B0B0C0C2D35E5F42C55
:107FB00002283C23B5F6F3FE01EFCF201E64F0FA51
:107FC000BDCD19DCC7F834A403CBF6AEE71E44FEE2
:107FD0001D1704E9060CF558E1E644DC5FBBE43B01
:107FE0001BE1C6C036DFD8FCCC15022613CD3CEF12
:107FF0000E32E8B3ED17A7BE12EAE31810FB1B3CE4
:10800000B3E4F7C91B114781A225F42F1FEBCEE083
:10801000C252130D43FFF733BB0FD1F61CDCD1F571
:10802000D6A90EBF343CA03B212B33B727FA39B475
:10803000EE2EE7C3F207A60D0F034731462E0B3A8B
:108040000836FBDE44A6FEED2642EC1BA215FD938E
:10805000BBCD07B5C5FBA93448B50652FFC6E5053B
:108060002CD5251B2D116BEEFD193C6DCB48538E85
:108070004BD52B0CEAEAC0BDB2CA1ED9B51816CE34
:1080800039CD21E9FAC2E4CB0ED35529291FAC180A
:10809000C435E905C0C23100CF39DD0F3CCD3742D0
:1080A000E202F74DF186DBEF283012BE5424A8D946
:1080B000F11DE946A302A3D7FCE4F242CB9FC74BD4
:1080C0003A56B403FAA3E5FCCF03CE45B3E101452C
:1080D00008CC650A6A48DB731679BB44DFDC2EC125
:1080E000A6B2D230C71003E8F55703CEE5103850DA
:1080F0002FB0DDD10FED30FB48D14543ECD942F232
:1081000034EA1561D3F1E600C6303FCADCAD96BE55
:10811000131A30E8FA57F0DE39F5E1E9DC4225239D
:10812000B0DD27EAAD25053019280BE824060862E2
:108130000BB2F5E0A4EED6D93EDA13E5DA06BBCCF5
:10814000E8C60AC23BE9D3D51036D02740113CED32
:10815000011B32273B3BD023F1B72AD6B9531ABDB6
:108160000BFB06F2FB41E9D0F687F9B10F9D11EA4E
:10817000B3291AAD1CE3F5E901C4F4DDFCDF37D700
:1081800026E2FCE313181DB6C6D415CD10D3329BDE
:10819000C9D61317E127DFD7E7D5432ED508C2117B
:1081A000D2D6D6FF1365D107E53436DFDF13202C96
:1081B000CDB0E4E5EFD947CECF0B0309CF26D330BE
:1081C000194EDABAE4CB271EFFFACB956C0A0EE5FE
:1081D0002DDC1E252FD6DACA231B136FE816F815DF
:1081E000D61AB6D0EC4A076039000CEE0A421AC51E
:1081F0008102BBC2159FCE0C33C40603D3063CCD0F
:1082000023ED28F5BD010CC4A8CC3413ACD6FCEC8E
:10821000B3BED765DA1709C9B00823E2F32525BB39
:10822000060BAAD4A9E8F7036CEC0CAAF0C8185105
:10823000D2D7EA0AD0F04112D5DD0605BD9C041361
:108240002EEC53CFC9FFF015CC3918DBC1D002B0EA
:1082500017EF0F010FDEC7E216C6BF23DD513BF358
:10826000CE2613BAF753E49DEBC335031604E8E7B3
:10827000C51D0812CA3515D5D0E4F6EA290C103010
:10828000CFFF3B0F1B1B0FF6300A1FEF05240FF922
:1082900081CC48ECD20926D10DD334BD122D0B76FA
:1082A000CDFE360C092CC72A1CD333E3DAE3D1BA4E
:1082B000CEBD04F0F827FCE6F662C7E20507020827
:1082C000DCE4093006152B39E2E8F1AAD5DED6FA4E
:1082D0000F3544CDCE0E222E3B42FD1BE10312C2D0
:1082E0000CEA3FE4E9070000182DBFD618FE17BAC4
:1082F000FFDEBAE6E9FA0BC4FD514C2E23AEFFC3F4
:10830000D9DA2AB82E3629D122D8E318004123EB36
:10831000D0B8E3B1FE41F4E73103FD013FE5C1BE52
:1083200038FBE6F2F9F307B9C0088E24B2320EA288
:10833000FE2FE5F02AD5FF492ED6EFD52A3F01DCE6
:1083400018FED853E0FB1B231D3DD8E31D2DFB0772
:10835000F8D3F9F203331003C43FFA4018CD0F21CC
:108360000C1033D91B9B4141DA2EF7E8D5F614CA1D
:10837000BB1438E92B3E1CFF0A1FC8ED3F19242B04
:10838000E5DD21FC1B46D14C0C0FB013F29AB7D59A
:10839000570881CAD72FF0F400C0031C3520F6F629
:1083A000DCF8170CE3183CF523F15811062800DA25
:1083B000F9D0F81F9DEF3DFBCAE4FE250E6E2EC7D7
:1083C0002AE124DA3D1C24D007F817DFA0FA0FECCD
:1083D00009DBE405C9E1421732E506FD3A38EE094A
:1083E000D2F728860DD8DCC409CB8436CED6044E0D
:1083F00038ED31B441EDAACFF0BFE83914001EDEEC
:108400002BE2F7ACDAD8FDD326F4E0D41CEE0A3E1A
:10841000C8442EF7CFD03B10143DE6F9E01E38BE1D
:1084200008DE8169D3D54AB0CCBE1F021BDD1BE339
:108430000A00F6143229F5AB220ACEDEF9C0D0FCD0
:1084400027F3BA0E0AD5280ACCBECA12E7DDD30339
:10845000FCC7E141D8EC2544BFC9FFE4E80AF2C0FB
:1084600020E32454133BC5FA33100E43D2DBFC3017
:1084700044F62AEEC5D613F6E8EA15F6F702EA3F07
:10848000B41127F3F4E8DF931A0701FAE0DC0B07D5
:10849000CB1EC11A21CEDAC9CCC6ED34CC3503B51A
:1084A00017252A003446DD0C011BA123C509D9A1DB
:1084B000052621D2E9E535012916CFFDFCCA3B1F6F
:1084C0006ED361C032B22F02E342F1ED13EFE40844
:1084D000B8071DD82DB3323AFBCBAE1A0ED22E28D8
:1084E00008B2272FEFE81E1DFA2018D0404CD9DF24
:1084F0002BDDC6C5F903DED31D08D4211FE62EEB04
:10850000C4ADAF15228A0303F3DFEB02C21C179C34
:108510004FD8181ADA2FF9A8C64FCEF1E4280EAEBC
:10852000CCF50D423A299F1338AD2401FECF322BF2
:10853000DED1C83206BE2CE53AF5E3490718C4DBA4
:1085400039C4A96432FFD7DC5E0DE1C922B129C567
:1085500012FBD9D2CCDDDE81BB2FD9DC3303D1298C
:108560001E2EE12B18387D068F403562F101BAF2DC
:10857000DBCA08ED3531F2E835C5EE5B1DDBDF0205
:10858000FE30C221F1CFF9073BBBA118EBE6F2D6D2
:1085900041B429173E0CD7310C1641B9E7CBB5EDE4
:1085A000EFCAA8592A02EB993015B3B46BB9304021
:1085B000D6013017BB272BDA1429EFB3DF48DA4492
:1085C000A1E2A4E0DCBDD2E20EAD16F0E814D1D1F8
:1085D0001137EA09482D302EE8D3D4316109D8FA91
:1085E000A5FCD35CEA28BF24493615BD02332B23F2
:1085F000FB019FD5CBBAEE2FFF0917E4C3F4330676
:108600002FA2000028AD00005B940000456300002D
:108610000C72FFFF91190000AF3F000020E6000040
:10862000861B000049E9FFFFE9890000DD4EFFFFDE
:108630001EC1FFFFDC6D0000AEB1000042780000FB
:10864000ED95FFFFBD1E000021770000B92400005A
:10865000E29A000080500000E8830000EC35000042
:10866000946600009C080000245C00008540000027
:10867000583E0000D4B90000913F0000B60D000044
:108680006CA70000D2A00000F2740000A107000057
:10869000E3D8FFFF227A0000C4BEFFFF183E0000AF
:1086A0008DB6FFFF59660000B97E0000FB64000034
:1086B000CB19000098E2FEFFCCA30000E28000008E
:1086C0005D1F00003347FFFF84540000070E0000C9
:1086D0000EB10000222B0000AFE80000AC1D00002E
:1086E000E4320000EB0B000080550000273800004A
:1086F000EE97FFFF158700005F370000EDCE00000A
:10870000FB960000672D00007BD60000DFD0FFFF46
:10871000D25C0000DD580000E12600000569000081
:10872000D9ABFFFF83520000CDAA00009C67FFFF7A
:10873000EF98FFFFF8430000CC24000058350000FC
:1087400001380000AB980000147A0000472E0000AA
:10875000819E00005ACBFFFF775F000039D5FFFFF5
:1087600019E300002A0DFFFFFF2B0000BD190000D8
:10877000165EFFFFBD490000AD480000F85B000039
:108780002EF7FFFFAA29FFFFB45B0000274B000074
:108790004A5A0000C1AF0000791A0000354B0000B2
:1087A000829B0000B2860000E2E2FFFFE27FFFFF53
:1087B0000D7D0000019C00001166FFFFAA860000ED
:1087C0002D380000F3DB0000A76EFFFFF32A010045
:1087D000846D00005E7A00003A9AFFFF905E000010
:1087E000B6CBFFFFCBCEFFFF267500002A4300006B
:1087F0006E590000902100001C6B00001F7F0000DC
:10880000B44600000C360000DEFBFFFF934600007C
:1088100077CCFFFF21AB00007F9EFFFFBFA1FFFFD2
:10882000F7480000C34D00004E5300003CAAFFFF74
:10883000E30100004073000007E200003A2000005E
:10884000ACBC000099D4FFFF22F7FFFF567F000069
:108850003D490000533A0000905D00004DF50000D6
:10886000199A00002E41000026C1000008A7000050
:108870001F0A0000DC81000028DAFFFF31540000ED
:1088800082120000F873000033740000B75CFFFF31
:108890004A6B0000CBCEFFFF7561000089E5FFFF4A
:1088A000199EFFFF451D0000203500006E78000076
:1088B000B7870000BB2200000044FFFF48A400006F
:1088C000E8B10000DA53000050880000AC5100000D
:1088D000999B000061C5FFFFE76E00003F92FFFF1C
:1088E0000C7F00008F860000CC49FFFF07A400002A
:1088F00058680000514F0000B09CFFFFDE380000B8
:108900002E8700004A8000005A890000E002010022
:10891000B8070000B186FFFF21B0FFFF1BA80000D1
:10892000661900001C900000320400008AC3000099
:1089300033C20000408A00002E5A000048A4000004
:1089400079EC000066DD000033A70000F34400006E
:10895000F958000085150000B7190000F2750000F5
:10896000374400001A900000FFA40000C03D000042
:10897000906900001019000026910000336F00007C
:108980007B9E0000DC5C0000533400003B2C0000A8
:1089900068D0FFFF2D4300004069000089580000A7
:1089A000462700003D410000615400004F7E00005A
:1089B0003031FFFF88220000CBD7FFFF7E38000058
:1089C00081670000A3670000BBFDFFFF5A50000055
:1089D00062720000186A000082E3FFFF6D4500002C
:1089E000604C00009033000086EAFFFF999700007A
:1089F000C6910000227D0000BB470000BE41000080
:108A00001C341837B4F64921D1CDF8BF1BE6FBFD65
:108A1000DAF10CB437E6300822FB2E67F3294A2935
:108A200033441EF6F50EE2F2EBDCFABD51C12C0424
:108A300003D246DC50F315FC162DC611224E341518
:108A40002B2CF9D0AEB9052CFA1C7FD837BBE2C36A
:108A500015C32C103EFA57E81DB2D3FFEEFBFE20E3
:108A6000B0E13399EFECE8E962CFBDD2D33202F442
:108A70001821E97A01EB1D2FF8DE6AF83BDAA6C46B
:108A8000250DE810E2EDD80BD30505061FDD15AD69
:108A90004923E21A24EADDE2D1063929C2F430067C
:108AA0000E231EF4A51CD019FCC11C11BC02F66DCE
:108AB000FDEB2A43EDA03F1716FFFC0355DE0BBE6E
:108AC000BF041B0401D4CC73151AF619FC2C1554E1
:108AD0000B884EA928D9D2CFD33B4601102C0E10BB
:108AE0004834D92F40B2443F11E5204201A613BAC1
:108AF000169D0E4D6007F0E3F3A90A2874992BFE2A
:108B0000EA50C67EAE372E2984EE41C70C4B35BBEA
:108B1000F8CCE4084319C4E9D03AFA335ADD316499
:108B2000C9512EFD0BC1EAA417231EF537CEDFD3A2
:108B3000FAE612C020FFD74EE66E1128480F084112
:108B4000C4FA970DD6F5555C14C1FEFD65411AD7E0
:108B500004E9FD72112732E15CB3475123D1D6C33A
:108B6000CDDE1CF53AF4203064F6F5F3811C02FFEB
:108B7000E7AE2039C1AD193039F0464C3FE7E32468
:108B8000EBE934E03335E4F62E2BB72E0A473AFCF6
:108B90001138F406EC24A2F027EA0209FDCB2C34AC
:108BA00050E800E4E8CB1B101A04C9EAFD1A2121A1
:108BB00015430CFBB0F06B190514ECC3260A2FFB10
:108BC0003CB52D06B90BF638B8D8EF2C4212B6F0EA
:108BD000D4EC2C01D0BBFF93122059B48919C64F95
:108BE000FB594E06FEEAF011652AE8213EB3322217
:108BF00062D32A1EF4A715BD06BA05EB4CC81FF6B2
:108C000094D0A12F0F14D4D709BE2502DC2028054B
:108C1000FAE9F2EFA5FBF39FC318CFBE318BAEFD8F
:108C20000BD61EEAB48406F6280EFEE5C3248DB8E2
:108C3000F5F3B7F6CED5BC24E04AC5F30C81C2DE0D
:108C4000AF0700EBD3E60E2E0D1B0B1B470800D21F
:108C5000E5D5E728E1EBA8D2E6D6121210EAAC1867
:108C6000010BBDF7FBA1EF0CF3C5C3F19EBC01C026
:108C7000E6B710E29FB613C71EAF3A14CED9CD1790
:108C80009EDD16E107D6DEFEE2C0FED2DE04C6C5DA
:108C9000F30ED6D8CDCDAFA8D6F7018FE6AD061727
:108CA00031C8F4E6F9DF13AF24EAA3B6F3E302F523
:108CB000AB10D58FBFF73CE9C9D10A81B89C1B081E
:108CC000EDAAC9CA9012F902EEE1D3172CBA86E1D7
:108CD000A5F3E1F2D401F4BF00CDA5ABF390D92602
:108CE0000605F102E5D9B10D20FDF8CD18CC11CF64
:108CF0001FD9FEEEED1C0A01BEB6028EF9C9DCF4E6
:108D00002B000000A222000078C9FFFF0000000035
:108D10003010000001100000021000000A010000E5
:108D200001020000010500001010000010100000FA
:108D30000100000000000000010000000000000031
:108D400001000000010000004004040000000000D9
:108D5000000000000000000000000000010400000E
:108D600000000000DECAFAA10000000000000000C0
:108D70000000000000000000000000000000F03FC4
:108D8000000000000000F83F0000000000000000AC
:108D90000000004003B8E23F0000000000000000B7
:108DA00006D0CF43EBFD4C3E033333333333E33F45
:108DB000FFAB6FDBB66DDB3F4D268F515555D53F71
:108DC00001411DA96074D13F65DBC9934A86CD3F3F
:108DD000EF4E454A287ECA3F3E5555555555C53F2D
:108DE00093BDBE166CC166BF2CDE25AF6A56113F1F
:108DF000F16BD2C541BDBBBED0A4BE726937663E21
:108E00000000000000000000504F53542025732044
:108E1000485454502F312E310D0A486F73743A2044
:108E200025730D0A436F6E74656E742D54797065E9
:108E30003A20746578742F706C61696E0D0A436F07
:108E40006E74656E742D4C656E6774683A20256C7F
:108E5000750D0A436F6E6E656374696F6E3A2063B9
:108E60006C6F73650D0A0D0A000000008C8E0408FB
:108E700000000024FC1A010096050008B8A30408AD
:108E8000FC1A012444AC0000E090000801FF01FF3F
:108E900001FF01FF01FF01FF01FF01FF01FF01FFD2
:108EA00001FF01FF01FF01FF01FF01FF01FF01FFC2
:108EB00001FF01FF01FF01FF01FF01FF01FF01FFB2
:108EC00001FF01FF01FF01FF01FF01FF01FF01FFA2
:108ED00001FF01FF01FF01FF01FF01FF01FF01FF92
:108EE00001FF01FF01FF01FF01FF01FF01FF01FF82
:108EF00001FF01FF01FF01FF01FF01FF01FF01FF72
:108F000001FF01FF01FF01FF01FF01FF01FF01FF61
:108F100001FF01FF01FF01FF01FF01FF01FF01FF51
:108F200001FF01FF01FF01FF01FF01FF01FF01FF41
:108F300001FF01FF01FF01FF01FF01FF01FF01FF31
:108F400001FF01FF01FF01FF01FF01FF01FF01FF21
:108F500001FF01FF01FF01FF01FF01FF01FF01FF11
:108F600001FF01FF01FF01FF01FF01FF01FF01FF01
:108F700001FF01FF01FF01FF01FF01FF01FF01FFF1
:108F800001FF01FF01FF01FF01FF01FF01FF01FFE1
:108F900001FF01FF01FF01FF01FF01FF01FF01FFD1
:108FA00001FF01FF01FF01FF01FF01FF01FF01FFC1
:108FB00001FF01FF01FF01FF01FF01FF01FF01FFB1
:108FC00001FF01FF01FF01FF01FF01FF01FF01FFA1
:108FD00001FF01FF01FF01FF01FF01FF01FF01FF91
:108FE00001FF01FF01FF01FF01FF01FF01FF01FF81
:108FF00001FF01FF01FF01FF01FF01FF01FF01FF71
:1090000001FF01FF01FF01FF01FF01FF01FF01FF60
:1090100001FF01FF01FF01FF01FF01FF01FF01FF50
:1090200001FF01FF01FF01FF01FF01FF01FF01FF40
:1090300001FF01FF01FF01FF01FF01FF01FF01FF30
:1090400001FF01FF01FF01B5320182102C90D00316
:1090500004291429045A080829045A04045A20042B
:109060006920293C2904A9345A800C1A240569185E
:109070006904291469185A0304A968290C5A180CA0
:109080000A1140806911692069186928291469202A
:109090001A805DE98029142904A95C690C393C59BE
:1090A000D10926805A0204A94C9A800C5A0604B9A8
:1090B0002059400B104109A029142904292819A777
:1090C0003904A93C29046AC0CC0912A0599169202D
:1090D000E9A0291469C02999E98069B1A9FCA9D03E
:1090E000114A2004094280290C6938B92059400BE3
:1090F000108112A02914290429285A0304A93C39F3
:10910000049960093AA0110A10078029142904A9BA
:109110005C690C393C4A4004094280290C6938B921
:109120002059400B108112A02914290429285A0320
:1091300004A93C39049960093AA0110A1007802952
:10914000142904A95C690C393C4A4004094280296D
:109150000C6938B92059400B108112A02914290438
:1091600029285A0304A93C39049960093AA0110A34
:1091700010078029142904A95C690C393C4A400471
:10918000094280290C6938B92059400B108112A07E
:109190002914290429285A0304A93C390459600ACE
:1091A0001108A05A200469205A100469282914695A
:1091B000D8290C196B3904A9205A900C5A2968A98E
:1091C00004291429042928E9A0291429049A18B08B
:1091D000E9A029FC29046920590FB9E42909290CBF
:1091E000110A10078029142904A95C690C393C4A2A
:1091F0004004094280290C6938B92059400B10817C
:1092000012A02914290429285A0304A93C390499D5
:1092100060093AA0110A10078029142904A95C6981
:109220000C393C4A4004092680E96069C4690C692C
:1092300038B9A059400B108112402914290429285B
:109240005A0304E95C6A80E05908B9A05909E92089
:1092500069046909390C0A110C2019142904A9DCC4
:10926000693039BC59850943801905E9E439051984
:109270001139100A1025403914190409173C994076
:10928000093FA00A110E2019143904993CA9D0698C
:109290001629069A103869805A40046920690469C1
:1092A00028290C6950EAC0FC59142904DA08342929
:1092B0000829145A80040926802934E94CA9405A07
:1092C0001204A9205A20A00B105102A0291429042D
:1092D00029285A0304A93C29045A30100A1120A055
:1092E000A9C02920E9A029142909290C5A8008A914
:1092F0000429142904A9FC6968291411199C29045A
:10930000094280290C5A0A04A9205A40201AA15166
:10931000E9A02914290429285A0304A93C2904DABC
:1093200060B80936A05AC008A90429142904A95C08
:10933000690C393C59690926806918A94CA9205A39
:109340000A04A9205A40985AA168A904291429049A
:1093500029285A0304A93C29045A60100A1140A084
:1093600069116920E9A029146920295DE9806975DE
:10937000A9FC69682914114A0804094280290C5A79
:109380000604A9205A80200B104109A029142904A1
:10939000292859ABB93C29045AC010A91C69885A1C
:1093A0000C04E9206904A9545A0F8829045A0204BC
:1093B0001A1E0529042915E940A9410922600A114C
:1093C000F8A01AE01D29046950E940690969105A9A
:1093D0002004A92429104009E80F01243C1001248D
:1093E0001A580829181310ED3910290C5A140C4179
:1093F0009A18185A1C0C1A743429441A20081ACCCA
:10940000085A04449A502C5A540C2A026499185A47
:10941000600C2D880B01244881291C9A94289A9865
:10942000849A9C0C5AA00C2DFC0A0124441AC004F6
:109430001A6C04411AA408293C9AD4485AD80C3210
:10944000039ADC185AE80C1A1834294C1A50081AD6
:10945000E008415A34488B1CEE305A200C29489AB7
:1094600024185A300C1A8C3C294CA9D09A64285ADA
:10947000680C419A6C0C9A7024A904111950295453
:109480001AC4045A70981AA808291C9AB4349AB8B5
:10949000989ABC185AC80C2A1C3C19041A54044B3C
:1094A000E409485A38489AFC30118AEF485A040CAB
:1094B00029185A100C1A903C394C99E09A44285AB1
:1094C000480C419A4C0C9A500C415A02041A045010
:1094D00029541AC8045A74981AAC08294C9A9458FA
:1094E0009A98989A9C185AA80C1A2034294C1A5801
:1094F000044BE808485A3C489ADC309AE0489AE421
:10950000185AF00C1A943C294CA9E08B24F0285AE4
:10951000280C419A2C0C9A3024A9042D7C07012494
:10952000541ACC045A78981AB008291C9A74345AE0
:10953000780C29989A7C185A880C1A9848294C1A41
:10954000D0041A6004411AB40829249ABC309AC085
:10955000489AC4185AD00C1A0C34294CA9E08B0430
:10956000F1285A080C392C990C9A1024A9042D8042
:10957000060124541A44041AF00C415A28989A54AB
:10958000345A580C29989A5C185A680C1A9C3C2931
:109590004C1AD4045A64481AB80829249A9C309A60
:1095A000A0489AA4185AB00C1A1034294CA9E09A71
:1095B000E4289AE8D49AEC0C0A15F0E02D84050111
:1095C00024541A48041AF40C415A2C988B34F2345F
:1095D0005A380C29989A3C185A480C1AA03C294C25
:1095E0001AD8045A68481ABC0829249A7C309A80F0
:1095F000489A84185A900C1A1434294CA9E09AC439
:10960000285AC80C419ACC0C9AD024A9042D88045D
:109610000124541A4C041AF80C415A30988B14F354
:10962000345A180C29989A1C185A280C1AA43C2948
:109630004C1ADC045A6C481AC00829249A5C309AE7
:1096400060489A64185A700C1A1834294CA9E09A88
:10965000A4285AA80C419AAC0C9AB024A9042D8CC9
:10966000030124541A50041AFC0C415A34989AF4F9
:10967000349AF8989AFC184B08F40C1AA83C294C18
:109680001AE0045A70481AC40829245A3C24290CA8
:109690005A400C29489A44185A500C1A1C34294C28
:1096A000A9E09A84285A880C419A8C0C9A900C4113
:1096B0005A02042D5C0F0124542A545459585A3824
:1096C000989AD4589AD8989ADC185AE80C1A78487C
:1096D000294C1AB0041A4004411A940829248B1CFE
:1096E000F5305A200C29489A24185A300C2DEC0ECB
:1096F00001244CA9E09A64285A680C419A6C0C9A8F
:109700007024A9041A605029541A24541AD008410C
:109710005A08989AB4349AB8989ABC185AC80C1A2D
:109720007C3C294C1AB4045A44481A980829249AB3
:10973000FC30118AF6485A040C29185A100C2DF0E6
:109740000D01244CA9E09A44285A480C419A4C0C2B
:109750009A500C415A02041A645029541A28541A77
:10976000D408415A0C989A94589A98989A9C185AE6
:10977000A80C1A803C294C1AB8045A48481A9C086C
:1097800029249ADC309AE0489AE4185AF00C2DF417
:109790000C01244CA9E08B24F7285A280C419A2C60
:1097A0000C9A3024A9041A685029541A2C541AD837
:1097B00008415A10989A74345A780C29989A7C184F
:1097C0005A880C1A843C294C1ABC045A4C481AA0DA
:1097D0000829249ABC309AC0489AC4185AD00C2D33
:1097E000F80B01244CA9E08B04F8285A080C419A84
:1097F0000C0C9A100C415A02042D08080124541A2A
:1098000030541ADC08415A14989A54585A580C2962
:10981000989A5C185A680C1A2448294C1A5C044B14
:10982000EC07481A400C29249A9C309AA0489AA424
:10983000185AB00C2DAC0201244CA9E09AE4289AE5
:10984000E8C89AEC0C9AF024A9042D901001245435
:109850001AE4041A9004411AC808291C8B34F934FC
:109860005A380C29989A3C185A480C815A020429F3
:109870001C7C2C580368D4400404391C19131A8C1E
:109880004029208B042F94E92C391C1913DAB86C69
:109890004129C01EF4BA0124D8041AE4201A3C104D
:1098A0001E20BB012404045AEC5C1AF4086AF86810
:1098B00012FA1B240804811540048408996F1910BA
:1098C00021CA08100B1C200A2011CA1010DB4014FA
:1098D00020091D600B1D800C60091E300A1D0270DE
:1098E0000A1D0920091E300A1D0170E9B0E920098E
:1098F000DD30B2803920DA01100A1D0920091D105F
:10990000CA0360DA081011AA4810AB10849F09231B
:1099100020B9C01920DA10200A1D902011CA022097
:10992000DA2020AA20D0091120110A3D044099D143
:109930002920DA4020DA40A0E920A9D10933409952
:10994000912920DA8020DA80E0E920A95109FD4040
:109950000934409911292011DA01200A1D092099A2
:1099600011091320CA0340990F3920DA2430DA296B
:1099700010DAC030DB5102E0D930AAA1F029400949
:109980001D20B9A01910AA41F02960091D2011CA93
:109990000610DB8112200A9D0720CA0C10DB01256E
:1099A000209A0E101308849B0F0110131084C2F824
:1099B00000081401C0A1649952401DDECAFAA12119
:1099C00011139CF92A24081AC80832021314FA1D2C
:1099D00024481A01140115240101041BF0DC2C1980
:1099E000081112DD142404FD1F24BC2F0108011BE3
:1099F000291C1A1014291C1A20081A444C41195801
:109A0000391C5A301C1A400812741C0124C4385ADC
:109A100003385A501C1A60084BF4FC38190F391CD3
:109A20005A701C2A805412FE1B24CC385A05385A0E
:109A3000901C1AA0084B34FB385A06385AB01C1A2E
:109A4000C0081E14010124D4385A07385AD01C2AE1
:109A5000E0381954416A08E0591C1112DE1B2464D5
:109A60001C1ADC386A09E0191439E019081A547014
:109A70001AE41C5A0A1C5A301C1A40085A448C5AC0
:109A80000B545A501C1A60081A248C1AEC385A0CC1
:109A9000385A701C2A8054598C5A0D385A901C1A06
:109AA000A0081A841C1AF4385A0E385AB01C2AC05E
:109AB000A859705A0F385AD01C1AE0081A34701A74
:109AC000FC385A10385AF01C1112DF5B2474705A9B
:109AD00011381A101439E019081AA41C6E04300148
:109AE0000812E0591C1A40081A84701A0C1C5A13E8
:109AF0001C5A501C2A6054598C5A14545A701C1AFF
:109B000080081A448C1A14385A15385A901C1AA016
:109B1000085A948C5A16385AB01C1AC0081AC41C19
:109B20001A1C385A17385AD01C2AE03859705A185B
:109B3000385AF01C1112E01B2454701A24385A1998
:109B4000381A101439E019085AB4705A1A385A30B1
:109B50001C1A40081AE41C1A2C386A1BE0591C2AEB
:109B6000603819701A341C5A1C1C5A701C1A800850
:109B70005AA48C5A1D545A901C1AA0081A648C1AA4
:109B80003C385A1E385AB01C1AC0085AD48C5A1F76
:109B9000385AD01C1AE0081304FF1B2444385A20FA
:109BA000385AF01C1112E15B24C4705A21381A1083
:109BB0001439E019081A74701A4C385A22385A307D
:109BC0001C1A40085AF4705A23385A501C1A60085C
:109BD0001A24701A54386A24E0591C1A80081AE4AE
:109BE000701A5C1C5A251C5A901C1AA0085AD48C56
:109BF0005A26545AB01C1AC0081A848C1A64385A4F
:109C000027385AD01C1AE0081A1470415A28385ABA
:109C1000F01C111AE2F8191C1A6C385A29381A105B
:109C20001439E019085AF4705A2A385A301C1A406C
:109C3000081A94701A74385A2B385A501C1A600833
:109C40005A34705A2C385A701C1A80081A641C1A1C
:109C50007C386A2DE0591C1AA0081B14FCC8191C7A
:109C60005A2E1C5AB01C1AC0081A041C415A2F54F0
:109C70005AD01C1AE0081AA48C1A8C385A30385A58
:109C8000F01C1112E35B24548C5A31381A10143929
:109C9000E019081B24FDC819385A32385A301C1AEA
:109CA00040081364FA1B249C1C6A33E0591C2A6088
:109CB00054191C416A34E0591C1A800812841C0192
:109CC00024A4386A35E0591C1AA0081A1470415AA5
:109CD00036385AB01C2AC03819A81AAC385A373846
:109CE0005AD01C2AE0A859FC5A38385AF01C1112D4
:109CF000E41B24B4FC1AB4385A39381A101439E069
:109D000019085A74FC5A3A385A301C1A40081AA4D6
:109D10001C1ABC386A3BE0591C1A60081A44701AB5
:109D2000C41C5A3C1C5A701C1A80085A348C5A3D68
:109D3000545A901C1AA0081AC48C1ACC385A3E38AF
:109D40005AB01C1AC0085A948C5A3F385AD01C2A50
:109D5000E038191C1AD4385A40385AF01C1112E550
:109D60005B2454705A41381A101439E019081AD477
:109D7000701ADC385A42385A301C1A40085AB470EB
:109D80005A43385A501C1A60081AE41C1AE4386AFC
:109D900044E0591C1A80081A74701AEC1C5A451CAD
:109DA0005A901C1AA0085A648C5A46545AB01C2A5D
:109DB000C054198C1AF4385A47385AD01C2AE0A8D3
:109DC000598C5A48385AF01C1112E61324041C010D
:109DD00024FC385A49381A101439E019085A84708A
:109DE0005A4A385A301C1A40081AF4705E0431017D
:109DF000084B385A501C2A601C59705A4C385A70FB
:109E00001C1A80081A24701A0C386A4DE0591C1A62
:109E1000A0081AA4701A141C5A4E1C5AB01C1AC05E
:109E2000085A948C5A4F545AD01C2AE0C41D02017F
:109E3000241C385A50385AF01C111AE75019704136
:109E40005A51381A101439E019081A441C1A2438C7
:109E50005A52385A301C1A40085AB4705A53385A59
:109E6000501C2A605419701A2C385A54385A701CD5
:109E70001A80085A34705A55385A901C2AA0701A01
:109E8000FD2019386A56E0591C1AC0084B74FA7044
:109E90006A57E0591C1AE0081A94541A3C386A5858
:109EA000E0591C111AE8501954416A59E019143943
:109EB000E019081A641C1A44386A5AE0591C1A40FE
:109EC000081A94701A4C1C5A5B1C5A501C1A6008D1
:109ED0005A848C5A5C545A701C1A80081AA48C1A22
:109EE00054385A5D385A901C1AA0085A548C5A5E3D
:109EF000385AB01C2AC054191C1A5C385A5F385A98
:109F0000D01C2AE05459705A60385AF01C1112E9DA
:109F10001B24B4701A64385A61381A101439E019C5
:109F2000085A74705A62385A301C1A40081AA41C15
:109F30001A6C386A63E0591C1A60081AC4701A74E3
:109F40001C5A641C5A701C2A8070598C5A65545AC9
:109F5000901C2AA038198C1A7C385A66385AB01CC2
:109F60001AC0085A948C5A67385AD01C2AE03819FB
:109F70001C1A84385A68385AF01C1112EA5B24D42F
:109F8000705A69381A101439E0291C19701A8C3863
:109F90005A6A385A301C1A40085AB4705A6B385AE8
:109FA000501C1A60081AE41C1A94386A6CE0591C98
:109FB0001A80081AF4701A9C1C5A6D1C5A901C2A9C
:109FC000A038598C5A6E545AB01C2AC01C198C1ACD
:109FD000A4385A6F385AD01C2AE0A8598C5A7038C5
:109FE0005AF01C1112EB142404FE1B24AC385A71D5
:109FF000381A101439E0291C4AFB385A72385A3082
:10A000001C1A40081AF4701AB4385A73385A501C83
:10A010002A601C59705A74385A701C1A80081A2405
:10A02000701ABC386A75E0591C2AA01C19701AC431
:10A030001C5A761C5AB01C1AC0085A148C5A7754F1
:10A040005AD01C2AE0A81D010124CC385A78385A6D
:10A05000F01C111AEC381970415A79381A10143959
:10A06000E019081A64C41AD4385A7A385A301C1ABB
:10A0700040084BD4FC385A7B385A501C1A60081ED2
:10A0800024020124DC385A7C385A701C1A80081AC1
:10A0900054541AE41C6A7DE0591C1AA0085AE4546E
:10A0A0005A7E545AB01C1AC0081A34541AEC385A42
:10A0B0007F385AD01C1AE0081AC4381AF41C6A8077
:10A0C000E0591C111AED3812FAD5240C011D17ACF9
:10A0D000100124B5D31F081832010808043201FC0E
:10A0E00004011C2413EFB61B082020D40B011B1AFB
:10A0F000D01C13D9B35B08283CB90419783C28B9A3
:10A1000001C8D403011A1AEC381399D15B0830380E
:10A11000810912447A3844D21917241101245DB8F8
:10A120001B083844392D0919445A4844DA16441A90
:10A130006844139FCE2B085444592C13A4EE1B24BF
:10A140004410D40301181AAC2C29B40A215CB47A47
:10A1500058B4D2175AD8B41A6444B2805A0204A927
:10A16000447A68B4C9444B1C12B49A80B41384EF87
:10A170003B2470B4D2161A602C29B40A2188B47A10
:10A1800078B4D2151A8C4429B4DA90B40912447AFE
:10A1900088B4C9445AD0B49AACB41364F03B249C3C
:10A1A000B4D2144B1413B40A21B4B47A98B4D213B1
:10A1B0001A404429B40A21BCB47AA8B4C9441A8408
:10A1C0004429B49AD8B41344F13B24C8B4D2125AE7
:10A1D000C8B40A21E0B47AB8B4D2115AF4B40A214E
:10A1E000E8B47AC8B4C9444B3814B48B0433B413FC
:10A1F00024F23B24F4B4D2101A7C2C29B41A0C2C6F
:10A20000091EB47AD8B4D20F1AA84429B41A144437
:10A21000091EB47AE8B4C9445AECB49A30B41304B1
:10A22000F31B242010D403010E4B3015B40A21383F
:10A23000B47AF8B4D20D1A5C4429B40A2140B46B44
:10A2400008BAB4C9441AA04429B49A5CB41AE4B454
:10A250003A4CB4D20C5AE4B40A2164B45A1870D4FB
:10A2600003010B4B1016B41A6C44B2405A0204A9F5
:10A27000447A28B4C9441A544429B49A88B413C4FB
:10A28000F43B2478B4D20A1A982C29B40A2190B449
:10A290007A38B4D2095AC4B4DA98B40912447A4864
:10A2A000B4C9444B0817B49AB4B413A4F53B24A41E
:10A2B000B43913911A4C2C29B40A21BCB47A58B47D
:10A2C000D2071A784429B41AC444B2205A0204A905
:10A2D000447A68B4C9445ABCB49AE0B41384F63BD7
:10A2E00024D0B4E2064A18B40A21E8B47A78B4D289
:10A2F000051A2C4429B4DAF0B40912447A88B4C996
:10A30000441A704429B48B0C34B41364F73B24FC16
:10A31000B4190DB15AB4B41A142C091EB47A98B4F5
:10A32000D2035AE0B41A1C44B2105A0204A9447A67
:10A33000A8B4C9444B2419B49A38B41344F81B2464
:10A3400028102B030146A11A682C29B40A2140B415
:10A350007AB8B4A92A211A944429B41A4844397104
:10A360000919447AC8B4C9445AD8B49A64B41324B5
:10A37000F93B2454B4E1171C1A012489B4DB086C9E
:10A38000B429DA2904A9701A7C446910CB042F90EF
:10A390007C2C58030C1B40042DB1392C19131A8C3A
:10A3A0006C291C5AE098413938191C1A9C1C2DDE66
:08A3B000CAFAA11C2908C10032
:04000005080002CD20
:00000001FF
