:020000040800F2
:1000000068260124E10200085B580008C94B00087B
:1000100059580008CD1C0008A9670008000000001E
:10002000000000000000000000000000CF5F00089A
:10003000F11C0008000000005D580008D15F0008B6
:10004000FB020008FB020008FB020008FB0200089C
:10005000FB020008FB020008FB020008FB0200088C
:10006000FB020008FB020008FB020008FB0200087C
:10007000FB020008FB020008FB020008FB0200086C
:10008000FB020008FB020008FB020008FB0200085C
:10009000FB020008FB020008FB020008FB0200084C
:1000A000FB020008FB020008FB020008FB0200083C
:1000B000FB020008FB020008FB020008FB0200082C
:1000C000FB020008FB020008FB020008FB0200081C
:1000D000FB020008FB020008FB020008FB0200080C
:1000E000FB020008FB02000800000000FB02000801
:1000F000FB020008FB020008FB020008FB020008EC
:10010000FB020008FB020008FB020008FB020008DB
:10011000FB020008FB020008FB020008FB020008CB
:10012000FB020008FB020008FB020008FB020008BB
:10013000FB020008FB020008FB020008FB020008AB
:1001400000000000000000000000000000000000AF
:10015000FB020008FB020008FB020008FB0200088B
:10016000FB020008FB020008FB020008FB0200087B
:10017000FB020008FB020008FB0200080000000070
:10018000FB020008FB020008FB020008FB0200085B
:10019000FB020008FB020008FB020008FB0200084B
:1001A000FB020008FB020008FB0200080000000040
:1001B000FB020008FB020008FB020008FB0200082B
:1001C000FB020008FB020008000000000000000025
:1001D0000000000000000000FB020008000000001A
:1001E000000000000000000000000000000000000F
:1001F0000000000000000000FB020008FB020008F5
:10020000FB020008FB02000800000000FB020008DF
:10021000FB020008FB020008FB020008FB020008CA
:10022000FB02000800000000FB02000800000000C4
:10023000FB020008FB02000800000000FB020008AF
:10024000FB020008FB020008FB020008FB0200089A
:10025000FB020008FB020008FB020008FB0200088A
:10026000FB020008FB020008FB020008FB0200087A
:10027000FB020008FB020008FB020008000000006F
:10028000FB020008FB020008FB020008FB0200085A
:1002900000000000FB020008FB0200080000000054
:1002A00000000000FB020008FB020008FB0200083F
:1002B000FB020008FB020008FB020008FB0200082A
:1002C000FB020008FB020008FB020008DFF80CD06C
:1002D00000F0CEFA0048004795BD000868260124CA
:1002E0000648804706480047FEE7FEE7FEE7FEE7D0
:1002F000FEE7FEE7FEE7FEE7FEE7FEE76D600008CB
:10030000CD0200082DE9F05F0546002092469B468D
:1003100088460646814640241BE02846414647461B
:10032000224600F0A7F853465A46C01A914110D30E
:1003300011461846224600F08EF82D1A67EB010888
:100340004F4622460120002100F085F817EB0009F6
:100350004E41201EA4F10104DFDC484631462A4606
:100360004346BDE8F09F2DE9F0410024061B2546D9
:1003700071F1000605DA01240027D0EB070067EBD6
:100380000101161E73F1000605DA0027D2EB070201
:10039000012567EB0303FFF7B5FF86460E461746B8
:1003A0009C46AC4204D00025D0EB050E65EB01065F
:1003B00024B10020D2EB000760EB030C70463146FD
:1003C0003A466346BDE8F08140EA01039B0703D04B
:1003D00009E008C9121F08C0042AFAD203E011F884
:1003E000013B00F8013B521EF9D27047D2B201E046
:1003F00000F8012B491EFBD270470022F6E710B52A
:1004000013460A4604461946FFF7F0FF204610BD82
:1004100030B504460020034600E05B1C934203D243
:10042000E05CCD5C401BF8D030BD30B50B460146DA
:1004300000202022012409E021FA02F59D4205D383
:1004400003FA02F5491B04FA02F52844151EA2F12D
:100450000102F1DC30BD202A04DB203A00FA02F16F
:10046000002070479140C2F1200320FA03F31943A2
:1004700090407047202A04DB203A21FA02F0002144
:10048000704721FA02F3D040C2F1200291400843A4
:100490001946704710B541000CD0C0F3C7519629DA
:1004A00008DC7E2909DC06DB410204D000F00040B4
:1004B00040F07E5010BD002010BDC1F19604C4F183
:1004C000200100FA01F1E04000F0F6F9A04010BD73
:1004D0002DE9FE4F804681EA0300C00F0C460090D4
:1004E00021F0004123F00045B8EB0200A94105D2FC
:1004F0004046214690461C460B46024623F00040EB
:10050000104347D0270DC7F30A00C3F30A510290E6
:10051000401A019040286BDAC3F3130040F4801BAB
:100520000098924620B10023D2EB030A63EB0B0B39
:1005300001985946C0F140025046FFF78CFF06462D
:100540000D4650465946019A00F0A4F910EB0800F8
:100550006141002487EA115284EAE7731A4340D0CC
:10056000009A62B3019A012A4FEA075215DC001B78
:1005700061EB02014FF0004202EA0752CDE900426E
:10058000001C41F5801132462B4600F0DBF903B028
:10059000BDE8F08F40462146F9E7001B61EB020100
:1005A000001C41F5801300185B412018A2F50017CC
:1005B00047EB030140EAD570B6196D4111E06D08B3
:1005C0004FEA360645EAC0754FEA0752001B61EB59
:1005D0000201001C41F5801149084FEA3000001962
:1005E000514132462B4603B0BDE8F04F00F09BB9B5
:1005F0000098012240000023D0EB020263EBE0737D
:10060000009821464FEAE074B8EB000061EB04016A
:10061000E9E783F000435BE781F0004158E72DE90B
:10062000FE4F81EA030404F0004421F000410094ED
:100630004FF0000B23F0004350EA01045ED052EA71
:1006400003045BD0C3F30A54C1F30A552C44A4F24B
:10065000F3340194A0FB0254C1F3130141F480115F
:10066000C3F3130343F4801301FB024400FB034E66
:10067000840A970A44EA815447EA8357A4FB07682F
:1006800002958D0A05FB07854FEA932C04FB0C5459
:100690002705029D4FEA065847EA1637B5EB0805CD
:1006A0006EEB070C870E920E47EA811742EA83121F
:1006B000A7FB0201B6EB0B0164EB00042B0D43EA30
:1006C0000C335E1844EB1C50DA465146E7FB02013E
:1006D000C5F313044FEA0B3343EA14534FEA0432D1
:1006E000019C43EA0603A4F10C040294009CCDE9AA
:1006F00000B400F027F903B0BDE8F08F00200146F8
:10070000F9E72DE9F04D81EA030404F0004B21F0F4
:10071000004514464FF0000A23F0004150EA05025C
:1007200020D054EA01021DD0C5F30A570246C5F392
:100730001303C1F31300C1F30A5640F4801543F4C8
:100740008013A7EB0608101BD64608F2FD3873EBA2
:10075000050002D308F1010801E092185B41B8F1ED
:10076000000F03DA00200146BDE8F08D00204FF4B1
:100770008011064684460EE0171B73EB050705D370
:10078000121B63EB050306434CEA010C49084FEAD0
:10079000300092185B4150EA0107EDD152EA0300A4
:1007A00012D082EA040083EA0501084305D0101B39
:1007B000AB4106D20122002306E000224FF00043A5
:1007C00002E06FF0010253101AEB06004CEB0851E7
:1007D00010EB0A0041EB0B01BDE8F04D00F0A3B8AF
:1007E00070B521F0004303430CD0C1F30A55002437
:1007F000D5EB040564EB0403D617AD1AB34102DB55
:100800000020014670BD201841EB025170BDC1F3BC
:100810000A52C1F3130140F2FF3341F480119A42AE
:1008200002DA00200146704740F233439A42A2F2B6
:10083000334202DC5242FFF71DBEFFF70CBE000040
:1008400030B5041E71F1000404DB4FF00044404257
:1008500064EB0101141E73F1000405DB1C464FF02C
:100860000043524263EB0403994208BF904230BDFB
:10087000064C074D06E0E06840F0010394E80700ED
:1008800098471034AC42F6D3FFF724FDA89704082C
:10089000C8970408202A06DBCB17203A41FA02F059
:1008A00043EAE07306E041FA02F3D040C2F12002CD
:1008B00091400843194670470029A8BF7047401C63
:1008C000490008BF20F00100704710B4B0FA80FC66
:1008D00000FA0CF050EA010404BF10BC704749B1A3
:1008E000CCF1200421FA04F411FA0CF118BF012113
:1008F00021430843A3EB0C01CB1D4FEA00614FEAF3
:10090000102042BF002010BC704700EBC3501044C1
:100910000029A4BF10BC7047401C490008BF20F04C
:10092000010010BC704710B5141E73F1000408DA02
:10093000401C41F1000192185B411A4301D120F0A3
:10094000010010BD2DE9F04D92469B4611B1B1FA60
:1009500081F202E0B0FA80F220329046FFF77BFD90
:1009600004460F4640EA0A0041EA0B0153465A4644
:10097000084313D0114653EA010019D0C8F14002D0
:100980005046FFF777FD05460E465046594642460B
:10099000FFF761FD084305D0012004E020463946F9
:1009A000BDE8F08D0020054346EAE0762C4337434E
:1009B0000A986305E40AA0EB08000022FD0A44EA55
:1009C00047540A3002D500200146E9E70105101915
:1009D0006941DDE9084500196941BDE8F04DA2E72C
:1009E00070B58C1810F8015B15F0070301D110F8F1
:1009F000013B2A1106D110F8012B03E010F8016B1E
:100A000001F8016B5B1EF9D12B0705D40023521EA0
:100A10000DD401F8013BFAE710F8013BCB1A921C08
:100A200003E013F8015B01F8015B521EF9D5A14206
:100A3000D8D3002070BD2DE9F04F86B09DF85870D6
:100A400000910392002F059318BF0123109C04FB13
:100A5000033304930F9D14BF2F4601270197BDF860
:100A600044305B0800F09F80DDF850B0139A02EB31
:100A700083030293DDF848E0039F5FEA9E08DDF8F8
:100A800000C057F8046B57F8043B03971A463146E9
:100A900022D05CF81E705CF8049B50F804AB2AFB73
:100AA000096650F8045B2AFB071150F804AB25FBDC
:100AB00007225CF81E7025FB09335CF8049B2AFBB7
:100AC00009662AFB071150F8045B25FB0933B8F1CE
:100AD000010825FB0722DCD10EF003078FB13CF99A
:100AE0001E803CF902AB30F9025B0AFB056630F967
:100AF000029B09FB0A3308FB0511013F09FB082291
:100B0000EDDCDDF84CA0159F3AF9024B57F804CB09
:100B10005BF8045BC4F1150999EA040940F3C88045
:100B20004FEA46064FEA410156FB05C651FB05C197
:100B300046FA04F641FA04F13AF9024B57F804CBAD
:100B40005BF8045BC4F1150999EA040940F3998044
:100B50004FEA43034FEA420253FB05C352FB05C26F
:100B600043FA04F342FA04F206F30706DDF80490B0
:100B7000179CDDF810802670A04401F3070188F867
:100B8000001003F3070304F8093002F3070208F822
:100B9000092004EB49021792CDF84CA0029C15974E
:100BA000A2457FF467AF119B13F0010354D0BDF849
:100BB00048E0039BDDF800C019685FEA9E070CEB74
:100BC0004E040E4615D05CF81E505CF8048B50F8AD
:100BD00004AB50F8043B2AFB08662AFB05115CF8BD
:100BE0001EA05CF8048B23FB086623FB0A11013F5F
:100BF000E9D11EF003070BD03CF81E303CF8029BF5
:100C000030F902AB19FB0A66013F13FB0A11F3DC52
:100C1000DDF84CA0159FBAF90040D7F800C0DBF80A
:100C20000050C4F1150999EA040958DD4FEA460657
:100C30004FEA410156FB05C651FB05C146FA04F6D1
:100C400041FA04F106F30706179A049C167001F3A3
:100C500007011155019B1A441199169B109C33B141
:100C60000F9B04F1020003FB1100104406E0A2EB0D
:100C70000100059A04F1020402FB040006B0BDE87D
:100C8000F08F002C42DD4FF0010909FA04F94FEA18
:100C9000A90953FB05934FEA430343FA04F3634462
:100CA00052FB05924FEA420242FA04F262445BE7C9
:100CB000002C3CDD4FF0010909FA04F94FEAA909BB
:100CC00056FB05964FEA460646FA04F6664451FB83
:100CD00005914FEA410141FA04F161442CE7002CEF
:100CE00036DD4FF0010909FA04F94FEAA90956FB6C
:100CF00005964FEA460646FA04F6664451FB05910E
:100D00004FEA410141FA04F161449BE7C4F1010952
:100D100003FA09F303F31F0353FB15F302FA09F275
:100D200002F31F0252FB15F2634462441CE7C4F154
:100D3000010906FA09F606F31F0656FB15F601FA35
:100D400009F101F31F0151FB15F166446144F3E61B
:100D5000C4F1010906FA09F606F31F0656FB15F65B
:100D600001FA09F101F31F0151FB15F166446144D9
:100D700068E7000000000000000000000000000024
:100D80002DE9F04F99B0149013911692129329986F
:100D900000F00303032B0CBF01260026179603283F
:100DA0000CBF01260026189610F00200259B002893
:100DB00014BF18460120109026980CBF0646012645
:100DC0001196DDE92C04002C18BF20462C902698A3
:100DD000012840F3BE814FEA4303299C14F0020F1F
:100DE00001D14FF0020315934FF00008CDF8348085
:100DF000DDF834B0239A02EB8B02B2F90030B2F97D
:100E00000240CDE90434229A02EBCB02D2E900126F
:100E1000CDE902122B9A02EBCB02D2E90012CDE906
:100E20000012002BCCBF00204FF0FF30152BC8BFA5
:100E30000120002CCCBF00214FF0FF31152CC8BF82
:100E40000121CDE906012D9B002B00F09782289B04
:100E5000002B40F0BB821A461846169901EBCB01D5
:100E6000D1E9003403441444CDE90934129A24989A
:100E700018992A9B00291CBF0332D218DDF8509024
:100E80000B92401000F044810F930E900B9B279F14
:100E9000119A2C9EDDE909CEE246F34613440C93E9
:100EA0005FEA271800F0948059F807502FFA85F46C
:100EB00056F8040B2FFA95F556F8041B24FB00AAEC
:100EC00025FB01AA56F8042B56F8043B24FB02BB71
:100ED00059F8044B25FB03BB2FFA84F52FFA94F441
:100EE00025FB00CC56F8040B25FB02EE59F8075001
:100EF00024FB01CC24FB03EE2FFA85F42FFA95F5A1
:100F000056F8041B24FB00AA56F8042B25FB01AA63
:100F100056F8043B24FB02BB59F8044B25FB03BBEA
:100F20002FFA84F52FFA94F425FB00CC25FB02EE72
:100F300059F8075024FB01CC56F8040B24FB03EEB0
:100F40002FFA85F42FFA95F556F8041B24FB00AA16
:100F500056F8042B25FB01AA56F8043B24FB02BBE0
:100F600059F8044B25FB03BB2FFA84F52FFA94F4B0
:100F700025FB00CC25FB02EE56F8040B24FB01CC2C
:100F800059F8075024FB03EE2FFA85F42FFA95F554
:100F900056F8041B24FB00AA56F8042B25FB01AAD3
:100FA00056F8043B24FB02BB59F8044B25FB03BB5A
:100FB0002FFA84F52FFA94F425FB00CC25FB02EEE2
:100FC000B8F1010824FB01CC24FB03EE3FF76CAF22
:100FD00017F00F0046D0C7F38108B8F1000F26D0F4
:100FE00059F807502FFA85F42FFA95F556F8040BA7
:100FF00056F8041B24FB00AA56F8042B25FB01AA73
:1010000056F8043B24FB02BB59F8044B25FB03BBF9
:101010002FFA84F52FFA94F425FB00CC25FB02EE81
:1010200024FB01CC24FB03EEB8F10108D8DC17F057
:101030000308B8F1000F15D0279836F9023B36F9AE
:10104000025B99F9001013FB01CC15FB01EE19F9B5
:10105000001013FB01AA15FB01BB09F10109B8F14E
:101060000108EADC0B9D2E46179868B10F9A901E76
:1010700009DC0C9CC2F1020204EB42020C922A9A97
:10108000104405F102050F9000980299049A069BFE
:101090000C9F002B40F0C9804FEA4C0C4FEA4A0AE3
:1010A0005CFB010C5AFB010A4CFA02FC4AFA02FAF8
:1010B0000CF3070C0AF3070A86F800C087F800A0B3
:1010C00001980399059A079BDDF84080002B40F0BA
:1010D000D4804FEA4E0E4FEA4B0B5EFB010E5BFBDA
:1010E000010B4EFA02FE4BFA02FB0EF3070E0BF356
:1010F000070B06F808E007F808B0119B279A05EBE4
:1011000043030B9391440E9B013B0E937FF4BEAEC1
:10111000CDF82090249B13F0010F40F0D680139B54
:10112000279A03EB42031393129B159A13441293CD
:101130002D9B23B12C9B279A03EB82032C930D9AB2
:10114000269B4FEA630302F101020D9293423FF79F
:101150004FAE269D15F0010560D0DDF8A880189DE2
:10116000129E002D1CBF033646442499002955DDEC
:10117000CDF83C80169D269FA7F1010705EB870C53
:10118000DCF800C0229B03EB870424682B9B03EB55
:1011900087000068239B03EB4707B7F90070289A84
:1011A000002FCCBF4FF000094FF0FF39152FC8BFFB
:1011B0004FF00109149DDDF89CB0BBF1000FE6462D
:1011C0000CDDDDF84C8015F9013B18F901ABA3EB00
:1011D00002030AFB03EEBBF1010BF4DCB9F1000FD3
:1011E00040F064814FEA4E0E5EFB040E4EFA07FE9D
:1011F0000EF3070E86F800E0299B13F0020F11D0C2
:1012000013F0010F05D00F9B013B02D12A9B06F181
:10121000020606F101060F930139CCDC002019B05B
:10122000BDE8F08F269B1E44F6E7013314D04FF043
:10123000010303FA02F34FEAA3035CFB013C4FEA0C
:101240004C0C4CFA02FC84445AFB013A4FEA4A0A1D
:101250004AFA02FA82442BE7C2F101030CFA03FCBA
:101260000CF31F0C5CFB11FC0AFA03FA0AF31F0AC9
:101270005AFB11FA844482441AE7013314D04FF028
:10128000010303FA02F34FEAA3035EFB013E4FEAB8
:101290004E0E4EFA02FE86445BFB013B4FEA4B0BBF
:1012A0004BFA02FB834420E7C2F101030EFA03FE6E
:1012B0000EF31F0E5EFB11FE0BFA03FB0BF31F0B6D
:1012C0005BFB11FB864483440FE7279FDDF82090EA
:1012D0002C9EDDE909CE5FEAA70818D059F8044B27
:1012E00056F8040B56F8041B56F8042B56F8043B2A
:1012F0002FFA84F52FFA94F425FB00CC25FB02EE9F
:1013000024FB01CC24FB03EEB8F10108E6DC17F066
:101310000308B8F1000F0CD036F9023B36F9025B36
:1013200019F9011B13FB01CC15FB01EEB8F1010803
:10133000F2DC00980299049A069B109F0B9E37449A
:10134000002B40F099804FEA4C0C5CFB010C4CFAEE
:1013500002FC0CF3070C86F800C001980399059A6B
:10136000079B002B66D14FEA4E0E5EFB010E4EFA34
:1013700002FE0EF3070E87F800E0D0E61398279FD1
:1013800000EB07092C9B032F11DD4FEAA70650F84D
:10139000041B59F8044B2FFA91F22FFA81F12FFA1E
:1013A00094F82FFA84F4A3E81601013EEFDC17F05D
:1013B00003067FF74CAD10F9011B23F8021B19F946
:1013C000011B23F8021B013EF5DC40E5279E2C9A09
:1013D0004FF000031846B11017D0B2E8801600FA9B
:1013E00087F000FAA7F000FA89F000FAA9F003FAF2
:1013F0008AF303FAAAF303FA8CF303FAACF3013984
:10140000EBDCC0F10000C3F1000316F003010BD0C8
:10141000B2F90040A0EB0400B2F90240A3EB0403D0
:10142000013902F10402F3DC289A02FB00F003FB0D
:1014300002F212E5013311D04FF0010303FA02F377
:101440004FEAA3035EFB013E4FEA4E0E4EFA02FE48
:1014500086440EF3070E87F800E060E6C2F1010350
:101460000EFA03FE0EF31F0E5EFB11FE86440EF312
:10147000070E87F800E052E601330DD04FF001036C
:1014800003FA02F34FEAA3035CFB013C4FEA4C0C66
:101490004CFA02FC84445CE7C2F101030CFA03FC41
:1014A0000CF31F0C5CFB11FC844452E77B1C0DD039
:1014B0004FF0010303FA07F34FEAA3035EFB043E78
:1014C0004FEA4E0E4EFA07FE864491E6C7F101033D
:1014D0000EFA03FE0EF31F0E5EFB14FE864487E633
:1014E0002DE9F04F99B000BF14901391169212930A
:1014F0004FF00008CDF83480DDF834B0239A02EBC9
:101500008B02B2F90030B2F90240CDE90434229ADC
:1015100002EBCB02D2E90012CDE902122B9A02EBC8
:10152000CB02D2E90012CDE9001213982C9B4FF0A8
:101530001006046C50F8041B2FFA91F22FFA81F177
:101540002FFA94F82FFA84F4A3E81601013EF0DC98
:10155000289B2C9A4FF0000318464FF01001B2E878
:10156000001700FA88F000FAA8F000FA89F000FAF3
:10157000A9F003FA8AF303FAAAF303FA8CF303FA45
:10158000ACF30139EBDCC0F10000C3F10003289A91
:1015900002FB00F003FB02F2169901EBCB01D1E94B
:1015A000003403441444CDE90934129A4FF0050382
:1015B00002F103021A44DDF850900B924FF03E07FF
:1015C0000F930B9B2C9EDDE909CEE246F34603F117
:1015D00001030C934FF00408D9F840502FFA85F41A
:1015E00056F8040B2FFA95F556F8041B24FB00AAB5
:1015F00025FB01AA56F8042B56F8043B24FB02BB3A
:1016000059F8044B25FB03BB2FFA84F52FFA94F409
:1016100025FB00CC56F8040B25FB02EED9F8405010
:1016200024FB01CC24FB03EE2FFA85F42FFA95F569
:1016300056F8041B24FB00AA56F8042B25FB01AA2C
:1016400056F8043B24FB02BB59F8044B25FB03BBB3
:101650002FFA84F52FFA94F425FB00CC25FB02EE3B
:10166000D9F8405024FB01CC56F8040B24FB03EEC0
:101670002FFA85F42FFA95F556F8041B24FB00AADF
:1016800056F8042B25FB01AA56F8043B24FB02BBA9
:1016900059F8044B25FB03BB2FFA84F52FFA94F479
:1016A00025FB00CC25FB02EE56F8040B24FB01CCF5
:1016B000D9F8405024FB03EE2FFA85F42FFA95F564
:1016C00056F8041B24FB00AA56F8042B25FB01AA9C
:1016D00056F8043B24FB02BB59F8044B25FB03BB23
:1016E0002FFA84F52FFA94F425FB00CC25FB02EEAB
:1016F000B8F1010824FB01CC24FB03EE3FF76CAFEB
:101700000B9D2E460F9A901E09DC0C9CC2F1020222
:1017100004EB42020C9200F1050005F102050F9066
:1017200000980299049A0C9C4FEA4C0C4FEA4A0A22
:101730005CFB010C5AFB010A4CFA02FC4AFA02FA61
:101740000CF3070C0AF3070A86F800C084F800A01F
:1017500001980399059A4FEA4E0E4FEA4B0B5EFB38
:10176000010E5BFB010B4EFA02FE4BFA02FB0EF37D
:10177000070E0BF3070B86F8BDE084F8BDB005F14A
:1017800002030B9309F14009013F7FF41AAFCDF832
:101790002090DDF820902C9EDDE909CE4FF0100856
:1017A00059F8044B56F8040B56F8041B56F8042B52
:1017B00056F8043B2FFA84F52FFA94F425FB00CC5D
:1017C00025FB02EE24FB01CC24FB03EEB8F101085B
:1017D000E6DC00980299049A0B9E4FEA4C0C5CFBE5
:1017E000010C4CFA02FC0CF3070C86F800C00198BF
:1017F0000399059A4FEA4E0E5EFB010E4EFA02FE69
:101800000EF3070E86F8BDE0139B03F180031393DC
:10181000129B159A03F5BD7312930D9A02F1010202
:101820000D92202AFFF668AE002019B0BDE8F08FB7
:101830002DE9F74F06460D4600242DED020B2DED48
:101840000C8B88B0B0EE608AF0EE40BAB0F8820639
:101850000290304603F05CFEF0EE408A29463046A6
:1018600003F0FCFDB0EE409A9FEDFEAAB1EE001B26
:1018700039EE0A0AB7EEC00A04F0E6FFF7EEC09BA5
:1018800038EE0A0AB1EE001BB7EEC00A04F0DCFF26
:1018900095ED0B2AB7EE008ADFEDF32AB7EEC00B09
:1018A000F249F0EE480A30EE691ADFEDF1AAC1EE16
:1018B0002B1AB0EE601A02EE221A80EE812A30EE68
:1018C00061BA8DED042ACDED050AB5F9400095ED1C
:1018D0000D1A00EE100AF8EEC01AB0EE600A01EE22
:1018E000210A8DED060AB5F94220D5ED0E1A101A1F
:1018F00001EE100AB8EEC11A41EE810A20EE800A0C
:101900008DED070AB6F8140600EE100AB8EE400A8C
:1019100010EE100A884201DD30EE6A0AB6F8102691
:101920008027B5F9140000EE902AB6F880366A4692
:10193000B8EE601A00EE900A07EA531A8DED001A0D
:10194000F8EEE00AB6F8500680EE80CA00EE100A03
:10195000B8EE400A8DED010A02EB84008B4690ED53
:10196000000A10EE103A8B4203DD30EE6A0A80ED79
:10197000000A20EE0C0A641C022C80ED000AEBDB4E
:1019800095ED082AF3EE091A05F500509FEDB90A06
:10199000D5ED072A9DED001AF0EE480A79EE61CAEE
:1019A00005F520510391B0F94C1A38EEC0DAB0EECB
:1019B000600A01EE901A02EE2C0A42EE8D0AF8EE51
:1019C000E11A60EE211A01EEE01A8DED001A95F889
:1019D000252052450ED1B0F94E0ADDED011A01EE77
:1019E000100AB8EEC11A20EE010A40EE601ACDEDE1
:1019F000011A12E0B0F94E1A039801EE901A9DED0B
:101A0000011A90ED942AF8EEE11A71EE821A21EE95
:101A1000800A00EE601A8DED011A002404F1020C18
:101A2000E0174FEAEC7804EB906204EBD06192117E
:101A30005242491101EB420104EB9077E31C04EBA5
:101A4000D4720CEB987052104FEAE378524204F1D2
:101A5000010903EB9878801004EB42024FEAE97C1D
:101A600049B24A40A0EBA80809EB9C704FFA82FEED
:101A70004A42012308EBA00003EB4202A0EBA700BF
:101A80005043BAF1000F42B27DD07046B6F88236AC
:101A9000834279D136F8140000EE100AB8EE400AFD
:101AA00010EE100A584501DD30EE6A0A05EB84009D
:101AB00000F5805705EB4403D7ED911A60EE0C0A50
:101AC000B0EE480AB3F9443C00F5E05C01EEAC0A24
:101AD00001EE903A9CED912AB0EE481AF8EEE11A28
:101AE00002EE0D1A95F8257020EE210A574540EEBA
:101AF000410A14D000EE102A4FF0FF37039B07EB8A
:101B00004101B8EEC02A00EE101AD3ED961A93EDFB
:101B1000951AB8EEC00A41EE800A41EE420A0299D7
:101B200095ED060AF0EE489A05EB8101029A01F55F
:101B30002051C0EEAB8AD0ED110A91ED911A95EDCE
:101B40000A2A684640EE410AB0EE691A00EB8200AC
:101B500002EE2C1AD0ED001A20EE819A40EE618A36
:101B6000B7EEC90AB0EE081B04F06EFEB0EE681ABC
:101B700009EE0B1AB7EEC11A20EE010BB7EEC00B3F
:101B8000B7EEC00A01E02FE08FE005F029FB05F079
:101B900027FB95ED0C1AB7EEC12A20EE020BB7EE2B
:101BA000C00BF0EE690A41EE4A0A09EE200AC8EEBF
:101BB000800A30EE8B0AB7EEC00A05F011FB05F083
:101BC0000FFB9FED2D1BB5F93E0030EE411B00EEE3
:101BD000900AF8EEE00AB7EEC10BF4EEC00AF1EE9F
:101BE00010FA03DD00201CE008464FE7B5F940007D
:101BF00000EE900AF8EEE00AF4EEC00AF1EE10FAF8
:101C000001DD01200DE0B5F9420000EE900AF8EE8A
:101C1000E00AF4EEC00AF1EE10FA01DD022000E065
:101C2000032004AA05EB400105EB800302EB8000D2
:101C3000B1F93C1093ED0B1A00EE901AD0ED001A9A
:101C4000F8EEE00A30EE600A61EE890A41EE009A91
:101C500029EEA00AC8EE800A30EE8B0AB7EEC00A61
:101C60000EE00000339388430000204200FEFF4650
:101C7000000080473333534000000060661271401B
:101C800005F0AEFA05F0ACFA9FED0D2B9FED0E1AA4
:101C9000189930EE420BB7EEC00B20EE010ABCEEF5
:101CA000C00A10EE100A21F81400641CB4F5407F3D
:101CB000FFF6B4AE08B0BDEC0C8B05B0BDE8F08FFC
:101CC00066666666661271400000C842FEE7401A0A
:101CD00000F1210103296FF0050205D3411C0329FE
:101CE00002D31F38032801D21046704700207047E6
:101CF000704772B6FEE700002DE9F34FB0F84010D0
:101D00001E23BBB0B0F842B001F00F090446C1F386
:101D1000031203EB113AC1F303210020CDE938127D
:101D20000DF1800804EB40018200401CB1F8441022
:101D300001F00F030F0BC1F30315C1F3032608EBEA
:101D4000820101F1040148F82230062881E8E00010
:101D5000E8DB002058F82010072902DD103948F888
:101D60002010401C1828F5DB0020694604EB4003D6
:101D70008200401CB3F85030082803F00F054FEAEA
:101D8000133CC3F30316C3F3032701EB820303F1F0
:101D9000040341F8225083E8C010E7DB5FF0000045
:101DA00051F82020072A02DD103A41F82020401C7B
:101DB0002028F5DB0120002500FA09F95FF0000674
:101DC0003C9A06EB4510274904EB400302EB8007E1
:101DD000B3F88000C0F3051000EE100AB8EE400A18
:101DE00010EE100A87ED110A884205DDDFED1E0AAC
:101DF00030EE600A87ED110A58F8252038985DF812
:101E00002610B0EE402A824039985A4400EE909A4B
:101E100000EE10AA81405018F8EEE00AB8EE401B20
:101E200000EE100A62EE200AB8EEC00A30EE200A78
:101E300087ED110AB0EE000B04F006FD97ED111AC4
:101E4000761C202EB7EEC11A81EE002BB7EEC20B26
:101E500087ED110AB4DB6D1C182DAFDB3DB0BDE87A
:101E6000F08F00000000F8410000804230B5838A06
:101E70008024B0F86A20224D04EA131002F03F04D7
:101E800000EE104A80F08003B8EE400A10EE100A0F
:101E9000A84203DDDFED1B0A30EE600AC2F38410B6
:101EA000194C00EE900A9FED191ADFED191AF8EEA1
:101EB000600A20EE011A10EE900AA04201DD70EED9
:101EC000E10AD00A00EE100AB6EE002AB8EE400A87
:101ED00060EE820A10EE100AA04201DD30EE610AC7
:101EE000F4EE001A01F5205281F8253020EE210A87
:101EF00082ED941AC2ED950A82ED960A30BD00007B
:101F00000000F84100008042000070410000803D68
:101F1000000000422DE9F04106460D461B212DED43
:101F2000048BB0F84000B6F8742001EB1031C2F316
:101F30000900B0F5007F60F30F0403DBA0F58060BB
:101F400060F30F04900A1F2860F31F4402DD40383D
:101F500060F31F44B6F87230484A04EB2440C3F3E0
:101F6000090300EE103A60F31F44B8EE408A18EE01
:101F7000100A904203DD9FED420A38EE408A00EEDF
:101F8000101AB8EE401BB0EE000B04F05DFCB7EE8B
:101F9000C82AB6F872003B49800A82EE001B00EEA8
:101FA000100AB8EE400A10EE100A8842F7EEC18B14
:101FB00003DDDFED350A30EE600A9FED341AF7EEEF
:101FC000000A96F8760040EE010A00EE100A304F43
:101FD000DFED309AB8EE408AB0EE680A18EE100ACB
:101FE00020EE809AB84201DD38EE698A96F87000DA
:101FF000C0F30310083000EE100AB8EE401BB0EE3C
:10200000000B04F021FCB7EEC81A81EE002BB7EEEE
:10201000C20B85ED080AB6F87600000A00EE100A39
:10202000B8EE408A18EE100AB84201DD38EE698A2F
:10203000B6F87000C0F3032000EE100AB8EE401BA3
:10204000B0EE000B04F000FCB7EEC81A05F5205006
:1020500005F50051221481EE002BB7EEC20B85ED81
:10206000070AC0ED918A80ED929AA1F84C4AA1F836
:102070004E2ABDEC048BBDE8F08100000080FF43D8
:10208000000080440000F841000080420000003C55
:102090000000FE42000080432DE9F0410E468446D8
:1020A00000214FF6FF730C460D46084606EB410231
:1020B00002F500524F1CB9B2A2F85C3A0529A2F809
:1020C000663AF3D300214FF4407300BF0CEB41029A
:1020D000B2F88020BAB1D20707D006EB450202F56C
:1020E00000526D1CADB2A2F8661A491C89B2994221
:1020F00003D2052C01D2052DE8D3042C0CD96FF0A6
:102100000200BDE8F08106EB440202F50052641CB7
:10211000A4B2A2F85C1AE8E7042D02D96FF003001C
:10212000EFE76119042902D96FF00400E9E7002301
:1021300017E000BF06EB43015F1C01F500580CE0FF
:1021400006EB470000F50050B0F85C1AB8F85C0ADE
:10215000FFF7BDFD0028D4D17F1CA742F0DB5B1C3C
:102160009BB2A342E6D3002317E000BF06EB430176
:102170005F1C01F500580CE006EB470000F500502D
:10218000B0F8661AB8F8660AFFF7A1FD0028B8D1C2
:102190007F1CAF42F0DB5B1C9BB2AB42E6D300235B
:1021A00017E000BF06EB4301002701F500580CE0E3
:1021B00006EB470000F50050B0F8661AB8F85C0A64
:1021C000FFF785FD00289CD17F1CAF42F0DB5B1C34
:1021D0009BB2A342E6D394E7B0F96000B0F5004F9C
:1021E00000DB00B288827047B0F878000A4A000A23
:1021F00000EE100AB8EE400A10EE100A904203DD1D
:10220000DFED060A30EE600ADFED050A20EE200A57
:1022100081ED0A0A704700000000FE420000804382
:1022200000000039F0B530F87E4F00252D4E6FF0DC
:1022300027028A872A46CD8710F80459C4F301344F
:10224000012304EB8404C5F30315A1F840508788EB
:102250006400DFED250A15FB04F5C7F30327A1F899
:10226000405017FB0454A1F842400578047900EE71
:10227000105A04F00F040834B8EE400AA34081ED70
:102280000B0A0488240A00EE104AB8EE400A81EDD9
:102290000C0A847800EE104AB8EE400A81ED0D0A6F
:1022A0004088000A00EE100AB8EE400A81ED0E0ADE
:1022B00001EB820090ED0B0A10EE104AB44203DDF0
:1022C00030EE600A80ED0B0A00EE103A90ED0B1A2A
:1022D000521CB8EEC00A042AC1EE001AC0ED0B1A57
:1022E000E6DBF0BD0000FE42000080432DE9F34F25
:1022F0000646B0F86C00002581B040F307217F2925
:1023000000DD49B28DF8001040B27F2800DD40B2F8
:102310008DF80200B6F86E0040F307217F2900DD3A
:1023200049B28DF8011040B27F2800DD40B28DF82F
:10233000030096F870200120DFF8CCA0EB46C2F332
:10234000031102F00F0201F1080900FA02F800245B
:1023500004EB4511C81701EBD17201EB906301EB5F
:10236000D067981140427B1122F0010203EB40003C
:102370008A1A02EB400006EB4103C2B2029800EB5E
:10238000810793F8800007F58057C0F3420000EE04
:10239000100AB8EE400A10EE100A87ED910A504577
:1023A00005DDF2EE000A30EE600A87ED910A00EEDC
:1023B000108A00EE909A1BF90210B8EEC00AB8EE2F
:1023C000601B97ED912A00EE901A22EE000AF8EEBB
:1023D000E00A30EE800A87ED910AB0EE000B04F0BF
:1023E00033FA97ED911A641C202CB7EEC11A81EED6
:1023F000002BB7EEC20B87ED910AA9DB6D1C182DDF
:10240000A5DBBDE8FE8F0000000040402DE9F84349
:10241000B0F8683000258946190B072900DD10390E
:102420008DF80010C3F30322072A00DD103A8DF85F
:102430000220C3F30311072900DD10398DF80110C4
:1024400003F00F02072A00DD103A8DF80320B0F8E0
:102450007000E846C0F303265FF0000404EB45106B
:1024600000EE106AC11700EBD07200EB916300EB35
:10247000D1679B115B4222F001017A1102EB43020A
:10248000411A01EB4201C9B209EB8007B8EE401BCB
:1024900018F9010007F5E05700EE900AB8EEE00ADF
:1024A00087ED910AB0EE000B04F0CEF997ED911A8A
:1024B000641C202CB7EEC12A82EE001BB7EEC10BC4
:1024C00087ED910ACADB6D1C182DC5DBBDE8F883CA
:1024D0002DE9F34F028C0021B0F92230B8B002F0A0
:1024E0000F0AB3F5004FC2F30319C2F3032E00DB4A
:1024F0001BB220AA00EB41048D00491CA48C0629C4
:1025000004F00F064FEA143CC4F30317C4F3032886
:1025100002EB850404F1040442F8256084E880118C
:10252000E8DB0021934652F82140072C03DD103CE4
:102530005A464BF82140491C1829F3DB0022694612
:1025400000EB42049500521C248E082A04F00F066A
:102550004FEA143CC4F30317C4F3032801EB8504CA
:1025600004F1040441F8256084E88011E8DB0022CE
:1025700051F82240072C02DD103C41F82240521C49
:10258000202AF5DB002400225BF8245005FA0EF522
:1025900002EB4416DDF8E4C000EB46070CEB460600
:1025A000B7F88070BF0AA6F8447C1F2F02DD403FB9
:1025B000A6F8447CBFB231F8228007FA0AF7521C11
:1025C000202A08FA09F805EB080C1F446744A6F80E
:1025D000447CDDDB641C182CD5DB3AB0BDE8F08F01
:1025E00070B50C460546254A2DED028BB0F86410F7
:1025F000880A00EE100AB8EE400A10EE100A904267
:1026000003DDDFED1F0A30EE600A9FED1E1AC1F3F5
:1026100009001D4900EE900A20EE018AB8EE600A1A
:1026200010EE100A884203DDDFED180A30EE600A72
:10263000F4EE000AB5F86260B2EE0C1B60EE208A80
:10264000B0EE000B04F000F9288CB2EE002B00F481
:10265000704001EE100A84ED018AC4ED028AB8EEE2
:10266000411BA68181EE003B33EE020BB7EEC00B9F
:1026700084ED040ABDEC028B70BD00000000F8413F
:1026800000008042000080390080FF430000804449
:1026900090F87800094A00EE100AB8EE400A10EEF1
:1026A000100A904203DDDFED060A30EE600ADFED2E
:1026B000050A20EE200A81ED060A70470000FE425E
:1026C000000080430000003DB0F86620100A7F281B
:1026D00001DDA0F58070D2B24FF440434001088084
:1026E00003EB42124A807047002901DA002102E020
:1026F000202900DB1F21002A01DA002202E0182A2B
:1027000000DB172201EB421100EB810090ED000A83
:102710007047000070B5044600F022F90546601CC1
:1027200002D004480078044400F01AF9401BA0428B
:10273000FAD370BDD0DC00242DE9F84F03247A4D84
:1027400000234FF001094FF0B04B4FF00F0AE4E0C7
:1027500009FA03F6324078D00F7907F00307012F0A
:1027600001D0022F1AD187684FEA430ED1F80CC06E
:1027700004FA0EF827EA08070CFA0EFC4CEA070CDC
:10278000C0F808C0476891F804C0B743CCF3001CF8
:102790000CFA03FC4CEA070CC0F804C00E79F643AF
:1027A000B6070BD0C6684FEA43088F6804FA08FCE6
:1027B00026EA0C0607FA08F73743C7600E7906F0D9
:1027C0000306022E12D1DE080F694FEA437C00EBAC
:1027D0008606B646366A4FEADC6C0AFA0CF807FA47
:1027E0000CF726EA08063743CEF820700F79066802
:1027F0004FEA430807F0030704FA08FC07FA08F752
:1028000026EA0C06374307604E6816F4403F1CD09A
:10281000464E376847F00207376036689F0706F074
:102820000206009623F0030606F1B046B6463F0FB7
:10283000D6F80864DFF8F8800AFA07FC404526EA73
:102840000C0603D14FF0000C3AE065E0DFF8E4C07D
:10285000604502D14FF0010C32E0DFF8DCC060458A
:1028600002D14FF0020C2BE0DFF8D0C0604502D15E
:102870004FF0030C24E0DFF8C8C0604502D14FF0F0
:10288000040C1DE0DFF8BCC0604502D14FF0050C20
:1028900016E0DFF8B4C0604502D14FF0060C0FE03F
:1028A000DFF8A8C0604502D14FF0070C08E0DFF860
:1028B000A0C0604502D14FF0090C01E04FF00A0CB6
:1028C0000CFA07FC4CEA060CCEF808C44F68DBF89B
:1028D0000060FF0226EA020600D516435F46CBF8E9
:1028E0000060D1F804C0DBF804605FEA8C2C26EAB3
:1028F000020600D516437E606E684F6826EA02061F
:10290000BF0300D516436E602E684F6826EA0206A4
:10291000FF0300D516432E605B1C0A6832FA03F6EB
:102920007FF416AFBDE8F88F80000058F4440258D9
:10293000000002580004025800080258000C025817
:10294000001002580014025800180258001C0258C7
:10295000002402580AB1816170470904FBE70000B6
:102960000148806870470000D0DC002430B590F842
:102970004120202A24D190F84020012A20D0012390
:1029800080F84030242280F841202023002402686F
:10299000156825F0010515600268156825F4805555
:1029A0001560026815680D43156001680A6842F0F9
:1029B00001020A6080F8413080F84040002030BDBC
:1029C000022030BD30B590F84120202A22D190F865
:1029D0004020012A1ED0012380F84030242280F8B4
:1029E0004120202400250268136823F001031360AE
:1029F0000268136823F4706343EA012111600168DF
:102A00000A6842F001020A6080F8414080F84050B4
:102A1000002030BD022030BD074908B50A6842F0E9
:102A200002020A60096801F00201009103490A6884
:102A300002430A6008BD0000F44402580404005830
:102A400070B5040004D094F84100002510B106E0F0
:102A5000012070BD204684F8405000F0AFF92420DA
:102A600084F841002068016821F001010160D4E987
:102A7000001020F0706008612068816821F4004136
:102A80008160E06821680128A06830D040F40440EB
:102A90008860E0680228206841682BD021F400613A
:102AA000416020682021154A436813434360206831
:102AB000C26822F40042C26054F8106B0DCC10437F
:102AC00040EA0320F06054F81C3CD4E900021043B3
:102AD000186054F81C0D026842F00102026065643F
:102AE00084F84110256384F84250002070BD40F402
:102AF0000040CDE741F40061D2E700000080000211
:102B00002DE9FF4F83B0044690F841009A46934662
:102B1000DDE91087DDF84890202874D15FEA0800CD
:102B200014D09FB194F8400001286CD0012084F8A3
:102B30004000FFF715FF0122064619230090D1033C
:102B4000204602F057F9002871D103E04FF40070DD
:102B500060646CE00025C4F82480222184F84110D0
:102B6000402084F8420065646785534665635A4691
:102B700004992046CDE9009602F0C0F810B184F81F
:102B8000405054E0618DFF2734484FF08078FF2992
:102B90004FF0007A04D927853A464346009005E075
:102BA000618D53462185009094F828202046049991
:102BB00002F008F900224B4604212046009602F05C
:102BC00019F9A0BB2068616A406A0870606A401CFD
:102BD0006062208D401E81B22185608D401E60851F
:102BE000608DD8B1D1B900224B4680212046009695
:102BF00002F000F9D8B9608DFF2805D927853A463B
:102C00004346009506E026E0608D534620850095FA
:102C100094F828202046049902F0D4F8608D00280A
:102C2000C8D132464946204602F022F918B10120A7
:102C300007B0BDE8F08F21682020094AC8612168EB
:102C40004B6813404B6084F8410084F842500020E8
:102C500084F84050ECE70220EAE7000000240080FE
:102C600000E800FE2DE9FF4F83B0044690F84100D4
:102C70009A469346DDE91087DDF84890202871D107
:102C80005FEA080014D09FB194F84000012869D091
:102C9000012084F84000FFF763FE01220646192355
:102CA0000090D103204602F0A5F800286ED103E081
:102CB0004FF40070606469E00025C4F8248021218D
:102CC00084F84110402084F84200656467855346CB
:102CD00065635A4604992046CDE9009602F040F813
:102CE00010B184F8405051E0608DFF274FF080789C
:102CF000FF284FF0007A04D927853A4643460095CD
:102D000005E0608D53462085009594F828202046E4
:102D1000049902F057F832464946204602F0D4F8AA
:102D2000A0BB606A216800788862606A401C6062AB
:102D3000608D401E6085208D401E80B22085618D93
:102D4000D9B1D0B900224B4680212046009602F02E
:102D500051F8D8B9608DFF2805D927853A464346F2
:102D6000009506E026E0608D53462085009594F896
:102D700028202046049902F025F8608D0028CAD149
:102D800032464946204602F073F818B1012007B0D8
:102D9000BDE8F08F20682021074AC16120684368A0
:102DA0001340436084F8411084F84250002084F8B6
:102DB0004050ECE70220EAE700E800FE10B5B4B0AE
:102DC000044614212EA8FDF718FBB8216846FDF72C
:102DD00014FB1949206888422CD10020209008213A
:102DE0000446CDE90010684600F042FA08B1FEF74B
:102DF00080FF1248016841F00201016000680DF196
:102E0000B80C122100F002003390C02004238CE89B
:102E1000130002220A48CDE931232EA9FFF78CFCCA
:102E200006480830016841F400110160006800F4B0
:102E30000010339034B010BD00540040E0440258FC
:102E4000000402580248816802781144816070478A
:102E5000D0DC0024032010B500F078F801F01AF857
:102E60000F4A104914681368C4F3032203F00F03D8
:102E70008A5CC95C02F01F0201F01F01D0400A4ABF
:102E800020FA01F11160094908600F2000F010F8E4
:102E900008B1012010BD00F02BF8002010BD00008B
:102EA000184402581C000108E0DC0024DCDC00248B
:102EB00070B50D4D04462878A0B14FF47A71B1FB7E
:102EC000F0F00A490968B1FBF0F001F02FFD48B9B4
:102ED000102C07D200222146501E00F017F80020C7
:102EE0006C6070BD012070BDD0DC0024DCDC0024EF
:102EF000054808B5016841F002010160006800F072
:102F00000200009008BD0000F44402580E4BF0B4DB
:102F10001B680D46C3F30223C3F10706042E00D934
:102F20000426191D072901D2002300E0DB1E01241D
:102F300004FA06F19C40491E2940641E9940144041
:102F40002143F0BC03F06EBC0CED00E0064900F03C
:102F5000070210B54FF6FF040868044B204040EA12
:102F600002201843086010BD0CED00E00000FA05D7
:102F7000134970B50A68D243520705D5096801F0B4
:102F80000701814213D118E00A6822F007020243C8
:102F90000A60FFF7E5FC0A4D4FF47A760446083DD7
:102FA00007E000BFFFF7DCFC001BB04201D90120A5
:102FB00070BD2868C0438004F4D4002070BD0000B8
:102FC0000C48025810B500F01FFF05490968054A72
:102FD000C1F30211515C01F01F01C84010BD000097
:102FE000204402581C000108494930B5484C0B1DCB
:102FF0000A68143409681D68246802F00303C5F3E5
:103000000012C1F30531C4F3CC04002914FB02F211
:1030100000EE102AF8EE400A75D03F4A9FED3D1AA7
:10302000B7EE000A6BB1DFED3D1A012B01D0022B88
:1030300064D002EE101A1168F8EE422A81EEA22A3C
:1030400021E0334C283C23689B0612D5344B24687E
:1030500001EE901A1168C4F3C104F8EE612AE3404E
:1030600001EE903AC1F30801F8EE611A81EEA22A4E
:103070000BE001EE901ADFED2B2A00BFF8EE611A8B
:10308000116882EEA12AC1F3080101EE901A1168BD
:10309000F8EE611A40EE811A71EE800A62EE200AA3
:1030A000C1F3462101EE101AB8EE411A31EE001AB2
:1030B000C0EE811ABCEEE11A80ED001A1168C1F36E
:1030C000064101EE101AB8EE411A31EE001AC0EEB8
:1030D000811ABCEEE11A80ED011A1168C1F3066194
:1030E00001EE101AB8EE411A31EE000A80EE801A95
:1030F000BCEEC10A80ED020A30BD04E001EE901A78
:10310000DFED092ABAE70021016041608160F3E741
:103110002844025800000039384402580024744AF8
:103120000090D0030024744C20BCBE4B494930B5FC
:10313000484C0B1D0A681C3409681D68246802F09D
:103140000303C5F30022C1F30551C4F3CC040029E5
:1031500014FB02F200EE102AF8EE400A75D03F4A46
:103160009FED3D1AB7EE000A6BB1DFED3D1A012B62
:1031700001D0022B64D002EE101A1168F8EE422A38
:1031800081EEA22A21E0334C283C23689B0612D50D
:10319000344B246801EE901A1168C4F3C104F8EEB0
:1031A000612AE34001EE903AC1F30801F8EE611A9A
:1031B00081EEA22A0BE001EE901ADFED2B2A00BF70
:1031C000F8EE611A116882EEA12AC1F3080101EE3E
:1031D000901A1168F8EE611A40EE811A71EE800AB9
:1031E00062EE200AC1F3462101EE101AB8EE411A30
:1031F00031EE001AC0EE811ABCEEE11A80ED001A21
:103200001168C1F3064101EE101AB8EE411A31EE11
:10321000001AC0EE811ABCEEE11A80ED011A1168A5
:10322000C1F3066101EE101AB8EE411A31EE000A40
:1032300080EE801ABCEEC10A80ED020A30BD04E0C7
:1032400001EE901ADFED092ABAE700210160416022
:103250008160F3E7284402580000003940440258D6
:103260000024744A0090D0030024744C20BCBE4B50
:103270002DE9FE4F0546DFF800A450F8081B002496
:10328000FD4FC943019005F1280026460AF1240AA2
:10329000009008011DD4686E50B1B0F5801F0CD0AD
:1032A000B0F5001F0ED0B0F5401F1ED001240FE076
:1032B000386840F40030386017E00198022102F0CD
:1032C000E5FB03E00098022102F070FC04000CD042
:1032D00026462888C043C00523D4A86D05281ED2E1
:1032E000DFE800F00C11161B1B006A6EDAF8001004
:1032F00021F440111143CAF80010EAE7386840F49D
:103300000030386009E00198002102F0BFFB03E0C3
:103310000098002102F04AFC0446C4B100E00124F8
:1033200026462888DFF85083C04308F12C08400562
:103330002FD4D5F8A400B0F5C00F28D010DCB8B158
:10334000B0F5001F19D0B0F5800F0FD11AE0AA6DAB
:10335000DAF8001021F007011143CAF80010E0E785
:10336000B0F5000F13D0B0F5200F10D001240FE0FE
:10337000386840F40030386009E00198002102F01C
:1033800085FB03E00098002102F010FC044694B194
:1033900026462888C043000530D4D5F8A800B0F1EF
:1033A000407F29D011DCC0B1B0F1807F1AD0B0F1DC
:1033B000007F10D11BE0D5F8A420D8F8001021F42C
:1033C00060011143C8F80010E3E7B0F1806F13D03B
:1033D000B0F1A06F10D001240FE0386840F4003045
:1033E000386009E00198002102F050FB03E00098EA
:1033F000002102F0DBFB044694B126462868DFF882
:1034000078B2C0430BF1200B80011FD4E86CD8B117
:1034100010280FD0202812D0302815D0012414E015
:10342000D5F8A820D8F8001021F0E0611143C8F8C1
:103430000010E3E7386840F40030386004E0019899
:10344000022102F023FB044674B126462888C043BB
:10345000C0042BD4E86DB0F5005F20D00DDCA0B126
:10346000B0F5805F0FD115E0EA6CDBF8001021F0B9
:1034700030011143CBF80010E8E7B0F5405F13D0FE
:10348000B0F5804F10D001240FE0386840F40030D0
:10349000386009E00198002102F0F8FA03E0009892
:1034A000002102F083FB04468CB126462888C043E5
:1034B000800429D4286EB0F5403F23D010DC08B337
:1034C000B0F5803F14D0B0F5003F0FD115E0EA6DA4
:1034D000DAF8001021F4E0411143CAF80010E5E7E2
:1034E000B0F5802F0ED0B0F5A02F0BD001240AE04C
:1034F0000198012102F0CAFA03E00098012102F0CC
:1035000055FB044694B126462888C04340042AD47B
:10351000D5F8AC00B0F1405F23D010DC08B3B0F1B7
:10352000805F14D0B0F1005F0FD115E02A6EDAF899
:10353000001021F4E0211143CAF80010E4E7B0F1D3
:10354000804F0ED0B0F1A04F0BD001240AE00198BB
:10355000012102F09BFA03E00098012102F026FB12
:10356000044674B126462888C04300041FD4E86E80
:10357000D8B1B0F1805F0ED0B0F1005F10D001245F
:1035800014E0D5F8AC20D8F8001021F0E041114348
:10359000C8F80010E7E7386840F40030386004E00D
:1035A0000198012102F072FA044674B12646286897
:1035B000C043C0011ED4A86CD0B101280ED002288F
:1035C00011D0032814D0012413E0EA6EDAF80010B9
:1035D00021F040511143CAF80010E8E7386840F480
:1035E0000030386004E00198022102F04FFA0446EE
:1035F0006CB126462868C043400255D41F48016874
:1036000041F480710160FFF7ABF981460EE0AA6CCE
:10361000DBF8001021F003011143CBF80010E9E7BB
:10362000FFF79EF9A0EB090064283BD81348006817
:10363000C005F5D5BCBBDFF84090B5F8B01009F176
:103640004409D9F8000001F4407100F44070884248
:1036500011D0D9F80010D9F8002021F4407142F4BB
:103660008032C9F80020D9F8002022F48032C9F84D
:103670000020C9F8001003E02C440258004802580A
:10368000D5F8B000B0F5807F19D1FFF769F9029045
:1036900011E000BFFFF764F90299411A41F2883046
:1036A000814208D9032426462878DFF81494C043C1
:1036B000C00721D03CE0D9F800008007EAD5D5F852
:1036C000B010C1F301200328FE480DD0016821F499
:1036D0007C510160B5F8B020D9F80010C2F30B029C
:1036E0001143C9F80010DFE7F74A036802EA111234
:1036F00023F47C511143ECE7A86F182816D005DCA1
:10370000A0B1082808D0102804D10AE020280DD044
:1037100028280BD001240AE00198012102F0B6F913
:1037200003E00098012102F041FA044664B1264604
:103730002878C04380071ED4686F062819D2DFE8B6
:1037400000F0160C11161616AA6FD9F8001021F009
:1037500038011143C9F80010EAE70198012102F08D
:1037600095F903E00098012102F020FA04467CB1AB
:1037700000E0012426462878C04340071FD4D5F82E
:103780009000062819D2DFE800F0160C1116161664
:103790006A6FD9F8001021F007011143C9F8001031
:1037A000E9E70198012102F071F903E00098012195
:1037B00002F0FCF90446A4B100E001242646287872
:1037C000C04380062BD4D5F88C00B0F1405F24D0E4
:1037D00011DC10B3B0F1805F15D0B0F1005F10D1F3
:1037E00016E0D5F89020D8F8001021F00701114319
:1037F000C8F80010E3E7B0F1804F0ED0B0F1A04F51
:103800000BD001240AE00198002102F03FF903E007
:103810000098022102F0CAF9044694B1264628789D
:10382000C04340062BD4D5F89800B0F5406F24D0A3
:1038300011DC10B3B0F5806F15D0B0F5006F10D16A
:1038400016E0D5F88C20D9F8001021F0E0411143A2
:10385000C9F80010E3E7B0F5805F0ED0B0F5A05FC7
:103860000BD001240AE00198002102F00FF903E0D7
:103870000098022102F09AF9044694B1264628786D
:10388000C04300062BD4D5F89C00B0F5C04F24D01F
:1038900011DC10B3B0F5005F15D0B0F5804F10D13A
:1038A00016E0D5F89820D8F8001021F4E051114323
:1038B000C8F80010E3E7B0F5004F0ED0B0F5204F88
:1038C0000BD001240AE00198002102F0DFF803E0A8
:1038D0000098022102F06AF9044654B1264628787D
:1038E000C04300071ED4D5F88000B0F5805F0AD031
:1038F0000FE0D5F89C20D8F8001021F46041114366
:10390000C8F80010EBE70098022102F04FF900B16F
:103910000126D5F88020D9F8001021F44051114338
:10392000C9F800102878C043C00613D4D5F8940015
:10393000B0F5807F05D10098022102F037F900B17F
:103940000126D5F89420D8F8001021F440711143D5
:10395000C8F800102868C043000316D4D5F8A000AA
:1039600038B1B0F5803F09D0B0F5003F0BD001244D
:103970000AE00198002102F089F803E00098022192
:1039800002F014F904468CB126462868C04340036F
:1039900022D4D5F88400B0F5801F11D0B0F5001FF7
:1039A00013D0B0F5401F15D0012414E0D5F8A020A5
:1039B000D8F8001021F440311143C8F80010E4E7B2
:1039C000386840F40030386004E00098012102F0CB
:1039D000EDF804465CB126462868C043C0031CD4F9
:1039E000286D70B1B0F5803F10D0012414E0D5F8F7
:1039F0008420D9F8001021F440111143C9F80010B7
:103A0000EAE7386840F40030386004E001980221A9
:103A100002F03CF80446DCB126462868C04380002A
:103A200005D40098022102F0C1F800B101262868EF
:103A3000C04380031BD4E86FB8B1B0F5807F10D0CD
:103A4000B0F5007F11D0B0F5407F0ED001240DE01D
:103A50002A6DDBF8001021F480311143CBF80010FF
:103A6000DBE7386840F4003038607CB326462868CD
:103A7000C043C00207D42A6FDAF8001021F00041D9
:103A80001143CAF800102868C043800207D4AA6E08
:103A9000DAF8001021F080711143CAF8001028688C
:103AA000C043400009D40748016821F40041016087
:103AB0000168D5F8B420114301602868C04306E0CE
:103AC0005444025810440258CFFFFF001DE007D4B1
:103AD0006A6DDBF8001021F040511143CBF8001063
:103AE0002868C043000208D4D5F88820D9F800100F
:103AF00021F440011143C9F8001028790024C04383
:103B000000F00100204309D00EE0EA6FD9F8001060
:103B100021F440711143C9F80010A8E70198002171
:103B200001F0B4FF00B106462879C04300F002005E
:103B3000204305D10198012101F0A8FF00B10646FC
:103B40002879C04300F00400204305D101980221E8
:103B500001F09CFF00B106462879C04300F0080040
:103B6000204305D10098002102F020F800B106465C
:103B70002879C04300F01000204305D100980121AE
:103B800002F014F800B106462879C04300F0200086
:103B9000044304D10098022102F008F800B916B1DC
:103BA0000120BDE8FE8F0020FBE700002DE9F05F5B
:103BB00004000F467ED0DFF83882D8F8000000F00D
:103BC0000F00B8420CD2D8F8001021F00F01394391
:103BD000C8F80010D8F8000000F00F00B84269D112
:103BE0002078844D40070AD52069296801F07001CA
:103BF000884204D9296821F07001014329602078A6
:103C00007C4E361D00070AD56069316801F07001ED
:103C1000884204D9316821F0700101433160207875
:103C2000C0060AD5A069316801F4E061884204D970
:103C3000316821F4E061014331602078DFF8B4B1EC
:103C400080060BF1080B0CD5E1695846DBF8002023
:103C500002F07002914204D9026822F070020A4315
:103C60000260207880070AD5E068296801F00F011A
:103C7000884204D9296821F00F0101432960207886
:103C8000C0073ED05B49A2682868183920F47060EC
:103C9000104328606068022818D0032819D00968EA
:103CA000012819D0490700294ADADFF848A1AAF10A
:103CB000080A00E044E0DAF8002022F0070202439C
:103CC000CAF80020FEF74CFE814612E0096889031D
:103CD000E9E709688901E6E7C905E4E7FEF740FE80
:103CE000A0EB090141F28830814202D90320BDE8EE
:103CF000F09F6168DAF8000000F03800B0EBC10F07
:103D0000ECD1207880070AD5E068296801F00F011E
:103D1000884204D2296821F00F0101432960D8F8B4
:103D20000010404601F00F01B9420BD9016821F0A3
:103D30000F0139430160006800F00F00B84201D064
:103D40000120D4E7207840070AD52069296801F0CE
:103D50007001884204D2296821F070010143296072
:103D6000207800070AD56069316801F07001884247
:103D700004D2316821F07001014331602078C0061F
:103D80000AD5A069316801F4E061884204D2316843
:103D900021F4E06101433160207880060CD5E169AF
:103DA0005846DBF8002002F07002914204D202680B
:103DB00022F070020A43026000F06CF80E492A6893
:103DC0002B68C2F3032203F00F038A5CC95C02F084
:103DD0001F0201F01F01D040084A20FA01F11160D2
:103DE0000749086007480068BDE8F05FFFF760B862
:103DF00000200052184402581C000108E0DC002496
:103E0000DCDC0024D4DC002430B500F043F80B4A9D
:103E10000B490C4B15681468C5F3032204F00F041A
:103E20008A5C095D02F01F0201F01F01D040064AC2
:103E300020FA01F119601060084630BD184402589C
:103E40001C000108E0DC0024DCDC002400B5FFF7E6
:103E5000DBFF05490968054AC1F30211515C01F015
:103E60001F01C84000BD00001C4402581C0001088E
:103E700000B5FFF7C9FF05490968054AC1F30221EA
:103E8000515C01F01F01C84000BD00001C440258F5
:103E90001C000108454970B545480968434B103B73
:103EA00011F0380208D00111082A03D0102A0BD0D3
:103EB000182A0BD0084670BD19688906FBD5196809
:103EC000C1F3C101C84070BD3A4870BD3749374D94
:103ED00018310C1D24350A68096826682D6802F01F
:103EE000030406F00102C1F30511C5F3CC0515FB6F
:103EF00002F200EE102AB8EE400AE9B32F4ADFEDD5
:103F00002E0AB7EE001A6CB1DFED2D1A012C01D08C
:103F1000022C43D002EE101A1068F8EE422A81EE0D
:103F2000A22A1EE01C68A40611D51B6801EE901A97
:103F30001168C3F3C103F8EE612AD84001EE900A7C
:103F4000C1F30800F8EE611A81EEA22A0BE001EE3F
:103F5000901ADFED1C2A00BFF8EE611A106882EE9D
:103F6000A12AC0F3080001EE900AF8EE611A40EEB3
:103F7000201A31EE810A00E015E022EE000A1068F6
:103F8000C0F34620401C00EE900AF8EE600A80EE76
:103F9000201ABCEEC10A10EE100A70BD01EE901A94
:103FA000DFED092AD8E7002070BD00001044025858
:103FB0000090D00340787D01000000393044025861
:103FC0000024744A0024744C20BCBE4B2DE9F05FE1
:103FD00004007DD0FF4F2078FE4D1837DFF8F483C2
:103FE000103DC00748D0D8F80000396800F038000C
:103FF000102815D0182803D101F0030002280FD093
:104000006068B0F5803F12D010B1B0F5A02F18D085
:10401000286820F480302860286820F4802009E097
:104020002868800328D560680028D2D024E028685A
:1040300040F480302860606888B1FEF791FC064645
:1040400009E0286840F480202860F0E7FEF788FC4B
:10405000801B64287ED828688003F7D50CE0FEF723
:104060007FFC064605E000BFFEF77AFC801B642853
:10407000F0D828688003F7D42078800756D5D8F880
:104080000000DFF85093396810F03800A9F10C09EE
:104090000ED0182801D188070AD0E068A8B3296893
:1040A00021F0190101432960FEF75AFC064628E079
:1040B0002868400702D5E06800288AD0E1682868AF
:1040C00020F0190008432860FEF74AFC064606E087
:1040D000D2E000BFFEF744FC801B0228BAD8286853
:1040E0004007F7D5217CD9F8002022F0FE4242EAB1
:1040F0000161C9F8001019E0FEF732FC801B0228AC
:10410000A8D828684007F7D5ECE7FFE7286820F033
:1041100001002860FEF724FC064604E0FEF720FCC0
:10412000801B022896D828684007F7D42078C0065C
:1041300046D5D8F80000DFF89C92396800F03800C6
:10414000A9F10409082812D0182805D101F00300AC
:10415000012800E0CEE00AD0E0690028286820D0DD
:1041600040F080002860FEF7FBFB064615E028685B
:10417000C00502D5E06980287ED194F82010D9F8D6
:10418000002022F07C5242EA0161C9F8001017E0D9
:10419000FEF7E6FB801B0228A0D82868C005F7D5EB
:1041A000EBE720F080002860FEF7DAFB064604E02B
:1041B000FEF7D6FB801B022890D82868C005F7D4EC
:1041C0002078000729D58348616964300029814639
:1041D000016811D041F001010160FEF7C1FB064604
:1041E00005E000BFFEF7BCFB801B022888D8D9F889
:1041F00000008007F6D510E021F001010160FEF714
:10420000AFFB064605E000BFFEF7AAFB801B0228B5
:1042100070D8D9F800008007F6D42078800623D51E
:10422000A0690028286810D040F480502860FEF76C
:1042300097FB064605E000BFFEF792FB801B0228B5
:1042400058D828688004F7D50EE020F48050286004
:10425000FEF786FB064604E0FEF782FB801B022881
:1042600048D828688004F7D42078400751D5DFF873
:104270006891D9F8001000E015E141F48071C9F8A7
:104280000010FEF76DFB064605E000BFFEF768FB79
:10429000801B64282ED8D9F80000C005F6D54D4EF5
:1042A000A068603601280AD008B1052813D030680C
:1042B00020F001003060306820F0040002E0306837
:1042C00040F001003060A06841F2883A98B1FEF7F2
:1042D00047FB81460AE0306840F004003060EEE7BA
:1042E000FEF73EFBA0EB0901514503D8306880077B
:1042F000F6D50EE072E0FEF733FB814606E000BF24
:10430000FEF72EFBA0EB0901514567D83068800706
:10431000F6D4606A00287CD0DFF8B8A0D8F8001086
:104320000AF1200A4FF6F87B0AF10408C1F3C20132
:104330000329AAF104096DD00228286820F08070B2
:10434000286003D0FEF70CFB044681E0FEF708FB73
:10435000064604E0FEF704FB801B022875D8286897
:104360008001F7D4E26A40F2F331386854F8283F0C
:10437000884340EA021018433860217B4FF4FE0C5A
:1043800022894FF0FE47208A4902267D521E401E98
:10439000A1F5007189B2C2F308021143761E0CEA3E
:1043A00000400143484607EA06621143CAF800107C
:1043B000D9F8001021F00101C9F80010D8F8003038
:1043C000266A23EA0B0343EAC601C8F80010D9F8AD
:1043D000001004E0104402580048025835E0A26979
:1043E00021F00C011143C9F800100168E26921F0C5
:1043F000020111430160016841F4803101600168EC
:1044000041F400310160016841F4802101600168DC
:1044100001E06CE020E041F001010160286840F01B
:1044200080702860FEF79CFA044604E0FEF798FAD4
:10443000001B022809D828688001F7D557E000BF83
:10444000FEF78EFA001B022802D90320BDE8F09F78
:1044500028688001F4D44AE039680128DAF80000BD
:1044600021D0A26A01F0030393421CD1E26AC1F396
:1044700005118A4217D1216BC0F30802491E8A42F6
:1044800011D1616BC0F34622491E91420BD1A16B41
:10449000C0F30642491E914205D1E16BC0F30660AC
:1044A000491E814201D00120D0E7A16C4646D8F8D0
:1044B0000000C0F3CC00814219D0D9F800004D466D
:1044C00020F00100C9F80000FEF74AFA4FEA0007A1
:1044D000FEF746FAB842FBD0A26C306820EA0B0027
:1044E00040EAC2003060286840F0010028600020E7
:1044F000ACE700002DE9F047040029D0594A4FF0FD
:1045000000092068584B594D9042C4F8289006D0B5
:10451000984204D0A84202D0E1680F2918D8E16877
:104520004FF0010AE76B0831C9080AEB57167143CF
:10453000904205D0984203D0A84201D0082907D85C
:10454000904203D0984201D0A84204D1102902D948
:104550000120BDE8F08794F8810020B9204684F856
:10456000809000F085F8022084F8810020680168BE
:1045700021F0010101602068A1698268B1F1806FBA
:1045800002F4F81110D16268B2F5800F01D01AB1AF
:104590000AE0A26B22B107E0A26BB2F1805F03D107
:1045A000026842F4805202606068400209D5E06807
:1045B000072806D32068236D026822F480721A430C
:1045C00003E02068026822F480720260A66AE06953
:1045D000E26B25683043E3680A4310431843A86040
:1045E000D4E90D02D4E90581636A25691843D4F83A
:1045F00020C00A43266810432843A56DD4E9017200
:10460000D4E9123140EA080040EA0C00384308437C
:10461000104318432843F060606868B920688168D7
:1046200021F4C05141F4006181602068816821F467
:10463000C06141F4806181602068016D21F0010159
:1046400001656068400206D52068626DC16821F08E
:1046500000411143C160C4F8849084F881A0002017
:1046600077E700000030014000380040003C004087
:1046700010B5B4B0044614212EA8FBF7BEFEB82135
:104680006846FBF7BAFE1849206888422AD181148F
:10469000002017900446CDE900106846FEF7E8FDBB
:1046A00008B1FDF726FB1148016841F48051016013
:1046B000006800F4805033900C481038016841F0D5
:1046C0000101016000682EAB022100F0010033906F
:1046D000A020052283E8130005482EA9CDE9314228
:1046E000FEF72AF834B010BD00300140F044025803
:1046F000000002582DE9F84F994617468A460446AD
:10470000FEF72EF9064694F88100012839D1BAF156
:10471000000F7CD0002FFCD094F88000012830D00E
:10472000A26800254FF0010884F88080032184F8F6
:104730008110C4F88450C4F85CA06566A4F8685081
:10474000656725672C34B2F5C02FA786E786E58715
:1047500054F82C0D18D0C16821F4C02141F4003167
:10476000C160206841686FF30F01394341602068E0
:10477000016841F0010101606068B0F5800F08D068
:104780000CE00220BDE8F88F016841F4006101608F
:10479000E7E72068016841F400710160E0680F28D4
:1047A0001CD820E02068416989070BD5E16D0968B4
:1047B0000162E06D001DE065B4F86200401EA4F8DF
:1047C00062000BE0FEF7CCF8811B494503D3B9F139
:1047D000FF3F03D09BE0B9F1000F31D0B4F8620085
:1047E0000028DFD177E007282ED870E020684169E3
:1047F00089071DD5B4F8621001290DD9E16B59B1B3
:10480000E16D09680162E06D001DE06500E07CE09B
:10481000B4F86200801E08E0E16D09880184E06D53
:10482000801CE065B4F86200401EA4F862000BE052
:10483000FEF796F8811B494503D3B9F1FF3F03D03A
:1048400065E0B9F1000F62D0B4F862000028CDD164
:1048500041E02068416989072DD5B4F86210032929
:104860000CD9E16B402909D9E16D09680162E06D5D
:10487000001DE065B4F86200001F19E0B4F8621092
:1048800001290BD9E16B49B1E16D09880184E06D23
:10489000801CE065B4F86200801E09E0E16D0978D3
:1048A00080F82010E06D401CE065B4F86200401E06
:1048B000A4F862000BE0FEF753F8811B494503D3CF
:1048C000B9F1FF3F03D022E0B9F1000F1FD0B4F8D7
:1048D00062000028BDD100224B46082120460096E8
:1048E00001F052FB28B1D4F8840040F02000C4F855
:1048F0008400204601F0EAFA84F88180D4F884002C
:1049000084F8805000283FF43DAF01203AE720466C
:1049100001F0DCFAD4F8841084F8805041F48071FE
:10492000C4F8841084F8818003202BE7401EB0F186
:10493000807F10B501D3012010BD4FF0E0246061ED
:104940000F21601701F06EFF0020A0610721216197
:1049500010BD30B590F88410012918D0012280F8DC
:1049600084202421C0F888100022202401680B68CC
:104970000D6823F0005325F001050D6042660168C3
:104980000B60C0F8884080F88420104630BD0220BB
:1049900030BD70B5044690F8840001281DD0012276
:1049A00084F884202420C4F8880020680568026800
:1049B00022F0010202602068826822F060620A43ED
:1049C0008260204601F0B2FB2268202100201560A1
:1049D000C4F8881084F8840070BD022070BD70B5E2
:1049E000044690F8840001281DD0012284F8842018
:1049F0002420C4F8880020680568026822F00102BB
:104A000002602068826822F060420A438260204689
:104A100001F08CFB2268202100201560C4F888106A
:104A200084F8840070BD022070BD10B5040003D06E
:104A3000D4F8880010B107E0012010BD002084F8F0
:104A40008400204600F026F82420C4F8880020685E
:104A5000016821F001010160A06A10B1204601F057
:104A600087FB204601F068FC0128E6D020684168F9
:104A700021F4904141602068816821F02A01816021
:104A80002068016841F0010101602046BDE8104046
:104A900001F0D2BB10B5B4B0044614212EA8FBF728
:104AA000ACFCB8216846FBF7A8FC1849206888428E
:104AB0002AD100201D9002210446CDE9001068464D
:104AC000FEF7D6FB08B1FDF714F91148016841F46F
:104AD00000310160006800F4003033900C48083861
:104AE000016841F0080101600068072260213094EC
:104AF00000F0080033900220CDE92E10CDE93102FC
:104B000004482EA9FDF718FE34B010BD0044004043
:104B1000E8440258000C02582DE9F8430446D0F846
:104B20008800984616460D46202802D00220BDE88F
:104B3000F883A5B19EB10021C4F890102120C4F8DB
:104B400088001834FDF70CFF814654F8100CA68736
:104B5000E6872027183CB0F5805F02D003E00120F3
:104B6000E5E7206910B12E46002510E000260EE092
:104B70008021204601F0CEFDC0B9DEB116F8010B50
:104B800021688862B4F85600401EA4F85600B4F8B4
:104B900056004B464FF00002CDF800800028E7D1C8
:104BA0004FF04001204601F0B5FD48B1C4F88870CF
:104BB0000320BCE735F8020B2168C0F30800E0E7EA
:104BC000C4F888700020B2E7FEE701688A69D24322
:104BD000920701D400228A6200688169C943C9072B
:104BE00003D0816941F00101816170472DE9F047EF
:104BF000044600680026894617464FF020083546CF
:104C00008169C90641D51021C1612FE0B9F1FF3F8B
:104C10002CD0FDF7A5FEC11B494502D8B9F1000F04
:104C200024D12068426894F84210836902F48042DB
:104C3000DB431B0415D4B2F5804F12D0202910D0CD
:104C4000416841F480414160FDF78AFE074608E073
:104C5000FDF786FEC01B192803D9012645F0200563
:104C600004E020688069C0438006F1D42068806930
:104C7000C043800602D5002EC8D003E016B92168D3
:104C8000C1F81C80012645F0040521688869C20529
:104C900005D54FF48072CA6145F001050126410532
:104CA0000AD5216880054FF4806245F00805CA6185
:104CB0004FF0010602D40AE0800507D520680126DE
:104CC0004FF4007145F00205C16100E08EB120464D
:104CD000FFF77BFF20680021074F43683B4043609C
:104CE000606C2843606484F8418084F8421084F842
:104CF00040103046BDE8F08700E800FE2DE9F8439B
:104D0000174604461548DAB2DDE908981E460090B9
:104D10000023204600F056F842464946204600F05F
:104D2000D3F8B8B9012EFDB208D02068390A8162E3
:104D300042464946204600F0C7F858B920688562C7
:104D4000002240214B462046CDF8008000F052F86A
:104D5000002800D00120BDE8F8830000002000807A
:104D60002DE9F8430446164817461E46DAB200906D
:104D7000C3022046DDE9089800F024F8424649467F
:104D8000204600F0A1F8B8B9012EFDB208D0206885
:104D9000390A816242464946204600F095F858B9E2
:104DA00020688562002280214B462046CDF8008095
:104DB00000F020F8002800D00120BDE8F8830000B2
:104DC0000020008070B50068C1F3090141EA02418A
:104DD000074D049C19434FF480664268214306EA5C
:104DE00054532B439A4321F000410A43426070BD63
:104DF000FF63FF032DE9F0411D4617460E460446AA
:104E0000DDF8188028E0424629462046FFF7EEFEEE
:104E100010B10120BDE8F081681C1DD0FDF7A0FD98
:104E2000A0EB0800A84200D8B5B92068806936EA2E
:104E300000000FD00020B8420ED1626C002084F830
:104E40004000202142F02002626484F8411084F87E
:104E50004200DEE70120EEE72068806936EA0000C4
:104E600004D00020B842CED00020D3E70120F9E7DB
:104E700070B516460D4604461FE0324629462046C8
:104E8000FFF7B4FE08B1012070BDFDF769FD801B7E
:104E9000A84200D88DB920688069C04380060CD52F
:104EA000626C002084F84000202142F020026264FD
:104EB00084F8411084F84200E5E720688069C04327
:104EC0008006DAD4002070BD70B516460D46044643
:104ED00021E0324629462046FFF788FE08B101202E
:104EE00070BD681C17D0FDF73BFD801BA84200D8A1
:104EF0008DB920688069C04380070CD5626C0020A2
:104F000084F84000202142F02002626484F84110BD
:104F100084F84200E3E720688069C0438007D8D462
:104F2000002070BD2DE9F0411C4615460E4607468F
:104F30002A2000F0C3F9BF1CB8B200F0B2F9AD1CD2
:104F4000A8B200F0AEF92B2000F0B8F9761CB0B290
:104F500000F0A7F9641CA0B200F0A3F9BDE8F0418D
:104F60002C2000F0ABB910B514460B460246FFF7F3
:104F7000D9FF2046BDE8104000F093B92DE9F04775
:104F80000C468046581E1F46511E164683B2DDF859
:104F900020908AB221464046FFF7C4FF0AE045460A
:104FA00004E0484600F07DF96D1CADB2B542F8D37F
:104FB000641CA4B2BC42F2D3BDE8F08710B5694CC2
:104FC000002202212046FDF7C5FC6420FDF7A2FB6C
:104FD000012220460221FDF7BDFC6420FDF79AFB6B
:104FE000012220461021FDF7B5FC6420FDF792FB5D
:104FF000112000F063F97820FDF78CFB362000F0DB
:105000005DF9002000F06EF93A2000F057F9052014
:1050100000F068F9B22000F051F90C2000F062F9BC
:105020000C2000F05FF9002000F05CF9332000F064
:1050300059F9332000F056F9B72000F03FF9352038
:1050400000F050F9BB2000F039F9192000F04AF9BE
:10505000C02000F033F92C2000F044F9C22000F009
:105060002DF9012000F03EF9C32000F027F91220AD
:1050700000F038F9C42000F021F9202000F032F9C6
:10508000C62000F01BF90F2000F02CF9D02000F012
:1050900015F9A42000F026F9A12000F023F9E02062
:1050A00000F00CF9D02000F01DF9042000F01AF9EE
:1050B0000D2000F017F9112000F014F9132000F072
:1050C00011F92B2000F00EF93F2000F00BF95420CD
:1050D00000F008F94C2000F005F9182000F002F962
:1050E0000D2000F0FFF80B2000F0FCF81F2000F06E
:1050F000F9F8232000F0F6F8E12000F0DFF8D020E6
:1051000000F0F0F8042000F0EDF80C2000F0EAF8D0
:10511000112000F0E7F8132000F0E4F82C2000F054
:10512000E1F83F2000F0DEF8442000F0DBF85120E9
:1051300000F0D8F82F2000F0D5F81F2000F0D2F8AA
:105140001F2000F0CFF8202000F0CCF8232000F042
:10515000C9F8212000F0B2F8BDE81040292000F085
:10516000ADB80000000002582DE9FF4F81B00446A1
:10517000203ADDE90F7B0090D0B203904FEA570848
:105180004FEAD80000FB07FA0298C11904EB0800A7
:10519000401E82B22046491E8BB20299FFF7C2FE22
:1051A000002637E0102F24D0202F35D103981C493A
:1051B00001EB80105FF0000510F806904FF0010041
:1051C000BBF1000F00FA05F000EA090016D020B18B
:1051D000049A20460299FFF7C6FE0098641CA4B208
:1051E000211A414510D10298009C401C80B20290C7
:1051F0000EE003980B4901EB0010DBE708B10498BF
:1052000000E00E9800F04DF86D1CEDB2082DD5D3DE
:10521000761CB6B25645C5D305B0BDE8F08F000088
:1052200010E4000820DE00082DE9FE4F99461446E0
:105230008A460546DDE90D67DDF830800CE0CDF8E3
:1052400000804B46CDE9016751462846FFF78CFFA9
:1052500005EB560085B2641C2278002AEFD1BDE828
:10526000FE8F00002DE9F041174601F15F0293B275
:1052700000F17F04A2B280266025FFF753FE0024D0
:1052800016FB05F609E000BF37F81450280A00F0B5
:1052900012F8E8B200F00FF8641CA642F4D8BDE89A
:1052A000F08110B50446000A00F01CF8E0B2BDE839
:1052B000104000F017B800F015B8000070B5084CA9
:1052C0000022042105462046FDF744FB284600F055
:1052D00009F82046BDE8704001220421FDF73ABBE1
:1052E0000000025831B5094C002208212046FDF784
:1052F00031FB074801224FF47A736946FFF7FAF948
:10530000012220460821FDF725FB38BD0000025888
:10531000401B01244FF450720B464FF4105100F023
:1053200043B970B50C460546FDF7CEF9214628462F
:10533000FDF756F921462846FCF74EFF2146284640
:10534000FDF7A6F9B5F870002146C0F3013084F8E6
:1053500024002846FCF748FF21462846FCF762FF58
:1053600021462846FCF7C8FC21462846FDF7B0F840
:1053700021462846FCF7BAFF21462846FDF746F8A5
:1053800021462846FCF7C6FD21462846FCF76EFD5F
:1053900021462846BDE87040FCF77EBE2DE9FC475B
:1053A00000240F464FF40046814641F288382546D6
:1053B00001226B463146484600F0F6F8002809D134
:1053C000BDF800106D1CADB2454501F0080003D9D1
:1053D0006FF06200BDE8FC870028E9D04FF45075FB
:1053E0004FF48068052C1ED230223146484600F02A
:1053F00001F9411CEED03B462A464146484600F0A2
:10540000D3F80028E6D101226B463146484600F029
:10541000CBF80028DED1BDF8000004F10104E4B2AD
:1054200010F0080FDED1042C02D96FF00700D1E78D
:10543000012248F20D0101AB484600F0B5F8BDF875
:1054400004100028A7F88016BDF8001001F0010133
:10545000A7F88216BED10846BCE7000070B50C461E
:1054600005462DED048B00F053F8B5F840062549AC
:1054700000EE900AB0EE408A9FED230AF8EE600A33
:1054800010EE900A884201DD70EEC00AB5F8000601
:1054900001EE100AB8EE411A11EE100A884201DD41
:1054A00031EE401A94ED040A00EE801A80EE810A73
:1054B000B3EE021BB7EEC09AB0EE000B01F0C4F9D8
:1054C00029EE003B9FED111A94ED010AF7EE000A58
:1054D00038EE411AA089D4ED021AB3EE092A40EE43
:1054E000010AB7EEC30B01EE100ABDEC048BB8EE57
:1054F000411AC0EE202A32EEC10AC0EE210A30EE77
:10550000820A70BD00FEFF460000804733335340DF
:1055100070B50C46214A2DED048BB0F8541600EE00
:10552000101AB8EE408A18EE101A914203DD9FED72
:105530001C0A38EE408AB0F88006C0F3812594F842
:10554000240000EE100AB8EE401BB0EE000B01F094
:105550007BF901EE105AB0EE409BB0EE000BB8EEB6
:10556000C11B01F071F989EE002BB4F90200B4F906
:10557000001000EE100A01EE101ADFED0A1AF8EE24
:10558000C00AB8EEC11AB7EEC20B50EE080ABDEC65
:10559000048B80EE810A30EE210A70BD00FEFF46CA
:1055A00000008047333353403EB515461C460A463B
:1055B0004FF6FF734106009403EA45004FF4FA7377
:1055C000090ECDE901030A480223FDF799FA58B103
:1055D0004FF0FF303EBD00BF34F810100A0A42EA17
:1055E000012124F81010401CA842F5DB00203EBD2C
:1055F000EC1A01247FB5130A43EA0222ADF80C200D
:10560000400602240A464FF4FA7503AB8DE83800D1
:10561000000E234601460448FDF724FB002800D075
:10562000E01E04B070BD0000EC1A012438B548F249
:105630000D04054601226B462146FFF7B5FF002801
:1056400007D1BDF80000214640F480522846FFF7FC
:10565000D1FF38BDF8B5054648F20D0448076B4642
:1056600001222146860D2846FFF79EFF002808D11B
:10567000BDF80000214620F4607228463243FFF74F
:10568000B9FFF8BDF0B587B014216846FAF7B5FE4A
:105690002648016841F004010160016801F004013D
:1056A0000591016841F080010160016801F080010D
:1056B0000591016841F001010160016801F00101FB
:1056C0000591016841F008010160016801F00801DD
:1056D0000591016841F00201016000680122144F48
:1056E0001E2100F0020005903846FDF733F9012431
:1056F000694602250620CDE90004CDE90245384679
:10570000FDF71AF800260395182069468DE8510028
:105710003846FDF711F810206946CDE90006054826
:105720000294FDF709F807B0F0BD0000E04402580C
:1057300000000258000802581448002110B5124C0D
:105740000123134A0460C0E90121C0E9033141612A
:105750008161C1610162FDF773F908B1FCF7C9FA13
:105760000A480021FDF702F908B1FCF7C2FA074820
:105770000021FDF727F908B1FCF7BBFABDE810409E
:105780000120FDF749B9000000540040EC1A012443
:105790005C1A60002DE9F04114484FF480060021A6
:1057A000114D33010724C0E90341DA00C0E90513B4
:1057B000C0E90721416277118162C162416381635F
:1057C000C163016441648164C164016541658165AF
:1057D00080E8E000FEF78EFE002803D0BDE8F0412F
:1057E000FCF787BABDE8F08100300140401B01247E
:1057F0001848002110B5164C0C224FF461230460A8
:10580000C0E90131C160C0E904128161C161016276
:1058100041628162FFF709F908B1FCF76AFA0D48A5
:105820000021FFF7DCF808B1FCF763FA0948002112
:10583000FFF7AFF808B1FCF75CFA0648FFF789F804
:10584000002803D0BDE81040FCF753BA10BD00009B
:1058500000440040C81B0124FEE7FEE7704700003B
:105860002DE9F043884681462DED048B9FED821A89
:105870005FF000004FF44072B0EE410A09EB800186
:10588000401CD1ED000A904230EE800AF6DBDFEDDD
:105890007B2AB0EE002AF1EE041AC0EE220AB5EE21
:1058A000003AB7EE005AF1EE002AF3EE0F3A4FF04D
:1058B0007E5730EEC24A30EEA10ADFED715A002465
:1058C00070EE444A5FF00003484600EE103A00EEE6
:1058D000904AF8EEC01AB8EEE00A61EE831A20EEA4
:1058E000032ABDEEE10AFDEEC20A10EE106A10EEC8
:1058F000905A00EE106A00EE905A2A463146B8EEF1
:10590000C06AB8EEE00A71EEC61A32EE402AFCF721
:10591000EBFEB0EE406A711C2A46F0EE468A48461D
:10592000FCF7E2FEB0EE406A6A1C3146F0EE467AC1
:105930004846FCF7D9FEB0EE406A6A1C4846711C26
:10594000B0EE467AFCF7D0FEF0EE450A21EE828AF0
:1059500070EEE16A30EEC26A26EE822A26EE869A60
:1059600026EE216A69EE281A46EE271A42EE071A39
:1059700048EE001A71EEC41A81EEA40A10EE100A65
:10598000B84201DDB0EE600AB5EEC00AF1EE10FAE1
:1059900002D2B0EE410A04E010EE100AB0F1785FD6
:1059A00008DAB6EE002AF0EE411A00EE222AF0EEF6
:1059B000410A3BE010EE100AB0F17B5F0ADAB4EE68
:1059C000006AB0EE602A30EE460AF0EE411A60EE50
:1059D000220A2BE010EE100A2A4988420ADAF5EE74
:1059E000081AB0EE602A30EE610A00EE622A60EE1C
:1059F000221A1BE010EE100A234988420ADAF6EE5A
:105A0000041AB0EE412A30EE610AF0EE601A40EE60
:105A1000620A0BE0B6EE0C2AF0EE601A30EE420A93
:105A2000F0EE410AB0EE602A40EE621A60EEA50A7E
:105A300003EBC4155B1CFCEEE00A21EEA30A62EE48
:105A4000231A10EE901ABCEEC00AFCEEE11A10EE1A
:105A5000100A11EE902AC00240EA41101043802B38
:105A600028F81500FFF630AF641C602CFFF62AAF53
:105A7000BDEC048BBDE8F083000000000000404452
:105A800000007C420000203F0000603F2DE9F0470D
:105A9000454D044689464FF0000A2868C0438007F8
:105AA0000AD0414E283E306820F080603060FCF71C
:105AB00057FF0746B04608E00120BDE8F08700BF69
:105AC000FCF74EFFC01B022867D8D8F80000000181
:105AD000F6D4206829684FF4FE0721F47C313E0299
:105AE00041EA00302860207AA389B4F804C040025B
:105AF0002D4D2D495B1E227CACF1010C1035091D8A
:105B0000A0F5007080B2521ECCF3080C07EA0343E4
:105B100040EA0C00184306EA026210432860086855
:105B2000626920F0C000104308600A68A06922F092
:105B3000200202430A60281D0A6822F010020A604F
:105B400002684FF6F873E4699A4342EAC4020260BD
:105B50000868B9F1000F40F010020A6011D008681F
:105B6000B9F1010F11D040F400100860D8F800001E
:105B7000444640F08060C8F80000FCF7F1FE05469E
:105B80000DE0086840F40020EFE740F48010ECE7F7
:105B9000FCF7E6FE401B022801D903208DE72068B0
:105BA0000001F5D5504688E7284402582DE9F04712
:105BB000454D044689464FF0000A2868C0438007D7
:105BC0000AD0414E283E306820F080503060FCF70B
:105BD000C7FE0746B04608E00120BDE8F08700BFD9
:105BE000FCF7BEFEC01B022867D8D8F80000800072
:105BF000F6D4208829684FF4FE0721F07C713E021C
:105C000041EA00502860207AA389B4F804C0400219
:105C10002D4D2D495B1E227CACF1010C1835091D60
:105C2000A0F5007080B2521ECCF3080C07EA0343C3
:105C300040EA0C00184306EA026210432860086834
:105C4000626920F44060104308600A68A06922F489
:105C5000007202430A60281D0A6822F480720A60FA
:105C600002684FF6F873E4699A4342EAC40202609C
:105C70000868B9F1000F40F480720A6011D008681A
:105C8000B9F1010F11D040F080700860D8F8000021
:105C9000444640F08050C8F80000FCF761FE05461D
:105CA0000DE0086840F48000EFE740F40000ECE706
:105CB000FCF756FE401B022801D903208DE720681F
:105CC0008000F5D5504688E7284402582DE9F04F6A
:105CD0002DED088B824683B05B48016800297DD09A
:105CE00083469FED5AAA1027F3EE048A9FED589A37
:105CF000D0E90212D1F80480DFED56AA9FED56BA22
:105D000079EE689AD2F804900025F7EE00BA00BF49
:105D1000C5EBC5011F2001EB051191FBF0F6002436
:105D200004EB46110AEB810090ED008AB4EEC98ABB
:105D3000F1EE10FA01DDB0EE498AB4EEE88AF1EE38
:105D400010FA01D2B0EE688A78EE680A80EEA90AED
:105D500020EE2A0AC0EE0B0A70EEEB0A80EE8A0AE9
:105D600001F0EEF9BDEEC00A04EB4511641C10EE23
:105D7000100A202C384400F3070208F80120CFDB7A
:105D80006D1C202DC4DB354800F01F0101F580613A
:105D9000BFF34F8F324A1060203020390029FADCDF
:105DA000BFF34F8FBFF36F8FDBF80000DBE9021208
:105DB00003F0C0FC2B4800F01F01C91CBFF34F8F3C
:105DC000274A0C3A1060203020390029FADCBFF352
:105DD0004F8FBFF36F8F0026F02300E02FE0B42138
:105DE0001A4630460096FFF7C9F899F900501EA0F0
:105DF00099F901402946224600F0D8FCA5424FF00F
:105E0000180008DD4FF478414FF6FF73CDE900101C
:105E10001FA2029605E0CDE900604FF4FC630296F4
:105E20001FA20A210846FFF7FFF903B022462946C0
:105E3000BDEC088B1CA0BDE8F04F00F0B7BC03B070
:105E4000BDEC088BBDE8F08FC0DC002492B6DB3BD4
:105E500000000C4200007F430000FF42C0D8002435
:105E600068EF00E0000000243E3E20414920434806
:105E700045434B3A2046616C6C2825642920767393
:105E8000204E6F726D616C282564290A00000000A5
:105E900046414C4C20444554454354454421000060
:105EA0004E4F524D414C0000414920457865637585
:105EB000746564202D3E2046616C6C3A2564204E4A
:105EC0006F726D616C3A25640D0A000010B50268AE
:105ED00040F26F335169946944F008049461026898
:105EE000946944F0100494610268146824F0010479
:105EF0001460026814699C4314610268936823F477
:105F00004043936090F88120042A0CD08A060AD579
:105F1000D0F8842042F08002C0F88420026893699F
:105F200043F02003936190F88120032A0CD04A06A5
:105F30000AD5D0F8842042F00402C0F88420026818
:105F4000936943F0400393618A050AD5D0F8842011
:105F500042F00102C0F884200268936943F40073A0
:105F60009361C9050AD5D0F8841041F00801C0F842
:105F7000841001688A6942F480728A610021A0F865
:105F80006210A0F86A1010BD2DE9F0411C461646BB
:105F90000D460746DDF818800AE000BFFCF7E0FC7C
:105FA000A0EB0800A04202D3601C01D00BE054B16A
:105FB0003868406935EA000007D00020B042EDD0D3
:105FC0000020BDE8F0810320FBE70120F6E77047E1
:105FD000FCF738BFF0B59DB04C216846FAF70DFAD2
:105FE000202113A8FAF709FA0220FCF7C1FF1E4886
:105FF000016821F4404101600168002401F440413E
:106000001B9101688904FCD50220099001210D91A2
:10601000C2030A23DC25CDE900120AAA05260427BB
:1060200082E82900CDE90E60CDE91074684612942B
:10603000FDF7CCFF08B172B6FEE740201A900823A6
:106040000501CDE9163013ABCDE918053F21032238
:1060500083E8160013A81146FDF7A8FD002801D01B
:1060600072B6FEE71DB0F0BD184802582748F0B5DB
:10607000274A016841F470010160106800F00F00C8
:10608000072804D2106820F00F00C01D10602149BD
:106090000020204C10340B681F4D43F001030B60AF
:1060A00020600B682B400B60136803F00F03072B75
:1060B00004D9136823F00F03DB1D1360154C174A36
:1060C0001834174B261D371D2060124C154D2834EF
:1060D0003060261D3860371D23603B1D35601C1D58
:1060E0003A60251D2E1D1860331D22602860326025
:1060F00018600A6843F2D204064B0B4D22F480224A
:1061000060330A6018602C60F0BD000088ED00E08C
:1061100000200052004402587FEDF6EA800201019F
:10612000000202020000FF010040005230B5416E43
:10613000B9B101680D4B03F108048A688968C2F39C
:106140004262490F5D5C615C2D01B5FBF1F1A0F885
:106150006A10995CA25C0901B1FBF2F1A0F8681029
:1061600030BD0121A0F86A10F8E700000C0001081A
:1061700090F82810090706D50168836B4A6822F455
:1061800000421A434A6090F82810C90706D00168F7
:10619000C36A4A6822F400321A434A6090F8281011
:1061A000890706D50168036B4A6822F480321A43D6
:1061B0004A6090F82810490706D50168436B4A6881
:1061C00022F480221A434A6090F82810C90606D5A6
:1061D0000168C36B8A6822F480521A438A6090F87F
:1061E0002810890606D50168036C8A6822F40052DB
:1061F0001A438A6090F82810490611D50168436C4B
:106200004A6822F480121A434A60416CB1F5801F3B
:1062100006D10168836C4A6822F4C0021A434A60BE
:1062200090F82810090606D50168C26C486820F469
:1062300000201043486070472DE9F84300250446CC
:10624000C0F89050FCF78CFB8046206820266FF049
:106250007E470068000713D50022434631042046DC
:10626000009700F057FA58B1216851E8000F20F06C
:10627000800041E80002002AF6D1C4F8886021E0DD
:1062800020680068400722D5002243464FF4800171
:106290002046009700F03EFAC8B1206850E8001F81
:1062A00021F4907140E80012002AF6D120680830ED
:1062B00050E8001F21F0010140E80012002AF5D14A
:1062C000C4F88C60032084F88450BDE8F883C4F8D7
:1062D0008860C4F88C60E5662567002084F88450E7
:1062E000F3E7000010B5026852E8001F21F4907136
:1062F00042E80013002BF6D10E4B0268083252E838
:10630000001F194042E80014002CF6D1C16E01298B
:1063100008D1026852E8001F21F0100142E8001382
:10632000002BF6D100212022C0F88C20C1664167E5
:1063300010BD0000FEFFFFEF2DE9F043044680682A
:10634000E24E87B0E24B2168D4E90427D4F81CC0A0
:1063500010430A68002547EA0C07384332400243DD
:106360000A602068E268416821F4405111434160AD
:106370002268A1699A4201D0206A01439668DFF839
:1063800054C3D54FD54806EA0C060E4396602168E3
:10639000666ACA6A22F00F023243CA622268BA42AF
:1063A0000ED1006800F0380018286FD07ADCB8B33E
:1063B00008286CD010286BD18BE0282868D18EE09B
:1063C000C7498A4209D1006800F0070006285FD259
:1063D000DFE800F0507D7F818385C2498A4209D180
:1063E000006800F0070006287BD2DFE800F0437069
:1063F00072747678BC498A4209D1006800F00700BF
:1064000006286ED2DFE800F036636567696BB7492E
:106410008A420BD1006800F00700062861D200E034
:1064200043E0DFE800F0275456585A5CB0498A42EE
:1064300006D1006800F0380018284CD0B7DD31E0F4
:10644000AC498A4209D1006800F00700062848D20A
:10645000DFE800F0103D3F414345A7498A420BD198
:10646000006800F0070006283BD2DFE800F00330A8
:1064700032343638002035E0A0498A4209D100681C
:1064800000F03800182826D091DD0BE023E01EE054
:1064900027E09B498A420AD1006800F0380018289A
:1064A00019D084DD202888D11CE001201AE09A420E
:1064B00017D18A48001D006800F00700062810D296
:1064C000DFE800F0030507090B0D02200AE00420B5
:1064D00008E0082006E0102004E0202002E0402030
:1064E00000E080208749DFF820829A42874A4FF4F3
:1064F00000434FEA21174FF000064ED110281AD062
:1065000006DC022809D004280BD008287ED10DE033
:1065100020283ED0402879D13DE0FCF753FD0146CC
:1065200010E06846FCF760FD01990BE003A8FCF75A
:10653000FDFD049906E01068800605D51068C0F3DB
:10654000C100C140002970D0606A676838F8102027
:1065500007EB4703B1FBF2F0834257D8B0EB073F9C
:1065600054D8002308461946F9F7CCFE02467808AD
:10657000130E120243EA012110183A46714100231A
:10658000F9F7C0FE624AA0F5407191423ED82168F9
:106590008FE03946D8E71946D6E7D4F81CC04FF645
:1065A000EF799C4546D1082819D005DC58B101285F
:1065B0000CD0042875D10DE0102815D0202835D036
:1065C00040286ED134E0FDF741FC01E0FDF750FCBE
:1065D000014610E06846FCF707FD01990BE003A8AF
:1065E000FCF7A4FD049906E01068800604D5106845
:1065F000C0F3C100C140C1B1636A606838F81330AC
:10660000B1FBF3F1490001EB500100E049E0B1FBBF
:10661000F0F0A0F11001494543D84FF6F07321681E
:10662000C0F342021840104343E043E03946E3E739
:106630001946E1E7082819D005DC58B101280CD02B
:1066400004282ED10DE0102815D020282BD040286A
:1066500027D12AE0FDF7FAFB01E0FDF709FC01462E
:1066600010E06846FCF7C0FC01990BE003A8FCF7BA
:106670005DFD049906E01068800604D51068C0F33B
:10668000C100C140B1B1636A606838F81330B1FB32
:10669000F3F101EB5001B1FBF0F0A0F1100149451D
:1066A00005D9012506E03946EDE71946EBE72168F3
:1066B00080B2C8600120A4F86A00A4F868002846E7
:1066C0006667A66707B0BDE8F0830000F369FFCFF7
:1066D000000C0058FFF4FF11001001405444025810
:1066E0000044004000480040004C00400050004082
:1066F0000014014000780040007C00400018014078
:10670000001C01400090D003F4FF00080044025830
:10671000FFFC0F002DE9F047994617460D46044649
:10672000089E4FF0000833E0701C31D0FCF718F9D8
:10673000A0EB0900B04218D8BEB120680168490733
:1067400026D5802D24D0402D22D0C169C943090708
:106750000DD4082505622046FFF7C4FDC4F890500B
:10676000012084F88480BDE8F0870320FBE7C0693E
:10677000C04300050CD421684FF400600862204635
:10678000FFF7B0FD2021C4F8901084F88480ECE776
:106790002068C06935EA000004D00020B842C3D0A8
:1067A0000020E0E70120F9E7FEE700000FB4054B09
:1067B00010B503A9044A029802F04AFA10BC5DF829
:1067C00014FB000055BD0008E41A01240FB4084B67
:1067D00010B504A902AA039802F03AFA044602A9E5
:1067E000002002F0CCFD204610BC5DF814FB000038
:1067F0007F93000803B401984100009850EAC1203B
:1068000018BF04204A0D18BF40F0010040F2FF728B
:10681000B2EB515F08BF40F00200012808BF05201D
:1068200002B07047090700284FEA116104DB00F14C
:10683000E02080F80014704700F00F0000F1E02025
:1068400080F8141D704700002DE9F04D2DED040B6C
:106850002DED0A8B9AB0DDE92550279CDDF890A03C
:1068600025F0004624F00048BAF1000F14BF0121C2
:10687000002101EB4502F84953184A1093422AD3EC
:10688000002814BF0123002303EB44030B44F34906
:106890008B4220D358EA00019FEDF19B72D0DFF8C4
:1068A000C8B35D4503D1BAF1000F05D184E0BAF158
:1068B000000F08BF002100D0012101EB450111F5B7
:1068C000001F08D8002814BF0121002101EB44015A
:1068D00011F5001F0BD99DED261B9DED240B1AB061
:1068E000BDEC0A8B04B0BDE8F04D00F0F5BC00270C
:1068F000002DBCBFDD49884521DADD498845A8BFA8
:1069000002271CDAC3451ADCDA4901EB28511429A5
:1069100008DDC1F1340220FA02F101FA02F28242EA
:106920000DD108E058B9C1F1140228FA02F101FAB8
:1069300002F2424503D101F00101C1F1020756EA1A
:106940000A0120D1002C1EDA002D18BF022F01D021
:10695000012F0AD0022000F0F7FC1AB0BDEC0A8B20
:1069600004B0BDE8F04D00F0A7BC022000F0ECFC44
:1069700000F0A2FCB1EE400B1AB0BDEC0A8B04B0E3
:10698000BDE8F08D18E09FEDBCAB9FEDBD8B0028FE
:106990007DD1B64880451CD105F1804010F58010AE
:1069A00008BFBAF1000F07D0B34508DC002CA8BF20
:1069B0009DED260BE0DA07E0B0EE490BDCE7002C9A
:1069C000B8BF9DED260BD5DBAF48784490ED000BAA
:1069D000D2E7D84548D1002C43DA2EB186423AD1CD
:1069E000BAF1000F3DD126E0BAF1000F13D002201A
:1069F00000F0AAFC00F080FC8DED020B9DED240B55
:106A00008DED000B10EE900A039961F31E000390C8
:106A10009DED020BB0E78DED02AB9DED240B1AEE60
:106A2000901A10EE900A8DED000B61F31E0003909A
:106A30009DED020BA0E78DED028B9DED240B18EE72
:106A4000901A10EE900A8DED000B61F31E0003907A
:106A50009DED020B90E704DA9DED241B89EE010BFE
:106A60008AE79DED240B87E786421ADAB4F1804F5E
:106A700004BF9DED240B20EE000B3FF47DAFA4F18D
:106A80000050B0F1FF500CD1002D0ADB00E008E00F
:106A90009DED240B51EC100B06F070F841EC100B3F
:106AA0006AE79DED240B51EC100B03F0EDF8BAF101
:106AB000000FCDE90E0140D19FED750B46B3A6F155
:106AC000E040B0F17F600ED05E4536D1002D00DA97
:106AD00097B3022F0CBF01204FF0FF3000EE100AD9
:106AE000B8EEC00B48E7002D01DD002C0DDA002DBB
:106AF00001DD002C1DDB002D14DA002C12DB012F30
:106B000008BF9FED650B3FF437AFB0EE4A0B33E79C
:106B1000022F18BF002D0CD0012F0AD1002DFFF637
:106B20002BAF06E0002DB8BF002C06DA012F3FF492
:106B300023AFB0EE480B1FE719E0012000EBE57032
:106B400050EA070113D0791EB0EE498B084308BF05
:106B50009FED538B5448002580457ADD53495448B6
:106B6000884514DDB0420DDB002C19DB2CE0012040
:106B700000F0EAFB1AB0BDEC0A8B04B0BDE8F04DA2
:106B800000F0AEBBB34502DC002C09DC1CE0864201
:106B900002DA002C18DA03E05E4528DD002C13DD54
:106BA000022000F0D1FB00F0A7FB8DED020B28EED8
:106BB0000A0B8DED000B10EE900A039961F31E0095
:106BC00003909DED020BD7E6022000F0BDFB00F024
:106BD0009FFB10EE901A18EE900A8DED020B8DEDD2
:106BE000008B61F31E0003909DED020BC4E69DED4A
:106BF0000E0B9FED313B30EE490B8DED040B20EE7B
:106C0000002B9DED041B9FED2E0B01EE430B9DED24
:106C1000043B9FED2D1B03EE401B9DED040B9FEDF0
:106C20002E3B22EE012B9FED2A1B20EE011B20EEB6
:106C3000030B9FED2B3B02EE430B31EE002B8DED52
:106C4000022B02959DED022B32EE411B30EE411BD3
:106C500021E149E000000000FFFF1F00FFFF0F00DF
:106C6000000000000000F03F0000F03F0000F07F57
:106C70000000404301FCFFFF000000000000F07F27
:106C80000000000000000000D22D04000000000001
:106C90000000000000000080000000000000F0FF85
:106CA000000000000000F0BF0000E0410000F043E1
:106CB000FFFFEF3F00000000000000000000D03F99
:106CC000555555555555D53F000000000000E03F93
:106CD000000000604715F73F44DF5DF80BAE543EFF
:106CE000FE822B654715F73F0020B6F5801F0BDAB3
:106CF0009DED0E0B9FEDEC1B6FF0340020EE010BB1
:106D000010EE906A8DED0E0BE94A00EB2650C6F3AB
:106D10001301A0F2FF3741F07F6040F040509142F4
:106D2000D8BF002408DDE34A8A42C8BF012403DC3F
:106D30000024A0F580107F1CDF49794401EBC401D9
:106D40000F9091ED001B9DED0E2B9DED0E0BDB4981
:106D500031EE023B30EE410B89EE032B20EE02AB0D
:106D60008DED02AB7944029591ED003B4FF000515F
:106D700041EA600000EB84408DED043B00F500200B
:106D800005909DED043B9DED044B2AEE0ACB33EEBE
:106D9000411B9DED0E3BCA48062133EE411B9DED84
:106DA000023B03EE440B03EE410B20EE02BBB0EEC0
:106DB0004C0B784400F047FA2CEE0C1B20EE010B34
:106DC0009DED021B31EE0A1B0BEE010B9DED021B2C
:106DD00021EE011B9FEDBC2B31EE023B33EE003B5D
:106DE0008DED043B04959DED043B33EE422B32EEDA
:106DF000411B30EE412B9DED020B9DED041B20EE5F
:106E0000011B9DED040B2BEE000B02EE0A0B31EE85
:106E1000002B8DED022B02959DED022B32EE411BD6
:106E200030EE410B9DED021B9FEDA92B21EE021BC5
:106E30009DED022B9FEDA83B22EE032B9FEDA83B7F
:106E4000A94800EE032B784400EBC40090ED000B42
:106E5000A64832EE000B02EE107AB8EEC22B8DED92
:106E6000042B31EE003B784400EBC4009DED044B55
:106E700090ED002B33EE023B33EE043B8DED023BF5
:106E800002959DED023B33EE443B33EE422B32EE56
:106E9000411B30EE411B9DED260B954A8DED000BFD
:106EA00000959DED260B9DED002B30EE420B9DEDE8
:106EB000022B20EE020B9DED262B02EE010B9DED29
:106EC000001B9DED022B21EE021B8DED021B30EE0F
:106ED000011B11EE900A11EE101A8DED001B90426D
:106EE00024DB821A11430ED19FED831B9DED002BF5
:106EF0009DED023B30EE011B32EE432BB4EEC21B84
:106F0000F1EE10FA26DD022000F01EFA00F0F4F98E
:106F100010EE901A18EE900A8DED020B8DED008B9D
:106F200061F31E0003909DED020B25E5744B20F0EC
:106F300000429A420ED3734A024411437FF444AE96
:106F40009DED022B31EE421BB4EEC01BF1EE10FAA8
:106F5000BFF63AAE20F000416B4A6C4B002402EBC6
:106F600021529942D8BF9DED021B27DD511C4FF4E1
:106F7000801222FA01F10144654BC1F30A527B44AD
:106F8000A2F2FF3293ED001B624B8DED041BD34048
:106F900021EA0303C1F3130141F48011C2F1140289
:106FA00021FA02F405930028B8BF64429DED021B4C
:106FB0009DED042B31EE421B8DED021B30EE011BCB
:106FC0008DED041B04959DED041B9FED532B9DED52
:106FD000023B21EE021B9DED042B32EE432B30EEE3
:106FE000420B9FED4F2B20EE020B9DED042B9FEDEE
:106FF0004E3B4F48052102EE030B31EE002B8DED89
:10700000002B32EE411B30EE41AB9DED000B20EE2C
:10701000000B8DED040B784400F015F99DED001B7D
:107020009DED042B02EE401B8DED021B9DED000B30
:1070300020EE010B9FED402B31EE422B80EE021B28
:107040009DED002BB0EE4A0B02EE0A0B31EE400B29
:107050009DED001B30EE410B39EE400B10EE900A17
:107060008DED000B00EB045001150029C8BF019005
:1070700013DC224651EC100BF9F7B2FBFFF7BAFB19
:10708000042808BF00F044F922469DED000B51ECA6
:10709000100BF9F7A5FBCDE900019DED000B28EEE3
:1070A000000B69E400000000000000000000404305
:1070B0008E9803007AB60B00DA290400382A0400FF
:1070C00092290400000000000000000000000840B9
:1070D000000000E009C7EE3FF5015B14E02F3EBE63
:1070E000FD033ADC09C7EE3FEE280400BE28040089
:1070F0000000904000000000FE822B654715973C81
:1071000000CC904000346F3F01FCFFFF0000E03FE7
:107110001E280400FFFF0F0000000000432EE63F82
:10712000EF39FAFE422EE63F396CA80C615C20BEB6
:107130005E27040000000000000000000000004086
:1071400010B52DED028BB0EE408A18EE100AF9F75B
:10715000A1F901EE100A18EE100A9FED200A78EE50
:10716000410A10F0004F4FF07F4010EE901A12D0FD
:10717000B1F13F4F24BF10EE901AB0EB410F12D285
:1071800010EE901AB1F17C5F1CDD10EE901AB0EB9E
:10719000410F17D314E0B1F13F4F07D910EE901A09
:1071A000B0EB410F02D331EE401A0BE010EE901A13
:1071B000B1F17C5F06DB10EE901AB0EB410F01D30A
:1071C00031EE001A18EE100ABDEC028B11EE101A07
:1071D00061F31E0000EE100A10BD00000000803FA9
:1071E00000B52DED028BB1EEC08B83B018EE100A06
:1071F00018EE901A8DED008B002818BF012008436F
:1072000020F00040C0F17F6000F1E040C00F14D0DA
:1072100010EE101A10EE900A8DED000B002918BF29
:107220000121084320F00040C0F17F6000F1E04000
:10723000C00F04BF012000F087F8B0EE480B03B088
:10724000BDEC028B00BD491E00EBC102B0EE401B3D
:1072500092ED000B31F006020DD0491E00EBC10289
:10726000B0EE403B92ED002B31F00602B0EE420B47
:1072700003EE010BF1D1022914D004290AD006290A
:1072800018BF704790ED0A2B00EE012B90ED080B14
:1072900002EE010B90ED062B00EE012B90ED040B9E
:1072A00002EE010B90ED022B00EE012B90ED000B96
:1072B00002EE010B704700009FED031B9FED042BB6
:1072C00081EE020B70470000000000000000F03F5C
:1072D000000000000000000030EE010B70470000CD
:1072E0009FED031B81EE010B7047000000000000C2
:1072F00000000000000000009FED030B20EE000BDB
:107300007047000000000000000000000000007056
:107310009FED030B20EE000B704700000000000003
:10732000000000000000001002E008C8121F08C1A1
:10733000002AFAD170477047002001E001C1121FF6
:10734000002AFBD170470000014908607047000027
:10735000E81A012410B54169044688472069A04213
:1073600000D1002010BD00002DE9F04F00260F468F
:1073700099B00546B04634464DE000BFA868C4EB5E
:10738000C4028946D0E9013C03EB82000B902D48F2
:107390000FAA02920CEBC40A51F8082F006A496840
:1073A0000C91110A61F31F201C21834604A8F9F7F0
:1073B00024F8D9F81800006802F00AF80490D9F807
:1073C0001800806805905FEA0A0009D0C0F80080C4
:1073D000D9F80010416029B1498819B1012102E0B2
:1073E000404603E00021016001B900200690D9F871
:1073F00018001C2204A94068CDE9080B0C980A90DB
:107400000298F8F7E1FF0B981C220FA9F8F7DCFFB0
:10741000761CB6B2641C0DB1288800E00020A042A2
:1074200005D9686818B150F824100029A6D11EB1FA
:10743000A8684068386001E0C7F8008019B030469D
:10744000BDE8F08FB09604082DE9FF5F82B00021FF
:10745000DDE90430020DDDF840B0034318D044F6F6
:107460001050A2F2FF3242431514119801281FD088
:10747000A5EB0B00401C5FEA000A4FF000064E4FE0
:10748000DFF83891B046504615D5CAF1000413E034
:10749000119801244AA3012801D16FEA0B01029837
:1074A000119AC0E90031C0E9024206B0BDE8F09F80
:1074B000CBF10000DFE704460021404A491842EBC7
:1074C0000450CDE9001012E0E00707D032463B46F9
:1074D00040464946F9F7A3F88046894632463B467E
:1074E00010461946F9F79BF806460F466410002C23
:1074F000EAD1DDE90401DDE90023BAF1000F06DA83
:10750000F9F78DF842464B46F9F789F805E0F9F7A7
:10751000F8F842464B46F9F7F4F804460E460022C6
:10752000284BF9F78DF903D84FF0FF30014607E0FB
:107530000022254B20463146F8F7CAFFF9F767F9D4
:10754000102409E0002C0ADB0A220023F8F7DAFEF7
:10755000039B30321A55641E50EA0102F2D1641CBA
:10756000039AC4F111031444119A012A03D0012291
:1075700008430DD10AE0084304D000204FF0110B5E
:10758000119072E7A3EB0B056D1E0DE05B4504DD6A
:107590004FF0000205F1010504E003DA4FF00002AC
:1075A000A5F10105002AECD002981199C0E9023139
:1075B000C0E9004579E70000000014400000F03FFA
:1075C000300000000000F0430000E03FC0F3434201
:1075D0004FF00001042A01D0082A06D1C0F3C612D8
:1075E000C0F341500121C24091400846704700005D
:1075F0002DE9FF4F85B08A464FF480711C469146B5
:1076000015984042884200DD084609FB04F3834692
:10761000012B06D90246DDE91301169B00F0BEFDE1
:1076200009E016985A46CDE900A012984343DDE9D7
:10763000130100F039FF00201FE0059D002756468A
:1076400010E000BFDDE9133216983146CDE9003273
:10765000CDE902B0129A2346284600F015F86D1CB9
:10766000761C7F1CA742EDD31299059804FB01AA52
:1076700004FB0100059008F1010048458046DCD379
:1076800009B0BDE8F08F00002DE9FF4F8B4616468C
:10769000002001219BF9005081B007E0049A4A4381
:1076A0001BF90220AA4200DB1546491CB142F5D362
:1076B000002117E0049A01FB02F31BF90320109B41
:1076C000AA1A9A420DDA119B53F822201313C2F31F
:1076D0000B0440F2FF7200D5521C944200DD5B1C8B
:1076E0001844491CB142E5D3B0FA80F14FF0FF379E
:1076F000C1F1230A884000F100406FF00042C11739
:10770000801841F10002011E72F1000101DB01232A
:1077100000E03B46181842EBE3714FF002024FF0D5
:107720000003F8F720FECB4A002104461307C00FE0
:10773000009001D1C84B411E1846C4FB0201002332
:107740004FF00042F8F70FFE009B00F15A3800217D
:10775000B3EBD87F4FF0804001D0BF488117C4FB06
:10776000080100234FF00042F8F7FDFD444504D125
:10777000B4F1004F01D16FF00040C0F10059002179
:107780004FEAD873B3EBD97F4FF0804001D0B248B5
:107790008117C8FB090100234FF00042F8F7E3FD11
:1077A000C84504D1B8F1004F01D16FF000406FF02F
:1077B00060418200884201DD394601E04FF000015E
:1077C00021F0004101DDBC4601E04FF0000CA34B6D
:1077D00022EA0C02984281EA020101DA384601E00D
:1077E0004FF0000000F0004001DA3A4601E04FF0AF
:1077F0000002009B21EA020180EA01004FF0000133
:1078000080444FF08040B3EBD87F01D0924881177D
:10781000C4FB080100234FF00042F8F7A4FD4445E3
:1078200004D1B4F1004F01D16FF00040C0F1005914
:1078300000214FEAD873B3EBD97F4FF0804001D0DD
:1078400085488117C8FB090100234FF00042F8F773
:107850008AFDC84504D1B8F1004F01D16FF0004056
:107860006FF060418300884201DD394601E04FF04E
:10787000000121F0004101DDBC4601E04FF0000CA9
:10788000764A23EA0C03904281EA030101DA384682
:1078900001E04FF0000000F0004001DA3A4601E05C
:1078A0004FF0000221EA0201009A80EA01004FF045
:1078B000000180444FF08040C146B2EBD87F01D038
:1078C00065488117C4FB080100234FF00042F8F718
:1078D0004AFD444504D1B4F1004F01D16FF000409E
:1078E000C0F1005400214FEAD972B2EBD47F4FF0BF
:1078F000804001D058488117C9FB040100234FF094
:107900000042F8F730FDA14504D1B9F1004F01D193
:107910006FF000406FF060418300884201DD39461E
:1079200001E04FF0000121F0004101DDBC4601E023
:107930004FF0000C494C23EA0C03A04281EA0301FA
:1079400001DA384601E04FF0000000F0004001DAB3
:107950003B4601E04FF0000321EA030180EA010009
:1079600048446FF0404188424FEA400201DD394609
:1079700001E04FF0000121F0004101DD3C4601E053
:107980004FF00004344B22EA0402984281EA0201DB
:1079900001DA384601E04FF0000000F0004001DB62
:1079A0004FF0000721EA0701BAF11F0F80EA010733
:1079B00004DDAAF11F014FF01F0A0F41002443E02C
:1079C000049904FB01F810991BF90800281A884251
:1079D00035DA1199FB0F51F8209000214FF08040CB
:1079E000B3EBD97F01D01C488117C7FB09010023E5
:1079F0004FF00042F8F7B7FC4F4504D1B7F1004F04
:107A000001D16FF00040012202FA0AF2A2F1010254
:107A100050FA0AF102EA00034FEA620000D5401C66
:107A2000834200DD491C002907DDFF2900DBFF211F
:107A30000198803900F8081005E00021F8E7019965
:107A4000802201F80820641CB442B9D305B0BDE817
:107A5000F08F0000C4C3C3C3010000C0010000E0F8
:107A60002DE9FF5F002798469346894682461AE033
:107A700000264D4654460EE00DF13C0C9CE80F00EC
:107A80008DE80F000E9A43462946204600F010F874
:107A9000641C6D1C761C4645EED30E9A7F1C08FBB9
:107AA000029908FB02AA5F45E2D3BDE8FF9F0000F0
:107AB0002DE9FF4F87B0174601204FF000080899C5
:107AC000169A91F8009009E00A99089B4143595C85
:107AD0004B46494500DA1946401C8946B842F3D363
:107AE0000024651E02EB090116916FF0004AA5E122
:107AF0000A9808996043085C169988427DDBA0EBE0
:107B00000906DDE914B0002186404FF08040F30FF4
:107B1000B3EBDB7F01D0FD488117C6FB0B010023CF
:107B20004FF00042F8F71FFC5E4503D1B6F1004F5D
:107B300000D15046039020F07F41A1F180714FF0B9
:107B40008052A1EB000B02EB411205920021164678
:107B5000D30FB3EBD27F4FF0804001D0EB488117B9
:107B6000C6FB020100234FF00042F8F7FCFBB6F120
:107B7000004F00D150460490049E0021E4484FF08D
:107B8000804C06903046F20F0292B2EBD07F02D0CA
:107B9000DFF878C3491EC6FB00C100234FF0004246
:107BA0006046F8F7E0FBB6F1004F00D150464FF0C9
:107BB0000101861000F0030000D50221884200DD9B
:107BC000761C059BDDF808C000210498BCEBD37F30
:107BD00001904FF08040009301D0CC488117DDE93F
:107BE000003C4FF00042CCFB03010023F8F7BBFB45
:107BF000DDE90021914205D100E00FE1B1F1004F34
:107C000000D15046C34B32180021D60F4FF08040B0
:107C100001D0BE488117C2FB030100234FF0004290
:107C2000F8F7A1FB049908444FF0000100F00102AD
:107C3000401000D501218A4200DD401C0599421800
:107C40000021B1EBD27F4FF0804001D0AF488117C7
:107C5000069BC3FB020100234FF00042F8F783FBB1
:107C6000AB491BF0807F0844009001D02E4600E015
:107C700000260246A84B00215FEAD27C4FF08040EC
:107C800001D0A2488117C2FB030100234FF000423C
:107C9000F8F769FB00993040B1431BF0007F80EAA0
:107CA0000100009001D0284600E000209B4B009A84
:107CB000002101905807D60F01D094488117C2FBCC
:107CC000030100234FF00042F8F74DFB0199009AA1
:107CD00008408A431BF0806F80EA0200009001D0C8
:107CE000284600E00020009A8D4B002101904FF0C3
:107CF0008040D60F01D085488117C2FB03010023C5
:107D00004FF00042F8F72FFB01990840DDE900121F
:107D100091431BF0006F80EA0100009001D02846DB
:107D200000E000207F4B009A002101901807D60F39
:107D300001D076488117C2FB030100234FF00042B7
:107D4000F8F711FB01990840DDE9001291431BF09F
:107D5000805F80EA0100009001D0284600E000200A
:107D6000009B714A002101904FF08040DE0F01D04E
:107D700066488117C3FB020100234FF00042F8F769
:107D8000F2FA01990840DDE9001291431BF0005F0F
:107D900080EA0100009001D0284600E00020634BFB
:107DA000009A002101909807D60F01D057488117FB
:107DB000C2FB030100234FF00042F8F7D4FA019907
:107DC0000840DDE9001291431BF0804F80EA010B6F
:107DD00001D0284600E000200090F2220021500748
:107DE0005FEADB7601D049488117CBFB0201002313
:107DF0004FF00042F8F7B7FA03990029009900EA1A
:107E000001002BEA010180EA010005D0002188432E
:107E100021F00041414002E02946F8E7002140F20C
:107E2000FF720813C1F30B0300D5521C934200DD0F
:107E3000401C179A804442F82410641CBC42FFF492
:107E400057AEB8FA88F1C1F1230908FA01F000F140
:107E500000406FF00042C117801841F10003011E7D
:107E600073F1000101DB012200E02A46101843EB08
:107E7000E2714FF002024FF00003F8F774FA2C4B56
:107E8000002104461A07C00F5FEA000B01D11F4A08
:107E9000411E1046C4FB030100234FF00042F8F7D7
:107EA00062FA00F15A360021BBEBD67F4FF08040DA
:107EB00001D016488117C4FB060100234FF0004291
:107EC000F8F751FAB44203D1B4F1004F00D1504653
:107ED000C0F100580021F30FB3EBD87F4FF0804082
:107EE00001D00A488117C6FB080100234FF0004269
:107EF000F8F739FA464503D1B6F1004F00D15046A4
:107F00006FF060418200884216DD13E0010000C07E
:107F100094A8F570ABAAAA2A7BBEAF63F2CBA24DA0
:107F20006CAC162FA4AA5211B72A580211FE0A00EF
:107F3000C4C3C3C3294601E04FF0000121F0004152
:107F400001DDAC4601E04FF0000C924B22EA0C023E
:107F5000984281EA020101DA284601E04FF0000070
:107F600000F0004001DA2A4601E04FF0000221EA69
:107F7000020180EA01004FF0000106444FF080400A
:107F8000BBEBD67F01D084488117C4FB06010023D8
:107F90004FF00042F8F7E7F9B44203D1B4F1004FD3
:107FA00000D15046C0F100580021F30FB3EBD87F49
:107FB0004FF0804001D078488117C6FB08010023AC
:107FC0004FF00042F8F7CFF9464503D1B6F1004F24
:107FD00000D150466FF060488100404501DD2A46DF
:107FE00001E04FF0000222F0004201DDAC4601E06A
:107FF0004FF0000C674B21EA0C01984282EA010223
:1080000001DA284601E04FF0000000F0004001DAFC
:10801000294601E04FF0000122EA01024FF0000181
:1080200080EA020006444FF08040BBEBD67F01D0CF
:1080300059488117C4FB06014FF0004B00235A46F4
:10804000F8F791F9B44202D15C4500D15046C0F135
:1080500000540021F20FB2EBD47F4FF0804001D0EA
:108060004D4881175A46C6FB04010023F8F77BF9F7
:10807000A64202D15E4500D1504601218200404512
:1080800001DD2B4601E04FF0000323F0004301DD4A
:10809000AC4601E04FF0000C3E4C22EA0C02A0423C
:1080A00083EA020301DA284601E04FF0000000F005
:1080B000004001DA2A4601E04FF00002884623EA38
:1080C000020380EA030030446FF0404398424FEAD5
:1080D000400201DD294601E04FF0000121F000419E
:1080E00001DD2C4601E04FF000042B4B22EA040294
:1080F000984281EA020101DA284601E04FF00000CF
:1081000000F0004401DB4FF0000521EA0501B9F160
:108110001F0F84EA010404DDA9F11F004FF01F09BD
:10812000044100252FE017980021E20F50F8256048
:108130004FF08040B2EBD67F01D0174881175A46E6
:10814000C4FB06010023F8F70EF9B44202D15C45E6
:1081500000D1504608FA09F2A2F1010250FA09F1E1
:1081600002EA00034FEA620000D5401C834200DDB2
:10817000491C00290CDDFF2900DBFF210A98079A22
:1081800068436D1C1154BD42CDD30BB0BDE8F08FD8
:108190000021F3E7010000E0010000C02DE9FF4FDE
:1081A000DFF8E0B2002481B04FF0FF3A60E10299BD
:1081B000019E04FA01F045420021EA0FB2EBD67F9E
:1081C0004FF0804001D0B0488117C5FB06014FF049
:1081D000004700233A46F8F7C6F8B54202D1BD423F
:1081E00000D1681E20F07F4181464FF08052A1F1FE
:1081F0008071900002EB4116A1EB0905B046002109
:10820000F20FB2EBD67F01D09F4881173A46C8FBE8
:1082100006010023F8F7A7F83A460746964201D12F
:108220006FF000470021FB0F0093B3EBD77F4FF0B7
:10823000804001D0944881171646C7FB07010023F0
:10824000F8F791F8B74201D16FF0004000F0030158
:1082500086104FF0010000D50220814200DD761C1F
:10826000DDF800C00021BCEBD87F4FF0804001D08A
:1082700085488117C7FB080100234FF00042F8F73B
:1082800072F8474504D1B7F1004F01D16FF00040BB
:108290007E4A33180021DE0F4FF0804001D07A482B
:1082A0008117C3FB02014FF0004600233246F8F766
:1082B0005AF838444FF0000100F00102401000D598
:1082C00001218A4200DD401C00EB08020021B1EBD5
:1082D000D27F4FF0804001D06B488117CBFB020169
:1082E00000233246F8F73FF815F0807F00EB0B07CC
:1082F00001D0D04601E04FF00008654A0021FB0F95
:108300004FF0804001D060488117C7FB0201002375
:108310004FF00042F8F727F800EA080027EA0807BC
:1083200015F0007F80EA070601D0574600E00027DD
:10833000584A00215007F30F01D053488117C6FB5C
:10834000020100234FF00042F8F70DF83840BE4319
:1083500015F0806F80EA060801D0564600E000263E
:108360004D4A00215FEAD8734FF0804001D0464863
:108370008117C8FB020100234FF00042F7F7F3FF1B
:10838000304028EA060815F0006F80EA080701D09F
:10839000564600E00026414A00211007FB0F01D09D
:1083A00039488117C7FB020100234FF00042F7F75D
:1083B000DAFF3040B74315F0805F80EA070801D04C
:1083C000574600E00027364A00215FEAD8734FF095
:1083D000804001D02C488117C8FB020100234FF0D8
:1083E0000042F7F7C0FF384028EA070815F0005FA1
:1083F00080EA080601D0574600E00027294A0021FC
:108400009007F30F01D020488117C6FB020100231B
:108410004FF00042F7F7A7FF3840BE4315F0804FFA
:1084200080EA060801D0554600E00025F22200212E
:1084300050075FEAD87301D013488117C8FB0201C7
:1084400000234FF00042F7F78EFF00EA050028EA0C
:108450000508B9F1000F80EA080010D05FF00002B3
:10846000904322F000414140049840F82410641CDD
:1084700003988442FFF49BAE05B0BDE8F08F5246EE
:10848000EEE7000094A8F570010000C0ABAAAA2A8C
:108490007BBEAF63F2CBA24D6CAC162FA4AA5211D7
:1084A000B72A580211FE0A002DE9FF4F85B0984601
:1084B0000120DDF848A09AF9004005E01AF9001003
:1084C000A14200DB0C46401C4045F7D300258DE15E
:1084D0001AF905000799A4EB000989457ED206998F
:1084E000059F09FA01F046420021F20FB2EBD77F57
:1084F0004FF0804001D0C2488117C6FB07014FF002
:10850000004B00235A46F7F72EFFBE4203D15E45CB
:1085100001D16FF0004020F07F42A2F180724FF055
:10852000805101EB4216171AF20FCDE902068800BE
:108530000021B2EBD67F01D0B14881175A46C6FB65
:1085400006010023F7F70FFF5E4501D16FF00040F1
:108550008346AC480490584600214FEADB730193F0
:10856000B3EBD07F4FF0804601D0A54E491ECBFB28
:10857000006100234FF000423046F7F7F4FEBBF1F4
:10858000004F01D16FF0004000F0030186104FF062
:10859000010000D50220814200DD761C039BDDF83E
:1085A00004C000214FF080400093BCEBD37F01D08A
:1085B00093488117DDF800C000234FF00042CBFB49
:1085C0000C01F7F7D0FE009A934504D1BBF1004FA0
:1085D00001D16FF000408C4A331800E005E1002122
:1085E000DE0F4FF0804001D085488117C3FB0201A8
:1085F00000234FF00042F7F7B6FE58444FF0000258
:1086000000F00101401000D50122914200DD401C24
:10861000039942180021B1EBD27F4FF0804001D086
:1086200077488117049BC3FB020100234FF00042EF
:10863000F7F799FE734917F0807F00EB010B02D02A
:108640004FF0FF3000E00020704B002100905FEA07
:10865000DB764FF0804001D069488117CBFB0301E6
:1086600000234FF00042F7F77EFE009908402BEA06
:10867000010217F0007F80EA020B02D04FF0FF30BA
:1086800000E00020624B0021009058075FEADB7693
:1086900001D05B488117CBFB030100234FF0004260
:1086A000F7F761FE009908402BEA010117F0806F8F
:1086B00080EA010B02D04FF0FF3000E00020554B64
:1086C000002100905FEADB764FF0804001D04C48FB
:1086D0008117CBFB030100234FF00042F7F743FE65
:1086E000009908402BEA010117F0006F80EA010BA6
:1086F00002D04FF0FF3000E00020474B00210090F7
:1087000018075FEADB7601D03D488117CBFB0301F8
:1087100000234FF00042F7F726FE009908402BEAAD
:10872000010117F0805F80EA010B02D04FF0FF30AB
:1087300000E00020394A002100905FEADB764FF02C
:10874000804001D02E488117CBFB020100234FF05F
:108750000042F7F708FE009908402BEA010117F0E4
:10876000005F80EA010B02D04FF0FF3000E00020F4
:108770002B4B0021009098075FEADB7601D0204860
:108780008117CBFB030100234FF00042F7F7EBFD0D
:10879000009908402BEA010117F0804F80EA01069A
:1087A00002D04FF0FF3000E00020F2220746002107
:1087B0005007F30F01D012488117C6FB02010023B6
:1087C0004FF00042F7F7CFFD029900EA070026EAD2
:1087D000070680EA060079B15FF00001884321F0C6
:1087E00000424240139840F829206D1C4545FFF493
:1087F0006FAE09B0BDE8F08F4FF0FF31EEE700003B
:10880000010000C094A8F570ABAAAA2A7BBEAF6392
:10881000F2CBA24D6CAC162FA4AA5211B72A580263
:1088200011FE0A0070B5054648880C4669888842E2
:1088300002D9A2B1002070BD8AB100260BE06168A8
:10884000C6EBC6006A6801EB800102EB80001C22C7
:10885000F7F7BAFD761C6088B042F0D801E0606896
:1088600068606088688020882880012070BD0000D2
:1088700030B500B3F9B1F2B15268E2B10F4C1368F0
:10888000A34203D00129026013D014E00023121D7B
:1088900007E000BF52F82350A54204D040F823500F
:1088A0005B1C8B42F6D38B4205D152F82300A042C9
:1088B00001D1012030BD002030BD0000DECAFAA188
:1088C00070B506000D4614461AD0CCB1104600F023
:1088D00017FE00B16088A84212D10421002309E0EC
:1088E000C3EBC302606801EB8202805820B146F8F6
:1088F00023005B1CAB42F3D3AB4201D1012070BD1E
:10890000002070BD0349884201D10120704700203A
:1089100070470000DECAFAA12DE9FE4F040092461E
:10892000894603D0208E20B1656B03E00020BDE8AE
:10893000FE8F0025217C00206083C94320838807A7
:1089400002D030221121DCE0B9F1000F62D0002DFD
:1089500060D02888C8B3D9F818000026D0F8008065
:1089600056E0A868006800EB0610019052D060B392
:10897000C6EBC6000290012109EB8000009000F0D8
:10898000C9FD0246DBF8180041688A421AD8009AED
:10899000DBF80C309269DF68D2F80CC0674511D162
:1089A0009F68D2F808C067450CD15B685268934253
:1089B00008D1006800F0FCFC0746584603F0D6F9E1
:1089C000874203D2182212219BE023E0DBF8180033
:1089D000006800F0FDFC0299C00159F82110B0EBCD
:1089E000C11F01D01922EEE70098406890B10098AD
:1089F0008069006880B14045414600D208465A4629
:108A00008046DDE9001000F08FF806F101062DB177
:108A1000288804E01722D6E72122D4E70020B042BC
:108A200006D9686820B150F826B0BBF1000F98D184
:108A3000BAF1000F73D0208E012806D9656B0C3572
:108A400003D0288808B1002657E0182258E0A8680B
:108A5000006800EB061B39D0BBF1000F36D0C6EB27
:108A6000C600019001210AEB8000009000F052FD49
:108A7000D9F8183059688842E7D8009AD9F80C001C
:108A80009269C768D2F80CC06745DED18768D2F812
:108A900008C06745D9D1406852689042D5D118685E
:108AA00000F086FC0746484603F060F98742CCD3C5
:108AB000D9F81800006800F08BFC0199C0015AF841
:108AC0002110B0EBC11F03D0192219E0172217E0C3
:108AD000009840680028F9D000988069006870B15B
:108AE0004045414600D20846009980464A465846CD
:108AF00000F01AF806F101063DB1288806E02122AF
:108B00001321204601F01CF810E70020B04206D9DE
:108B1000686820B150F82690B9F1000F97D14FF056
:108B20000100A4F8188002E770B50E460446154609
:108B3000104603F01BF9A0600146B0690068484385
:108B4000E06071686160726810442060A869026822
:108B5000920007D4D0E90223D21A11448160A96996
:108B60006068C86070BD2DE9F0410025064620E030
:108B7000B268816913680A6803EB0514920005D591
:108B80008968D4E9010204F077F908E0D1E9022309
:108B90006768D21A3A448A6080696168C16094E863
:108BA000070011446160814201D3E168411A6160AC
:108BB0006D1C0EB1308800E00020A84206D9706814
:108BC000002803D050F825000028D1D1BDE8F0815D
:108BD0002DE9F041002506462BE0B268886912684D
:108BE000036802EB05149A000FD58068D4E90112DE
:108BF00004F042F9D4E90101084460602168884228
:108C000001D3E068081A606012E0D4E90020A3688C
:108C100018446060904201D3E068101A60608A696D
:108C2000D2E90237DB1B1844906089696068C8602C
:108C30006D1C0EB1308800E00020A84206D9706893
:108C4000002803D050F825100029C6D1BDE8F081D6
:108C50002DE9FF4F95B09B468946064600250FE259
:108C6000252877D100242746F84A0121059400E001
:108C7000044316F8013F203B01FA03F01042F7D1FC
:108C800030782A2811D06FF02F033078A0F130020D
:108C9000092A16D8059A44F0020402EB820203EB7B
:108CA00042021044761C0590EFE759F8042B059218
:108CB000002A03DA504244F40054059044F00204C0
:108CC000761C30782E2816D116F8010F44F00404D3
:108CD0002A280DD06FF02F023078A0F13003092B35
:108CE00009D807EB870302EB4303C718761CF3E7A9
:108CF00059F8047B761C30786C280FD006DC4C28A1
:108D000017D068280DD06A2814D104E0742810D038
:108D10007A280FD10DE044F400140AE044F48014E2
:108D200001E044F440147278824202D104F58014C8
:108D3000761C761C307866280BD013DC582877D048
:108D400009DC002875D04528F6D04628F4D04728FD
:108D50001AD19DE118E0632835D0642879D06528C0
:108D600012D195E1702873D008DC6728F1D069280A
:108D70006FD06E280DD06F2806D1B5E073282CD0A7
:108D8000752875D0782874D05A46179990476D1C6D
:108D900075E1C4F30250022809D003280DD0D9F898
:108DA000001004280DD00D6009F1040967E1D9F81D
:108DB0000010EA17C1E90052F6E7D9F800100D805B
:108DC000F2E70D70F0E719F8041B8DF80010002091
:108DD0008DF80100EA46012003E059F804AB4FF09A
:108DE000FF3061074FF0000102D40DE008F10101EE
:108DF0008846B9420FDA8045F8DB1AF808100029D6
:108E0000F4D108E008F1010188468142FADB1AF842
:108E100008100029F6D105985B46A0EB080721460B
:108E20003846179A00F094FA284400EB080507E04A
:108E30004DE029E10DE01AF8010B5A4617999047C9
:108E4000B8F10108F7D25B4621463846179A13E17C
:108E500042E00A220092C4F302524FF0000A022AB2
:108E600008D059F804CB032A4FEAEC710AD00DE080
:108E700029E02AE009F1070121F00702F2E802C126
:108E8000914609E00FFA8CFC4FEAEC71042A03D1F9
:108E90004FFA8CFC4FEAEC71002907DA0A460021F0
:108EA000DCF1000C61EB02012D2202E0220504D569
:108EB0002B228DF80420012203E0E20701D02022BA
:108EC000F7E7904659E00A2102E010220DE0102158
:108ED0004FF0000A00910BE010224FF0000A44F01E
:108EE00004040827009203E008224FF0000A0092D1
:108EF000C4F30252022A05D059F804CB0021032AF8
:108F000008D009E009F1070121F00702F2E802C1E7
:108F1000914605E01FFA8CFC042A01D10CF0FF0CED
:108F20004FF00008220728D5702806D0009B83F058
:108F3000100353EA0A0305D00EE040228DF8042006
:108F4000012208E05CEA010206D030228DF80420FC
:108F50008DF8050002229046009B83F0080353EA37
:108F60000A030AD15CEA010201D1620705D5302269
:108F70008DF804204FF001087F1E582804D034A03B
:108F800003900EA802900DE036A0F9E75346604624
:108F9000009AF7F7B7F984460398825C0298401E5E
:108FA000029002705CEA0100F0D1029806A9081A4A
:108FB00000F1200A600702D524F4803400E0012784
:108FC000574502DDA7EB0A0000E0002000EB0A0194
:108FD000009005984144401A0590E00306D45B4692
:108FE0002146179A059800F0B3F90544002706E0DA
:108FF00001A85A46C05D179990476D1C7F1C4745D4
:10900000F6DBE0030CD55B462146179A059800F085
:109010009FF9054404E030205A46179990476D1C8B
:109020000099481E00900029F5DC08E0029802999A
:109030005A460078491C0291179990476D1CBAF165
:109040000001AAF1010AF1DC65E100000928010034
:1090500030313233343536373839616263646566AE
:109060000000000030313233343536373839414270
:10907000434445460000000000F058F90544761CC2
:10908000307800287FF4ECAD19B02846BDE8F08FA9
:10909000620700D4062709F1070222F0070CFCE85A
:1090A0000223E14603F000485FEA080C02D00FF209
:1090B000702C0DE05FEA045C02D50FF2682C07E02B
:1090C0005FEAC47C02D00FF2602C01E0AFF2700CBA
:1090D0004FF0FF3823F00043CDF850C065280CD086
:1090E00006DC452809D046281DD047283DD13DE063
:1090F000662818D067287ED138E00021112F01DBC7
:10910000112000E0781CCDE9000106A90EA8FEF7A9
:109110009BF9DDE90F010E9A03910021009207F1FE
:10912000010A04914DE04FF000400097CDE9011095
:1091300006A90EA8FEF788F9DDE90F0203920E9B3F
:1091400011990022DDF80CA00093049211B9791C4A
:1091500000EB010AB7EB0A0004D4C0F1FF3007F1BD
:10916000010A0490AAEB0700019044E0012F00DA05
:1091700001270021112F01DD112000E03846CDE943
:10918000000106A90EA8FEF75FF9DDE90F010E9AAE
:109190000391002104910092BA4621070CD403994F
:1091A000514500DA8A46BAF1010F05DD009AAAF1AD
:1091B0000101515C302908D0B84202DA10F1040FE5
:1091C00006DA0121CDE9011015E0AAF10101E9E774
:1091D000002805DC049901440491AAEB000102E097
:1091E000411C514500DD8A460499401A401C0190FB
:1091F0004FF000400290200704D40198504501DB55
:10920000CDF8048000208DF84F0002980DF14F0733
:10921000B0F1004F25D02B200E9002984FF002089D
:1092200000280CDA404202902D200E9007E00A211F
:109230000298F7F7FAF83031029007F8011DB8F1FB
:109240000001A8F10108F2DC02980028EFD1791E94
:109250000E980870307800F0200040F0450007F8C4
:10926000020D12A8C01B00F107081498007800B185
:10927000012000EB0A01019801EBE07105984144DF
:10928000401A401E0590E00306D45B462146179A1B
:10929000059800F05DF805441498007818B15A4616
:1092A000179990476D1CE00324D55B462146179A19
:1092B000059800F04DF805441CE00498002807DBF1
:1092C000DDE90301884203DD0098405C179901E065
:1092D000179930205A469047049805F10105401C23
:1092E00004900198401E019004D12E205A461799EF
:1092F00090476D1CBAF10001AAF1010ADDDC05E01E
:1093000017F8010B5A46179990476D1CB8F10001E8
:10931000A8F10108F4DC5B462146179A0598ABE6F4
:109320002D0000002B000000200000002DE9F0417E
:10933000044600251E461746880404D405E0394635
:109340002020B0476D1C641EF9D52846BDE8F08189
:109350002DE9F041044600251E469046C80301D57C
:10936000302700E02027880404D505E04146384630
:10937000B0476D1C641EF9D52846BDE8F0810A6827
:10938000531C0B601070704770B579B1C0F3C615EF
:10939000C0F341526943C91D21F00704D440FEF7D0
:1093A00015F900FB0540C01DC00870BD002070BD50
:1093B00059B1C0F3C613C0F341525943C91D21F03E
:1093C0000700D040C01DC008704700207047000053
:1093D000C0F3434102294FF0400130B519D03B4A58
:1093E00020F07E434D019C1A934263D028DC384A1A
:1093F0009342A3EB02045DD018DC402B5BD0403BD2
:10940000B3F5802350D0802B3DD0B3F5806F52D17F
:1094100034E0C0F3C051C0F3C612C90500F07F03A9
:1094200041EAC211194341F4802144E0A4F540749B
:10943000F93C26D00F2C3AD0AC423CD125493AE039
:10944000254BE21A9C4229D00CDC244AA21813D0E6
:10945000B2F5F83F1FD0224BD2181AD0B2F5607F78
:1094600029D112E0A2F54072F93A10D00F2A18D093
:10947000AA4220D11B491EE01B491CE01449C91F08
:1094800019E01A4917E01A4915E01A4913E01A4978
:1094900011E01A490FE0194980390CE01549C91D3E
:1094A00009E015490F3106E01149803903E00F4901
:1094B0000F3100E0114600F0804200F000530A43F3
:1094C000134300F00060184330BD00004004060064
:1094D000470404004010040007007E0000F483FFEE
:1094E000800FFEFF401084004010820040080400FE
:1094F000C00004004004840040088400C0008400D0
:1095000028B1416819B1408808B101207047002096
:1095100070470000020010B52AD01068154BB3EB5D
:10952000C01F03D0144BB3EBC01F01D1012000E0DA
:10953000002008429069406802D01F3020F01F00D0
:109540005369D9B2012900D000211B0A07E0012983
:1095500007D0946954F821406043491C1AB11C4655
:1095600002E00124F8E700248C42F0DC002800DC53
:10957000002010BD006000420060000209A108B593
:109580000968009148B101789DF80020914204D10A
:1095900004226946F6F73CFF08B1002008BD01200F
:1095A00008BD0000038404842DE9F041066C002509
:1095B000816B0446C163CEB1D9B10120626CB04762
:1095C0000CE00220626CB047E06BFDF7C3FE07467B
:1095D000626C0320E16BB0476D1CE763E16B00290F
:1095E000EFD106E0FDF7B6FE6D1CE063E06B0028EE
:1095F000F8D12846BDE8F08103460020996B002988
:1096000008D00A69401CCB608A4203D0002A01D0EE
:109610001146F6E770472DE9F041846B002594B1BF
:10962000012600272079C00707D0216A204611B102
:109630008847304600E0384605442069A04202D001
:1096400008B10446EEE72846BDE8F0811CB50023CA
:109650000522CDE90023024A012300F045F91CBD93
:109660003802012430B50C4B0C4605468BB00DF189
:109670001C0C0FCB8CE80F0007491C2268461031E8
:10968000F6F7A2FE07A801941C2269460690284618
:10969000F6F79AFE0BB030BD143E010830B50C4B06
:1096A0000C4605468BB00DF11C0C0FCB8CE80F005F
:1096B00007491C2268461031F6F786FE07A8019478
:1096C0001C22694606902846F6F77EFE0BB030BD98
:1096D000403E010800487047D81A01242DE9F041A6
:1096E0000D46064600F04EF9041E0DD0294602F044
:1096F00095FE07462946204602F0F6FC00EA0704DC
:10970000304600F0CBF92040BDE8F08110B90248A6
:10971000024A026000F0C6B8380201240001C0A16C
:1097200010B90248024A026000F010BA380201245F
:109730000001C0A100F0DAB9F0B500252E46059F62
:109740000560456085600C69644221E0002C06DA02
:10975000D0F800C00CF1010CC0F800C014E0D2F841
:1097600008C0D7F808E0ACEB040CF44506DAD0F8F2
:1097700008C00CF1010CC0F808C005E0D0F804C026
:109780000CF1010CC0F804C0D1F808C0761C644488
:10979000D3F808C0B445D9DC0468C46044680461E7
:1097A0008468C0E90545C56105624C6964420025CD
:1097B00015E0002C03DA8669761C86610CE0566899
:1097C000D7F804C0361B664503DA066A761C0662C3
:1097D00002E0C669761CC661CE686D1C34445E68C2
:1097E000AE42E6DCF0BDD0E90631012223B141B141
:1097F0005B1E8361828408E019B10022491EC161A9
:10980000F8E7016A8284491E016200F10C010EC969
:1098100080E80E0070470168012219B1491E0160FD
:10982000C2847047416821B1828C491EC284416064
:1098300070478168C284491E81607047016810B119
:10984000024A8A4300D00020704700000001C0A1F6
:1098500030B44AB140B139B1074C1368A34206D1C4
:1098600030BC0C32FFF72CB830BC0020704730BC45
:109870001C32FEF7FDBF0000DECAFAA130B44AB1C7
:1098800040B139B1064C1368A34206D130BC121D59
:10989000FFF716B830BC0020704730BCFEF7E8BFB9
:1098A000DECAFAA1F8B50E46FFF7C8FF04000AD0D9
:1098B00000270097208E00B1606B6946FDF754FDCC
:1098C000050006D00BE01022114600F039F9002007
:1098D000F8BD18222046112100F032F9009706B198
:1098E00035800098F8BD00002DE9F04F89B04FF0A9
:1098F000000A05005746214E9146DDE9121063F338
:10990000070754469B46019161F30F27039060F3CC
:10991000174718D0C5F8009000F07AF9B8B10022C6
:10992000B046B68AC7F30721F8B200F045F9002225
:109930000746C6F30721F0B200F03EF9874208D08F
:10994000D8F804400EE0F06909B0BDE8F08F346843
:1099500008E00BA0006800906846FFF70FFE18B9FA
:10996000D8F80840C5F800A05846039A019900F0BD
:1099700023F9C9F808002046E6E70000B09604087D
:10998000038404842DE9F04F91B00C46FFF756FF95
:10999000050013D0B4B120683CA1FEF7B3FF060068
:1099A0004FF0000B11D020680190D4E90301CDE9FC
:1099B0000401D4E90101CDE9020144E0002011B025
:1099C000BDE8F08F112210215DE0D4F804A0012140
:1099D0002046FFF79FFDD4F820908046012104F136
:1099E0001C001090FFF796FD2A491422074607A88D
:1099F000F6F7EAFCB8F1000F4FF0010002D0ADF825
:109A0000220002E00024ADF822B009941FB11099A1
:109A1000ADF82A0002E00021ADF82AB0B9F1000F3C
:109A20000B9102D10FB1132206E0BAF1000F05D15C
:109A3000B8F1000F02D01222102123E0142207A94E
:109A400001A8F6F7C1FC14492868884212D186F0B3
:109A5000010202A9144605F12000FEF7E3FE68B1F9
:109A600004A9224605F12800FEF7DCFE40B1284695
:109A7000FFF7C2FD032028612846A0E7122200E07C
:109A800013221621284600F05BF897E7696E697487
:109A900000000000049704080001C0A170B5FFF7A2
:109AA000CDFE002807D0017C890705D410221121A2
:109AB00000F046F8002070BD0B4A0168914211D1B8
:109AC0000546FFF7A8FD286C60B1AC6B54B1D5E931
:109AD00010320020214698472069A04202D008B1E8
:109AE0000446F4E7012070BD0001C0A170B5134623
:109AF0000D46FFF7A3FE04461A462946FEF70CFF63
:109B000000281CD0208E08B1666B00E000260128DA
:109B100002D9656B0C350DE000250BE03046FFF7F0
:109B200022F82046FFF740FD2846FFF751F8608BEA
:109B3000401C6083608B218B8842EFD380B270BD64
:109B4000002802D00C3000F092B87047F8B50E46ED
:109B5000FFF774FE040007D000270097208E01282D
:109B600008D9606B0C3006E010221146FFF7E8FFC1
:109B70000020F8BD00206946FDF7F6FB050005D181
:109B8000182220461121FFF7DBFF009706B1358030
:109B90000098F8BD4168D1E9020148437047016867
:109BA00002460120090A04E05368491E53F8213097
:109BB00058430029F8D17047000640EA014040EAC6
:109BC00002207047F0B500241FE000BF00EB8405C1
:109BD00095ED001A61EE001A81EEA01A11EE105AEE
:109BE000002DC5F31606C5F3C757C7F17E0706F566
:109BF000000600DA76421F2F01DD00263746F50108
:109C000023F8147042F82450641C8C42DEDBF0BD53
:109C10000120704710B18269002A00D108467047C0
:109C200010B18269002A00D10846704710B18269DC
:109C3000002A00D10846704710B1806900B1014682
:109C400009B1886870470020704710B1806900B181
:109C5000014609B1886870470020704710B18069DB
:109C600000B1014609B18868704700207047037849
:109C700013F0FF0F01D0002070470170016862F3FC
:109C80001F2101600120704782B0CDE9000121F061
:109C9000004001909DED000B02B051EC100B70479D
:109CA0002DE9F04F816989B00A880AB14B6800E05C
:109CB00000235B6833B10AB14B6800E000235B68A6
:109CC0001C6800E00024012A02D94B680C3300E034
:109CD00000235B6843B1012A02D949680C3100E0D6
:109CE00000214968096800E00021E268036B078DE4
:109CF000CE68B2F804C0BFB2B3F800B0B2F80C90AE
:109D00001FFA8CFAB589B2F808C09B88ADB2B0F8DA
:109D10002080828C9BB23689808BCDE9075191B22D
:109D20001FFA8BF280B20090CDE90321B6B2204633
:109D30001FFA88F5CDE901531FFA89F253461FFA3D
:109D40008CF1CDE9057602F0AFFE09B0BDE8F08FE9
:109D50002DE9F04F04462DED028B9BB081690A88F6
:109D60000AB1486800E00020406828B10AB148689C
:109D700000E0002040680068012A834602D9486854
:109D80000C3000E00020406840B1012A02D9486848
:109D90000C3000E000204068036800E00023022A45
:109DA00002D94868183000E00020406838B1022A23
:109DB00002D94868183000E0002040680068022A94
:109DC00082460BD9486810F1180F07D030F8185F99
:109DD000012D03D9406810B1406800E00020032A3B
:109DE00002D94D68243500E000256D683DB1032A95
:109DF00002D94D68243500E000256D682D68666A3B
:109E00000D957EB1032A02D94B68243300E000236C
:109E10005B683BB1032A02D94B68243300E000237E
:109E20005B685B68022A9946DBF80C301093E76B9D
:109E3000D9F80CE09B889BB21493D0F818C00D9809
:109E4000BEF804603B88BF88258D9BB2D0F818808F
:109E5000B0B20190A68DDAF80C000893BBB2029361
:109E6000ABB20493B3B2039383681893406817901E
:109E7000DCF808000790D8F808000C90DEF80C0019
:109E8000109B0F90DEF808001990D868159098681C
:109E9000169002D94868183000E00020406860B190
:109EA000022A02D94868183000E000204068806823
:109EB00018B10021FFF7AEFE03E0216A0020FFF792
:109EC000BBFEDBF80010D9F80000DAF8002039B149
:109ED0004B682BB14D881DB11B68D3ED008A01E0A2
:109EE000F7EE008A38B143682BB145881DB11B6875
:109EF00093ED008A01E0B7EE008ADBF81850DAF83B
:109F00001830D9F8186094F841A0D5F80890D3F823
:109F10000880B5681AB152680AB1146800E00024DC
:109F200039B14A682AB1498819B1516891F900607C
:109F300000E0002638B1416829B1408818B148686E
:109F400090F9007000E000270D988069D0E90001C9
:109F5000FFF71AFA0F990123F0EE480A8AB20C991A
:109F6000B0EE680ACDE91101CDE90F23199808AACE
:109F700080B2CDE90D50CDE90B4ADDE9070107912B
:109F800082E8C1001898CDF8008083B2DDE90201B3
:109F90000393179A92B20292CDE905101598149B7B
:109FA00082B2169881B2484600F0F8F91BB0BDECB9
:109FB000028BBDE8F08F2DE9F04F816987B00888EA
:109FC00008B14A6800E00022526832B108B14A681C
:109FD00000E000225268156800E00025012802D93F
:109FE0004A680C3200E00022526842B1012802D9CE
:109FF0004A680C3200E000225268146800E0002435
:10A00000022802D94A68183200E00022526842B1A0
:10A01000022802D94A68183200E000225268166805
:10A0200000E0002602280BD94A6812F1180F07D069
:10A0300032F8183F012B03D9526812B1526800E080
:10A0400000220328904602D94A68243200E0002208
:10A05000526842B1032802D94868243000E0002049
:10A060004068076800E00027E868E1688088898820
:10A070001FFA80FB1FFA81FA04F10800FFF78AFD3E
:10A080008446D8F81800D0F808907FB1B869D0F8A5
:10A0900008802B6820683768B16953B15A6842B1AB
:10A0A0005E8836B1126892ED000A04E04FF00008B5
:10A0B000EFE7B7EE000A38B142682AB146881EB110
:10A0C0001268D2ED000A01E0F7EE000AA469AD695A
:10A0D0008A68A468A9683BB15D682DB15B881BB133
:10A0E0006B6893F9003000E0002338B145682DB16A
:10A0F000408818B1686890F9005000E000251FB151
:10A10000786808B1006800E000208DE82808CDE9F3
:10A110000508CDE903AC4B46204600F0A4FC07B08F
:10A12000BDE8F08F2DE9F04F2DED028B93B08169E2
:10A130000A880AB14B6800E000235B6833B10AB1BA
:10A140004B6800E000235B681D6800E00025012AE1
:10A1500002D94B680C3300E000235B6843B1012A4D
:10A1600002D94B680C3300E000235B681C6800E0F8
:10A170000024022A02D94B68183300E000235B68F0
:10A180003BB1022A02D94B68183300E000235B6818
:10A190001B68022A99460BD94B6813F1180F07D098
:10A1A00033F8186F012E03D95B6813B15B6800E0C8
:10A1B0000023032A02D94E68243600E00026766880
:10A1C0003EB1032A02D94E68243600E000267668A4
:10A1D0003668476A7FB1032A02D94C68243400E00C
:10A1E000002464683CB1032A02D94C68243400E09E
:10A1F000002464686468022AB0F828C0B0F82C8093
:10A200009B691FFA8CFCD4F80CA0B769CDF810C07C
:10A210001FFA88FCCDF80CC0D5F80CC09B680293DF
:10A22000D7F808B0BCF80430DAF80C700A979BB283
:10A23000DAF808701297DCF80C701097DCF80870E8
:10A240000F970D9302D94B68183300E000235B6829
:10A250006BB1022A02D94968183100E0002149682F
:10A260008A6822B100211046FFF7DAFC03E0016A98
:10A270000020FFF7EAFC29682068D9F8003039B1DE
:10A280004A682AB14F881FB11268D2ED008A01E0F6
:10A29000F7EE008A38B142682AB147881FB11268C8
:10A2A00092ED008A01E0B7EE008AAD69D9F8182076
:10A2B000A469D5F808A0D2F80890D4F808801BB19A
:10A2C0005A680AB1146800E0002439B14A682AB11A
:10A2D000498819B1516891F9005000E0002538B162
:10A2E000416829B1408818B1486890F9007000E0D1
:10A2F0000027B069D0E90001FFF746F80A9900236A
:10A30000CDE90A30129889B2099102AB81B2CDF839
:10A3100030B0F0EE480AB0EE680ACDE90781CDE929
:10A32000057493E807000495CDE90210CDE9009289
:10A3300010980D9B82B20F9881B2504600F0C2FB7C
:10A3400013B0BDEC028BBDE8F08F2DE9FF4F9A46AC
:10A3500093468E462DED020B8BB0DDE92367DDE9D8
:10A360002145DDE91F23DDE91D01DDF870C0DDE9D0
:10A370001A98CDE90301CDE90523484653468DE8F7
:10A380000111CDE90745CDE909670D985A46714697
:10A3900002F0C6FC11B0BDE8F08F00002DE9FF4FC0
:10A3A0008A461C462DED020BC5B0DDF888916398F6
:10A3B000559F619A00FB09F0DDE965185F9E00FB7F
:10A3C00007220020049047985C9D82420AD9499850
:10A3D000479A00FB0AF000FB04226198824201D9EF
:10A3E000012004906098032801D0022801D10020A8
:10A3F000049041444246A1EB470039468346034658
:10A400003046CDF83480FFF7DDFB6098C1076399D3
:10A4100009F102001A9002D0891C484301E009FBAF
:10A4200001F011903A4657985D99CDE90005CDE9C4
:10A430000218569B2046549903F084F8569807EB6F
:10A44000470108EB8105169504FB00F608EBC700F1
:10A450003E90579908EB87003F904FF001083E98D7
:10A46000714389B20A91002111E000BFBBF90020BD
:10A47000531E152B06D25E9B934008FA02FC03EB99
:10A480005C0200E05E9A491C0BF1020B04C0B94269
:10A49000ECDB499839A93690ABEB47000B9030AB19
:10A4A000639835AA319056983B905798CDF8DCA028
:10A4B0003A905898CDF8C8902890599829905A9871
:10A4C0002A905B982B900B9841900D98009126A9AB
:10A4D00040901BA8FFF730F960980328C0F34000B4
:10A4E0000F9021D00020449000203D9056986100AC
:10A4F000414354980E9057984143169800EB410001
:10A500001390DDE9560148434FF4A051604378436E
:10A51000B1EB400F00DB410001EBD1704FEA600866
:10A520006498012802D00FE00120DCE70A98784304
:10A53000404509DC0A9AA00713993B460E982CD097
:10A5400002F032FD01203D900A9998FBF1F080B2B3
:10A55000874200D238464290B7FBF0F2B7FBF0F1E9
:10A56000439100FB127010B1481C80B243900499D3
:10A5700060000129579900FB01F0569900FB01F09A
:10A5800018900DD0439840903F9815903E981090A9
:10A590004298149061981A9759E202F02DFED1E783
:10A5A000002033E11BA8FFF71EF9609803281AD09A
:10A5B0002598619A784300FB092014903D98002863
:10A5C000149812903F98159041980B9040980D90D8
:10A5D0003E98109042980C90439844905498199744
:10A5E0000E9008D008E1259861991A9A401C491CE0
:10A5F00000FB0210E1E7A00706D10C9B0A9A139911
:10A600000E9802F0F9FDF7E00C9B0A9A13990E9848
:10A6100002F0CAFCF0E01E981B90002034901F98B6
:10A620001C9020981D9034989FE01BA8FFF7F3F82A
:10A63000BDF89200012812D05899349848435A998D
:10A64000A207A0EB010B5999259800FB01F05B993B
:10A65000A0EB01005799014403914ED05FE0599956
:10A66000259848435B99401A5799014402912FE07D
:10A670005899349848435A99401A5699014404917C
:10A6800020E000BFBBF1000F07DB49998B4504DADE
:10A69000B8F1000F01DBD04505DB5D982246294665
:10A6A00002F025FB0AE00BFB0A81A007479822462F
:10A6B00001FB0400294610D002F07DFE05EB4405A5
:10A6C00008F10100049980464145DBDC0BF10100F3
:10A6D000029983465945CBDC25E002F0E1FEEDE727
:10A6E00008FB0AB14798324601FB0400294602F0F4
:10A6F000D7FE05EB460508F101008046039840456A
:10A70000EEDC10E008FB0AB14798324601FB04007A
:10A71000294602F050FE05EB460508F101000399B9
:10A7200080464145EEDC1899169800EB4100A8429E
:10A7300018D1DDE90F2105AD129B0D9885E80F00BA
:10A740000AAD002395E80700CDE90301CDE9013208
:10A7500011983B4600901398DDE91521F6F76BF947
:10A76000169D12903498401C34904845FFF65DAF1A
:10A770001698854213D0DDE90F2104AD129B0D9888
:10A7800085E80F00DDE90B310A9A11988DE80F007A
:10A7900013983B46DDE9152103F044F9169D0C9909
:10A7A0001998421A14990C980844149090B2199070
:10A7B00019990C9888421499129101D2014600E02F
:10A7C00019990C91C1B10A9BA1070E9A03FB0022B3
:10A7D0000E92159A02EB800215920B9A02EB400240
:10A7E0000B920D9A02EB80020D92109A02EB800000
:10A7F00010907FF409AF00E74498011EA0F101001A
:10A8000080B244907FF407AF2598401C639925904F
:10A810008842FFF6C7AE4BB0BDE8F08F3D9838B91F
:10A82000DDE913130A9AA0070E9807D002F0BCFBCB
:10A83000609803281998129003D005E002F0DCFC20
:10A84000F6E74844C01C12900020BDE01BA8FEF7AC
:10A85000CAFF0020B2E01BA8FEF7DDFFBDF89200A2
:10A86000012812D03499589841435A98A207A1EB75
:10A87000000B5999259800FB01F05B99A0EB0100B2
:10A880005799014442D0039161E059992598484372
:10A890005B99401A5799014402912FE058993498D6
:10A8A00048435A99401A56990144049120E000BF48
:10A8B000BBF1000F07DB4998834504DAB8F1000FBC
:10A8C00001DBD04505DB5D982246294602F00FFAF0
:10A8D0000AE00BFB0A81A0074798224601FB04000F
:10A8E000294610D002F067FD05EB440508F1010090
:10A8F000804604984045DBDC0BF10100834602985A
:10A900005845CBDC27E002F0CBFDEDE702910CE0EF
:10A9100008FB0AB14798324601FB0400294602F0C1
:10A92000BFFD05EB460508F101000299804641454F
:10A93000EEDC10E008FB0AB04799324600FB041039
:10A94000294602F038FD05EB460508F10100804676
:10A9500003984045EEDC1899169800EB4100A84298
:10A960002AD1449800284FF0000002D0349901B950
:10A970000220129DDDE90F320DF114080D9988E8CF
:10A980002E00DDE90A3101AD149A049185E80D002D
:10A9900011983B4600901398DDE91521F6F74BF826
:10A9A0001290449838B13499A9F10100814202D142
:10A9B0001298801C1290169D3498401C3490484583
:10A9C000FFF649AF2598401C639925908842FFF611
:10A9D0003DAF1698854213D0DDE90F2104AD129BDF
:10A9E0000D9885E80F00DDE90A23149911988DE888
:10A9F0000F0013983B46DDE9152103F013F8169D6F
:10AA000014991A98411A149889B21A91884200D25E
:10AA100001461491E1B10A9A0E9902FB00110E91C0
:10AA2000159901EB800115910B9901EB40010B91F8
:10AA30000D9901EB80010D91109901EB80011091AE
:10AA40000F99002919990CD0119A00FB0210199046
:10AA50004098011EA0F1010080B240907FF4DEAE6C
:10AA6000D9E60844F3E72DE9FF4F064688462DED69
:10AA7000020B87B0DDE91B04DDE9197ADDF860B06F
:10AA8000224604EBC70189460B463946FFF79AF880
:10AA9000002512E00C983B4617995A46CDE9031061
:10AAA000CDE905641698CDE900490B99029040461E
:10AAB00002F0C8FD6D1CD8443E445545EAD30DB0A4
:10AAC000BDE8F08F2DE9FF4F88461C462DED020BA7
:10AAD0009DB0DDE92C0BDDE93059DDF8B8A0339FDE
:10AAE000369931B9389903231A460091214602F06C
:10AAF0007BF8389804EBC401389A00EBC4001B9033
:10AB000000EB41063298334621461196FFF75AF87A
:10AB100038980021059700EB84001A9011E000BFDF
:10AB2000B6F90020531E152B07D2012709FA02F3AC
:10AB3000974003EB570204C001E040F8049B491C16
:10AB4000B61CA142ECDB08FB04F1A8F10202C5F13E
:10AB5000000001FB0AF11691042C04FB0BF102FB2F
:10AB600004F2C0EA00401292159101D3E11E00E008
:10AB7000002114910021BCE2169A1F9B01FB0231B7
:10AB80000A910021ADE22F990022DDF844E0DDF8C2
:10AB9000E0A0DDE91AB91991E6E11999CC460A9BC2
:10ABA0009E180B680E934B680D938F680397CF68C0
:10ABB0001031199131190C970F1933680E680CF187
:10ABC00004010197DCF8007051F804CB8846CDF8F9
:10ABD0003CC0190CC1EA0609C3EA06410E9B20FAE3
:10ABE00081F620FA91F127FB06330E930D9B2CFB87
:10ABF00001330D9308F10401D8F8003020FA89FCE4
:10AC0000039F40C923FB0C7C0C9F20FA99F3CDF8DD
:10AC10000CC001F1080926FB03770C97019F129ED7
:10AC2000D1E9008C3B6837443E68190C27440197F2
:10AC3000C1EA0607C3EA06410E9B20FA81F620FA14
:10AC400091F128FB06330E9320FA87F80D9B2CFB1D
:10AC500001330D9309F10401D9E90036DDF80CC088
:10AC600023FB08CC20FA97F30C9FCDF80CC026FBF1
:10AC700003770C97019FDDF848C03B6827443E6886
:10AC800067440197D1F804C0CDF840C04FEA134C97
:10AC9000CCEA0609DDF840C0C3EA06480E9B20FA5C
:10ACA00088F68F682CFB06360D9B0E9620FA98F6D8
:10ACB00027FB06330D9320FA89F7D1E90336DDF837
:10ACC0000CC023FB07C30C9F039320FA99F326FBC8
:10ACD00003770C97019F3B6827443E684FEA13486F
:10ACE00027440197D1E9057CC8EA0609C3EA06436F
:10ACF0000E9E20FA83F827FB086620FA93F70D9B37
:10AD00002CFB0738CDF8348020FA89F8D1E9077C8C
:10AD1000039B27FB08380C9F20FA99F3CDF80C8091
:10AD200001F128092CFB03770C97019FDDF8348093
:10AD30003B68B1F924704FFA83FCACEB050C07FBC0
:10AD40000C660E9643F3074CB1F9267043F30721C6
:10AD5000491BBEF90060019607FB01810D9109F1C5
:10AD60000201B9F900704FEA2368ACEB050C31F928
:10AD7000023B162E8946A8EB0501DDF80C8007FB87
:10AD80000C8703970C9F03FB01710C910EDBDAF823
:10AD900000700121DDF838C0B31E99405CFB07113B
:10ADA000731EDBF8006019418B190BE0002E12DDD9
:10ADB0000E99DAF80030DBF80060490051FB0363BC
:10ADC00001990B410AF104010BF1040B0EF1020E83
:10ADD00003F3070612E0C6F101010E9EDAF8003017
:10ADE0000EF1020E8E400AF1040106F31F0656FB17
:10ADF00013F35BF8046B1E4406F30706059B1E70F5
:10AE0000059B03F1010ABEF90030162B0FDB80C948
:10AE1000DDF834800126A3F1020C06FA0CF658FB8B
:10AE200007665B1EDBF800C01E41664409E0002B8C
:10AE30000EDD0D9E80C9DBF800C0760056FB07C60C
:10AE40001E410BF1040B0EF1020E06F307060FE094
:10AE5000C3F101060D9B0EF1020EB34040C903F38E
:10AE60001F0353FB16F35BF8046B1E4406F307063F
:10AE70000AF8016BBEF900C0BCF1160F10DB012708
:10AE8000ACF1020351F8048B9F405E1C039B5BF8FE
:10AE900004CB53FB08733341634403F307060DE00F
:10AEA000BCF1000F0DDD039B40C95BF8047B5B0028
:10AEB00053FB067646FA0CF606F307060EF1020E71
:10AEC0000FE0039ECCF101030EF1020E9E4008C973
:10AED00006F31F0656FB13F35BF8046B1E4406F3E0
:10AEE00007068AF800600AF101030593BEF90030F5
:10AEF000162B11DB51F804CBDDF8308001269F1EA4
:10AF00008A46BE4058FB0C665B1E5BF8047B1E4104
:10AF1000F31903F307030CE0002B0DDD0C9E80C931
:10AF20005BF804CB76008A4656FB07C61E4106F343
:10AF300007030EF1020E10E00C9EC3F101030EF1A7
:10AF4000020E9E4008C98A4606F31F0151FB13F109
:10AF50005BF8043B0B4403F3070305990B70059959
:10AF6000491C0591121D92B214998A42FFF415AE44
:10AF700004F003010E91AAE00A9B511C199E134490
:10AF8000DDF864C08AB2B9F900700CF1040C93F9D1
:10AF9000001023443668CDF864C0A1EB050C09F11C
:10AFA000020107FB0C6693F900702344B9F902C053
:10AFB0007F1B93F900800CFB0766A8EB0507DDF803
:10AFC0004880B9F904C043440CFB076693F900803C
:10AFD0002344B9F906C0A8EB050793F90080234480
:10AFE0000CFB076CCDF80CC0A8EB0506DDF848C0DB
:10AFF000B1F9067093F9008063440093BEF90090A4
:10B00000CDF83490DDF80CC0B9F1160F07FB06C37C
:10B010000393A8EB050C009B01F11009B1F908603E
:10B0200093F9007023440093039BA7EB050706FBED
:10B030000C38009BB1F90A6093F900C006FB078643
:10B04000B1F90C70ACEB050C1B5707FB0C66B1F9A2
:10B050000E70A3EB050307FB03610EDB0D9B0126BE
:10B06000DAF800C09B1EDBF800709E4051FB0C61BB
:10B070000D9B5B1E1941394418E00D9B002B09DD27
:10B08000DAF800604900DBF8003051FB06310D9B17
:10B0900019410BE0C3F101039940DAF8003001F3E4
:10B0A0001F0151FB13F1DBF8003019440EF1020EC1
:10B0B00001F3070305990AF1040A0BF1040B0B7065
:10B0C00005990E9B491C05915B1E99B20E910029B2
:10B0D0007FF452AF159A0A9911440A911C99491CA0
:10B0E00009B2349A1C919142FFF64DAD1899491C52
:10B0F00009B2359A18919142FFF63EAD23B0BDE8F2
:10B10000F08FB2FBF3F2F0B585B00DF1300EDDE952
:10B110000A4C9EE8E000B2FBF4F20DF1080ECDE916
:10B12000004C8EE8E000FCF763FA05B0F0BDB2FB1E
:10B13000F3F2F0B585B00DF1300EDDE90A4C9EE872
:10B14000E000B2FBF4F20DF1080ECDE9004C8EE800
:10B15000E000FCF785FC05B0F0BD2DE9F05F92F949
:10B16000006000251F460C46DDE90CBADDF828809A
:10B170004FEA4A0910E0002004E05C44401C2670BD
:10B180006670A41CB842F8DB4A462146304601F0FE
:10B19000B5FE6D1C04EB4A044545ECDBBDE8F09FB1
:10B1A0002DE9F05F92F90040062B4FF6FF75DDE9BF
:10B1B0000C8B0A9805D0032B29D000220BF1010635
:10B1C00041E005EA0423E2B2134343EA02420023CA
:10B1D00042EA046217E00A604A600C72CC730C7495
:10B1E000CC750C76CC7781F8204081F8274081F827
:10B1F000284081F82F4081F8304081F837408A6339
:10B20000CA6340315B1C8342E5DBBDE8F09F05EA81
:10B210000423E2B2134343EA024242EA04639DB2CA
:10B22000002209E00B604B618D80CD814C728C72E5
:10B23000CC740C761931521C8242F3DBE5E700BF77
:10B24000521C01F8014BB242FADB5D1E4FF00009BF
:10B25000A0F1010A17E000BF002001EB080704E09D
:10B260003C707C70BF1C401C4744A842F8DB0221A4
:10B27000204601EB4B02394601F040FE07EB4B0143
:10B28000891C09F10109D145E6DB01EB0800002129
:10B2900004E004704470801C491C4044A942F8DB5F
:10B2A000002102E0491C00F8014BB142FADBACE797
:10B2B0002DE9FF5F082B0C46DDE90E95DDE91387CC
:10B2C000DDE910BA01D0002631E00298524690F92B
:10B2D0000050284601F012FE04EB0A06002415E097
:10B2E00042463146284601F009FE464400985A4637
:10B2F000314601F0C1FD00985E443A46314658445B
:10B300000090284601F0FAFD641C3E444C45E7DB02
:10B31000129A04B031462846BDE8F05F01F0EEBD58
:10B3200002982A46214601F0A7FD2C442E4456459A
:10B33000F6DB00201EE002982A46214601F09CFD23
:10B340002C442E444645F6DB00985A46214601F02F
:10B3500093FD009800265C445844009006E0029853
:10B360002A46214601F088FD2C442E44BE42F6DBDD
:10B370000AF101004FF0000648458246E2DB06E094
:10B3800002982A46214601F077FD2C442E4412985B
:10B390008642F5DBBDE8FF9F2DE9FF4F83B088466D
:10B3A00000279246DDE91391DDF854B0129D08EBB9
:10B3B0000104019423E0002606E003982A46214672
:10B3C00001F05AFD2C442E445E45F6DB119A2146CD
:10B3D000039801F051FD119903980C44084403901F
:10B3E000401B0090002606E000982A46214601F006
:10B3F00043FD761C2C4410988642F5DB7F1C574594
:10B40000D9DB019D444605E04A462146284601F025
:10B4100033FD4C44AC42F7D106985044401E00FB2B
:10B42000098516982C1806E04A462146284601F060
:10B4300023FDA4EB0904AC42F6D107B0BDE8F08FC0
:10B440002DE9FF4F83B00D461A99DDF80CB0DDF8F9
:10B4500048906F18159C002006998046884241DA72
:10B460001B98DA463E18009609E016981499361A89
:10B470000AEB01000A468246314601F0FDFCBE425D
:10B48000F3D1009E5846139A314601F0F5FC13990A
:10B4900000277018019010988B4417990E1818986F
:10B4A0004044009005984643109808FB000A11E0BC
:10B4B0000099AAEB0700149B801E01FB09621699F4
:10B4C00002FB0151039A00FB03201A4601F0D4FC51
:10B4D000761C7F1C4E45EBDB1C990198471808F140
:10B4E0000100B9E718982E46400000FB045706E01B
:10B4F00022463146384601F0BFFC3F1B2644BE427F
:10B50000F6D1199911984900401E00FB045501FB22
:10B51000145606E022462946304601F0ADFC2D1BAC
:10B520002644B542F6D107B0BDE8F08F2DE9F04FC3
:10B530000D468146022B16462DED028B9DB0CA4664
:10B54000B0EE608AF0EE408ADDE92814DDF8D0B074
:10B550002B9F41D102293FD14FF0000E4946F246C0
:10B56000CDF8049026E000BF01984FF0000C18E0E1
:10B57000002304E050F8042B5B1C41F8042BB3EBD0
:10B58000940FF7DB002204F0030304E010F8018BB2
:10B59000521C01F8018B9342F8DCA64420440CF1C4
:10B5A000020CAC45E4DB620001980AF1020A02FBDE
:10B5B00005000190B245D7DB05FB06F1724601FBA1
:10B5C0000491A1EB0E0082460146484601F054FC6E
:10B5D0006D1C761C6D087608319906FB05F000FBA2
:10B5E00007124A4507D900FB04913198814202D9DC
:10B5F000B146012601E04FF001093399F0EE480A07
:10B6000059445A46A1EB47000E90B0EE680A034633
:10B610002F983946CDF848B0FEF7D4FA0BEB8700E7
:10B6200011900BEBC700159001201B908446002061
:10B6300016E00E9931F910104A1E152A09D22E9AD9
:10B640008A400CFA01F3119902EB530241F82020D1
:10B6500005E0119A2E9942F8201000211B91401C00
:10B66000B842E6DB32984FF0000B1097012805FB3B
:10B6700006F0179014D1784204FB07F100EB80022A
:10B68000339800EB4200B0EB410F09DBDDF854B01A
:10B6900001222A9823463946CDE9004B01F0A6FF46
:10B6A0003098C107319819901798189004D07119E3
:10B6B00000EB4100001D1890002031E0052D0ED157
:10B6C000192E0CD11098402809D1402C07D12D9863
:10B6D000803004D11B9810B13098032828D009AAD3
:10B6E00015991198089582E80308309A2D981099B9
:10B6F000CDE90414CDE90602DDE917230E9912986D
:10B700008DE80F00199B50462C9A2A99F5F738FBC3
:10B71000199805FB070005FB04AA199008F1010020
:10B7200048458046CAD31DB0BDEC028BBDE8F08F02
:10B730001599119ACDF82CB00895CDE909213099C9
:10B7400010982D9ACDE90404CDE90621DDE91723EF
:10B750000E9912988DE80F00199B50462C9A2A9941
:10B76000F5F7BEFED4E7017F39B1012909D00229DE
:10B7700005D0032907D100F007B800F05CB800F04D
:10B78000B4B800F001B970472DE9FF4781690A8814
:10B790000AB14B6800E000235B6833B10AB14B6823
:10B7A00000E000235B681D6800E00025012A02D943
:10B7B0004B680C3300E000235B6843B1012A02D9D7
:10B7C00049680C3100E0002149680C6800E0002461
:10B7D000D0E90929A869D4E9057116889388B2F8D7
:10B7E00008C034B296891BB2EA680FFA8CFA6D6908
:10B7F0000FFA86F81C4380688968D2F804C0D368C1
:10B80000EE686D68FF68D9F8082005D1BAF1020F1B
:10B8100002D1B8F1020F07D0CDE900C5CDE902672A
:10B82000FFF7BEFCBDE8FF87CDE900C5CDE90267A3
:10B83000FFF793FCF6E72DE9F043826987B01388A0
:10B840000BB1516800E00021496829B10BB1516882
:10B8500000E0002149680968012B02D954680C34C2
:10B8600000E00024646844B1012B02D952680C3214
:10B8700000E000225268136800E00023466AD0F816
:10B8800028800DF1080E8A695F693488B08825B276
:10B8900004B29869D7F80CC0BF68D0F80890108837
:10B8A00005FB0CF5C0F3C6139068D8F80820B6F86D
:10B8B0000880B6890FFA88F836B208FB0CF87C438A
:10B8C0007E43D1F814C0CF68DCF80C10FF68DCF8B8
:10B8D00004C08EE822014946CDE9007CCDE9054649
:10B8E000FFF7E6FC07B0BDE8F0832DE9F04381697E
:10B8F00087B00A880AB14B6800E000235B6833B167
:10B900000AB14B6800E000235B681F6800E0002775
:10B91000012A02D94B680C3300E000235B6843B175
:10B92000012A02D949680C3100E0002149680A68FF
:10B9300000E00022416AD2E9053808888D880C8928
:10B94000D3E902C603B2FA68B8692DB27F6924B29E
:10B9500005FB0CF58989D7F80CC00FFA81F9D8F8E6
:10B960000810BF68744303FB06F88068D268CDF8FE
:10B970000090CDE901C7CDE90554CDE90368FFF793
:10B980000BFD07B0BDE8F0832DE9F04F81698FB062
:10B990000A880AB14B6800E000235B6833B10AB142
:10B9A0004B6800E000235B681C6800E00024012A6B
:10B9B00002D94B680C3300E000235B683BB1012ADD
:10B9C00002D949680C3100E0002149680B6804265F
:10B9D000E268D3E90251B6EB152FD5680D95926850
:10B9E0000092CA680192D1F808B001D20A6900E059
:10B9F0000122D0F824C05869BCF80010D0E90267D1
:10BA0000986909B2BCF80C502DB2D0F808E0BCF827
:10BA10000400BCF808C000B20FFA8CF8D4F818C0C3
:10BA2000754300FB06F3DCF808A0D4F814C001FB52
:10BA300007F4DCE902C9CDF810C0CDF824800C95DC
:10BA4000CDE90701CDE90A43CDE90576CDE902B993
:10BA50000D9B71465046FFF7F3FC0FB0BDE8F08F29
:10BA60002DE9F04F04462DED028B91B081690888D5
:10BA700008B14A6800E00022526832B108B14A6851
:10BA800000E000225268166800E00026012802D972
:10BA90004A680C3200E00022526842B1012802D903
:10BAA0004A680C3200E000225268156800E0002568
:10BAB000022802D94A68183200E0002252683AB1DE
:10BAC000022802D94A68183200E00022526812683F
:10BAD000022891460BD94A6812F1180F07D032F8A4
:10BAE000183F012B03D9526812B1526800E00022BE
:10BAF000032802D94B68243300E000235B683BB184
:10BB0000032802D94B68243300E000235B681B68DC
:10BB1000676A9A468FB1032802D94B68243300E044
:10BB200000235B6843B1032802D94B68243300E04B
:10BB300000235B685D6800E00025238DD2F818C003
:10BB40000228A78D9BB2DAF81880F2680D93BBB279
:10BB500010939346EF68DCF8083000939388D8F888
:10BB600008200392BF88DBF80C200F92DBF8082036
:10BB70000E929AB20292BAB2019202D94A6818326F
:10BB800000E00022526862B1022802D948681830E9
:10BB900000E000204068806818B10021FEF746F8F8
:10BBA00003E0216A0020FEF759F831682868D9F8C7
:10BBB000003039B14A682AB14F881FB11268D2EDFE
:10BBC000008A01E0F7EE008A38B142682AB147885E
:10BBD0001FB1126892ED008A01E0B7EE008AB269E7
:10BBE000AD69D9F8186094F841B0D2F80890D5F84A
:10BBF0000880B5681BB15A680AB1146800E00024D7
:10BC000039B14A682AB1498819B1516891F900607F
:10BC100000E0002638B1416829B1408818B1486871
:10BC200090F9007000E00027DAF81800D0E9000170
:10BC3000FDF7AAFB03990123CDF820B00596F0EE9D
:10BC4000480ACDE90B01CDE90983CDE906749DE8E9
:10BC50000700B0EE680ACDE90310CDE90125109880
:10BC600000900F980D9B82B20E9881B24846FFF764
:10BC70005DFC11B0BDEC028BBDE8F08FF0B5054660
:10BC8000806985B0018809B1426800E000225268ED
:10BC900032B109B1426800E000225268146800E045
:10BCA0000024012902D942680C3200E000225268C7
:10BCB00042B1012902D940680C3000E00020406800
:10BCC000066800E0002604F10800FDF768FF024660
:10BCD000D5E906100B888068032B02D94F682437FA
:10BCE00000E000277F6847B1032B02D9496824315F
:10BCF00000E0002149680B6800E00023B5F920103E
:10BD00009F69D4E90353BF6855F82150B1EB132F55
:10BD100003D2636953F8213000E00023A1690C4C81
:10BD20000DF1040ED1F800C0B4EBCC1F90E8111057
:10BD3000049700958EE81110B0698968806803D176
:10BD4000FFF7DFF905B0F0BDFFF7F1F9FAE7000002
:10BD50000020024213B5044801224FF0FF33694628
:10BD6000F8F7DAFE00981CBDC81B012430B5D0E9F5
:10BD70000551C368064CD868EB68096858432140F0
:10BD8000A1F58022C03A01D1C01DC00830BD00001D
:10BD9000FFFF7F012DED028B9449002496B00868C7
:10BDA000800311D4BFF34F8FBFF36F8F90480460AF
:10BDB000BFF34F8FBFF36F8F086840F40030086007
:10BDC000BFF34F8FBFF36F8F0868C00324D4874839
:10BDD00070300460BFF34F8F001F43F6FF7600689A
:10BDE000834D1035C0F34E32C0F3C90306EA421743
:10BDF000184600BF47EA807CC5F800C0401EF9D253
:10BE0000521EF3D2BFF34F8F086840F480300860B1
:10BE1000BFF34F8FBFF36F8FF7F71CF8FAF7DAF81D
:10BE2000F9F730FCF9F788FCF9F7E2FCF9F7B2FC16
:10BE3000F9F7C4F8F0234FF6FF7700211A460846B9
:10BE40000097F9F79BF86BA0FAF7B0FC73484FF432
:10BE5000C041F4F7D2FA05213320F9F7FBFB332078
:10BE6000F9F7E4FB6E493320F9F754FA00286C48DF
:10BE700041F604710844824602D0012169A005E020
:10BE800001466748F9F74DFA01216FA0FAF78EFCD9
:10BE900073A0FAF78BFC78480021FDF7D7FB764DAD
:10BEA00010F0FF0F01D075A024E0FDF713FC014650
:10BEB0000EA8FDF7F3FB1C2268460EA9F4F784FADE
:10BEC00073490EA8FDF7CEFB1C220EA907A8F4F7B4
:10BED0007BFA28686946FDF701FC00287DD02868B8
:10BEE0000021FDF713FCA86000212868FDF718FC6D
:10BEF000E86068A0FAF75AFCF023009400211A4683
:10BF00000846F9F73BF8F6F72BFD454E41F20431B0
:10BF1000686006EB010906F5D06833204146F9F761
:10BF20003DFA0028F9DB51464046F9F797FAB0EEA2
:10BF3000408AB2EE000A5F4A78EE400A9FED5E0A40
:10BF400051464046F5F774FCB6F8020D0128E4D1DD
:10BF5000DFED5A0A5FF000004FF4407206EB40013B
:10BF600006EB800303F58053B1F8041D401C90429A
:10BF700000EE101AB8EE400A80EE201A83EDC11AC6
:10BF8000ECDB26494846F9F76BFC244A4821382067
:10BF9000F9F768F9B7EEC80A49484AA18DED000BD8
:10BFA00090ED410A03A8B7EEC00A53EC102BFAF744
:10BFB0000DFC10203B460221029403AACDE900406B
:10BFC0000A20F9F731F9F6F7CBFC6A6841F28831BB
:10BFD000801A8842A1D3484600E005E0F9F776FED2
:10BFE000F6F7BEFC686098E73AA083E714ED00E03E
:10BFF00050EF00E04D4C58393036343020496E69EE
:10C000007469616C697A6174696F6E2053746172CE
:10C0100074696E672E2E2E0D0A000000A0490024C0
:10C020002000002443616D202564204932432045CF
:10C0300072726F722120436865636B207769726941
:10C040006E672E0D0A00000043616D2025642049B3
:10C050006E69742053756363657373210D0A000064
:10C06000414920456E67696E652053746172746939
:10C070006E672E2E2E0D0A00C0DC0024414920439D
:10C080007265617465204661696C6564210D0A0002
:10C09000A0A90024414920456E67696E652052655C
:10C0A00061647921204C6574277320476F210D0A44
:10C0B00000000000240D00243333733F0000C84209
:10C0C0002018002443313A252E31662020543A2589
:10C0D0002E316600414920496E6974204661696CC1
:10C0E0006564210D0A0000002DE9F05F0446C9488F
:10C0F0000A460121FDF7ACFB00287CD0C54841F27F
:10C10000E852DFF814C341F6843441F22423ACF53D
:10C11000AE690168A9F5107541F6E8100A44AA60F5
:10C120000844EA6005F5C862A2F5787A02F5C87B92
:10C13000A2F5747E9060D060A2F5C66201F58B50C6
:10C140000F19906005F5D064D060103201F574606D
:10C15000703590600B44D06002F5C66201F5CB509B
:10C160009060D060A2F5C46201F56C609060D06010
:10C1700002F5C66201F5B6509060D060A2F5C462C7
:10C1800001F5B8609060D060103201F5C070906029
:10C19000D06002F5C46201F5AE509060D060A2F5A7
:10C1A000C26201F580709060D06001F5A062A2606B
:10C1B000E26001F5D064AC60EC60103501F56864B4
:10C1C000AC60EC6005F5C2641035A060E06001F27F
:10C1D000A454AC60EC6005F5C2641035A060E0606A
:10C1E00001F6A454AC60EC6005F11004A060E060BE
:10C1F00001F5586400E005E105F5C26501F58858D0
:10C20000A9F1E006AC60EC60A5F5BE6401F500653F
:10C21000A360E36004F5C06310349860D86001F552
:10C220008063A360E36004F110039D60DD6003F5AB
:10C23000BE63C3F80880C3F80C80A3F5BC639860A4
:10C24000D86003F5BE639A60DA60A3F5BC6301F5BC
:10C2500008629A60DA60103301F548629A60DA6029
:10C2600003F5BC6210339060D06001F644229A60FE
:10C27000DA6003F5BC6210339060D06001F5E062D3
:10C280009A60DA6004F1700201F5106301F5407400
:10C290009360D36002F5BA62C2F80880C2F80C80DD
:10C2A000A2F5B8629060D06002F5BA629460D46082
:10C2B00001F52062B260F2601036B060F06006F501
:10C2C000B866B360F360A6F5B666B76009F5A26814
:10C2D000F76006F5B866B060F060A6F5B666B560C2
:10C2E000F5601036B260F26001F59056C8F808604B
:10C2F000C8F80C60A8F5B468C8F80800C8F80C00C5
:10C3000008F5B668C8F80840C8F80C40A8F5B46845
:10C31000C8F80820C8F80C2008F11008C8F8080070
:10C32000C8F80C0008F5B468C8F80830C8F80C3034
:10C33000A8F5B268C8F80870C8F80C7008F5B468B9
:10C34000C8F80800C8F80C00A8F5B268C8F808508A
:10C35000C8F80C5008F11005AA60EA6005F5B2654E
:10C36000AE60EE60A5F5B065A860E86005F5B26561
:10C37000AC60EC60A5F5B064A260E2601034A0602F
:10C38000E060CCF80830CCF80C3004F5B263C9F8A2
:10C3900008702034C9F80C709860D86001F55063BB
:10C3A000A360E36001F57063CAF80800CAF80C00E6
:10C3B000CBF80820CBF80C2004F5B262CEF80810B8
:10C3C000CEF80C1030349060D060A2F5AC6293606F
:10C3D00001F54872E360131D1034A160E16004F5BB
:10C3E000AC64A060E060A4F5AA608260C26000F561
:10C3F000AC608360C360A0F5AA608160C160012069
:10C40000BDE8F09F132220463021FDF799FB002064
:10C41000F6E7000020FA0024D80101242DE9F047B6
:10C420000446FF480A460121FDF728FA00287CD07F
:10C43000DFF8F0C342F6E002F94F42F6E01442F6AC
:10C44000204542F6205644F6205044F62073DCF88E
:10C45000001045F2A05A41F08048CCF80080D7F88F
:10C46000009007F5357845F2A031CCE9029907F53F
:10C47000357C09F14807DCF800C04CF0804CC8F866
:10C4800000C0C446CCF80870CCF80C7008F1100C51
:10C4900008F110082037DCF800C04CF0804CC8F8D8
:10C4A00000C0C446CCF80870CCF80C7008F1100C31
:10C4B00008F110084837DCF800C04CF0804CC8F890
:10C4C00000C0C446CCF80870CCF80C7008F1100C11
:10C4D00008F110082037DCF800C04CF0804CC8F898
:10C4E00000C0C446CCF80870CCF80C7008F1100CF1
:10C4F00008F110088037DCF800C04CF0804CC8F818
:10C5000000C0C446CCF80870CCF80C7008F1100CD0
:10C5100008F110084037DCF800C04CF0804CC8F837
:10C5200000C0C446CCF8087000E094E2CCF80C706F
:10C5300008F1100C08F110089037DCF800C04CF03E
:10C54000804CC8F800C0C446CCF80870CCF80C7019
:10C5500008F1100C08F110084037DCF800C04CF06E
:10C56000804CC8F800C0C446CCF80870CCF80C70F9
:10C5700008F1100C08F1100809F58C67DCF800C010
:10C580004CF0804CC8F800C0C446CCF80870CCF819
:10C590000C7008F1100C08F110088037DCF800C0AE
:10C5A0004CF0804CC8F800C0C446CCF80870CCF8F9
:10C5B0000C7008F1100C08F1100809F5C067DCF8E0
:10C5C00000C04CF0804CC8F800C0C446CCF80870DD
:10C5D000CCF80C7008F1100C08F110088037DCF86A
:10C5E00000C04CF0804CC8F800C0C446CCF80870BD
:10C5F000CCF80C7008F1100C08F1100809F5286748
:10C60000DCF800C04CF0804CC8F800C0C446CCF840
:10C610000870CCF80C7008F1100C08F11008803785
:10C62000DCF800C04CF0804CC8F800C0C446CCF820
:10C630000870CCF80C7009F5426708F1100C08F18D
:10C6400010084A44DCF800C048444CF0804CC8F85C
:10C6500000C0C446CCF80870CCF80C7008F1100C7F
:10C6600008F110088037DCF800C04CF0804CC8F8A6
:10C6700000C0C446CCF80870CCF80C7008F1100C5F
:10C6800008F1100809F5A557DCF800C04CF0804C03
:10C69000C8F800C0C446CCF80870CCF80C7008F19B
:10C6A000100C08F1100809F5AD57DCF800C04CF08B
:10C6B000804CC8F800C0C446CCF80870CCF80C70A8
:10C6C00008F1100C08F1100809F5BF57DCF800C09C
:10C6D0004CF0804CC8F800C0C446CCF80870CCF8C8
:10C6E0000C7008F1100C08F1100809F5C757DCF8B8
:10C6F00000C04CF0804CC8F800C0C446CCF80870AC
:10C70000CCF80C7008F1100708F1100C3F6847F0E6
:10C710008047CCF800706746BA60FA6009EB040203
:10C7200009EB050407F1100510372D6845F0804529
:10C730003D603D46AA60EA60103509EB06022D68AF
:10C7400007F11006494445F08045356035462036EE
:10C75000AC60EC6009EB030405F1100310351B68B5
:10C7600043F080432B602B4610359A60DA6009EB6A
:10C770000A022D6849F2A0534B4445F080453560CC
:10C78000354649F2A076A860E86005F11000103542
:10C79000006840F080402860284610358460C460FE
:10C7A00009EB06042D6807F1500649F6204045F0D4
:10C7B00080453560354649F620664844A960E96001
:10C7C00005F110011035096841F0804129602946C2
:10C7D00010358A60CA6009EB06012D6807F1700602
:10C7E0004DF6206245F08045356035464A444EF2AC
:10C7F0002006AB60EB6005F110031B6843F0804539
:10C8000007F180031D609C60DC6007F190054EF22B
:10C81000A04409EB06032D684C4445F0804503E035
:10C8200024FA0024E8FC002407F190063560354620
:10C830004EF2A066A860E86005F1100010350068AF
:10C8400040F080402860284610358160C16009EBC7
:10C8500006002D6807F1B006824945F08045356035
:10C860003546814E4944AA60EA6005F11002103550
:10C87000126842F080422A602A4609EB060507F159
:10C88000D0069360D36007F1D003784A1B684A440E
:10C8900043F0804333603346754E9C60DC60103358
:10C8A00007F1E0041B6843F080432360234609EB53
:10C8B000060407F1F0069860D8606E4809EB0003A3
:10C8C00007F1F000006840F08040306030466A4E6A
:10C8D0008160C1601030006840F0804107F58070D1
:10C8E00001608560C56009EB0605644807F588713D
:10C8F00007F588764844096841F080413160314647
:10C900005F4E8A60CA60103107F59072096841F085
:10C9100080411160114610328C60CC6009EB060436
:10C92000126807F59876574942F0804232603246E5
:10C93000554E49449360D3601032126842F08043F0
:10C9400007F5A07213609560D56007F5A87509EB2F
:10C9500006024E4B07F5A8762D684B4445F08045FE
:10C96000356035465036A860E86005F11000103596
:10C97000006840F08040286028468460C46005F16B
:10C980001004103509F5E0302468203044F080446C
:10C990002C602C46A160E16040341035A4F13007D2
:10C9A00000F500412D6845F080453D603D4610375B
:10C9B000AA60EA60103504F110022D6845F0804548
:10C9C0003D603D46AB60EB6002F110033768B0603C
:10C9D00047F080473760F06002F120002768A160CF
:10C9E00047F080472760E16000F11001284D17688B
:10C9F0004D44956047F080471760D5604032254E22
:10CA00001F684E449E6047F080471F60DE604033E1
:10CA1000214C07684C44846047F080470760C4603D
:10CA20001E4D0C684D448D60CD6044F080441C4E1A
:10CA30000C6011684E449660D66041F08041194800
:10CA4000116019684844986041F080411960D860CD
:10CA50000120BDE8F087122220463021FDF770F852
:10CA60000020F6E7A0260100A0280100202D0100EB
:10CA7000202F0100206F010020710100A07501002E
:10CA8000A0770100A0B70100A0B9010020BE0100FD
:10CA900020440200204D02002051020020510300DA
:10CAA00020550300205803002DE9F04F8BB01C46A1
:10CAB000154602688069DDE91B63DDE919A9DDE936
:10CAC00017EB9F691B6872B1D2F804C0BCF1000F6C
:10CAD00009D0B2F80280B8F1000F04D0DCF800C031
:10CAE0009CED000A01E0B7EE000A73B1D3F804C070
:10CAF000BCF1000F09D0B3F80280B8F1000F04D0E8
:10CB0000DCF800C0DCED000A01E0F7EE000A806806
:10CB1000BF685AB1D2F804C0BCF1000F06D05288E9
:10CB200022B1DCF8042092F9002000E000225BB181
:10CB3000D3F804C0BCF1000F06D05B8823B1DCF849
:10CB4000043093F9003000E00023CDE90923CDE95A
:10CB50000796CDE904EBCDF818A0DDE91423DDF844
:10CB600058C0CDF80CC00094CDE901232B460A46ED
:10CB70003946FDF7EAFB0BB0BDE8F08F00B541EC9C
:10CB8000100B2DED028B83B0B1EEC08B18EE100AA6
:10CB900018EE901A8DED008B002818BF0120084375
:10CBA00020F00040C0F17F6000F1E040C00F14D0E1
:10CBB00010EE101A10EE900A8DED000B002918BF30
:10CBC0000121084320F00040C0F17F6000F1E04007
:10CBD000C00F04BF0120FAF7B7FB51EC180B03B0EC
:10CBE000BDEC028B00BD00002DE9F84F9E46934638
:10CBF00082460A9A00200BFB0EF68D0802EBC10359
:10CC00005AE0041D00930AEB0002A0B2C6F34F03E2
:10CC10002CE017680A445B1E9BB214684FEA174C5D
:10CC20000A44C7EA0447CCEA040C009C2FFA87F9AF
:10CC300004F10408CDF800802FFA97F7C4F80090AB
:10CC4000009C04F10408CDF8008027602FFA8CF7CF
:10CC5000009C04F10408CDF8008027602FFA9CF7AF
:10CC6000009C04F1040CCDF800C02760002BD0D14B
:10CC70000BEA0E04009B04F0010719E014687F1E04
:10CC8000BFB20A44C4EA042C4FEA1468C8EA040498
:10CC90002FFA8CFCA3F800C02FFAA4F44FEA2C481A
:10CCA000A3F802804FEA244C9C80A3F806C0083306
:10CCB000002FE3D16D1EADB2002DA2D101F003040F
:10CCC00011E0421C0AEB000590B2B2B207E000BFCF
:10CCD00095F90070521E92B223F8027B0D44002A8F
:10CCE000F6D1641EA4B2002CEBD1BDE8F88F30B5AC
:10CCF000C0EA004593082C142DB205E00D804C804D
:10CD00008D80CC8008315B1E002BF7D102F003022E
:10CD100002E0521E21F8020B002AFAD130BD0000B9
:10CD2000C0EE201A2DE9FF4F93462DED020B82B085
:10CD3000DDF84490CDE90010002082461998824524
:10CD40007DDA00238BE0002485E017994FF0000284
:10CD50000AFB01F01599451A139805EB00061046D9
:10CD600000D5002507998E421EDD0E461CE016995F
:10CD7000149F5943C91B129F0F4400D50021DC4664
:10CD80005F4500DD6746DDF804C00CEB040E08E0EB
:10CD900005FB0B1C401C491C0CFB09FC1CF90EC0BC
:10CDA0006244B942F4DB6D1CB542E0DBB4EE600ACC
:10CDB000F1EE10FA19D1DDE91A15A94215D1002AB0
:10CDC00000EBD07102DB02EB610101E0A2EB61013B
:10CDD000009A91FBF0F0189922440AFB013101FB03
:10CDE00009F100F307058D5433E002EE900A1A981A
:10CDF00002EE102A01EE100A1B98F8EEC24A03EE6A
:10CE0000100AF8EEE22AB8EEC12AB8EEC31A189D4D
:10CE100084EEA23A00980AFB05319FED164A0219EA
:10CE2000F6EE003A01FB09F133EE422A01EE821AD6
:10CE3000B5EEC01AF1EE10FA23FE842A00E015E0E8
:10CE400032EE011ABDEEC11A11EE100A00F307000E
:10CE5000885404F101044C45FFF677AF5B1C189829
:10CE60008342FFF670AF0AF1010066E708B0BDE843
:10CE7000F08F0000FCFFFFBEF0B588420ED0002A04
:10CE80000CD08318814210D999420ED2114403E08C
:10CE900013F8012D01F8012D8342F9D8F0BD00BF30
:10CEA00010F8013B521E01F8013B8B0701D0002A0C
:10CEB000F6D117090AE0066845688468C36810302F
:10CEC0000E604D608C60CB6010317F1E002FF2D160
:10CED000C2F3810305E000BF50F8044B5B1E41F82C
:10CEE000044B002BF8D102F0030204E010F8013BE0
:10CEF000521E01F8013B002AF8D1F0BD4FF6FF7336
:10CF000010B503EA0024C3B21C4344EA034343EAD6
:10CF1000006302E0521E01F8010B8C0701D0002AC9
:10CF2000F8D1140905E00B604B608B60CB601031C9
:10CF3000641E002CF7D1C2F3810402E0641E41F8A4
:10CF4000043B002CFAD102F0030202E0521E01F869
:10CF5000010B002AFAD110BDF0B59708059E13E029
:10CF600050F8045B2FFA95F4D4FA03F42FFA85F500
:10CF7000D5FA03F50D804FEA254CA1F802C025141F
:10CF80008C80CD8008317F1E002FE9D102F0030292
:10CF900073B205E010F9014BE41A21F8024B521E5E
:10CFA000002AF7D1F0BD00002DE9FF4F81B08318B2
:10CFB000151F049C4FEA540BF4E000BF0024A2F1BB
:10CFC000100AAAE050F8046B53F8047B2FFA96FC81
:10CFD0002FFA86F62FFA97F92FFA87F74FEA1648B5
:10CFE000C6EA0C4E3E0CC6EA09060096A1F800E01F
:10CFF0004FEA2E46C7EA09474E808F80C8EA0C0CDC
:10D000003E14CE80A1F808C04FEA2C464E81009E07
:10D010008E813614CE8150F8046B53F804CB2FFA6E
:10D0200096F92FFA9CF82FFA86F62FFA8CFCC6EAAE
:10D03000094700974FEA1C47CCEA084EC7EA080C9C
:10D04000009F0F82360CC6EA09063F144F82A1F8F2
:10D0500014E04FEA2E47CF820E8336144E834FEAF8
:10D060002C46A1F81CC0CE8353F808CB50F8086BAF
:10D070002FFA9CF82FFA96F92FFA8CFC2FFA86F6E5
:10D08000CCEA084700974FEA1C47C6EA094EA1F8C8
:10D0900020E0C7EA080C4FEA2E474F84009F360C69
:10D0A0008F84C6EA09063F14CF840E8536144E8558
:10D0B0004FEA2C46A1F82CC0CE8553F8047C50F8DA
:10D0C000046C2FFA97F82FFA96F92FFA87F72FFAB0
:10D0D00086F6C7EA084CCDF800C03F0CC6EA094EF8
:10D0E000A1F830E0C7EA08074FEA2E48A1F83280DD
:10D0F000DDF800C0360CA1F834C0C6EA09064FEAD4
:10D100002C48A1F836800E874FEA264CA1F83AC089
:10D110003E148F87CE874031103454457FF752AF8D
:10D120002DE000BF50F8047B53F8046B2FFA97F9F9
:10D130002FFA87F72FFA96FA4FEA17482FFA86F652
:10D14000C7EA09470097370CC6EA0A4EC8EA09063B
:10D15000C7EA0A08009F0F804FEA274CA1F802C0D7
:10D16000A1F804E04FEA2E47CF8037140E814FEA32
:10D1700028464F81A1F80C80CE811031241DAC428D
:10D18000D0DD07E010F9016B0E8013F9016B4E80C2
:10D19000091D641C9442F5DBABF101041FFA84FB0A
:10D1A00010441344BBF1000F7FF408AF049BDB076E
:10D1B0001FD0002413E000BF50F8043B2FFA83F681
:10D1C0002FFA93F7330CC6EA07460E80C3EA07032B
:10D1D00037144F801E148B80CE800831241DAC4242
:10D1E000EADD04E010F9013B641C21F8023B9442A3
:10D1F000F8DB05B0BDE8F08F2DE9FF4F8318171F4E
:10D20000039C4FEA540AB1E00024A2F1100C75E02F
:10D2100050F8048B53F8045B2FFA98F60E802FFA1F
:10D2200088F936144E802FFA95F8A1F804802FFA69
:10D2300085F54FEA2846CE80A1F808904FEA2946A6
:10D240004E818D812D14CD8150F8045B53F8049BE1
:10D250002FFA95F60E822FFA99F836144E82A1F81D
:10D2600014804FEA28462FFA85FECE82A1F818E0F6
:10D270002FFA89F54FEA2E464E838D832D14CD83E8
:10D2800050F8085B53F8086B2FFA95F8A1F8208046
:10D290002FFA85FB2FFA96F52FFA86F94FEA2846E2
:10D2A0004E848D842D14CD844FEA2B45A1F828B0EF
:10D2B0004D854FEA2945A1F82C90CD8550F8045CA6
:10D2C00053F8046C2FFA95F8A1F830802FFA85FBFB
:10D2D0002FFA96F52FFA86F94FEA28464E868D8664
:10D2E0002E14CE864FEA2B46A1F838B04FEA2945D6
:10D2F0004E87A1F83C90CD8740311034644587DDDE
:10D3000020E000BF50F804CB53F8045B2FFA9CF6E2
:10D310000E802FFA8CF94FEA2648A1F802802FFAE6
:10D3200095FCA1F804C02FFA85F54FEA2C46CE8073
:10D33000A1F808904FEA29464E812E148D81CE81A6
:10D340001031241DBC42DDDD08E000BF10F9015B97
:10D350000D8013F9015B4D80091D641C9442F5DBBF
:10D36000AAF101041FFA84FA10441344BAF1000F21
:10D370007FF44AAF039BDB071BD000250EE000BF04
:10D3800050F8043B2FFA93F40C802FFA83F3261401
:10D390004E801C148B80CC8008312D1DBD42EFDDEA
:10D3A00005E000BF10F9013B6D1C21F8023B9542DE
:10D3B000F8DBBDE8FF8F2DE9F0430023A2F1100553
:10D3C0004CE0066844682FFA86F92FFA96F74FEA80
:10D3D00019482FFA84F62FFA94FCC9EA0749A1F8F4
:10D3E0000090340CC8EA0707C4EA0C084FEA294445
:10D3F0004C808F803C14C6EA0C46CC800E813414DD
:10D400004C81A1F80C804FEA2844CC818668C4681E
:10D4100010302FFA96FC2FFA86F6C6EA0C49A1F8CE
:10D420001090360C2FFA94F8C6EA0C064FEA294CF5
:10D43000A1F812C02FFA84F78E82C7EA08443F0C85
:10D440004FEA264CA1F816C0C7EA08070C83261439
:10D450004E833C148F83CC8320311033AB42B0DD3C
:10D46000161FB34218DC50F8044B2FFA84F52FFA3C
:10D4700094F72C0CC5EA07450D80C4EA07042F1465
:10D480004F8025148C80CD8008311B1DE9E710F9F1
:10D49000014B5B1C21F8024B9342F8DBBDE8F083A3
:10D4A000F0B50023A2F1100736E0046845682FFAB2
:10D4B00094F60E802FFA84F44FEA264EA1F802E08B
:10D4C0008C8026142FFA95FCCE80A1F808C02FFA84
:10D4D00085F54FEA2C444C818D812C14CC818568D4
:10D4E000C46810302FFA95F60E822FFA85F54FEAB0
:10D4F000264EA1F812E08D822E142FFA94FCCE82D3
:10D500002FFA84F4A1F818C04FEA2C454D83251456
:10D510008C83CD8320311033BB42C6DD121F934272
:10D520000EDC50F8045B2FFA95F40C802FFA85F589
:10D5300026144E802C148D80CC8008311B1DEEE704
:10D54000F0BD00002DE9F04F5843DDE9095BDDE94E
:10D550000BA4684300231FFA80F804EB820941E022
:10D5600000264FEA980014E05FF0000551F8047BB4
:10D57000401E2FFA97FC2FFA87F794FA17F46D1CC8
:10D5800094FA1CF480B2802DF0DB251405FA84F4A3
:10D5900026444FF000048028E6D80BE051F8045BE5
:10D5A000401E2FFA95F72FFA85F594FA15F480B2FC
:10D5B00094FA17F40028F1D1251405FA84F408F040
:10D5C0000300344405E000BF11F9015B401E80B246
:10D5D0002C440028F8D15BF8235004FB1A5449F876
:10D5E00023405B1C9342BBDBBDE8F08F2DE9F84F75
:10D5F0004F109A4693468946DDE90A56044600EBE9
:10D6000005080EE05B46324641462046CDF800A0B4
:10D6100000F03EFB7F1E04EB450408EB450806EBDB
:10D620008506002FEED15FEAC97008D0002004E023
:10D6300014F9011B401C26F8021BA842F8DBBDE8C8
:10D64000F88F00002DE9F04F91B01E461BAC154637
:10D6500083462098002794E80C0606EB860400EB2E
:10D6600044040F9400EB860015E000BFB2F90040BF
:10D67000A4F1010CBCF1150F09D24FF0010C09FA0D
:10D6800004F80CFA04FC08EB5C0410C001E040F85C
:10D69000049B921C7F1CB742E8DB0C461946A0EBAA
:10D6A00086000D9063F31F41009370080B46A2EBB8
:10D6B00046020F991B922A460E905846FFF74CFCE3
:10D6C0000E9840E10AF1040C0F98A5F110010B919E
:10D6D0000027DAF800205CF8043B6119E24664E0B8
:10D6E00054F804EB50F8049B2FFA8EF851F804BB61
:10D6F00029FB082202922FFA8BF22FFA9EF829FBBF
:10D70000023950F8043B029A2FFA9BFC51F804BBF3
:10D7100023FB082823FB0C9254F8049B50F808CBF9
:10D720002FFA89F310372CFB03882FFA8BF32CFB8D
:10D73000032E50F8042C2FFA99FC2FFA9BF951F87C
:10D7400008BB22FB09E354F8089B22FB0C8850F825
:10D7500010CB2FFA89F22CFB02882FFA8BF22CFBCC
:10D76000023E50F80C2C2FFA9BF32FFA99FC22FB67
:10D7700003E322FB0C88019354F8042C50F808CCE6
:10D780002FFA82F351F8049C2FFA92FE2CFB038BA4
:10D79000019B2FFA89F22FFA99F92CFB023C50F8E1
:10D7A000043C23FB0EB223FB09C3DDF82CC0674504
:10D7B00096DDA5F1040E77452DDC54F804BB51F835
:10D7C000049B50F804CB2FFA8BF8CDF824802FFA65
:10D7D00089F8CDF82080DDF824802FFA9BFB2FFA02
:10D7E00099F93F1D2CFB0822DDF820802CFB083C1A
:10D7F00050F8043B23FB0B2223FB09C3DBE700BFEC
:10D8000030F802CB7F1C14F9018B11F9019B1CFB32
:10D8100008221CFB0933AF42F2DB1B98B0F9000071
:10D82000162817DB1A9F0121A0F1020C01FA0CF156
:10D830003F68401EDDF834C052FB0711DCF800C021
:10D840000D9A014101EB0C001A9902F1040900F351
:10D8500007020FE0002811DD1A9952000F680D9998
:10D86000096852FB07121A9902410D9802F3070248
:10D8700000F104091B9800F1020B14E0C0F1010053
:10D880001B9982401A9801F1020B02F31F021A99A8
:10D89000006852FB10F00D9A126802440D9802F3D2
:10D8A000070200F104091F98091D02701F9800F17A
:10D8B0000108BBF90000162814DB80C90122A0F181
:10D8C000020C02FA0CF253FB0722401ED9F800C0EA
:10D8D0001A9109F10401024102EB0C000D9100F3D1
:10D8E00007010EE0002810DD80C95B00D9F8002098
:10D8F0001A9153FB0722024109F104000D9002F333
:10D9000007010BF102001B9013E0C0F101000BF1C5
:10D9100002021B92834001C91A9103F31F0151FBBC
:10D9200010F0D9F80010014409F104000D9001F342
:10D93000070188F8001008F101001F902C440E9890
:10D94000401E80B20E9000287FF4BCAE06F00106A7
:10D9500061E05AF8041B0F98AA080FE054F8043B42
:10D96000D0F800C0521E47682FFA83F82FFA93F3BD
:10D970002CFB081192B2083027FB0311002AEDD1CD
:10D9800005F0030208E000BF30F8027B521E14F9D4
:10D99000013B92B217FB0311002AF5D11B98B0F995
:10D9A000000016280CDB1A9B0122871EBA401B6858
:10D9B000401E0D9F51FB03213F680141C81918E02B
:10D9C00000280ADD1A9A490013680D9A126851FB63
:10D9D0000321014101F307010DE0C0F10100814085
:10D9E0001A9801F31F01006851FB10F00D990968A6
:10D9F000084400F307011F98761EB6B201701F9805
:10DA0000401C1F901B98801C1B901A98001D1A9098
:10DA10000D98001D0D90002E9BD111B00020BDE887
:10DA2000F08F00002DE9FF4F8CB09146DDE91AA37D
:10DA3000DDE91D82DDE91F414FEA5A0B0CB1199C4B
:10DA400000E00124A4B206944FEA930E0C4405941E
:10DA500003F003030793B9E009F10405D9F8004086
:10DA600000940D9B40CDA94600963546764623E0AE
:10DA700053F8047BD0F800C0CDF810C0D0F804C033
:10DA8000CDF808C0DDF810C02CFB074CCDF800C065
:10DA9000DDF808C02CFB075CCDF804C053F8045B2C
:10DAA0008468DDF800C0C768103024FB05C4DDF8C9
:10DAB00004C0761E27FB05C5002ED9DC079E13E0A7
:10DAC000B0F800C0CDF80CC033F8027BB0F802C04B
:10DAD000001DCDF808C0761EDDF80CC01CFB074405
:10DAE000DDF808C01CFB0755002EE9DC1C9BB3F9D0
:10DAF0000070162F0BDB58F804CB0126BB1E9E408E
:10DB000054FB0C647B1E80CA1C41E31908E0002F03
:10DB10000ADD58F8043B640040CA54FB03633B41F0
:10DB200003F307041C9B0DE0C7F101061C9BB440E6
:10DB300058F8046B04F31F0454FB16F440CA344431
:10DB400004F3070401F8014B8C4633F9021F162930
:10DB50000DDB58F8046B01248F1EBC4055FB0644B6
:10DB6000491E80CA0C41E11901F307040AE00029AB
:10DB70000DDD58F8044B6D0040CA55FB04640C41A0
:10DB800004F3070405999B1C1C930C7010E0C1F171
:10DB900001019B1C1C938D4058F8041B05F31F03C7
:10DBA00053FB11F108CA194401F3070305990B70DF
:10DBB000069C059B5B1C03EB44030CEB44015B1EC2
:10DBC0000593ABF101041FFA84FB491EBBF1000F62
:10DBD0007FF442AF5FEACA733ED00D9B7546D9F819
:10DBE00000400CE053F804CB07686D1E4668ADB2E8
:10DBF000083027FB0C4453F8047B26FB0744002D18
:10DC0000F0D1079D08E000BF30F8027B6D1E33F8AD
:10DC1000026BADB217FB0644002DF5D11C98B0F98C
:10DC2000000016280BDB0123D8F80050861EB340F5
:10DC30001668401E54FB05320241901920E000286E
:10DC400013DDD8F800306400126854FB032202414F
:10DC500002F3070001F8010B1F98A0B1199A0AFB03
:10DC60001210401C10B0BDE8F08FC0F10100126826
:10DC70008440D8F8000004F31F0353FB10F0104455
:10DC800000F30700E6E70F980144A1EB0A00E9E77B
:10DC90002DE9F04F00269E46099CBCE00023A4F12C
:10DCA000100584E050F8047B51F8049B2FFA87F8A4
:10DCB000A2F800802FFA97FA4FEA284CA2F802C087
:10DCC0002FFA99F7A2F804A04FEA2A4CA2F806C04E
:10DCD0002FFA89F9A2F808904FEA294CA2F80AC055
:10DCE00097813F14D78150F8047B51F8049B2FFA99
:10DCF00087F8A2F810802FFA97FB4FEA284CA2F879
:10DD000012C0A2F814B04FEA2B4C2FFA89F7A2F8F0
:10DD100016C017832FFA99FA3F145783A2F81CA054
:10DD20004FEA2A47D78350F8087B51F8049B2FFA13
:10DD300087F8A2F820802FFA97FB4FEA284CA2F828
:10DD400022C0A2F824B04FEA2B4C2FFA89F7A2F890
:10DD500026C017852FFA99FA3F145785A2F82CA0F0
:10DD60004FEA2A47D78550F8047C51F8048B2FFAE4
:10DD700087FCA2F830C02FFA97F94FEA2C47578654
:10DD80002FFA98FAA2F834904FEA294CA2F836C03C
:10DD90002FFA88F8A2F838804FEA2A4C4FEA284731
:10DDA0005787A2F83CA0A2F83EC040321033AB42E5
:10DDB0007FF778AFA4F10408434529DC50F8047BD1
:10DDC00051F804CB2FFA87F515802FFA97F92F1405
:10DDD00057802FFA9CFAA2F804904FEA2945D58083
:10DDE0002FFA8CFCA2F808C04FEA2C4555814FEA67
:10DDF0002A45A2F80CA0D58110321B1DDCE700BF1C
:10DE000010F9015B158011F9015B5580121D5B1C37
:10DE1000A342F5DB761C7645FFF640AFBDE8F08FF8
:10DE200000000000000000000000000000000000F2
:10DE3000000000080808080808080000181800007A
:10DE400000486C24120000000000000000000000E8
:10DE50000000002424247F1212127F1212120000EC
:10DE60000000081C2A2A0A0C1828282A2A1C08083C
:10DE700000000022251515152A585454542200007C
:10DE80000000000C1212120A76252911916E000072
:10DE9000000606040300000000000000000000006F
:10DEA0000040201010080808080808101020400042
:10DEB00000020408081010101010100808040200D6
:10DEC0000000000008086B1C1C6B08080000000024
:10DED00000000000080808087F0808080800000083
:10DEE000000000000000000000000000060604031F
:10DEF0000000000000000000FE0000000000000024
:10DF00000000000000000000000000000606000005
:10DF10000000804040202010100808040402020085
:10DF200000000018244242424242424224180000AB
:10DF3000000000080E08080808080808083E00004D
:10DF40000000003C4242422020100804427E0000B3
:10DF50000000003C4242201820404042221C0000A9
:10DF6000000000203028242422227E202078000077
:10DF70000000007E0202021A26404042221C0000DD
:10DF8000000000382402021A2642424224180000EF
:10DF90000000007E2222101008080808080800006F
:10DFA0000000003C4242422418244242423C00000D
:10DFB000000000182442424264584040241C0000E3
:10DFC00000000000000018180000000018180000F1
:10DFD0000000000000000008000000000008080425
:10DFE0000000004020100804020408102040000037
:10DFF0000000000000007F0000007F000000000023
:10E000000000000204081020402010080402000054
:10E010000000003C4242464020101000181800004A
:10E020000000001C225A555555552D42221C000057
:10E030000000000808181414243C224242E70000A3
:10E040000000001F2222221E22424242221F000004
:10E050000000007C4242010101010142221C00003B
:10E060000000001F2242424242424242221F000060
:10E070000000003F4212121E12120242423F0000F4
:10E080000000003F4212121E12120202020700009C
:10E090000000003C2222010101712122221C00000B
:10E0A000000000E7424242427E42424242E7000014
:10E0B0000000003E0808080808080808083E00009C
:10E0C0000000007C10101010101010101010110F14
:10E0D0000000007722120A0E0A1212222277000094
:10E0E000000000070202020202020202427F000058
:10E0F00000000077363636362A2A2A2A2A6B000094
:10E10000000000E346464A4A52525262624700000B
:10E110000000001C2241414141414141221C0000BC
:10E120000000003F424242423E020202020700005B
:10E130000000001C2241414141414D53321C60000E
:10E140000000003F4242423E1212222242C700001B
:10E150000000007C4242020418204042423E00007F
:10E160000000007F4908080808080808081C00008B
:10E17000000000E74242424242424242423C00002A
:10E18000000000E74242222424141418080800006A
:10E190000000006B494949495555362222220000AA
:10E1A000000000E7422424181818242442E7000045
:10E1B000000000772222141408080808081C000038
:10E1C0000000007E2120101008040442423F00009D
:10E1D00000780808080808080808080808087800EF
:10E1E000000002020404080808101020202040400B
:10E1F000001E1010101010101010101010101E0023
:10E200000038440000000000000000000000000092
:10E21000000000000000000000000000000000FFFF
:10E2200000060800000000000000000000000000E0
:10E23000000000000000003C4278444242FC000024
:10E24000000000030202021A26424242261A00007F
:10E2500000000000000000384402020244380000C0
:10E2600000000060404040784442424264D80000D0
:10E27000000000000000003C427E0202423C000020
:10E28000000000F08808087E08080808083E000022
:10E29000000000000000007C22221C023C42423CA4
:10E2A000000000030202023A4642424242E70000F6
:10E2B0000000000C0C00000E08080808083E0000D2
:10E2C0000000003030000038202020202020221EB6
:10E2D0000000000302020272120A161222770000E6
:10E2E0000000000E0808080808080808083E00009A
:10E2F000000000000000007F9292929292B700000E
:10E30000000000000000003B4642424242E700009D
:10E31000000000000000003C42424242423C00003B
:10E32000000000000000001B26424242221E02079D
:10E33000000000000000007844424242447840E07F
:10E3400000000000000000774C040404041F0000DB
:10E35000000000000000007C42023C40423E000001
:10E36000000000000008083E080808080830000007
:10E3700000000000000000634242424262DC0000F4
:10E3800000000000000000E74224241408080000F8
:10E3900000000000000000EB494955552222000012
:10E3A000000000000000007624181818246E0000F9
:10E3B00000000000000000E74224241418080807A9
:10E3C000000000000000007E22100808447E0000CB
:10E3D00000C0202020202010202020202020C0004D
:10E3E000101010101010101010101010101010102D
:10E3F00000060808080808100808080808080600A9
:10E400000C32C2000000000000000000000000000C
:10E4100000000000000000000000000000000000FC
:10E4200000000000000000000000000000000000EC
:10E4300000000000000000000000000000000000DC
:10E4400000000000000000000000000000000000CC
:10E4500000000000000000000000C001C001C00179
:10E46000C001C001C001C0018000800080008000A8
:10E47000800080008000000000000000000080019B
:10E48000C003C00380010000000000000000000085
:10E49000000000000000E01CE01CF01E700E3807B9
:10E4A00018030801840000000000000000000000C4
:10E4B000000000000000000000000000000000005C
:10E4C000000000000000000000000000000000004C
:10E4D00000000000000000000000000020102010DC
:10E4E000201020102010FE7FFE7F1008100810085A
:10E4F0001008100810081008FE7FFE7F08040804AA
:10E5000008040804080400000000000000000000E7
:10E51000000000000000000000010001C0076019B9
:10E52000103118311839183938017001E001C00371
:10E530008007000F001D003900311C311C310C31E7
:10E540000C11180DE007000100010001000000009F
:10E550000000000000000000000000001C10361841
:10E560006308630C63046304630263026301361D82
:10E570009C37802280634063406320632063306364
:10E5800010221836081C00000000000000000000E7
:10E59000000000000000000000000000F0009801F2
:10E5A0008C018C018C018C018C00CC007800183E11
:10E5B0001C083608320863046304C304C30383439E
:10E5C00006438E26781C00000000000000000000BA
:10E5D0000000000000001C003C003C003000300047
:10E5E00010000C0006000000000000000000000009
:10E5F000000000000000000000000000000000001B
:10E60000000000000000000000000000000000000A
:10E610000000000000000040002000100008000C76
:10E620000004000600030003000380018001800154
:10E63000800180018001800180010003000300034C
:10E6400000060006000C000800100020004000003A
:10E65000000000000000020004000800100030006C
:10E6600020006000C000C000C00080018001800167
:10E6700080018001800180018001C000C000C000D5
:10E68000600060003000100008000400020000007C
:10E69000000000000000000000000000000000007A
:10E6A00000018003800300011C713C79783DC007A4
:10E6B0000001C007783D3C791C7100018003800394
:10E6C00080010000000000000000000000000000C9
:10E6D000000000000000000000000000000000003A
:10E6E0000000000100010001000100010001000123
:10E6F000FC7F000100010001000100010001000198
:10E700000000000000000000000000000000000009
:10E7100000000000000000000000000000000000F9
:10E7200000000000000000000000000000000000E9
:10E7300000000000000000000000000000000000D9
:10E740001C003C003C003000300010000C000600B3
:10E7500000000000000000000000000000000000B9
:10E7600000000000000000000000000000000000A9
:10E77000FE7F00000000000000000000000000001C
:10E780000000000000000000000000000000000089
:10E790000000000000000000000000000000000079
:10E7A0000000000000000000000000000000000069
:10E7B0000000000000000000000000000000180041
:10E7C0003C003C00180000000000000000000000B9
:10E7D0000000000000000040006000200030001039
:10E7E00000180008000C00040006000200030001ED
:10E7F00080018000C0004000600020003000100058
:10E80000180008000C0004000600020000000000D0
:10E81000000000000000000000000000C007600CC5
:10E8200030181830183018200C600C600C600C6028
:10E830000C600C600C600C600C60182018301830F4
:10E840003018600CC007000000000000000000004D
:10E850000000000000000000000000000001800136
:10E86000F801800180018001800180018001800128
:10E870008001800180018001800180018001800190
:10E880008001C003F81F000000000000000000002D
:10E89000000000000000000000000000E007101C65
:10E8A0000818043004300C300C3000300018000818
:10E8B00000040002000180004000202010200820F9
:10E8C0000430FC1FFC1F00000000000000000000DE
:10E8D000000000000000000000000000E003180E2F
:10E8E0000C0C0C180C180C180018000C0006C003B7
:10E8F000000E00180010003000300C300C300C10EE
:10E900000C18180CE00300000000000000000000DC
:10E91000000000000000000000000000000C000EDD
:10E92000000E000F800E800E400E600E200E100EA6
:10E93000100E080E040E040EFE7F000E000E000ED8
:10E94000000E000E000EC07F00000000000000005E
:10E95000000000000000000000000000F03FF03F59
:10E9600010001000100008000800C807280C181834
:10E97000081000300030003000300C300C3004182B
:10E980000418080CF0030000000000000000000064
:10E99000000000000000000000000000800FC01018
:10E9A000203010301800180008000C008C0F6C1874
:10E9B0003C301C600C600C600C600C60186018200F
:10E9C00030306018C00700000000000000000000A8
:10E9D000000000000000000000000000F83FF83FC9
:10E9E0001C100C08040804040004000200020001CA
:10E9F00000010001800080008000C000C000C00055
:10EA0000C000C000C00000000000000000000000C6
:10EA1000000000000000000000000000E007300CD3
:10EA200018180C300C300C301C3038187008E00707
:10EA3000B007180E0C1C06380630063006300630BB
:10EA40000C18180CE003000000000000000000009B
:10EA5000000000000000000000000000E0031804B7
:10EA60000C080C1806100630063006300630063842
:10EA70000C3C1836F03100300018001800180C0C4F
:10EA80000C060C03F0010000000000000000000074
:10EA90000000000000000000000000000000000076
:10EAA000000000000000000000008001C003C0035F
:10EAB0008001000000000000000000000000800154
:10EAC000C003C0038001000000000000000000003F
:10EAD0000000000000000000000000000000000036
:10EAE00000000000000000000000C000C0000000A6
:10EAF0000000000000000000000000000000000016
:10EB00000000C000C0008000800040004000000005
:10EB100000000000000000000000002000100008BD
:10EB20000004000600038001C000600030001800EF
:10EB30000C00180030006000C000800100030006D7
:10EB40000004000800100020000000000000000089
:10EB500000000000000000000000000000000000B5
:10EB600000000000000000000000FE7F0000000028
:10EB7000000000000000FE7F000000000000000018
:10EB80000000000000000000000000000000000085
:10EB90000000000000000000000004000800100059
:10EBA00020006000C000800100030006000C001877
:10EBB00000300018000C000600038001C000600057
:10EBC0002000100008000400000000000000000009
:10EBD00000000000000000000000C00730180830EE
:10EBE00008600C601C601C601C600030001C00068B
:10EBF0000001800080008000800000000000800193
:10EC0000C003C003800100000000000000000000FD
:10EC1000000000000000000000000000C0076018B5
:10EC2000103018200C2F8C4D864CC64CC64C664CB0
:10EC300066446644662666266615CC1C0C40082091
:10EC400018303018C007000000000000000000006D
:10EC5000000000000000000000000001C001C00131
:10EC6000C00140016003200320032003300610068A
:10EC700010061006F80F080C080C080C0C0C0418F1
:10EC8000041806181F7C00000000000000000000AF
:10EC9000000000000000000000000000FE07181C3B
:10ECA000183818301830183018301818180CF807A1
:10ECB000181818301820186018601860186018604C
:10ECC00018301818FE0F00000000000000000000BF
:10ECD000000000000000000000000000C0276038B5
:10ECE000103018200C400C400400060006000600FE
:10ECF000060006000600060006000C400C400C2032
:10ED000018303018C00700000000000000000000AC
:10ED1000000000000000000000000000FE03180ECC
:10ED200018181830183018301860186018601860FB
:10ED300018601860186018601860183018301810C3
:10ED40001818180EFE03000000000000000000006C
:10ED5000000000000000000000000000FE3F18302E
:10ED6000182018601840180018081808180CF80F18
:10ED7000180C180818081800180018001840184037
:10ED800018201830FE3F00000000000000000000C6
:10ED9000000000000000000000000000FE7F18706E
:10EDA000184018C018801800181018101818F81FEC
:10EDB000181818101810180018001800180018005B
:10EDC000180018007E000000000000000000000095
:10EDD000000000000000000000000000C013701CD4
:10EDE000101018100C200C2004000600060006006D
:10EDF0000600060006FC063006300C300C301830D9
:10EE000018303008C00700000000000000000000BB
:10EE10000000000000000000000000003F7E0C1811
:10EE20000C180C180C180C180C180C180C180C18C2
:10EE3000FC1F0C180C180C180C180C180C180C18BB
:10EE40000C180C183F7E00000000000000000000BD
:10EE5000000000000000000000000000F81F80011A
:10EE6000800180018001800180018001800180019A
:10EE7000800180018001800180018001800180018A
:10EE800080018001F81F0000000000000000000069
:10EE9000000000000000000000000000E07F00060D
:10EEA0000006000600060006000600060006000632
:10EEB0000006000600060006000600060006000622
:10EEC00000060006000600060E060E038E01FC007A
:10EED0000000000000000000000000007E7C181808
:10EEE0001808180418061802180198019801D8018A
:10EEF000B803380318071806180E180C181C181831
:10EF0000183018307EFC00000000000000000000F7
:10EF10000000000000000000000000007E0018005B
:10EF20001800180018001800180018001800180021
:10EF30001800180018001800180018001840184091
:10EF400018201830FE3F0000000000000000000004
:10EF50000000000000000000000000001FF81C3846
:10EF60001C381C381C3C3434343434343436743259
:10EF70006432643264326431C431C431C431C43067
:10EF8000C43084309FFC000000000000000000003E
:10EF90000000000000000000000000001F7C1C10AA
:10EFA0003C103410341074106410E410C410C411F8
:10EFB00084118413041304170416041E041C041C77
:10EFC000041C04181F1800000000000000000000CE
:10EFD000000000000000000000000000C003300C32
:10EFE000181808100C300C300660066006600660C9
:10EFF000066006600660066006600C200C30081093
:10F000001818300CC00300000000000000000000D1
:10F01000000000000000000000000000FE0F1818B3
:10F0200018301860186018601860186018301818C8
:10F03000F80F180018001800180018001800180021
:10F04000180018007E000000000000000000000012
:10F05000000000000000000000000000C003300CB1
:10F0600018180C100C300C20066006600660066054
:10F0700006600660066006600660E4612C331C32A0
:10F080001816300EC007004C007C0038000000004D
:10F09000000000000000000000000000FE07181C37
:10F0A000183818301830183018301818180CF8079D
:10F0B00098031803180718061806180E180C180CD1
:10F0C000181C18187E7800000000000000000000E6
:10F0D000000000000000000000000000E0273038C1
:10F0E00018300C200C200C000C0018007800E003F5
:10F0F000800F001E0038007000600460046008602B
:10F1000018303818C80F0000000000000000000090
:10F11000000000000000000000000000FC3F8C2107
:10F1200084618241824180018001800180018001EF
:10F1300080018001800180018001800180018001C7
:10F1400080018001E00700000000000000000000D6
:10F150000000000000000000000000003F7C0C10D8
:10F160000C100C100C100C100C100C100C100C10BF
:10F170000C100C100C100C100C100C100C100C10AF
:10F1800008083804E0030000000000000000000050
:10F190000000000000000000000000003EF8182001
:10F1A000182018203010301030103010600860081F
:10F1B0006008E00CC004C004C00480038003800326
:10F1C00080030001000100000000000000000000BA
:10F1D000000000000000000000000000DFF3866176
:10F1E000862186218C210C218C238C138C138C136B
:10F1F0004C1358125816580E380E380E380E300C64
:10F2000010041004100400000000000000000000C2
:10F210000000000000000000000000007E3E180812
:10F2200038083004300470026002E001C001C001FF
:10F23000800180034003400720062006100C100CBC
:10F24000081808183E7C00000000000000000000C4
:10F250000000000000000000000000007E7C1C1088
:10F26000181018083008300C700460046002C002E6
:10F27000C002C00180018001800180018001800105
:10F2800080018001E0070000000000000000000095
:10F29000000000000000000000000000F83F181807
:10F2A0000818040C040E0006000700038003800108
:10F2B000C001C000E000600070003000382018205D
:10F2C0001C100C18FE1F00000000000000000000D1
:10F2D000000000000000C03F40004000400040002F
:10F2E000400040004000400040004000400040001E
:10F2F000400040004000400040004000400040000E
:10F3000040004000400040004000C03F00000000BE
:10F3100000000000000000000000080018001800B5
:10F32000100030002000600060004000C00080003D
:10F3300080018001000100030002000600060004B5
:10F34000000C000800180018001000300020000019
:10F35000000000000000FC030002000200020002A6
:10F36000000200020002000200020002000200028D
:10F37000000200020002000200020002000200027D
:10F3800000020002000200020002FC030000000074
:10F390000000000000008007C006200810100000D8
:10F3A000000000000000000000000000000000005D
:10F3B000000000000000000000000000000000004D
:10F3C000000000000000000000000000000000003D
:10F3D000000000000000000000000000000000002D
:10F3E000000000000000000000000000000000001D
:10F3F000000000000000000000000000000000000D
:10F400000000000000000000000000000000FFFFFE
:10F410000000000000007800C000000100000000B3
:10F4200000000000000000000000000000000000DC
:10F4300000000000000000000000000000000000CC
:10F4400000000000000000000000000000000000BC
:10F4500000000000000000000000000000000000AC
:10F4600000000000000000000000F00318060C0C73
:10F470000C0C000C800F700C1C0C0C0C060C060CF9
:10F48000064C0C4FF838000000000000000000009F
:10F490000000000000000000000010001E00180026
:10F4A00018001800180018001800180FD818383065
:10F4B00038601860186018601860186018601820AC
:10F4C00038307818C8070000000000000000000075
:10F4D000000000000000000000000000000000002C
:10F4E00000000000000000000000C007700C1818A9
:10F4F00018180C180C000C000C000C000C20182024
:10F5000018103008C00700000000000000000000D4
:10F51000000000000000000000000010001E0018A5
:10F5200000180018001800180018E01B301C1818EC
:10F5300018180C180C180C180C180C180C180818A3
:10F54000181C307AE00900000000000000000000F4
:10F5500000000000000000000000000000000000AB
:10F5600000000000000000000000C007300C181868
:10F5700008100C300C30FC3F0C000C000C00182064
:10F5800018107018C0070000000000000000000004
:10F59000000000000000000000000000003E80C3EA
:10F5A00080C0C0C0C000C000C000FC1FC000C000C0
:10F5B000C000C000C000C000C000C000C000C0004B
:10F5C000C000C000F80F00000000000000000000B4
:10F5D000000000000000000000000000000000002B
:10F5E00000000000000000000000C077306C101820
:10F5F0001818181818181018300CF00718001800F0
:10F60000F00FF03F08700C600C600C603838E00FB1
:10F610000000000000000000000010001E001800A4
:10F6200018001800180018001800980FD818383063
:10F63000183018301830183018301830183018308A
:10F64000183018307EFC00000000000000000000B0
:10F6500000000000000000000000000080038003A4
:10F6600080030000000000000001F801800180011B
:10F670008001800180018001800180018001800182
:10F6800080018001F81F0000000000000000000061
:10F6900000000000000000000000000000380038FA
:10F6A00000380000000000000010801F0018001843
:10F6B000001800180018001800180018001800188A
:10F6C00000180018001800180018180C1806F0038D
:10F6D0000000000000000000000010001E001800E4
:10F6E00018001800180018001800183E180C18060A
:10F6F000180318019801D801380318071806180CC8
:10F70000181C18187E7C000000000000000000009B
:10F71000000000000000000000000001F80180016E
:10F7200080018001800180018001800180018001D1
:10F7300080018001800180018001800180018001C1
:10F7400080018001F81F00000000000000000000A0
:10F7500000000000000000000000000000000000A9
:10F7600000000000000000000800EE1C9C338C31FB
:10F770008C318C318C318C318C318C318C318C31A1
:10F780008C318C31DE7B00000000000000000000A6
:10F790000000000000000000000000000000000069
:10F7A000000000000000000010001E0FD8183830C4
:10F7B0001830183018301830183018301830183009
:10F7C000183018307EFC000000000000000000002F
:10F7D0000000000000000000000000000000000029
:10F7E00000000000000000000000C007701C103086
:10F7F00018300C600C600C600C600C600C601830F1
:10F8000018303018C00700000000000000000000A1
:10F8100000000000000000000000000000000000E8
:10F82000000000000000000010009E0F5818383043
:10F830001820186018601860186018601860183078
:10F8400038307818980718001800180018007E0043
:10F8500000000000000000000000000000000000A8
:10F8600000000000000000000000C023303C1838F9
:10F8700018300C300C300C300C300C300C300830A0
:10F880001838303CE033003000300030003000FCED
:10F890000000000000000000000000000000000068
:10F8A000000000000000000060007E3C60666061B7
:10F8B000E000E00060006000600060006000600048
:10F8C00060006000FE070000000000000000000073
:10F8D0000000000000000000000000000000000028
:10F8E00000000000000000000000E0273038183061
:10F8F000182018007000E003800F001C0430043052
:10F900000C301C18EC0F000000000000000000008C
:10F9100000000000000000000000000000000000E7
:10F92000800080008000C000E000FC1FC000C0001C
:10F93000C000C000C000C000C000C000C000C020A7
:10F94000C0208011000F0000000000000000000037
:10F9500000000000000000000000000000000000A7
:10F96000000000000000000010201E3C183018307D
:10F970001830183018301830183018301830183047
:10F98000183830F4E0130000000000000000000010
:10F990000000000000000000000000000000000067
:10F9A000000000000000000000007E3C181818084D
:10F9B000380830043004700260026002E001C001C7
:10F9C000C001C00080000000000000000000000036
:10F9D0000000000000000000000000000000000027
:10F9E00000000000000000000000DFF78E630C2321
:10F9F0008C238C239813981358165816700E700E7B
:10FA0000700E200420040000000000000000000030
:10FA100000000000000000000000000000000000E6
:10FA200000000000000000000000FC3E70087004B0
:10FA3000E004C002C0018003800340076006200C80
:10FA4000100C18183E7E00000000000000000000AE
:10FA500000000000000000000000000000000000A6
:10FA6000000000000000000000007E7C181818084C
:10FA700030083008300460046004C002C002C002D4
:10FA80008001800180018000800080004C003C00EB
:10FA90000000000000000000000000000000000066
:10FAA00000000000000000000000FC1F0C0C040E11
:10FAB0000406000380038001C000E00070203020B5
:10FAC00038301C18FC1F000000000000000000007F
:10FAD00000000000000000300008000400040004E2
:10FAE00000040004000400040004000400040002F8
:10FAF000800100020004000400040004000400046B
:10FB000000040004000400040004000800300000A9
:10FB100000010001000100010001000100010001DD
:10FB200000010001000100010001000100010001CD
:10FB300000010001000100010001000100010001BD
:10FB400000010001000100010001000100010001AD
:10FB50000000000000000C00100020002000200029
:10FB60002000200020002000200020002000400075
:10FB70008001400020002000200020002000200004
:10FB80002000200020002000200010000C000000B9
:10FB900000003800C400864002610022001C000002
:10FBA0000000000000000000000000000000000055
:10FBB0000000000000000000000000000000000045
:10FBC0000000000000000000000000000000000035
:10FBD000D6D08000800080008000FC1F841084103C
:10FBE000841084108410FC1F84108000800080002A
:10FBF0008000BEB0F80F0808F80F0808F80F800062
:10FC0000FF7F0000F80F08080808F80F8000841034
:10FC1000A2204000D4B00000FE3F0220F2270220C4
:10FC20000220FA2F222122212221122912290A2E12
:10FC30000220FE3F0220B5E7800080008000FC1F0C
:10FC4000841084108410FC1F841084108410FC1F06
:10FC5000845080408040007FD7D30000FE1F000802
:10FC60000004000280018000FF7F8000800080008F
:10FC7000800080008000A0004000D6D0000000007E
:10FC80000000001800000800000800000800080834
:10FC900018F8FF1F18081818081818081818081856
:10FCA000180818180818F8FF1F08080800080000AE
:10FCB00008000008000008000018000018000018E4
:10FCC00000000000BEB0000000000000400006C0C0
:10FCD000FF07400006C0FF07400006C0FF074008BE
:10FCE00002003000FEFF3F000000C0FF07C000021E
:10FCF000C00002C00002C0FF03801000801101603C
:10FD0000100E3010180C1E30001C00000000D4B083
:10FD1000000000000000080030F8FF1F0800100875
:10FD2000C010083F10080010080010080013C8FF9A
:10FD30001008221008221008221008221008211290
:10FD400008211488601648C013280010080010F815
:10FD5000FF1F080010000000B5E7000000000000D1
:10FD6000001800000800000800000800F0FF0F1055
:10FD70000804100804100804100804F0FF07100815
:10FD800004100804100804100804F0FF071008000D
:10FD900000081000081000082000183000F01F00B4
:10FDA0000000D7D3000000000000000004F0FF0FA7
:10FDB00000000600000100C000002800001800003C
:10FDC0001800001830FEFF7F00180000180000180F
:10FDD00000001800001800001800001800001800AB
:10FDE000001800001F00000C00000000D0C200003E
:10FDF000000000000000000100000003000C0006ED
:10FE0000001F00C6F801F8FF1900201018006070EC
:10FE10001800C0301800C010180080081800808832
:10FE20001918FCFFFB3F0006180300061803000624
:10FE3000180300C60803F8FF0903000608030006BC
:10FE4000080360160C0360660C0330C6040330C65A
:10FE50000603108606030806030324060103C2876F
:10FE60000003004300030021000100000000C4EA79
:10FE7000000000000000000000020000000600007A
:10FE800000070000000300008001000C80FFFF1F3E
:10FE9000C0000300400003006000030030000300C6
:10FEA000180003008800030384FFFF07800103009C
:10FEB0008001030080010300800103008001030032
:10FEC00080010318FCFFFF3F000003000000030057
:10FED0000000030000000300000003000000030016
:10FEE000000003000000030000000100000000000B
:10FEF000BFEC000000000000000040000200C00154
:10FF00000E00C0000600C0000600C0000600C000D1
:10FF10000602C0F0FF0FC0010606C0060606C00CB0
:10FF20000606D80C0606D8080606CC000606CC0045
:10FF30000606C0000616C0FCFF3FC0001600C00049
:10FF40001200C0001300C0002300C0002100C080C8
:10FF50006100C080C000C0C08001C0608003C030AC
:10FF60000007C018003EC004001C4002000800004A
:10FF70000000C0D6000000000000000000000000EB
:10FF8000000080010000F00380C07F00803F00007F
:10FF9000800100008001030080000700C000030012
:10FFA000C0000300C0000300C0000300C000030C39
:10FFB000E0FFFF1F400003000000030000000300FB
:10FFC000000C2300001C4300000683010003030310
:10FFD00080010307C000030E6000030C3000030C17
:10FFE0000808030C04F0030000C0030000800000B8
:10FFF00000000000010002000400060008000A00E2
:020000040801F1
:100000000C001000200040008000000101010103ED
:1000100007010000080402040801010100000000BB
:10002000010203040102030406070809EF47923C9A
:10003000800000002C00010830000108D012563C5E
:100040009709093C58C6F63BE889283CF2201A3C3F
:10005000A60A7D3C6EC29D3C2F65613C00000000FD
:10006000000000003C0001085C00010892E2373CFF
:10007000800000006C00010870000108F32C3B3B7D
:100080002EEA5F3B3689383BE9A4483B91832E3BFF
:10009000E3772E3B78666F3B90CB1C3B45674F3B2D
:1000A0008091443BDBDE133BF4B5473B1F2A363BD4
:1000B000E6231B3BA4464A3B0C02313BA656313B90
:1000C00024135D3B6B333A3B5D845C3B32AC4F3B6E
:1000D000BF1A293BCA0C533BA85B813B1D96613B71
:1000E000E06A373B89303A3B7D1F2A3B71FC443B39
:1000F000C8246A3B1E30423BE16B493B87CA633BE5
:100100007E96393B2670403B6CCF773BCBA7463B76
:10011000CD38693B4EEC233BD709273B479B1E3B21
:10012000E1557C3BDED2653BFB7E163B633E303BBC
:100130002DF82F3BDBF7383BB59C263BB480553B75
:10014000DBF7723BDACE643BBF42403BF94F083BE2
:100150005137403BBA34393B2B6A1D3B86B0373BA5
:10016000BD58323B81FF243B16CD243B780B2B3B03
:100170001D11233BBA3E423BB98E7F3B000000007D
:10018000000000000000000000000000000000006F
:10019000000000000000000000000000000000005F
:1001A000000000000000000000000000000000004F
:1001B0000000000000000000000000007C000108BA
:1001C0007C010108B48F973C80000000C401010845
:1001D000C801010892E2373C80000000D401010808
:1001E000D80101086AFDF53BAA10E23BC176E83B65
:1001F000C376053C046C203C4217F63BC48BB13BF4
:10020000B758A43BFF6BFC3B6ED8083CA096883BDC
:10021000FFBDAC3B56C0C73BF58BAC3BC5972E3CF6
:10022000C491033C9AA2163C8288D63B69DCDB3B36
:1002300005AB133CED91023C771EE53BB527E03B57
:10024000A6131B3C3EB7AC3BC4DEB03B781BFD3B6A
:1002500076C8163C5FCF653C8DE0A83B3326173C43
:10026000587B303C6047A63B8202E03BE7819E3BE7
:100270003049023C48B9C63B57B81E3C5AAEB03B69
:10028000187B193CFBE1CF3B2DA31F3C9F94133CF3
:100290005A22113CC54DDC3B52DC063CB7D40C3C29
:1002A000103E063C8A46CC3BADEC313C0EF3C93BDC
:1002B0003F22F33B7006E73BD1D00A3C21791A3C40
:1002C00072BDB53B1C83013CF991223C86A2D53B13
:1002D000B153D73BC6B1163C82ACC63BCAEAE53B3C
:1002E000CC6CC93B000000000000000000000000D2
:1002F00000000000000000000000000000000000FE
:1003000000000000000000000000000000000000ED
:1003100000000000000000000000000000000000DD
:1003200000000000E4010108E4020108D028673C55
:10033000800000002C030108300301089CFC2E3BC8
:10034000120A203B26FA323BED59643B21C63A3B68
:10035000C5882A3BED8E753BA940253B8C8B403BE5
:1003600019562D3BEA8C383B08DF5E3BE9F5263B0E
:10037000922E193BDAF1363B1F64423BE170223B7F
:100380005ECD253BF6E9433B1057233B4D20293BEF
:100390006F203E3BAEAC503BD3290B3BBF8D873B20
:1003A00043C9343BAB22513B00AB263BD9AF383B72
:1003B0008586073B5042793BDCEE0C3B860F3A3B8F
:1003C00020BF283BBECA193B0B9E4A3B12B0853B5F
:1003D0009F71103BBFA0143B0FAC393B87C7373B25
:1003E00045564E3B1AAD1F3B9F005E3B9932343B56
:1003F000E125413BCA98D53A7F293E3B36D1393B6E
:1004000085FE2E3B3B0F663BE50D273B0463293BF6
:100410006A2B423B789C5E3B5E25593B22CB633B7B
:100420006465403BAE1C4B3BB419083BE9D2203B12
:100430003B787B3B7A1A4C3B67C8553BEBC54D3B41
:10044000E1AE273B88A26E3B770B623BB8A5133B1E
:10045000244D393B0C21093B2ABBFE3A64162A3B4A
:100460003D0A323BEB465D3BA5E5053B93AF393B8F
:10047000CC01743B6D1D543B785B3C3B77A42B3B1C
:100480001381593BABF73E3B13CB353B517A683B6D
:1004900032E6403B04EA543BAEE87B3B2A45443B12
:1004A000EA462D3B46312F3B913B183B5DFC1A3B06
:1004B00057A41A3B2002603B32AF303B6C6F2E3B9F
:1004C00017AD233B49FE483BAD90383BFC04483B0D
:1004D0001B9B4C3BD168803B88130E3B436B6B3BB3
:1004E0003B0E243B1B074F3B7FDD533B16584A3BDB
:1004F0003239543BCBF81E3B35492F3B2851383B12
:10050000889C693BFE362E3BD885F83ABDB22E3B1F
:100510003200293B74CB6C3B5C5A2B3B6607073B94
:10052000BF32563BEC13483BE14F633BEFAA333BF2
:1005300075EC113BD068603B03271F3B00000000B7
:1005400000000000000000000000000000000000AB
:10055000000000000000000000000000000000009B
:10056000000000000000000000000000000000008B
:10057000000000000000000000000000000000007B
:10058000000000000000000000000000000000006B
:10059000000000000000000000000000000000005B
:1005A000000000000000000000000000000000004B
:1005B0000000000000000000000000003C030108F3
:1005C0003C050108ACFE843C80000000C405010825
:1005D000C8050108D028673C80000000D405010848
:1005E000D80501085D45EF3BD53F1E3CE0931F3C1D
:1005F0002570433C177D2E3C75D10E3CDFCD293C48
:100600004582303C5070113CF9DDF23BE76E193CFD
:1006100097F3193C22C6743C79CD1B3CCDA3683CB2
:1006200070D2483CBFF3D53B70E8403C3ED5183C07
:1006300078A5143C84C3193CC1D50F3C9B3C0F3CAE
:10064000B548FB3B53DF0B3C2B28CF3B6EE9163CF8
:10065000B0ED103C4590343C9C03F83BDA37093C44
:10066000951FFD3B9B080C3CE1BE073C528E063CAF
:100670008039BB3BF9DA123CB711EF3BF8023B3C47
:10068000D1E4F73B9511D73B20CB0A3CEFD0003C9F
:10069000A460063C4A5E3C3C3857073C83EB173C61
:1006A0002F30233CCAF6263CC40F313C4525093C7B
:1006B000881F393CD596123CCED7143CF7C01E3C5F
:1006C000C829343C8EB7373C7E61043CE2D4F43B0D
:1006D000FF9E5A3C0AE52D3CB2961D3CB92A0D3CC2
:1006E00042B3183CB225183CCF6C153C0473183C3F
:1006F00021D5633CB651223C6EC1313C63CA503CAB
:10070000F97B253C16C5DF3BDC57133C46CB413C0F
:100710008FA8E63B9FCC193C597F173C4D9E1F3C50
:100720006CF71C3C8B7C073C82CD143C8328213C1D
:10073000A705503C91B7253C2312113CAE74183CE0
:10074000C457683C610FC93B7583283C152B103C8E
:10075000BEAF163C74A05B3C6077043CF95F1A3C6A
:1007600013C4F13B7288FF3B9357E33B6BB2413CB0
:100770002AB81A3CDC0AFA3B77F83E3CFAE2203C05
:10078000DE15053CFD2C1E3C0C80023C15E4103CA3
:100790001D7FE13B5D5F693C5EAB133C778C1E3C8B
:1007A0001757563CD106EF3BEB9B4A3C7CC9F83BC4
:1007B0008761D63B7FED4C3CE2D4F13B70F30B3CC0
:1007C000F2D7093CE6FE103CA156493CD9BA0A3C96
:1007D000ACB3FA3BC6941D3C2FD1CF3BD504263C8D
:1007E00050A51D3C000000000000000000000000BB
:1007F00000000000000000000000000000000000F9
:1008000000000000000000000000000000000000E8
:1008100000000000000000000000000000000000D8
:1008200000000000000000000000000000000000C8
:1008300000000000000000000000000000000000B8
:1008400000000000000000000000000000000000A8
:100850000000000000000000000000000000000098
:1008600000000000E4050108E4070108C62F4F3C22
:10087000800000006C08010870080108637D0D3BD2
:1008800041E9E53A0766BE3ACB800B3B1331203B8A
:10089000B460F73A988F0B3BA280153BDF0EFF3A0E
:1008A0004A8C033B18D15D3BE399403B2314D63A75
:1008B00064FA053B42390C3B08A40D3BC930173B99
:1008C000A0A8193B2436123B6E42EA3AC8650A3B9F
:1008D0002A06C23A65EC083BD171003B31F1E33A9C
:1008E000EC76073B783BE83A4F2F083BF605F23AA7
:1008F0004B661B3B92172B3B50C70B3BB5802D3BE8
:10090000C205163BCF6D0B3BB6BE1E3BA67AF23A34
:10091000AF59013BF481E73ABD64093BA125243B73
:100920001DD80B3B8EF9183BD310EA3A0390333BAA
:1009300078CFF63A6E11123B0486133B5BB7193B36
:10094000B108293B0E62093B1E2D533B168B093B18
:10095000A316113BB336F03AD03FF63A0480DA3AA8
:100960005303183BA5D9143B84EFEA3AA655063B3E
:10097000710D273BC2ED0F3BD34EF13AC74B233BE2
:100980006C3A053B72A80F3BBFC4123BCCE8D73A88
:100990007697003B9684043B7B460D3B0DD3013B91
:1009A000EEBB0F3B8E50EB3AD5910D3B3E2A133BED
:1009B000CA73153B2450F13A37631C3BFCB5003B2E
:1009C0002BE2223B67A4223B809C073BE0E5F73A01
:1009D000F638FA3A3000033B92783E3B4FA10C3B8D
:1009E00012DADB3AE9C14E3B7E04FD3A6C660E3BFF
:1009F0005DF4083B8098ED3A6C99F43A1BF2293B80
:100A00005F58F73AFA92003BF917063BAA37043BC6
:100A1000AF58103B659A073B9CE4123BF7F7F53A59
:100A20009155063B803C0C3BA9E5F23A5833163B06
:100A3000E090E23A0AB7E23AA611FF3A4C7C073B53
:100A4000B8470A3B2F59253B813EF13A2247143BD8
:100A5000B6FCBE3A45DF1D3BDD640E3B461A0E3B3D
:100A6000DDA1193BC776093B5A74153B2F25E83A9F
:100A700081BA003B6AC6003B735E0E3B000000007B
:100A80000000000000000000000000000000000066
:100A90000000000000000000000000000000000056
:100AA0000000000000000000000000000000000046
:100AB0000000000000000000000000000000000036
:100AC0000000000000000000000000000000000026
:100AD0000000000000000000000000000000000016
:100AE0000000000000000000000000000000000006
:100AF0000000000000000000000000007C08010869
:100B00007C0A010860AD803C80000000040B0108F5
:100B1000080B0108C62F4F3C80000000140B010891
:100B2000180B01082708ED3B13E8283C6D6A0A3CC6
:100B300095D9D73BECA72B3CD644D33BEA031B3CCF
:100B40009AB2563CEF3E143CA97DD23B3B4DD93B7B
:100B5000D4102A3CA2E5CF3BF93E203CAD22D93B44
:100B60007F57F83BD3DAE13B743B1F3CF475153CEF
:100B700079712E3C86060B3CF9611E3CF8F3F93B7B
:100B8000459E1C3CEE2E4A3C6557133C14E43B3C0E
:100B9000F43F063CA9E6133CEBA1343C8946523CA9
:100BA0006B32FA3BFCCB373CB3BF1A3CF104113C2F
:100BB0009CC9C13BC745D73B2EB7DB3BA2EDD23B1F
:100BC000A139EF3BB0AE2E3C4507083C94E2263CF1
:100BD0002BABA43B8032FD3BBB2D0C3C24661C3C64
:100BE000F016053CAF65153C2215123C867E2A3C6A
:100BF0007B4C4E3C9E52043C667C023CDB7F493C75
:100C00006E82DC3BF7E3CE3B46942E3C7920183CC9
:100C10009388163CEBCB623CB57DE13BE07FF93B32
:100C2000E377FB3B0C6E493C3C100D3C0CA21F3C97
:100C3000DC171C3C78CFE73B281F0E3C88BA1C3CD5
:100C40002864E63B70D4D73B5BB92B3C72AF153CB4
:100C5000B21C343CABC90F3C8462113CDF1FF63B35
:100C6000A0D7E93BD5C4DD3B06DB0B3CC430133CCD
:100C7000D07FE33B3CA9313C9A2A0C3CE615143C5E
:100C800073B7213CD85E2F3CBD1BD63B1F2DF23BDA
:100C90005802F53B7E640E3CC741253C6CE4FB3BAF
:100CA0002255DC3B7EC5173C2EA61F3C22BEED3BE9
:100CB000E402643C66121E3CEF5D0F3CB6F5EA3B75
:100CC000D57E403C9DA10A3C530E0F3CE3D6DC3B55
:100CD000DE3C4F3C44E2DF3B0D07173C8EFF223CDD
:100CE0001E96F43B12A7FE3BBB020D3CC2C5103C56
:100CF000AA4D073C35A3253C8DEAA73BD283063C91
:100D0000A59CF23B1531DE3B82AC533CBA8C053CD2
:100D100074181E3CC3AE173C3A15093C09630D3CE0
:100D200095ECE83B0000000000000000000000001F
:100D300000000000000000000000000000000000B3
:100D400000000000000000000000000000000000A3
:100D50000000000000000000000000000000000093
:100D60000000000000000000000000000000000083
:100D70000000000000000000000000000000000073
:100D80000000000000000000000000000000000063
:100D90000000000000000000000000000000000053
:100DA00000000000240B0108240D0108793D4C3C93
:100DB00080000000AC0D0108B00D0108DE07043B07
:100DC00076ACF73ACE4E3A3B5B71FC3A3E3AEC3A9F
:100DD0000E5DCB3A36B1123BEAB3DA3A26F9303B34
:100DE0001AB3313B0A013A3BBFEB103BC419E33A5B
:100DF0007A49E63ABC39C93AA132F73A57FC033B83
:100E0000DC40103BA9591B3B4EEDF93A02EAE63AA9
:100E1000FBA4113B1809C63A97D7C53A2DB9FC3A3D
:100E20007EC22A3BD12CDD3A2094F13A2E9C233B02
:100E30001BA2DA3AD672DD3A07311D3BD427E93AD4
:100E4000005F0F3BD4D9F93A87C6053B4DFE0A3BFC
:100E500032C72E3BDB9BFE3A2D67243B74CEF03A23
:100E600063D0093B3034DD3ABBF9C93A21C5FD3ABC
:100E70006FFF273BBA1D143B7EF7EE3AC9F7083BDC
:100E8000F639C33A26853A3B1ECA0D3BA0D8403BF3
:100E90003471233B0AB2173B20B7113B29311A3B6F
:100EA000FD87103B5309093B521A0E3B42BA093BDE
:100EB000F548F43ACDD3F93A6DC5C83AC3001E3BA4
:100EC0002FE81F3B2BCC193BFCAC163B20E0203B12
:100ED0004D38F83A5E541B3B5A1CE73A17E6FF3A86
:100EE000249B263B2BACF63A5547043BBBEBC03A60
:100EF0004BD7023BA37AF13A66FAFE3A8F47F53AAE
:100F00009E56FE3AE6290F3B6D3D0A3B4C32FF3AB6
:100F10005384DE3AF841023BD831F93A9E67F63AFB
:100F2000C496B33A7411C23AF849063B24A0273B51
:100F3000AE3BF23A263A153BFB5B213B2E1AEA3ACE
:100F4000B024133B46E7FC3A34E3E43A7B1D1C3BF8
:100F5000C99D093B157F033B8F8E073B5AFC223B03
:100F6000714C033B3E46B93A4BF2E73A4AD30B3B4E
:100F7000B971D63A8114043BC82ECA3AF5881D3B94
:100F8000B84FCD3AD67F0F3B03F8FC3A5F61E03AA9
:100F9000CC75113B64EAF03A4844EB3AA29CF13A32
:100FA000677B113BAC75D03A7A0DF43A9387103BCE
:100FB00006BC2E3B7730CD3A4178CE3A0000000097
:100FC0000000000000000000000000000000000021
:100FD0000000000000000000000000000000000011
:100FE0000000000000000000000000000000000001
:100FF00000000000000000000000000000000000F1
:1010000000000000000000000000000000000000E0
:1010100000000000000000000000000000000000D0
:1010200000000000000000000000000000000000C0
:10103000000000000000000000000000BC0D0108DE
:10104000BC0F0108407A833C800000004410010876
:1010500048100108793D4C3C800000005410010804
:101060005810010802B2323C81750D3CB952EA3B7E
:101070009EC7D23B6271D83B8EDB043CBF4F363CEF
:101080001B70503C48FE683C9E6C263C4EA0193CB0
:10109000F431073CA00B083CDD411E3C4DC3043C31
:1010A0001F87133CDAFC213C50BE133CB4B5003C16
:1010B00094B2033C7CD9153C8CE3333CDB39073CD0
:1010C000434FED3B3EC11C3C6191DB3BB327463CAB
:1010D000F41FD93B3FEF133CE928F73BABA7123C89
:1010E000BFABC23BB701D03B537BF83BF2275D3C23
:1010F0009710263CD7CABB3BF86FC63B6944043CFB
:10110000A958D73B4900D33BA6C91A3CC73F163C58
:101110009BC00A3CCE1A0E3C0296F93BCB730F3CA7
:101120002FFB2E3C6DAC043C79DA463C9062103CBF
:1011300060FA163CF92B033C7671F53B9CED4E3C76
:101140005688223C1FC0363C9341E43B4D3B2A3C31
:10115000BAB5053C802C043C8C29173C05D0053CD5
:1011600065A0083C5B48163CE53E163CA947FA3BA7
:1011700037A6E53B0F7E123CC86E283CDE83C53B9C
:10118000E3F2213C510CDA3B907E4A3C59BC053CD1
:10119000A721F73B2660083CBB2D563C568DC53B2E
:1011A000686BEF3BCEBB4C3CAE4A243C1704DF3BA4
:1011B000A4F62C3C5BC3FE3B4F1D233C1010023CAD
:1011C0002FC9BD3B03B5E73BF519CC3B0B37F43BCF
:1011D000DDA6FF3BF7947F3CD84CF03B54F3F93B42
:1011E0004BCC063CF821183C66A7E13B1805F13BC7
:1011F0007F740B3CBF30FC3B75E0263C5090C83BF5
:101200009A3E0E3C3CFD0F3CFBBDE23B1938C33B14
:10121000ECDA063C5BE8C13B0DC7143CF9B5303C49
:1012200008FAD83BE656053C3A6E003C17A2353C1E
:10123000A3FB0A3C1E96E43B81F81C3C8A0ACF3B88
:101240006EF9FB3B5124EB3B16A51A3C7F9AEB3B16
:101250001809283C2365F53BF45F0C3C66B7113C4C
:101260002EAE433C00000000000000000000000023
:10127000000000000000000000000000000000006E
:10128000000000000000000000000000000000005E
:10129000000000000000000000000000000000004E
:1012A000000000000000000000000000000000003E
:1012B000000000000000000000000000000000002E
:1012C000000000000000000000000000000000001E
:1012D000000000000000000000000000000000000E
:1012E0000000000064100108641201087E94653C4F
:1012F00080000000EC120108F0120108E862053BD2
:101300002D30D43A5E4ACA3A7DB6F63AE169DC3A03
:10131000FFF5033B130E9E3A66A3C03AD819FB3A79
:10132000EBF6DB3ADAD0013B910A0A3BEC91003B49
:101330004CE4E73AFB60173B56CFBB3A343A0B3BE1
:10134000DCB3083B4C9B393BBBE0ED3AD3D1DF3AF1
:101350007DC1183B9C11E83AA08DF73A7D20D13A27
:101360002440CD3AF925D03A1516023BB7D0633B5D
:101370004B4AEF3AE38DE93A8D48DF3AD17DEC3ABA
:10138000C715003BC38DD03A3E66D43AA9810B3BCA
:101390005EF9DC3AE8BF023BEF67153B5D0EC73AEA
:1013A0004871093B9578173B2F72DD3A3C36B33ACA
:1013B0005328D43A846D713B411CF13A9626CF3ABA
:1013C000CFBBF93AEEB6BA3AEBD3EA3A88EEA13A95
:1013D000F2C2AE3A2BAD0B3B51FCBD3AFD8C123B39
:1013E0008CD6CB3A69163F3B62BF013B118D133B54
:1013F000CD04013BAB56063B0441203B75F7D93A7F
:101400002B32093BCD54B93A4ABBFE3A067BD03A5F
:10141000E5BCD93ADEA5C63AF615F73ABE330D3B20
:10142000FD0CFE3A1AA2E93A0244153BBDC2CC3A81
:101430005701E73A360A003B3375003B4182023BD5
:1014400017EFD43A85FBC13A524ABE3A30150A3BEF
:101450001DE8A83A9A22EA3A3DE9FE3A6036063B90
:10146000429D083BE25D083BDE9B003B0EC6C33A53
:10147000B6C9E93AB02B903A25E61B3B9B9B073B4C
:101480004AF0033B1F1F2D3B1692B23A6239BD3A18
:10149000E224E33A1242FF3A0F73FD3A1F14DF3A97
:1014A000FC7C0C3BC14DDE3A6BCB033B0874C53A68
:1014B000DD9DDA3A6CED093B3DAA083BDB4DFD3A78
:1014C00073C70F3BEC3EF13A4969C13AF81EDA3A6C
:1014D00073D6093B5C73D43A4F75FD3AE0C1E53AE7
:1014E000548CD03AAF100B3B935BE23A835FF43AF3
:1014F00032B4DA3A13889C3A0EDD2B3B0000000030
:1015000000000000000000000000000000000000DB
:1015100000000000000000000000000000000000CB
:1015200000000000000000000000000000000000BB
:1015300000000000000000000000000000000000AB
:10154000000000000000000000000000000000009B
:10155000000000000000000000000000000000008B
:10156000000000000000000000000000000000007B
:10157000000000000000000000000000FC12010854
:10158000FC140108A996873C80000000841501081E
:10159000881501087E94653C8000000094150108C0
:1015A00098150108AA960F3CBB8B003C9246203C44
:1015B000EB7ECF3BD8B3053C1DDBAE3B7ACE263C61
:1015C0007E4ADE3BEB6CDE3BE000223C7ED30C3CF3
:1015D0004FF6E93B194C0F3C8035F33BC5E7013C26
:1015E000C3ACD63BA069063C04C4133CD239093CC9
:1015F000B547123CCDABCD3B86C9023C57454A3C72
:10160000CBCE1F3C18AD013C4C23E73B32A2C43B80
:101610003656D23B254D1E3C2F4A0B3C3F2E0B3CF1
:10162000B5E1DF3B14F2EC3BA48B433CD2D92B3C1D
:101630007464F93B2C65B83BF903263CF062CE3B61
:10164000A6A6E43B8001EB3B9824EF3B7C82083C60
:101650001D9B1A3CD98F2F3C99E6253C6908383CE4
:1016600028F6093C2444C83B6BD2ED3BF9DACA3B6F
:101670007F9ADD3B1C09EE3BD68AAD3BCE71F13B38
:10168000B272DE3B5B89BE3B126F0E3C96DED53BF1
:1016900029B0023CAF83193C19301D3C2592FA3B1E
:1016A000128DE73B5703E23B8352DA3BC1B3C63BA3
:1016B000388A163CC77DF33B5FEC203C6339FA3B2C
:1016C00058822B3C54DC2D3CD605073C72161B3C43
:1016D000572EDE3B71F1143C1078133CECBA2E3CD3
:1016E00019520F3CB369FF3B1B090B3C7D81F03B5A
:1016F000A933493C3392E33B31DF203C490FD83BCF
:10170000A26FEF3BBF14263C107BAD3B0F21FA3B91
:10171000AB0FFA3B7D43E03B4446FB3BBBD80F3C61
:101720007BEADB3B370BCA3BE762C43B5647EA3BED
:10173000358F3F3C27F5C93BB99A183CE12EFB3B5E
:101740001307023CC8550C3C48E4153CD4EDD53B8E
:10175000E2C3183CEFE1153C9C9D053CCBB6F83B41
:101760005DEB403CA616143CCB52143C5CC92A3CB1
:1017700037E8D73B5E87393C390F2F3CC8D9383C16
:10178000DD68F53B2A342D3C102AEA3BDDCCF43BE6
:101790008CB5E23B7B62E53B5160023CC86E023C8B
:1017A000B569423C0000000000000000000000009D
:1017B0000000000000000000000000000000000029
:1017C0000000000000000000000000000000000019
:1017D0000000000000000000000000000000000009
:1017E00000000000000000000000000000000000F9
:1017F00000000000000000000000000000000000E9
:1018000000000000000000000000000000000000D8
:1018100000000000000000000000000000000000C8
:1018200000000000A4150108A417010865D19A3C26
:10183000800000002C18010830180108EF47923C86
:10184000800000003C18010840180108FF540F3CBC
:101850005D00AD3BAAC6673C3C42E83B65E24D3CBF
:10186000AB60373C824FCF3B5959D13B0000000061
:10187000000000004C1801086C1801085F25533C5B
:10188000800000007C18010880180108FBCEF53AA2
:1018900056E1EE3A72DD383BDAB1C53AC106063B95
:1018A000BCB1AD3AAE52093B8631BD3AEE73223B34
:1018B0000952DC3A31E71A3BEF330B3B3613F63A69
:1018C000C988EA3A0B5ABB3ACE9DB83A49F4113B63
:1018D0002259393B8059333B6514C13A9B7C023B0A
:1018E00085A9F63AEAB3BB3A5E22DF3A1B31CA3A1F
:1018F0000A7FA73A60A0D93AE8373E3B277DED3A08
:10190000E60EFB3AB806443B9724183B6E86DF3A56
:101910007ACF073B19AACC3AD0A1AC3A2566F33A64
:101920000493E33A6CD2B63A31CD1E3BE03C073B20
:10193000ACB4F73A0AACC53A501FDB3A325E033B0F
:101940002BD9D03AFABBD23ACE5D803A8A3D1B3BC6
:1019500034FA043B772D0F3B6AAEB93AB4C5F83A76
:101960001DEDDF3A2C6FC63A7B55E43A14511A3B11
:101970004C76AA3AB9BF0A3BE8271F3BAE5EC43A91
:1019800061D6C03AEBA4F33A62390D3B69B3C03A71
:1019900037CFBC3A84A7163B83290A3BC408DD3AFB
:1019A00054BDCD3AA974073B7090B93A167AC03A43
:1019B00025D2FE3A9C53FC3AC1F4F63AB69FAE3AB1
:1019C000BA26913A306DEA3A03E6013BFA4BD13A36
:1019D0005F88AF3A25E4BC3AEDFAED3AAE6E113BC2
:1019E000EEDCA93A72ADCF3AF8FEA93A39E5F83AF9
:1019F000BB0DE43AB59B123B0634193BC3D1AF3A59
:101A00000428FD3A1BE1CD3A7C4CC13A195BBA3A45
:101A10000D4EA43AAD41A13A2DDE253BE7B6DF3AA3
:101A200025AD013B6453BF3A69E9A33A2059EB3A2B
:101A30004C15163B3CC6023BF436F73A784DDA3A81
:101A40007AB4EC3A3968D43A79A8C23A6A50AF3AD3
:101A500084B3AC3AD264F93A6488F33A0DE3083BB4
:101A6000A438B63A5901CA3A18BDB73A2AB6E83A84
:101A700071CE103BEB55EB3AE391F73A1FE4B13AE4
:101A80006F4DCC3ADDD7DB3A9A0B013B00000000EA
:101A90000000000000000000000000000000000046
:101AA0000000000000000000000000000000000036
:101AB0000000000000000000000000000000000026
:101AC0000000000000000000000000000000000016
:101AD0000000000000000000000000000000000006
:101AE00000000000000000000000000000000000F6
:101AF00000000000000000000000000000000000E6
:101B00000000000000000000000000008C18010828
:101B10008C1A01083FCF533C80000000141B0108C1
:101B2000181B01085F25533C80000000241B01089E
:101B3000281B0108737F033C179FFA3BD29B943C00
:101B40009821093C806DFA3B8540213CC6EC083C5D
:101B50008DB7003C4C200F3CC5721B3C4D43D13B24
:101B600068A62F3CFD600A3CA490CE3BCC96D53BAA
:101B7000A928023C8B6E0A3CF487173C48D11B3CD9
:101B8000CEE8163C6A9A163CC820463C1BA4F13BA2
:101B9000CD16293CDBBD2B3C0AAF283C6301103C31
:101BA0009954B43BB003233C0FD6E33B8CD70E3C97
:101BB000E2AC243C5A8B5F3C3FE8CC3B9164BA3B9F
:101BC000B546063C452EC83BB85ADE3B6ADE0C3CA7
:101BD0003918A83BE557343C4FEE0D3C8391FA3B56
:101BE000F34C063CB106423CA3B20B3C7E4BC53BDA
:101BF0004BDDC23B5467093CC61A013C7066DA3BB8
:101C0000AC5DC33BE6D5073C9F17193CE0511F3C38
:101C10003BAD273CDD60DA3BF706223C6037DD3B1D
:101C200070AFC13B26D2D53B1773DA3B7A43053CF4
:101C3000C3E11E3CE991063C92A7F63B35CEC73B7B
:101C4000DF7F4A3CB7E3143C9731D53BECF40B3CC7
:101C50007B00313C149B093CCFF2343C07AEEB3B9C
:101C600034A4ED3BF06CFA3B794BFD3B2AC6EA3BD2
:101C7000AF07D73B6AF5DF3B8EE9103CC56D053CED
:101C8000F17C063C14C9D13BA14F643C3E5EEF3B66
:101C90006079053C8BF0E73B9FCDF83B699AF83BB8
:101CA0007BCE023CBB43363C49AFE53B7D22043C46
:101CB0009C8AF33B48ED233C875EC23BA3F0F63B96
:101CC0007B45E43B6CB8F23B73BB063C97DC3E3C87
:101CD000DF32CD3B39D8F43B15DD3D3CA5DB0B3C79
:101CE00019ABFE3B48F30D3CEE9D183C95FD193CAD
:101CF00086C2343CDFBD223C43F42B3C688AE23B85
:101D00005C010A3C0325E03BB613E13B74240A3C2A
:101D10003709193CFFE1CF3B5827033C5DFE1F3CD0
:101D200069A8F73B5E5ECA3B14690D3CB35D163C87
:101D3000DDB0203C000000000000000000000000BA
:101D40000000000000000000000000000000000093
:101D50000000000000000000000000000000000083
:101D60000000000000000000000000000000000073
:101D70000000000000000000000000000000000063
:101D80000000000000000000000000000000000053
:101D90000000000000000000000000000000000043
:101DA0000000000000000000000000000000000033
:101DB00000000000341B0108341D010833E65B3CC1
:101DC00080000000BC1D0108C01D0108CD11123BA0
:101DD000A147113B46E5F13AD430DF3A78EFD93AE2
:101DE000153EE43A65ADE63AC628D23A327BF53A7A
:101DF000CCBAFA3A2E81FD3A9EC80C3BEEA6FE3ACA
:101E0000C8E7CA3A7830013B941EF23AB29BE13AF5
:101E1000F90CB93AFBED063BC4F1FA3A4B27E83A24
:101E20006CB4EC3A32DEDA3A5C778C3A4C50FD3ADC
:101E30008AD3B53A42B3FF3A61C4EA3ACB33033BA3
:101E4000D3CECE3AA88BFA3A188BC63AAEF2B73A4E
:101E50006CB0FA3AF2DCB43AAF9CDB3A99D3BF3AB1
:101E6000360A0C3B9977DC3A8B39EA3AE676D03A77
:101E70002C2C033B8672133B5F3B053B51DC143B30
:101E8000293CC33A2A14F93A19BCC43A929BF23A53
:101E9000EBB5FD3AEDF4033B4276E23A609FCC3A73
:101EA0002234BB3A4946AD3A27D8CC3A313DBC3A08
:101EB0004A0FDD3A7E4ADF3A7A49F73AAF07E83A05
:101EC0003F5C1A3B9ED2CE3AB75EFC3A4773F93A72
:101ED0006B63A53A0020DA3A2F5FE93A529CB83A90
:101EE000A8B8FB3AB520FB3AA075F53AF2C9F43A26
:101EF0003FE9B53A01B2BA3ADAA1193B47A3FD3A34
:101F0000F305FE3AF9FD2E3B6197F93A0EC0A83A67
:101F1000AC5DD23AEF71D13A99A20F3BF10C123B72
:101F2000585E7D3A1F66E23A0394E23AE542E13AAE
:101F300045CCC73ADEC1013BE16BF63AC158E23A03
:101F400063E3F93AC128AE3A27230B3BEE1E263B4A
:101F5000530FCE3A14FEAF3A23D9F43A44AEF43AD2
:101F60009E98083B0FFEC53A672B253B6C0DE13A66
:101F7000CD98ED3A4E29FE3A776DA93A73C1393BB7
:101F8000BAAFDD3AD34CE73AF678BE3ACCC30A3B57
:101F90000687F83A6ACF003BAE81D33AAFE9E33A1D
:101FA00007CC9C3A42C3983A5520E53A6005C13ABD
:101FB0007856253BFD2AE93A5192B43A8F2FD83A08
:101FC0000B09A93AD6BEF83A89621C3B0000000012
:101FD0000000000000000000000000000000000001
:101FE00000000000000000000000000000000000F1
:101FF00000000000000000000000000000000000E1
:1020000000000000000000000000000000000000D0
:1020100000000000000000000000000000000000C0
:1020200000000000000000000000000000000000B0
:1020300000000000000000000000000000000000A0
:10204000000000000000000000000000CC1D01089E
:10205000CC1F0108F1B2E33B8000000054200108CE
:102060005820010833E65B3C800000006420010832
:102070006820010807B6D63BA833AE3B3872D53B83
:102080008581CA3BE44D283CD5E0DD3B6E2E8B3B81
:1020900022EF2E3C2DFE193C8B26C13BA194F03B38
:1020A000A6A79A3B0D5A9F3B68FE173CB3120A3C09
:1020B000D68AB03B45FAE93B6E439D3B6914FA3B37
:1020C0004E56BF3B1954183C1CA0CA3B6994C53BF3
:1020D0009B3A403C856E9C3B8D6BE13B9908023CF2
:1020E0001180173C8337CF3BAA92E13B69C5033C83
:1020F0000DB2C53B9F672A3C831DF33B12D8423C7F
:1021000032D3EA3B9F29133CC9D0993BDDC9EC3B54
:10211000620BC43BDC34E53BE1C4AC3B71F6AB3B4A
:10212000C3F3C03B9B33083C9BE20B3C5B2BBE3BA9
:10213000E361DA3B8D7AF63B4BF0BF3BD606D13BF1
:1021400091FC9B3BAD55173C5410F73B083DC33BFE
:1021500014AC4D3CCF66B03B97E46A3CCE99D53B7E
:10216000E30A093C82F3B33B30AAA83B58D1EC3BCD
:102170001ED7E03B9934543C147C463CA6D63A3CEE
:10218000A2E9F53B0A7BA43B31DDD53BB8A6483C30
:10219000ADD6E33BBED6323CFD5DC73B691AEA3B98
:1021A000517FD13B64C8013C6650233C9C75E03BA9
:1021B0009409F23B70076A3C30C5C23BDA41DE3B12
:1021C000D54CCC3BB6C0E03BA77FD13B970BB33B94
:1021D0007C11993B0641AB3BEC3BAC3BA79FDA3B08
:1021E0007A14DD3B93DCA43B6C8BC03B6DFDE13B83
:1021F0005268C53B761E1A3C7ABD003C93ED073C05
:10220000F878EA3B4789F03BADFFB63B20E1313C33
:102210005BABFE3BD711033C368BD43B07DD433C25
:102220002A63B03BE05BD53BD9DBFA3BFC75C83B8E
:102230009C1A2A3C468FD43BA96D5D3C03D1E13BFF
:102240005F68203CE0851B3C0727A93BB5FED43BDB
:10225000367FF23BB496403C2547F93B8103D63BA1
:10226000FC71C53B0CFEF23BAC16693C4514063CC8
:10227000228D003C00000000000000000000000073
:10228000000000000000000000000000000000004E
:10229000000000000000000000000000000000003E
:1022A000000000000000000000000000000000002E
:1022B000000000000000000000000000000000001E
:1022C000000000000000000000000000000000000E
:1022D00000000000000000000000000000000000FE
:1022E00000000000000000000000000000000000EE
:1022F000000000007420010874220108B8491D3C48
:1023000080000000FC22010800230108C504A33A54
:10231000CE5F513BAEE3AA3BEADA583AFDB2DE3B70
:1023200034429C3ACCE8DE3AB67B3F3B81A78A3AFE
:10233000D13AA23A7840AB3B1FFA893AAD42943A7F
:10234000A5726A3B9F02543A58F7A53ADAA3543B68
:10235000D8FE8C3A05F0A13A19944C3AB9A28B3BBD
:1023600098270A3BC527473B9A6BAF3AA201633ACD
:102370008B8A183B00FD8C3B2178EB3AEFDC783BF5
:10238000D416353B8F975C3B0BCED83B1629D83AF9
:102390009C67E23A4338493A9C41BA3A71A6AC3A52
:1023A0003922A03B336BBF3A84F6C63A9F5D8E3A22
:1023B00027A9C93AD786653A93914D3AAC22D13ACA
:1023C000AF49F83A7D7D303B3E0A4D3A6B5BC53AEA
:1023D0005CE1943A7F79B63AAE393A3BBBDC2A3BB2
:1023E0004A49C93A74F2ED3AB878823ABB16A33A30
:1023F0007FC0003BBE35873B758EDA3A621FD73A05
:10240000369C5F3A0F217E3A79BBC63A0012CC3A2D
:10241000D368AF3B60C9E83AD462B23AE7F4A43B70
:10242000ED5ADE3AB665B63A27E4293BF5EDA53A12
:10243000AEE4113CB42DBE3A80C3A73B73691F3B89
:10244000F2C0D93A80F8D13A8D64973A586EA43BDD
:1024500010D2393BF87D603B2DC81A3BA91E673A64
:1024600005530F3C7A2AB43A721E8F3A3FD39B3BF6
:10247000776AAA3A50FA8F3A6AC7A23B8471AB3A9C
:102480008016D33AB4B17A3B748F533B997C743A3B
:10249000B6636D3B2A61823A9A0E0E3BD9CE8B3BD6
:1024A0002D9E613A46AC503AD6BA913AE4CFB23A50
:1024B000D2656F3A2F86023B7CCE2F3BAE7E2A3B05
:1024C00011B96F3AE17ECC3A458DEA3A852B6C3AE8
:1024D0007282133BFE31693A4C83953B5BB4303BCF
:1024E0006CDF473B2ED9C33A4FEA763B5A99193BEA
:1024F000A6C1913ACC94F53AAA87423A5720003BBC
:102500000745A63A95FAAE3A4AC5C53ABA77A03A0F
:1025100026E91C3B4A85853A7F7A5D3B9BFD073B5C
:10252000609C883A606CCA3A79EA663A98EEC23A98
:10253000DCDEE33A83AFF03AEB54873A944DAC3AA1
:1025400012366F3AD812AB3AE10D883A53DA8F3A25
:10255000193D903A0E44A43A4CDE7B3BF653293B9E
:102560008D6A9A3AE7A11E3B6C2F153B6037953A6E
:10257000E9D8823A3AFC843BDC35853A4A346E3BF2
:10258000DF135F3B4940F93A54CBA53A063C733A16
:1025900079B3873A776F3D3B5B7E893A95572E3BFF
:1025A0005329063BDE43203BFF54CA3AC2351B3B4E
:1025B0002448A33ABCF53B3A8659E13A884F643A3D
:1025C000C8FAAF3AA715723BE394443A1EC3703A77
:1025D000D91A913AAEAD953AA9CF093B6987873AA6
:1025E000B7FB133BC59BD73ADE49453B1E30F43A57
:1025F00035F0923A5850873A181F003B048AD33A74
:102600007C8A833AB246E43A6A92043B49F5ED3A51
:102610001EAF513A92F7E63A7A76743BA3F1863AC6
:1026200064E8FD3AEAC6AA3BCF87AE3A4364213B51
:10263000AFE3023BAED35A3A14B99E3A943F783A8C
:10264000ED08823B5500363B5E6FA13BE8119B3A9B
:10265000B8B9963A4DD0623AADB4E13A0DF6113CB4
:1026600084A4963A02C2EA3AF844F63A85D56D3B1C
:102670009EFE783A4B78663A0CE66A3A799A7F3A47
:102680001EB6363B5B6B5C3AD9520C3B26FA1F3BBD
:10269000C554F43A8638FF3AA14ECF3A5106923AE1
:1026A00039D8C03A8B06243B14CA033B7B28983A9E
:1026B0001E21473B6A44563AFC831A3BED06C13A59
:1026C000D668133B0C9A153BD36E4B3A3D578D3A67
:1026D0004B47D13AE2E8BC3A8556A73A7A56B13A26
:1026E0002B6A973A26519F3A38CB023BA6E1943B9E
:1026F0006485283B34279D3A120D353B9DA1D33A82
:102700002B5AAB3A23F4073B6055823A0000000095
:1027100000000000000000000000000000000000B9
:1027200000000000000000000000000000000000A9
:102730000000000000000000000000000000000099
:102740000000000000000000000000000000000089
:102750000000000000000000000000000000000079
:102760000000000000000000000000000000000069
:102770000000000000000000000000000000000059
:102780000000000000000000000000000000000049
:102790000000000000000000000000000000000039
:1027A0000000000000000000000000000000000029
:1027B0000000000000000000000000000000000019
:1027C0000000000000000000000000000000000009
:1027D00000000000000000000000000000000000F9
:1027E00000000000000000000000000000000000E9
:1027F00000000000000000000000000000000000D9
:102800000000000000000000000000000C23010890
:102810000C2701087886043C800000001428010879
:1028200018280108B8491D3C800000002428010830
:1028300028280108328F203C20C8223C3628373C0B
:1028400060B03C3CF686393C30392E3C123A303C84
:10285000CFBA123C01BC173C5CF4133CFBA6423CD3
:10286000C826223C5DF0473CFCB7463CB339183CD7
:102870006DEB073C0725343CE15F3C3CFCBD4B3C29
:10288000077C3E3CBB4E423CA756373C3F2D4D3C5F
:102890009CC6F23BF5D5383C75874B3CFF9D443CCC
:1028A000851E433CDBC23E3C4ABD0D3CE8E4463C51
:1028B0005C4D483C1E113F3C86F4393CD5BF203C62
:1028C0002DC8263C9154353C43684B3CF6EA6B3CA2
:1028D00054DE3C3C56F0163CC5A13C3C464F3F3CC8
:1028E0001FADFF3BF52C103C45C52C3CD7464B3C5F
:1028F0007ECE2B3C8434B23B742A1E3C177F2D3C89
:102900000BA93F3CB94A403CB6E3103C29F8123CC5
:102910006F73273CD396353C9DDD433C0BD54A3C39
:102920009D024D3C7E62083CF4854C3C6EB01F3CE1
:10293000BAC0313CCF42443C8E8F393CE14D463CDD
:10294000DDA3223C8D993D3C5FE90B3CDB1E1D3C29
:102950005D6A3F3C54D01F3CFC92483C6FB61D3C26
:1029600094F4073CCC70443CB1D6273C7220323CF6
:10297000EFE20B3CEBEF393CEAC4453C39FF3D3C10
:10298000D62C2E3C272C303C0BF8383CEA042F3C4C
:10299000EF1E113CAA573D3CFB9A133CA26E3D3CF6
:1029A000207F4B3CCB48253C781E1B3CCE14353C4D
:1029B0008A9F363C5F71293C2B0A483C732D1D3C95
:1029C000B77E0F3C452E3D3C750A3E3CBC5E213C2B
:1029D00004D4313C0293F63B6A5F173C2D723E3CB7
:1029E0002A22403CD958453CDAB42E3C8DF32C3C8D
:1029F00052ED273C82AF2F3CAFCF393CA49F123C15
:102A00008582213C33641B3C21A2203CCDF2233C37
:102A1000D9202B3C69C02C3C8664283C6CF8253CB2
:102A200037A7273CDCD6423C5FC5213C021E3F3C19
:102A3000AE6A243CE537373CF4B0193C7398313C1E
:102A4000D0343C3C034A0B3CFF411F3CD4B9403CD2
:102A5000EC582D3C4E59383C3F23073C716D173CD8
:102A6000EB1F373C35B3343C5BE6333CA7A1203C3D
:102A7000D25F3C3CE15B423C6EDA323C4D9D343CE3
:102A800059FB233C3F7E4B3C7F173C3C527D483CEE
:102A900064DA0C3CA39C273C72B71E3CBD8D2C3CD9
:102AA000BE7E1B3C19F8363C6430433C66793F3CA3
:102AB00031E72E3C69EF1B3CFB81203CFD393B3C60
:102AC0009E71183C1284F43B7ACF2F3CA352163CE3
:102AD0004C543B3C4F223E3C6FD80F3C75A0183CF9
:102AE000AF3E2B3C57B8273C4E85233C08C43E3CA8
:102AF0000773213C63D6293C2275183C257A2F3C6C
:102B00007CD71D3C1CF93D3C92F3413C06E54B3C17
:102B100099DD0C3CF04A1A3CA785283CEC9F133CFD
:102B2000EDE1313CE8FC1F3C3C04303C8EE4463C8B
:102B30009A4A303CA93A063C799A2F3CF0321F3C25
:102B400074033E3C5820413CDA75463C75703F3C6E
:102B50002BFB273C697B3A3C8FBF013C01F8123CC0
:102B60001DDC273C0EB72B3C91FB493C3C7A4B3C8F
:102B7000CBC9163C7DD0343C2A86193C0E2E323C03
:102B800043794A3C125D263C74D2173CA6911D3C09
:102B9000E77B2E3C393D3C3CCCE92E3C49FB193CC3
:102BA000DDE9233C30012E3C94D3453C017C343C90
:102BB0007932353CD01CF13B4D71203C0BD7143C95
:102BC0008D35183CD989FE3BD266153C698E433C55
:102BD0004308413CEFC23B3C8237413C2285093CE3
:102BE00016570D3C26812F3CB086083C7531353C8C
:102BF000E5331B3C0936263C6A77363C4FF2E43B12
:102C000081981D3CE693193CBD13023C4AD4353CE7
:102C100095F1433C0ACA2F3C0DD8333C05F5323CB4
:102C20003459433C23592B3CB1761D3C72103A3C3D
:102C30003981383C00000000000000000000000066
:102C40000000000000000000000000000000000084
:102C50000000000000000000000000000000000074
:102C60000000000000000000000000000000000064
:102C70000000000000000000000000000000000054
:102C80000000000000000000000000000000000044
:102C90000000000000000000000000000000000034
:102CA0000000000000000000000000000000000024
:102CB0000000000000000000000000000000000014
:102CC0000000000000000000000000000000000004
:102CD00000000000000000000000000000000000F4
:102CE00000000000000000000000000000000000E4
:102CF00000000000000000000000000000000000D4
:102D000000000000000000000000000000000000C3
:102D100000000000000000000000000000000000B3
:102D200000000000000000000000000000000000A3
:102D30000000000034280108342C0108E620273C5C
:102D4000800000003C2D0108402D01084CDDEB3ACD
:102D50002427A53A5442A43AE10B053B60ECBF3A64
:102D60000D88B83AA3F8093B013BA53AA8C3D33A6A
:102D7000D258E33A0F04B03AEB35F33A4F53143BD1
:102D800064A8F93AF74DF23A7024213B15D8F23A8B
:102D90005C1F4E3BFB74DF3A5415EE3A625FE83A33
:102DA0008844F23A7316CC3A9906C93A87F0133B35
:102DB0003B2DE03AB041D83A339FDF3AAEEEF23ADB
:102DC000D9E9B83A1606AF3A254BE53AA8D5E33A21
:102DD0003A29B63A31291F3B987D713B3591033B27
:102DE000A972ED3A3223CB3A0D52D43A0097083B00
:102DF0003A13013BD9FD0D3B4703C13A6B26B33A69
:102E0000D501E63A39B2B73A00FABE3A6ADF5D3B1D
:102E10004ED6333B55B6B93A8F3E103B2614C43AD2
:102E200050FDC93A80B7A33A3ED26F3B37ECF63A31
:102E3000B127143BFEF7EB3A5229C63ACBB9023B15
:102E4000A5C39E3A88E0763B43A2053B78B0AB3AF7
:102E5000F178243B7E4AED3A9D93F33AFDDBDF3A6D
:102E6000DE3AB83AA9B5143B0544083BCBA3453B31
:102E7000184ED23A3256BE3A1F12C23AF6B41F3B2F
:102E8000B8DE1C3B777D1B3BA4A6DF3AADA8043B14
:102E9000347EF63AE346B93A5289C73AEE60123BBD
:102EA0001EDDF03A9DC8DF3A2FEE0D3B5C0FBC3AB9
:102EB0007A3A223B2551063B2695E33A11FB983A94
:102EC00076DFD23AEFC6B83A0272CA3AAEF8043B9D
:102ED000466B1E3B8AFA063B41E0E93ABFA1043B40
:102EE0004FCADA3AC215073BEF459A3A5BD2F73A36
:102EF000C1EE1E3B5F95583B9D580C3B2561BD3A8A
:102F0000B8BAD13AB098523BBA3ED43AE012F63A47
:102F10008BEEF73AD579C73AFD12A73A3526083B2A
:102F2000B190CF3A35CA263BFE52C23A74D01B3B11
:102F3000F3AC5E3B88C6163B7F76293B9BF3213B77
:102F4000329AC93A3C06EE3A625EE63A9A61173B1B
:102F50003753FE3AFCE92D3BBE71FA3A3C08783B08
:102F60009C46EC3AE8013F3BA155AE3BAB1ED43A40
:102F7000B7BC043B7EF2F33A8B03EC3A64A8303BD7
:102F8000CE4DD73A96B3D43A993FC83A55E8A43AC9
:102F9000DFD7093B0F08503B294AD63A76121A3B35
:102FA000D505E03A2C88043B775FE63A390AB13A16
:102FB000154F303BD0DDA33AF40DAF3ACBEE033BD7
:102FC000885D013BA16E103B3942DD3A687FE53AEE
:102FD00025B62A3B5A8E113B950F063BBDA42E3BCE
:102FE00058650B3BE077033B82BEF43A87D1043B44
:102FF000F0BCED3AC95BBC3A42B4FE3A8155D23AD4
:1030000044A9323BA51B083BC8E0D93A64F2B33A65
:10301000FE17E93A3AE8D53A7F4BF43A5A64D13A86
:1030200096A9EC3AB1150E3B8DB6F93A3D3AE63A1F
:10303000B842213B9964FA3A2D2FDA3A4649F33ADD
:10304000B090183B2582013B516FD03ADCA23E3B49
:103050007670D73ABEF1B43A536ABC3A8181FC3AF1
:103060002E31A53AF710E33A8D20B53A312B9D3A2F
:1030700033D0933A5428253B197FAA3A812CAF3A92
:10308000C5E5FE3AAE87C13AF926F23A773FE23A11
:10309000284A013B78D7B83ADB28C03AA6139C3AB5
:1030A0007FEAF33ABC00133B15D1C33A082F153B16
:1030B000AE20DD3A1ECCB43A8AD69E3A96350C3B09
:1030C00070F5E43AEFE0D53ABE57F63A0E8E193B6A
:1030D000D6EE203BFCCCF33A5234E83A43B7253BDA
:1030E00023CB013B44E7073B2FA7053B804FE03A4A
:1030F0000947EE3A0B03C73A19F51F3B1FB3D73AFE
:1031000038CDEB3ACF95373B51C3C73A1D75E83AF6
:103110008115D93AF9DE0D3B5699093B452BC23A48
:10312000707FB93AB5CF2F3B00A9E03AE867DC3AA7
:10313000DDF8DF3A5EB6003B3CC81A3B3017D03AA8
:10314000F0B6CC3A51F8243B43D98A3B000000004A
:10315000000000000000000000000000000000006F
:10316000000000000000000000000000000000005F
:10317000000000000000000000000000000000004F
:10318000000000000000000000000000000000003F
:10319000000000000000000000000000000000002F
:1031A000000000000000000000000000000000001F
:1031B000000000000000000000000000000000000F
:1031C00000000000000000000000000000000000FF
:1031D00000000000000000000000000000000000EF
:1031E00000000000000000000000000000000000DF
:1031F00000000000000000000000000000000000CF
:1032000000000000000000000000000000000000BE
:1032100000000000000000000000000000000000AE
:10322000000000000000000000000000000000009E
:10323000000000000000000000000000000000008E
:103240000000000000000000000000004C2D0108FC
:103250004C31010828F4833C8000000054320108FE
:1032600058320108195FC13B575AA73B1FA7D63BED
:10327000E4650D3C3337183C9F00243C4DEEB73BD2
:10328000336E0D3C7F2DC73B5749B23B88F98F3BCE
:10329000F26F9A3BC561C03BA059B53B3C67163CF9
:1032A0002299F33B00000000000000000000000035
:1032B0000000000064320108A43201085C26953C3D
:1032C00080000000BC320108C032010828F4833CB1
:1032D00080000000CC320108D0320108FCE4BB3B86
:1032E0001010D93B25D9A73B17E2E33B4B98F43BA1
:1032F000DC08AC3B9EDE7C3B748A5C3B57E0043CC4
:10330000531E2A3C049B613C0403883BFDD8A93B27
:10331000FC71473BA373A23B3AEC0E3C000000005B
:10332000000000000000000000000000DC32010886
:103330001C3301083A50973C8000000034330108E8
:10334000383301084644473BFD7AB73B765A7E3B0B
:103350009DD5A53B277ADB3BD2CA523B32F5D53B04
:10336000CE70A13B56FADE3B7311323B569CAF3B0D
:103370005548C53B3AF4913BBB6FD13B93D8663B74
:10338000D22BA73B68AA743BD6DFE43BD020513B4D
:10339000FA5D8A3B15F8B23B352C933B13557B3BCA
:1033A00006B56E3BDB9F6A3B4A0FAF3BE13AC33B3E
:1033B000BCE2D23B5F137F3B863BAF3B65E6AC3B59
:1033C000B749C03B00000000000000000000000002
:1033D00000000000000000000000000000000000ED
:1033E0000000000044330108C43301085684A43CA3
:1033F00080000000EC330108F03301083A50973C9C
:1034000080000000FC33010800340108DF7B3E3CF3
:10341000F8B0AC3B57B5C73BE974D73BBA6C843BBB
:10342000AE39603CB5D1FF3B6462B73B0359083C01
:1034300090D20D3CAF2CD43B43D7DA3BC33A1B3C74
:103440009AC3063CA3F7163C77D4073CA7E9DB3BBD
:10345000D042DE3B97EDC13BB2238E3C8202803BE3
:1034600018EE933BB1A3CB3B92E5153CEDD7FE3B69
:10347000E644C43B2DFDC73B23162D3C7747F73B65
:103480002C500A3C99E1EC3BD889DE3B000000005F
:10349000000000000000000000000000000000002C
:1034A0000000000000000000000000000C340108D3
:1034B0008C3401083AEF9C3C80000000B4340108D1
:1034C000B8340108CE95363B7E43AC3BB09A463BC0
:1034D000594A4B3B1DAD4B3B63C19B3B7E9B873B9E
:1034E0008F70973B62647F3BF9435E3B9FDA453BBD
:1034F0005BABAD3B727A573BEB644F3B4E5C803B22
:10350000EB58623B53EF493B1CFF633B76357F3BF7
:10351000F587B73BDD354A3B95B2853BDE59523BDB
:10352000AA5DB53B39005E3BD8D7C53BE8DE613BC1
:1035300007575B3B012E853BF8DE593BD3845D3B4F
:10354000A2CB593B0000000000000000000000007A
:10355000000000000000000000000000000000006B
:1035600000000000C434010844350108922E6A3C72
:10357000800000006C350108703501083AEF9C3C72
:10358000800000007C350108803501087668CC3B5E
:1035900074BC6B3B0DAD2F3C0968813B88DE5E3B04
:1035A00035FD023C1734CF3BC839C13B8F6DCA3B58
:1035B000170FD23B3E7DB03BE7ADF03B0823DC3B31
:1035C00082BABB3B84BED33B4FFC253C34C9463C4E
:1035D00091BD143C7376063CDDED143C1C6E933BB0
:1035E0007C86A33B71B9A23B4B76B83B1960953BF7
:1035F000A5BAB33BDDC5A03B875EF73BE91A0A3CA1
:103600006C7CC23B78BB2F3C8C97FB3B00000000DE
:1036100000000000000000000000000000000000AA
:103620000000000000000000000000008C350108D0
:103630000C3601084043503C80000000343601083D
:10364000383601086CC46A3B29ED893B91F0893B0F
:10365000FA839D3BDC54823B9CF1793B77DF6B3BEB
:103660005E86873B89919A3B015CA53B13CB8E3BE1
:10367000CED6653B46F4813B0E0A573B124E7F3B4C
:1036800082F68F3B0A1C883BA9DA5E3BB5FE7D3B88
:1036900042564B3B81BA7A3B6C69B63B3E43523B48
:1036A00066B26E3B103E6B3BF8ADB63B2DA8933B2C
:1036B00007807F3B5CC2573B3C815D3B84827E3B05
:1036C000E97B9F3B81D8753B053D463B26D7713B47
:1036D000D1F4B13BD401CA3B8C05863BEC26673B59
:1036E000371E7C3B6EB05C3B214D853B3CF94F3B2C
:1036F000371E9D3BFEFD893B312D443B3E7C3A3BD2
:10370000C6E2843BF885933BBF62843B93509F3B6A
:103710005610713B9A939D3BBA20713B0D62403B22
:103720003D4D9A3B23B87D3B4D666A3B278A4F3B14
:1037300082A17F3B18992A3B5CC67F3B08DD773B23
:103740009530913B000000000000000000000000E8
:103750000000000000000000000000000000000069
:103760000000000000000000000000000000000059
:103770000000000000000000000000000000000049
:10378000000000004436010844370108AD325B3CBC
:10379000800000008C370108903701084043503CFE
:1037A000800000009C370108A03701086D8FC03BE6
:1037B000E0EFCF3BC168383C0658063C10C0363CB1
:1037C00064AEC63B7E4B003C700FEE3B90F7463C30
:1037D00071E1093CD473103CF6D9C33B1ED3153CB0
:1037E0001904FB3B5A80013C202E0B3CE787023C2E
:1037F0006886CD3BA184013CA405253CE37D583C73
:103800004185CF3B8DD34C3CE0840C3C9DADBF3B10
:10381000CEEEE13B8A81EA3B0C0F0A3CB295ED3BD0
:103820000EBFF03B5463A13B812AC23B2ED41B3C0C
:10383000FEB0FF3B4C08F53B9147DE3B336F0F3C3E
:10384000A35FDD3B2F8DE43BA5AA6D3C7C469C3BF2
:10385000689B013CE7F4D13B1082DD3B2FFE0C3C22
:10386000AB1A103CC518163CBA51463C15601C3CBE
:1038700045C5E73B54FF203CE140013C1213BF3BF0
:10388000DB1EF53BEE70043C4E9E063C6B4FE93B65
:10389000428CA13B1EC1043C28F4C03B9199E23B01
:1038A0005100B73B086CEB3B668A133C00000000FC
:1038B0000000000000000000000000000000000008
:1038C00000000000000000000000000000000000F8
:1038D00000000000000000000000000000000000E8
:1038E000000000000000000000000000AC370108EC
:1038F000AC3801089D68C43D27000000F438010879
:10390000F838010818CACA3A59F0AA3A36E0FF3A1C
:103910000000000004390108103901080000803B54
:10392000800000001C39010820390108E620273CEE
:10393000800000002C3901083039010892B6DB3BC9
:10394000100000003C390108403901080500010061
:1039500034000108050008006400010805000100AA
:103960007400010805004000BC01010805000100C9
:10397000CC01010805000100DC0101080500400040
:10398000240301080500010034030108050080003C
:10399000BC05010805000100CC0501080500010077
:1039A000DC0501080500800064080108050001002D
:1039B0007408010805008000FC0A010805000100E8
:1039C0000C0B0108050001001C0B0108050080001C
:1039D000A40D010805000100B40D010805008000D8
:1039E0003C100108050001004C1001080500010011
:1039F0005C10010805008000E412010805000100C8
:103A0000F4120108050080007C1501080500010082
:103A10008C150108050001009C15010805008000B7
:103A200024180108050001003418010805000100F0
:103A30004418010805000800741801080500010079
:103A400084180108050080000C1B01080500010016
:103A50001C1B0108050001002C1B0108050080004B
:103A6000B41D010805000100C41D01080500800007
:103A70004C200108050001005C2001080500010040
:103A80006C20010805008000F422010805000100F7
:103A900004230108050000010C28010805000100AD
:103AA0001C280108050001002C2801080500000160
:103AB000342D010805000100442D01080500000116
:103AC0004C320108050001005C32010805001000BD
:103AD000B432010805000100C432010805000100EC
:103AE000D4320108050010002C3301080500010044
:103AF0003C33010805002000E43301080500010003
:103B0000F433010805000100043401080500200019
:103B1000AC34010805000100BC3401080500200098
:103B20006435010805000100743501080500010035
:103B300084350108050020002C360108050001002D
:103B40003C360108050040008437010805000100EB
:103B50009437010805000100A43701080500400062
:103B6000EC38010805000100FC38010805000300DD
:103B7000143901080500010024390108050001007D
:103B8000343901080500010044390108804E3462CF
:103B90001700000008FFFFFF401084000300000032
:103BA0008C3B01088C3B01080400000014ED00244C
:103BB0000400000058ED00240400000098ED0024EB
:103BC00004000000E0ED00240400000028EE0024C2
:103BD000800000004004840001000000D03B010888
:103BE000D03B01080400000068EE0024040000003F
:103BF000C0EE00240400000008EF00248000000054
:103C00004004840001000000FC3B0108FC3B01086B
:103C10000400000048EF002404000000A0EF00248E
:103C200004000000E8EF002480000000400484004D
:103C300001000000283C0108283C010804000000A5
:103C400028F000240400000080F00024040000009C
:103C5000C8F000248000000040048400010000003F
:103C6000543C0108543C01080400000008F1002401
:103C70000400000060F1002404000000A8F100240A
:103C8000800000004004840001000000803C010826
:103C9000803C010804000000E8F10024040000005A
:103CA00040F200240400000088F20024800000009C
:103CB0004004840001000000AC3C0108AC3C010859
:103CC00004000000C8F200240400000020F30024D7
:103CD0000400000068F30024800000004004840019
:103CE00001000000D83C0108D83C01080400000095
:103CF000A8F300240400000000F4002404000000E5
:103D000048F400248000000040048400010000000A
:103D1000043D0108043D01080400000088F400246B
:103D200004000000E0F400240400000028F5002452
:103D3000800000004004840001000000303D0108C4
:103D4000303D01080400000068F500240400000074
:103D5000C0F500240400000008F6002480000000E4
:103D600040048400010000005C3D01085C3D010846
:103D70000400000048F6002404000000A0F600241F
:103D800004000000E8F600248000000040048400E5
:103D900001000000883D0108883D01080400000082
:103DA00028F700240400000080F70024040000002D
:103DB000C8F70024800000004004840001000000D7
:103DC000B43D0108B43D01080400000008F80024D7
:103DD0000400000060F8002404000000A8F800249B
:103DE000800000004004840001000000E03D010864
:103DF000E03D010804000000E8F800240400000091
:103E000040F9002400000100A01A01240000010074
:103E1000BC1A012401000000042F00000100000072
:103E20000100000040040400000000000000000049
:103E300000000000042F000001040000000000004A
:103E4000010000002C5803000100000001000000E8
:103E500040040440000000000000000000000000DA
:103E60002C580300010400000000000000000000C6
:103E70000000000000000000000000000000000042
:103E80002E383D7F56FAD710BB28F87F776DEFE4C8
:103E9000494921278D8188DCABFCB24BCB172BA67F
:103EA0006B437F72813DE594F184F68665DEBE81C9
:103EB000E8D2513307AA4A320E8CF77FE1AC4D04A9
:103EC00008436F30167FF093643400009056000072
:103ED000A0B6FFFFFB3F0000ECC5FFFF73DBFFFF59
:103EE0002C0E0000972C00007F9BC1B549FB5E9211
:103EF00035BCCB7F6EB84B81DF63817FE71B7FF7DB
:103F0000F54C70121E5851FFF272FEF30FD52CD6ED
:103F10009A7F259C0581F95206C5DD20CA3129000A
:103F200002422B9D816EF8F3EAFD588BCEE4D9EF67
:103F300078FFFFFFF3F0FFFF3D0000005207000095
:103F400026010000A7FFFFFFCDE4FFFF6F13000075
:103F5000107FB1E0D8C43B355373D084815F2EA36A
:103F6000AD7F94F7BD9CD7F2222AFC9E997FC26F49
:103F7000DDB3B73D81D328C518D3BE7F027A0A3797
:103F80006E55819DCDB009B00AFFBEFC31217FA0E6
:103F900066E22C1981669F2864C181484BADAAAEA8
:103FA0008DAB24F78149A76BA37F1375CCD9649D92
:103FB0002049031E71A77FEE7F7E3FDC6E0E409589
:103FC0006504366033EEA181B281E9F20DE7D90DC7
:103FD00057FEFFFFF2000000AD1300004CFAFFFF98
:103FE000231A00004BF0FFFF3414000057FCFFFFC2
:103FF000C3FFFFFF58100000F80A000094FCFFFF09
:1040000063EBFFFF7EE5FFFF93FFFFFF201500003E
:10401000F8037FCB9B4A4DE68A3CF262CB584C08B2
:104020009C632DFB6C7F6EBE57A7BD7FB77F7F2A39
:1040300081F3CC938FA617B3A155C1702724E5FE59
:104040008BD03AC028B62D292397D90381850E59E4
:1040500064833681AED37F97D12FCC19A75DAB7F18
:10406000A91C2DC7C251F5945E37E746286DFCFAAE
:104070000481640D378767817FFE5D940C4D7E500F
:104080000A2306B181F76831117F0E3C3B3F7A5D10
:1040900070A9EA639450CE8F49E37FB3C2380B25F1
:1040A000E7160000340B00003CE3FFFF4F1B00004D
:1040B00080200000CDFAFFFF97D9FFFF9C2400006D
:1040C000E4F6FFFFE7F5FFFF8003000053EDFFFF7D
:1040D0001B16000082D2FFFF22E6FFFFEBD9FFFF95
:1040E0006B45C32C4AD181C0FE9B098E63CF52F42D
:1040F0006B2604E425AF6E47DA382DF05A857FDC55
:10410000E8A4EF4B24197F1C9A6FAF5FEBC9718550
:1041100042449056EFFAC160CD81BF671B7E7E940A
:10412000D2560219D1E03456B66546AA3E72CB810A
:104130003250C91E14D481EF1D6500959DB22B66C7
:1041400023090914A8F08CDE464AEE7F3202A6DB72
:10415000D177BDBBDC56BD1E3C0C077F235B921A9A
:104160007FEF057777DAEB91AC4DDF1AB3C0AEF98C
:104170009E0F56EEF12A7F47320BB43C0E6BE19452
:104180004E18811230AC76A028857C7B16EC6849ED
:10419000241014117F399EA64CA7DA083A7549B24B
:1041A000E91699C63001540DFFA0A5C2AF81DA3CD3
:1041B0003F341FC02D0B3181C53EBA231728FFDEC7
:1041C0006431815F21CE83F00AF24297AA491C6ACA
:1041D00056A881880B79D393366FF15AE84DA96EB2
:1041E000A7BD7FFC41156803348C204CE41EAD262E
:1041F00001D5C3E37FFCCFE266D004FCBE4F512360
:10420000C14677EA0DE77DAAC73C3181896EBB8440
:104210002ACFBED4D8BE812223A9B8C75E20271DCD
:1042200042C47F5247B5411042400C272CC7AA1800
:1042300005247F3730D60D9E7D75971548CF743392
:1042400081CA2EEFC74B54393B6BA16FC623013A8D
:1042500018D9B6B00E37814DAFB71908F3C143571F
:104260007F30B43015C3A6044BDE0BC2073E997AEB
:10427000C6A296E4AE03C5072F4B29DD1440AC7FE0
:1042800086451F97F422230F4FA4A8B6812438999E
:10429000E4F6F187E02A42351E65A09DE50A8135E6
:1042A0003D5D7FE4D58E68C66303B55AF60DD82F01
:1042B00095958C8169FB3B2C8860B3233EAE3441DD
:1042C000DB267628C19935BD1A65139D018DF77FD0
:1042D000E9E2CBE0E8169DB73FB0AB7F021D0BBF14
:1042E000FF100000C9E5FFFF2A020000B700000030
:1042F0004704000038080000420500001EFBFFFFD5
:1043000042FFFFFFAFFCFFFF11DFFFFFC5F4FFFF20
:10431000051A0000D3F8FFFFCDFFFFFF10F7FFFFE6
:104320004AECFFFF31F3FFFF7E130000751600001B
:1043300022DAFFFFB9D4FFFF1EEBFFFFF8100000E9
:10434000CBFAFFFF3008000098230000F40B0000B8
:104350008BE3FFFF4C0A000090F6FFFFD919000025
:104360002B683A2D812D172DF1EA31B3F3C21100DC
:10437000811DA90363EAFD6BDBA53581817FADF16A
:1043800061767081A73C2C00DDEBEE8667DAB781A1
:104390005008DC1E9698D94084763EDDF6D844E677
:1043A00043EF7FE6F77F59817F817F3078B998B8F6
:1043B0006011363D29746F21057FE0D8DE58629E7A
:1043C000DA7FB0A485E87F33641841818C137F17AE
:1043D0000E81DEFF0229601ED9BCD33E2F173FA6F7
:1043E000DD9CCE07BC9E291961F9E32200345B12E3
:1043F000C40181B65AEBBD7F814CA76572411EE3B3
:104400005D47249800E6F99CFA1CFE3781E07E3176
:10441000FABC573B70222C5CA84C810035517FDEE2
:104420007F31CDAAAC46BE2ADC242F494B2404821E
:10443000B8F8397F7766C540127BCC30BF2346EC95
:104440007CE2ECE6C0C5FF5BC33447576181532F64
:104450000698EEEE2F7F35E0D43E9BDE38373549A7
:10446000A4D0C43B5044284AB65A5CF64A17FA0214
:1044700092B3F41A7F607F0DF122EF25EF6F2C814C
:1044800081E6FFFFE6EEFFFFE2FEFFFF9E14000065
:1044900086250000C6F6FFFF91EFFFFF0FF7FFFF35
:1044A00070F9FFFFBB000000E4E8FFFF7D020000A1
:1044B0003AF2FFFFD40C00002AECFFFF2E090000A7
:1044C0002D0F0000170F00002F0D000062F5FFFFF9
:1044D0005DDFFFFF0BE9FFFFEAEFFFFFE6DEFFFF17
:1044E0006526000066E2FFFF281C000053FFFFFF67
:1044F00053FEFFFF32DDFFFFACE1FFFFE2140000DF
:10450000292E8153CF5E8F040EDBA8FBBBCCD90ACA
:10451000BBBE6B3E96C037E2C41E40B9B7DE861CF8
:10452000E2F0BD9DED3AF27F326E38BADFB8453227
:10453000A79BB7A4B81708E0DB3B9A47E2BBE53678
:1045400073A82A9497565DA0339A33B65723CE9A10
:1045500060E9840C815A4BF91B73955AA99684D251
:104560004CC3A4F46CA2224D32E1022C48E8510E57
:10457000F166CD351C09CC78B64A6943811AFD4DE8
:10458000043488EA090BAA71093AE1AC72BCC78706
:104590009DB7FA6B5875F67F5B40EA2B463ED51CFB
:1045A000F2A3F83D3A6BFA472A3232DAAFC2E94E4B
:1045B0008BB2120DEDB1FAEC08996BAEF081DFB35E
:1045C000B639DBF119004D4B09182F4F3F0D7F5ABB
:1045D00024A700E2A16AF160928894D66A1152760B
:1045E0009DD40C11C4B9EA9BF7931163AE3BA9E7C4
:1045F0002212810A602CCEA05B0ED0DF041CD4E80E
:104600009F24B9C63ECE9F85C46BF34AC83DBAF31A
:10461000DE14811224FED51EB9D390DDE6DD620AD8
:10462000C204FCB8701B6471D9C35B37CF0DE4477B
:104630007FC8DBD38FFAB0CB6A73DDE05057EDB1A2
:10464000CCF9A5AD6BBEAE114C72EFCFCA214B9920
:10465000BB100DDE1A1B251FD1C8A5507FAA4379B8
:104660006AF2E609F345EF1C4BE6643EE7A5EA5122
:10467000CA4281B6C82DC9E4511A4C6A172C17F7E3
:104680002DA043F71FCAEC49484B38F1363EEDB236
:10469000B71E21E4CD2A51267F91B3E9329623A992
:1046A000AAD32258B822AE498BD8E48A5F71B027CA
:1046B00081A182D32F6BB61A30918D757E4A0FE49B
:1046C000ACB044FF033B50F21A1B17E9DDFB523834
:1046D0007F49E75AB2F69F3400043311A8F5AFB111
:1046E0002F02CF686CB62159438AA02AC755679C10
:1046F000A345E9B86F8F2F6A1C516C7F32AAD11A7B
:104700000AE6ACF6E0B8D2C94B7B8E1A85540F523C
:104710000BC08AD1E7A12748E81C5858AA98EE7F19
:10472000F24BAAA74E2A749FC79FF9A30F2C26B558
:104730002D97B84FC73EE2508AAFB30814F0810CF2
:10474000765899490412550BA9C9F1D59F5F97D3A3
:10475000B31BEAB0FB45B0D934206343405A81F320
:10476000F433E9A3EAC2CE540BC8C4E77FF8BDE432
:10477000382547BE1B0BE443AA65D73834F72DF61E
:104780008A9455747F09C41FE12BFC68EAA834E0C1
:104790000CA41236513CBE530C6D6F1B5E317B4B2B
:1047A00002B49A60E237DDE70B7AC4FEF636EFCC4E
:1047B000AD34F51BF4CFE8F826A981C8601A44256A
:1047C0004FF85745BF1B7B54819E2836ED71170962
:1047D000E6B3CE9FBF38790D6F9EF568AE9C00C5DD
:1047E000E021E628BDACC920D8ABF908BEA8EC2E64
:1047F00016508121E70845A4601B072C161CC9DB55
:10480000DAC42A6AD20A5C7F50004F0595A1BC52D7
:10481000E9484E38E91AB88AF2C508D55429CBD4EC
:104820000539365D2126F3191C1FB753B011F895D1
:1048300039146E2746CDBC2EAFAA4E3900497FAD44
:10484000B13B61BAAB8108AFA7F95E621AA5DC1B68
:1048500020F23231093134284BA8B9452DD3D8DEA6
:104860009082066191535D9330F0CC21DDF9636E47
:104870006FF42AA4ECE66C8C7F1D085B3013DDFA24
:10488000799B4C6FC658AEC3CB35DEE33AA7A7572A
:1048900062ABEF2EDB8136B0FD2F6DE3A9A16DF980
:1048A000BB267F0BEEFE4A2690853646301BAF5561
:1048B0007F5189FD39DCF1D5EEC2334ACBAA9EBFC8
:1048C0007621EA7D9BE2818164BA9F40E6E691C849
:1048D0006F426F18212ECF88ECC72DB5F8C8BFD511
:1048E000EF285A2BDAD332DFA2C6F410B2EDC22C75
:1048F000B34ADD6DA2CE81F56A25611DF5FAE04C63
:104900003D380000211F0000921B000067D9FFFF07
:104910005AE9FFFF3C1F000046DFFFFF922C00001A
:10492000A52F00002CECFFFF920200007CE8FFFFA7
:10493000C2F9FFFF571E00002EF6FFFFC4DAFFFF8B
:10494000F40E0000DF2900009D03000031FEFFFF90
:10495000E0C2FFFFC212000044F9FFFF981A0000F6
:1049600066FFFFFF00DAFFFFDC0500008BE9FFFFB9
:10497000B6010000480A0000CF1E000089090000AF
:1049800098837F1B6E2800237F1BB0E614EB9137C2
:10499000189B1640EB81970B100E36A87F3C89B808
:1049A000A681DD7C7FBF1243673F36C8EA23FED96C
:1049B00033027FEA22BCC39D9E2C7F16326CB6BAAE
:1049C000139052FA379C051E34894A5922B2EF09D6
:1049D000BD2597810AC79EC996A11564B27F36D3BB
:1049E0008F1BC1736C19AF7FEA4399A6811D6CF8C8
:1049F000408106F27F0995A875A27B8CC8C527A5C2
:104A000081FE277D36C1A54D0B7F4931E84F3CC063
:104A100001BE9B676872788EC281ED7FA2D8C48187
:104A2000CF25E914D539081F62BD58049FD0271837
:104A300099EFB44DF52A6A8107E26625C357043021
:104A4000BEA7EF7F402A8121C6D3811FA5664B8E6A
:104A5000D1FB3617561381415398F331BFB181040E
:104A6000BD87B0305E7F1B48A314D7A0387F5D1B85
:104A7000810F2BFB786353AEDEEB17B0FE45009D34
:104A80008D8DFCC36D6FE639FF6D337FD0957F81CF
:104A900044152232B97E28C68127FFECEA8DEAC38D
:104AA0005E3B00007A28000046FEFFFF69D8FFFF4A
:104AB00011CEFFFF5EFAFFFF0010000019E2FFFFBA
:104AC0004AEEFFFFE0F3FFFF01FFFFFFD6FCFFFF11
:104AD0002415000042F7FFFF36E9FFFF380B000006
:104AE00088040000ED1300009AFAFFFF02F5FFFFB3
:104AF000C0E7FFFF12FCFFFF93100000E62A000052
:104B00007A0A0000BB1C000032E1FFFFDFFDFFFF5F
:104B1000C40800006FF7FFFF0E10000078240000AB
:104B2000EF5793F4137FFCF952D8695EA31434C293
:104B30009CB5B163F2512F56D5E4CD70E75553CCF7
:104B400083E1100246E9D28C532F7F042D4A00E402
:104B5000C5CD42CAA8CF383C912A0F221FB31756A1
:104B6000A23EDE44E5E543C6FD4DB4EF502E0E47B0
:104B7000D3D8E129FEBE147F30F6BECF4F44C10525
:104B80006CBBF61AC8F3ECC27F96FD1049F2D162F5
:104B900041E751F54E9E5910026AEA561534613CC0
:104BA0006FA6A046C45BC72DD38F84AE10CB12B3C3
:104BB0002C55410ED9C33F00374C238BB3DB81D931
:104BC0009BA61D7FA85115B4BF1AE70ADE28B011B5
:104BD000FBCBB7A355FC19E2C5BEC15828961BFDF7
:104BE0005EAE5F28C6CE0AFAE0AD06CABF91A2EE5D
:104BF0003458FEFA5F4D31288A52BD7F6854A62F83
:104C00001B40DF9B302F32E00795981E5281AC3855
:104C1000BEEC4052D7B90FF6B71ADD68D54E692FF2
:104C20001D1BCB82614413F02B7FA8423DDDCCA439
:104C300038C1114E90112A1DA0C24774A6F7B1B910
:104C40001EA77F42605F12D30E03DCA8D524206626
:104C5000F93413C0FCB5B7AED5ACC45BE750129EB7
:104C60006138A03368E732A35B7AACD0B8FCFD189A
:104C700049BA656C949F7F56CF4D0DABE5E789A986
:104C800081ED5358AE2524F7E4FD5CE8B3F713E655
:104C9000F5A7BF42FB7629E74146A4CAD32EA19BC4
:104CA000CCC68CCA7FB1B7D16DA7418CB9CD9F3628
:104CB000AEC2516FB413DAC051DFF05C2B075D3E1A
:104CC000810723CB2E3F2F9AE09A3AC6F916DAC213
:104CD0004A39A7C9F21CAA6C1841A71132BA374148
:104CE0000417449842FBA87F6DB94007F692A2A32F
:104CF000B303E307C2E0ECB83A0FFB6420ABD5E3A3
:104D00002707D531DCD2AA8104FB1CFC1BFB1CC18C
:104D1000BF0FDBCCE473ED45E9DEDC16A928FED934
:104D20000515F5C3F426B47FC3B525D8645CA10886
:104D3000B52FE5D5B7F2FAFB1AF8D247141E9E013B
:104D4000ABEF36D3BB6D3E43A5E9594DCCF76AECCA
:104D50001646AA4DDE6DD38B3E815B760E59E84434
:104D6000444537B5DDE12C35C7F19823AE7F9EBAB7
:104D7000F9B0FEE8E1C8AD43C21A32AE41C6C7572A
:104D8000E6110752A4A1E99835E7C01F36817539AD
:104D90001F572036BCB3EF8E3B64B45CD2DFB6F550
:104DA0008F7A5F470EE36806ADE348F6D6B9B904DB
:104DB000A55660CB813CA1B3F6C26E36F03CC01E56
:104DC000BCF79BE01F3296DF1434A7DBC7AEC8EDFB
:104DD000AA70379724607F0A4AD415135940F5B258
:104DE00001D3290194A81B014BE0A9CA1D3DCF178F
:104DF00057F454B68B984E9AC63E58D560819C3D68
:104E0000EECD65FDD67F5A78AE1B6926B2A7DEF2DD
:104E1000D1C8E4A7FBC77865964949F05729F94BF3
:104E2000DFEF34DE0D2634F9E2797921FFFC182614
:104E3000877FA597DABF9EC3E06270DDD413A4BF5D
:104E4000CD13B2F6E604D71B7FE31FFE3EFECEBDB8
:104E5000F2534D2F1B1348C5CA0152EB3BDEE7E46A
:104E6000746A5729F549E742E0302FF5D73CBA304C
:104E70007FC92F34112F85FE34EE6138F2A8152238
:104E800048E03B0908A4D72CD2DAFBBFE57FF23D0E
:104E900011259B0A73D1EC59F283E717DDC99F3DB9
:104EA000CEAB1FDECCE6FF9681ABCDB969F5DFF95D
:104EB000C43BFE636348A53C5329EB03D2D0944A1C
:104EC000C80C428495DEAB6D33F1B5A4B634DCBBBF
:104ED000C737D2272C81D9E10CBA423AC237C6BFB4
:104EE000A903B3335C4E4FF107FE9FB820B6B81646
:104EF0004908120B4F7F4AFFFB94D02D3E7024EAE5
:104F000051FBB50FE7FC4B7FE13D2658C744C5D0A8
:104F100019D42BD2F94502A0DC0FD829FFE6F0D135
:104F20001541C96500FC04AC9A28E21224ABCFB24B
:104F3000A906B794AF4981D6A3F51890E3702F6402
:104F40007FBBF70E4FA520662E5ED700E8D6C6D6EB
:104F500051202F85B82EB48E3EBF4B0F6426225EA3
:104F6000331D3BB6F613E381F0B6D98FDFFD5E9DAE
:104F7000AE26EA0B6C85BE4E602D88ABBE9CDDA2D2
:104F8000D745CDF1E4550E2200BBE70138C27FF9C9
:104F900033C9DCFF272E44DEAD2D4210C4170AD7DB
:104FA00058CCBF3718EF48D5071925DC8192D32A92
:104FB000F32DBF92F7C1EF8A0A02C8E9B530112874
:104FC0001D6C2095B04D15AF421638E0E0E37FE54B
:104FD000985E3DAB2AB907050154381C2F3F1E844B
:104FE000B5A4934C310DB416E09FAB0D77B661D7E5
:104FF000ACC5813C3FAD48518C4ED5666015E7EBA2
:10500000BD2B9CD6AAFF3203C136EC0FD3A6C9E64E
:10501000D4C10410954C3BCC24C50AEB028144F268
:105020000EAE0EF453D60B64598CFE18415031B8B5
:10503000FB341D3450F1B92DE07F5BA8EEBB089C1A
:105040005D4448CF1CFE5714AEF6AB57BE6681FBDD
:10505000F5FFFADDFCC229854503C83DF3B2D8DF70
:10506000CF729A7F34E742B864B566F99D1E4E0947
:105070007C6DD5CD6F394BDD922592842B3AD42DA2
:1050800075275EE0BB7F5626E664F3100AE1B90798
:10509000DBE2186CA132CED42C48ABF22C10E766C0
:1050A000026F0759245EC3308148272DE0E59C43F9
:1050B00002C2F20A4B2DBCCCA77A1E55077652BD10
:1050C000DD103E7389DBCCE4814783546695C3854C
:1050D000ADFB7AA311476D551B9213CC7F471E4938
:1050E0001031FA49C407D381C2A9DE970F36AA2B23
:1050F000E244FB43BF06DF16C9A6B9A366A8B350B6
:10510000492DFC3BF4404312A0B68113EBE1EC0DBA
:10511000AAF9F6B8B5B91C47CFF6ACCE2C09219147
:10512000C25E1CE27FAEDE623C95629012DD04C07E
:1051300090E1C9022EBA03C1E9E6AAC57C014BADD4
:105140002EDBC73910A3AA6606FBF9CCAC4975C2A1
:105150004944D0DFF0566ACCD87F1BF2F44119FDE8
:10516000B67F4CB63BBC01A057D10BBDA70FAF20FB
:105170005A4EEEB6D8239E18B3374D151AD8498823
:10518000C00DD4A29808272A1BAE7FF8196DD7BE90
:10519000B242E42B0F6C5B876C4B992A238D2A0E4D
:1051A0001C01BF06112400EB1ADBD04325147F5DE0
:1051B00012BC04F235F82DF3C94A53D0FE97178E6E
:1051C000702E478B5CFA2FF86A932511A6DDBBEC95
:1051D000107FF23763DB680637D89C10BCC92E2DD0
:1051E000BA0D815B5C6DF6286E79654C9DD91E30D9
:1051F000C5C4B4C904391AC920D8051E0789D9E322
:10520000613C13AFAE5D343DBAB7ECE1CDCF90A6B3
:10521000D1EDFBF509B42D819608390437CB37530E
:1052200060474116FDB0C97FCDEF442DB44CD45733
:10523000166CB7E5A34B27B119F8F0004FCDAB06BC
:10524000338160E80E26DF06CD75F10BC197482A41
:10525000C493899AE7F94939645E0F3A735142ADB4
:10526000CA4B117D284DBC2AADA53B0CE193834868
:10527000A1C6D346F67FC4C1EBC2BCB6E21A2D9BD1
:10528000DDE4CE101FA56863F33A1CA054BA9763FF
:10529000A4547DE864290CB3B7D20CA02E81F5C0CC
:1052A000F3B4C2035A548E5F3348EC38ED7AAD3311
:1052B000FD7FCF6A0FE6BB7F58C79FAE25A5124B77
:1052C00084DB11E90F0E3CAA1F0B2F061F4E4B1B50
:1052D00045ADFB24387FF8DDC6BCD3F6FA00155087
:1052E00060FBD04F5F29E8F16E8EB61BFA982C73E5
:1052F0009D227F4F3747C92AD4A9D737644609145E
:10530000294BEE79522EFD1F0CD4D028A7184553F7
:10531000B0554440078D6153321FBCEE7F8A28DFB1
:1053200002E4FFFF7F0C00007EF5FFFFA1BEFFFF40
:105330009F200000343700006FEBFFFF7106000074
:10534000EC120000000A0000ADFCFFFF6626000022
:10535000FD2C000082180000B7260000B6280000CF
:10536000061A00002DDFFFFFF61D0000061C0000DE
:10537000180F0000771000006026000076D5FFFFB0
:1053800050110000D3F2FFFFFDB3FFFF7EFDFFFFD2
:10539000C42700004F420000D5E2FFFF06FBFFFFDD
:1053A0004A31000093E6FFFF214B00007EEEFFFF35
:1053B000C03100000BF0FFFF930F0000C14600005A
:1053C00014D7FFFFDA16000011D5FFFF41D7FFFF0A
:1053D0006CD3FFFFA3FAFFFFFE370000E7240000B5
:1053E0001A1E000035D4FFFF071C00007B090000D7
:1053F00057EFFFFF40E6FFFF84F7FFFF4427000061
:10540000F0E0FFFF56F0FFFF3D280000EE0900002E
:105410000FDBFFFFF40300000FC5FFFF19BDFFFF07
:1054200094A2819881BC34BCE20346A3F73EC3300A
:1054300067F6077F8176FBACCD7FDA7FA657AEDBC0
:10544000C4B9F43E25945FA61D8F7F5DD08D2B5B84
:10545000220AEBE11AB5D47F51CD43988140F7BDC4
:1054600081BD1ABA1881B9441FCAB6814E17F0DD42
:10547000E4181276FC55FE51291418124C6281630F
:10548000813173810B417F197F3F4AE31910E37F1C
:10549000069A1A7F0100EFB3758143D51D4A5CC09F
:1054A0002F52DC1482AC75C2EEEEE9D2BF6B19014B
:1054B000BB4D3EF51C58B1EB5FD25E184EF9095753
:1054C00027C13A1EC182CF08777F228AA0FC6D18BF
:1054D000818AC22690034219AC9CB003B6E597DAE4
:1054E000614BB4262B395767FE5D0EA0140F17458C
:1054F000949B81BEE381E10D5E5C00CAA1086A7FD6
:10550000FBF121B1F00733F67BAAD57BDCF6574CD3
:10551000E37FF11E4F7F073109377381207FFF241E
:10552000E27F240CE8D3EAA9E4BFE521D8816269CF
:1055300086DA84C1E23FC5009A23812681D87D594D
:105540006A2B81B70A7FB218A807057F1E7F2C043B
:10555000C0E916155F2F2E42B7C0E5812D6A81D9AB
:10556000296E1BADE468C9A07FEBCA6C18A62B7F1F
:10557000001BF930A4B9F97F0D31DDEDA5813C2385
:10558000C850CFED0EA8A829A2571D5FCA747F1876
:10559000D04367BC810C5C8B54AF7F20347E2CE6FB
:1055A00061845481296C7FC4F8C5A1132C0593F83C
:1055B000D3CD62C029147FD19621333BBD47B507B7
:1055C0000581888E33521DC30223AADA494705A5F7
:1055D000B1EB0B8DD0F37F5F812F14AD481CD33F0F
:1055E000BB5F4DEDE12A33AA132A435D817B7FE245
:1055F000E5817E1CFA51494B81E6D5CFC1186E0377
:10560000609E870656629CE4BB02A8261A05DAF85B
:105610000C3381B29EC9AAC5B96BF48A4484B5D152
:1056200053D0FDF3305B5081C6818148AF5BEC0005
:105630008149E41AE5990FFB9C0E95B1EFC316BCA6
:10564000B6B7B3BB7FD22681F3E6FFCD81EC4540F0
:1056500047D8ECA3B4B4232B41591EF5191D167F6E
:10566000250300001EEFFFFFF6F9FFFF681300009F
:10567000530E0000C0030000BEE8FFFF0921000038
:1056800081FCFFFF1F110000F31800003F0D000018
:10569000330D0000A0F9FFFF96F0FFFFCDE1FFFF03
:1056A000B22B0000BF130000FD020000B7F8FFFF9F
:1056B000EC12000044EEFFFF76FEFFFFE0F4FFFF78
:1056C00020170000EBE4FFFFA715000009F8FFFF1B
:1056D000FD27000011FCFFFFB6F1FFFF0CDAFFFF12
:1056E000B703000073130000691B000013230000C0
:1056F0005BE9FFFF83FAFFFF8BFEFFFFCA0A000092
:1057000025F4FFFF43F4FFFFAEF5FFFF7FE6FFFF49
:105710006409000079E8FFFFB8DEFFFFC7E9FFFF7B
:10572000E6130000A9070000650200000702000060
:105730001F0A000085020000D3EDFFFFB5F6FFFF52
:105740002FFFFFFF55050000FDE6FFFFAB2E000019
:10575000D0FBFFFFFFD3FFFF3A110000D10800008C
:10576000287FDF231D70B25AD226D8E3C3AB5B3546
:10577000BFDAAA4F11EED2AEA092BEADD7506916D5
:105780006BF8B7F327824242BF1834D1E6ADD9C8CF
:10579000C4155F4C04B7B6AC2F4937F32307C2E7F3
:1057A000FF4613902A6B18251C1BCC0A038E2E1063
:1057B000091BDBF1B84019E26AC760B8D666EB5244
:1057C000BF6D1206692343F23EED254A08FF5FBA1A
:1057D000812AB4A6541754626C34CF657BACB1D81F
:1057E000F444FC9D6D263C63E2AE387A6AA2F34F26
:1057F00037D19458EFF11E59C43BB46716231FD913
:10580000F04F7B71BC4E5EADDC047DF64EBB69F89B
:10581000ED4044A05D8D7F24A505C56BD73524E4FC
:1058200090132319AC976DEE0A8E868CF9F108055A
:1058300059F8710056B02E0B5D0132E764BBF727B3
:10584000C79FF993F67F0D0327A9B4CC4E97AD619E
:105850002C6E099BA10861132E40CA4DB809B96E80
:10586000E2B671A8665209D16101BF1FF1E9A5C86E
:10587000FCCC5910DFEBE527C1B0CF42FFF07485B7
:105880005ED43B8D129F2312B3C9CB294A60FC53CF
:1058900052A72E81419039D0573DABE406FD54F913
:1058A000B6ED08F5D36934F7A7A7D389F7D634EF57
:1058B000317FD9655A27E558E4920DFFA34DCF41BA
:1058C0008368CD04ACEE22EFFCB7E0BB82B7F255A3
:1058D00039B7ED0784575F8404222BCD585B5926D6
:1058E000F0BE371CF706C6A52220FCDB18F66B3A83
:1058F000C83F51F43831A4FB5063581F3E4A04217D
:10590000D998D5E77FC3C6131ABDD329F3B558DE9E
:105910003D60DDE401B0C419E39DE35829D73C5450
:105920004A5C6DA3F45DD8A0C2AC3500BB0E866E98
:105930006AEEEBD8ABDCAE1CFFEFB3E6CFC445A1FB
:10594000C2A0C5BC28B3A7FA0401318141145AEEA4
:10595000C047075819CEFF222123564B163709C7D7
:10596000C91C58C3FE612C300AEE3794222148E24C
:1059700053E456158EC9E10F76BF4254C4DF16BDFD
:105980008ED8AB7F45E78AB9D69414BB59F1981BE2
:10599000F262A9AEDD5E729B09E6D1F7D6795D1C95
:1059A0003F330B1BF2005CE846922AC39C2A9AD331
:1059B00023A6B4C04E3642C3424453C6375F644B3D
:1059C000190368F2B33BBAF60694FD32627FBBDE80
:1059D00042F052473FFCA74A4FCA001CA0F0CB1B25
:1059E000BA2F132D0B64224F2632C8309836D16F50
:1059F0003D613F3D6641EC300CAEF245C75866E66E
:105A000063F0E90E3081D656EFC6D2D9021C4A089F
:105A1000D53536D3D132CF89DBD54ED02A6BB460A1
:105A200088D33FC85A2D6D91C81978B746E6D51C62
:105A3000494528239E4EFDC3332118257FEC0D6474
:105A4000E80ED69FF6CDFEC1372A23A25686E5B6CC
:105A5000F814BD1FF74B1B24E73F5B5B9098592957
:105A6000C53B860218C74670890DBCD0054601D0DB
:105A70000C535BAFAFC64637EA60B0541FC18549CF
:105A8000815D3022E6BA9A590C3FAC442533A20717
:105A900015D6C5570119043134E3191B0A5C24B328
:105AA0000D246A504ECED6E7A03AB40551CE5766C3
:105AB000BEAC6950164EE4B2F565E63B04303DA13C
:105AC00024EE9605B11F5D045AB2FBFEA1011481BC
:105AD00087649F3BE641FE0AB41B159CF76437655B
:105AE000C69B7FBF4841FAF235F4D0D49ED2DEA4E3
:105AF0005943AAAA511C633FF4F74C2D1EE02658C7
:105B0000D54C5F1D181009EF0C21BF540CD063EB6E
:105B10009C3DAD0F45332CC0E11C833997C910253E
:105B200002D6312C919B21DB2F4A95A2E35181496A
:105B3000B10164FDCBF8B18EE3A06128DC3BD2D586
:105B4000E1FFE306ECAAE147A532019F88AF435885
:105B5000514AFE3D36D057161AB2AA4F11B6E72168
:105B6000A81C1E066A62BF6A1EBB1C175436F320AF
:105B700068FA0404123B4503C9EC730FB3C247E350
:105B80003C50883A3F34AEFB9E4CC05E5AFFB67123
:105B900048ABEDA52F4C8DC0211A7FA1D05789AA03
:105BA00048A1D921C3C4694652489A8799EAC709CE
:105BB0000516A0E3C10D719A5A25F1C6644D6D0218
:105BC00012ACDA7C09B58824D62DD04DED26F8B676
:105BD000D7BCA47FEA347FEB3E46B847E76669DB73
:105BE00061C27189851EF73E32B32C924D04A4D850
:105BF000AE4EC950F1CDD9A694D5CEE603F50A2F05
:105C0000F8D02EDF3398A5FDDB33BDCC457EEB9578
:105C1000D127427FFDD5835D9D4381EDDFDD2FA040
:105C20001416B2A9C35AC94AC5CA18E1E70BF2A5AE
:105C30009EFF6AC4B39D2DB3C18D43D03BC22443A4
:105C4000A7ADC8FB0AF817062738C82E14071A8113
:105C50006E28C436D8E2D340516FE358343BD87A2B
:105C6000B8A6F45156E9E6AF45B462D813D7BCB62E
:105C7000B520D4CE3823A2132DCEB74C1EABE8C42A
:105C8000FFCCBB6D7F0D0757B64E94F4FA4C419292
:105C9000E5F33789A13087614F4C133409B315FD03
:105CA0002B1D58728810D0CA068F67C8B3EB623CB0
:105CB000CA00A61A1A1036E20FA65901DD39810270
:105CC000B7A3B948064E27C5A0A1269812A43C50F8
:105CD000640DBB99292CAF2DB9942DADBC7DD65048
:105CE000E9255CEEC16A4AAADBB1D12A45B2FB21A3
:105CF0004D12C3FBF6FB8DC62E2FC03F489B9F194C
:105D00001B292FEBA34733E5CDE91DB2EF02EF1AB4
:105D1000D9444D2773F26F33C50C4A46CF7F02102A
:105D2000CCDA24281BDCEB35F84FDBE13BD33E1506
:105D3000373D0FB5AE23A9AE0321B8BE81E3D3ED45
:105D4000DCCBE8C6C4F0C7BB0B11CD45C8F1C6A675
:105D5000C313F424ED242503B92B07E4431FD136E4
:105D6000B4414468C24B0DD1B4EA9627952623E985
:105D7000CAF5ADC3EDE657090247BC7322A1D4E4CE
:105D8000ED3AEFE68155465EE8C2FBF90BF96A276A
:105D90009C4ACDA91F52C1C3F7D73B5EEB06183E04
:105DA000F56B0C28F7DC4C31E694C9D2321FB9D719
:105DB000DB16E1B20B19D5F7D2BC72D4DB07DD00DC
:105DC000C4E500DBF96D16AFCDEF0BAF20D63BF38A
:105DD000C7283236AF7F1AE3F13F46875F53A602EA
:105DE000E3810D44EF4E23F63FED3DFA05E45CEE12
:105DF000BC0AECE115CFD255E7C10B9AF4CC963E24
:105E00001FE6351F108E02DFAA3190EF3AB61D1F34
:105E100008FAFBB9A1CABA07E8FA39FCA9C2FF3CE3
:105E2000E502BADBB78FB116399D27D7E065D6C832
:105E3000AA4ECC54C71AD937C6A6EF83ECD3B7976E
:105E4000F49B3FAD9F2C4A2157B729F9F045C8B4C0
:105E5000C6472733E497248189D8BC4FAD4C5DE811
:105E60009DB36F4B52EA0F830A9CFFD9A6C5C4AA03
:105E7000C33E18B64426BD294B16D84EA5D09C81EA
:105E800093F390FFEFC9041ED389F3E3246B8DBA1B
:105E9000B47B21A2A12C0301F4274B4E210D54E722
:105EA0002D0C2AF2C4FADEC424F4A8EA3C482400EB
:105EB000384CE4D2A898BEF73A41130804D743ED12
:105EC000FB7FDBC6275821DC311B14AD481DEB19C5
:105ED0001A16FF1B643EE3F43C37F9AACC41F59651
:105EE000555E5C18D7A8FE18FD359FC69DB46E811F
:105EF0006FC1BA2834DC14E600DB12E06215FCDC6A
:105F0000DC1E56643730CB269ACFC126AFE69F0DF4
:105F10000F4B0E3692ECEBD4E51418C99734C5C379
:105F2000C6671DB5C1DA81DF54A735DDA1FE564332
:105F3000E722190557463F362F331F4C924C9AF4EF
:105F4000E25F97DCA88F1414370533ECDACDA7583D
:105F50002640ABD4AEA350310DF5060650B0E1F0AB
:105F6000C3E422591AA44C1716B021B531DAFE1831
:105F70003E88F5669A52D424AE0B17B0FFEEECFFC4
:105F800027C6303A7B10DBF636A2FD432FB71E231F
:105F9000EE8A1AABD6FED30B17AF5FE7F86E7FFC25
:105FA000B8BD570D504EF403CA193A4C35680DDC94
:105FB000C6932FEC3C20E9D54D5AF43312213C3DD9
:105FC0005F6FE7EA816AE546F95345ABFF156AE979
:105FD000C8D048F37A44F2B158FCF4D987E8E51305
:105FE000A8F406ADA998A0F384A48F440A6424A35E
:105FF000FA335ED72F05BC291D2498EE273B1DA23E
:106000006109312E4B72B19E723BDB994E651AE4E9
:10601000641306292081517637B01632FFF5F3F765
:10602000B6FAFCD4C240DDD2AC5642F6FAA2E6186B
:106030009C602D2C872A21E0C010D9DDE52D263F5C
:10604000B509BE4CD0F54C9E92D94D27B5E330B37F
:10605000E34D088134A5F5C0554B126B26EE086858
:10606000A6EFF99864DAD5D94528B4AA08D5F4D1B1
:10607000D62947C55A5ACC1C92ED02B827811B2459
:10608000DA02D127563F8E24EABCE65E37A3830DA1
:10609000D863BDBAF8ED10F00A1E22522ED35BBAB7
:1060A000B4DFAF234ACEE334AF3842BA4B1B05020C
:1060B000F6251816D984DFE9B2EDA8FBE6A40B8E0D
:1060C000A659EB8AE34FCC9AD35C6ACB6AA0438192
:1060D0006DEAED1EF92F4E3FF20702C988A5175948
:1060E0002F2FBAC288BBE5DD0D31468A98131A46B8
:1060F00093BA8AEFFA34D8E377E33BD24B5DCE20F4
:10610000CA58456A515CCF44730A7F6504AF9D0F3E
:10611000293610A608EE46DAA9749EAC8A416E6153
:106120003FB55D11A9C1956976D3D0C81BD0A891A0
:1061300036C6EB1639D5C9FB31BCB60EE71BAB47EB
:10614000B55D7C37EA86F7D0DA9C735481D5ED17BC
:10615000401938CB07FBC8F92C971D46BB1CD654F9
:1061600061FECB3F043304EB269639493F55D07E80
:10617000AFDE5ED5BFDCBF3C2825FFEA073A62E907
:1061800029FA3B3F4D0E0621C39810C6374D6720B4
:10619000F4C4108C3D88B6983C81533E4537104C72
:1061A0002D9827BF492ACF15FF13D5F3B7E337162C
:1061B0004CEC2B81BE15492C0112D525D62A04EDB5
:1061C000B9A4BD5D3AD73AB60341CBE5F23EA83B50
:1061D00015973294274CC02F6098D254F4E3CD0326
:1061E0003132C1F713F64B36EF280FF3E4123AE6DB
:1061F000634848A738C3E9A040CFF042EBDC631AFC
:10620000EF3DADA8C77FC1B4AFF54230F300F5F55F
:10621000011FC0030D224BAFE905E43653F547E2F9
:10622000391EFBDFC349255D25EF8CDC21C53A7F94
:10623000F88FE3D629D832C3D7AAAA2C9C8AD1DA00
:10624000F7DD51E4C74962AE709EAC27BA582D6A9B
:1062500056B4E916FBC8A9FCE88A4E1A3864586C93
:10626000C86F65B7BF43E8971805A7C91275BBB7D4
:106270000B63BF21B6B08B1825CE112903520FEE48
:106280008A097113DAA039D64000DC1170D0533975
:10629000DF39D5C9D0BA7F75A0AA3C3091DA4F5A00
:1062A000E6BD2A20C09AA299065F0CD70FB67D15CD
:1062B0000EB1E3F717F4D3AEA881CDB147D4CC74B7
:1062C00062923B32BC70F0DAC5BFB6BC180125BB88
:1062D00017E5FECFB158B371921619BC57D5FE3EE3
:1062E000E11315C1B93FDA62A8B4FF6EABBFE65A3D
:1062F0001737B86B9ADE4015AA7D84C1293BF83D5B
:106300002E60C7A5CDA4EFE5744EE5F36CFB25BB6D
:106310004F3B2C240066A4E15607F8377FAB3F685B
:1063200078F7FA676798ACE2EB54E88B3F010E759B
:106330000FC097EAA22D04EA4487476217567FBD33
:10634000E0D113638806330958DCE58BCB706E40CF
:1063500001C641512655D612E89DCDBAE1AD56563B
:1063600093E68E341561062A48F854922C603A144C
:10637000401F23C3DE06CFD8382B8DE6C7B895D98A
:10638000DF3E1159DF633BF838A51B4EEC13C8C73D
:10639000B72230FFBD16D4D7D24E81FC0FF2169033
:1063A000A0D7B1C1C186FDD7EBE788C5610ED3A7E1
:1063B0000940E69FC73911EA3BDFB019BB683CAB27
:1063C0004CCEBE20F2E461B6B07307242EEAD92881
:1063D000F1A506ABE7E14EBBF7D5C2CA58810E3F27
:1063E00002B655A6CDF32B2BEC6ABBA8DFDEEB2C57
:1063F000BC0CD3E7E9A9C2A7273C819DB9B60CC460
:1064000003AC4E4EE4B92DFFE4D3132DBD26E24478
:10641000C9DD34EC5EF761F309EF58FB024107C1B7
:106420002BE40962E9F7C362FDD91AC14CEC6EE6B0
:10643000F6D60712D8FD8EC58A439D064BB724B801
:106440001B000D82A907CA258B351EFB2314E0F023
:10645000D22A3E43C37F54671F559DED03215DF64D
:106460001D55E0A33F5B0C4CE20C336632A3115C7C
:10647000576FE613885E506A7F916E97C1FA6EA0DF
:106480000A23DB74B001ECD06B8BA2046E49E8F8F0
:10649000E04FA5E3C46DA4C49CA23050055C4C93AE
:1064A0004BAB0362D87F35D6C4AE0D6B42FEB7B29C
:1064B000591F3F5B1604F2F1F9646663DB025BA7C8
:1064C000D6F45EE8D747C7E43FF32006157FDFCD5B
:1064D00033A53048FE9B9E8AFCE340E9D0C83A29A8
:1064E000D6F2BECFA5EB415BA29B584C17A51A7400
:1064F000FEA91927E5414FDB4DA463AFB022B612C8
:10650000C51C5B15CABC4B53ABFEFC1F5E18206A52
:10651000F08142243796FEDEC95845BB48E2AC0004
:10652000451A42533F2064E43EE3BEF11F51A5CD1E
:10653000E5CB0499C4FA4AC91B67B9106B14F64D30
:1065400061F24E8659EE81DC17F4AE204418884C77
:106550002645A6B54CE9A367CF65EC84A70F556E19
:106560001BC7AF2B2250BF10330C172B4CB9CDAB30
:10657000C022B5C0ADFCE3C8D5C5F91E145BA17F30
:10658000A01CCBDCE10E44F024CE27D6DBB9C867D3
:106590001323DF2B0926A865D4F33CAB4DCEF1C8FD
:1065A0003519F2D16178C71759F9A936359CC23E21
:1065B000BFE05791EFDBA42B9D8E375175FB2C0C60
:1065C000774E7F52C2C9B348185451B8B839B1D3C5
:1065D0003F9AC648BFBC89C064D14C01E0080F4354
:1065E000F8661972F542EA1DC0DAC12A13D381D6C2
:1065F0005143C731ADB4012F6F0FD38AE6AEF6C851
:106600001D9542CB431A0B2A173DA298AA555A371B
:106610002F954C0FF193480F9B9A236460534718B2
:1066200057184238D995FB08E59CBD11E4C6EDD555
:10663000F514ABC54B9EFDD8C86EAC9C5A6D3C0C96
:1066400023149D3BE66BCB353371A34EF7D5B64D86
:106650003A9E360AC381CD2A265F8B57EC8C59456A
:10666000FDA9CD5055F29416FFA26741585981E11A
:10667000321A1AB8FCA5DCE9C521DB5009B2A6B470
:10668000D6FE98289434031DF03C1AF813021B4CD4
:1066900057E0BF600528AED84A09C8B3B7A539038B
:1066A00031EB561EBD3E64B5BE584136B7CE6FBD08
:1066B000DD95F80F65E3BF191158ED4BD1973B54A9
:1066C000A2B418F0D57F2A9C94A6542B50CAFA5530
:1066D0004DDAF2A3FA572492C7541F9AEE475CE6AC
:1066E000C814FF3719AF745590FBDD6A5A28F9C1F9
:1066F000D495C9D8C117CC4DAD94DB413B1D161DB7
:1067000068F1DA0501FCCABA70A7563F39F0CC939C
:106710007FF245DBBB3B1CD7444DF968B22D0576B3
:10672000C9F80817A4C3AE1E111AE0D831B929DB85
:1067300051DE7FBF189C5136C34D4C1AC3B0E7FFE2
:10674000615ED1052F1BF4F8F506C8B51FF52218B8
:10675000EF98A12B38C3069F253E42A2DCF0D8E07B
:10676000E4250000789DFFFF1A7EFFFF5F0A00000E
:10677000DD140000D01100007FD7FFFF6B33000055
:10678000DA0400007EC2FFFF0FA2FFFFC3E0FFFF9D
:10679000BEF3FFFFC8D5FFFF39EBFFFF4B510000F1
:1067A000DDC1FFFF8EF3FFFF75680000C41A000013
:1067B00078320000AC2F000011CEFFFF895300009B
:1067C000A50900007F110000675500002890000017
:1067D000446800002AE1FFFF011E000028120000AB
:1067E00063F6FFFFB8A6FFFF9FEEFFFF2C2500001A
:1067F000103A00002054000026E2FFFF3933000069
:10680000D2BBFFFF941F0000C1D8FFFF8BFFFFFF2B
:10681000EE0100006751000089CAFFFF4EE0FFFF54
:10682000C4190000CE790000AE400000CDFEFFFF8D
:1068300067C5FFFF28D5FFFFC1F3FFFF16DAFFFF93
:106840001B3C000094ECFFFF53F5FFFF031E00000C
:10685000113F00003FEAFFFF2AE4FFFF552400003C
:106860007FE476C8CCD2C97F13FD50BA04EFA0E410
:10687000069CDDE9383DD21EB4E00B0ACE00CC8187
:10688000EE0C70894102D0E4570A4B69752AF10673
:1068900028C2CC39550B6048565FFDA3F6AD811177
:1068A000FA5218D7815A43079348779D2E7F431693
:1068B00075A16545B65EBB6D077F3C123675E64A2D
:1068C0007FDB7FEF20EF525136DC6103C3340B4195
:1068D0009281813EE1D52C3A7FF083B0DC8B1C8124
:1068E00089B9F9F31053142DB846773E3EE0812064
:1068F000C3B95D993B05B9AC5949281FEC7F0EFF20
:106900007F180DD4428170E44BE481EBD3308128B1
:106910004FCAF479FDCC067FBCCFC03A160E01EC0D
:106920001C50F000352C811E81F525636968F758ED
:10693000CC5A00D03198CF8EC97A47054075811660
:106940000337D4F30015548134F6E4F17F9ABF8AFB
:10695000A4FC06D8D176C8BEFB817FA462D2EF38F2
:10696000BDBFCD16E17FE00BEB812F797F56BEEAEC
:1069700007817D24F781C31E704A1250E12165CD45
:10698000AF2F203022D17FBC2D49F05E1281AC5256
:1069900081C76E3F6D7F81CE525A7181C87F8EA8AC
:1069A000CCB855CF001EE55F1D233E90EF9FD1E28E
:1069B000F3245887DC29E9007C87387F14A5102F41
:1069C00009B6877F70C15B00FA241E12DF9A154E4C
:1069D0008DFB70075EFB1C91341945C7FB972FB2E6
:1069E000F1F133DBC2F085639EB7E47F4B78207F03
:1069F000F5DCD1F2453D81D5C8095DDB81A9F5D62D
:106A0000903B97567F435FC581D639D999E04D3089
:106A100007F8273057F6ACA2F3CD97F27F241798EA
:106A2000C1817F8184D8A63537447FF21F211C5B4A
:106A3000B95381817FBD115B7F05554A022F4D21DE
:106A40009B7F2C5C6613D953C97F11A44B24C8814A
:106A5000F70F46817FC15A2FFC4F52117A77DA9F88
:106A6000FF1CFEA20040C84CC03C1FD1E2B8AA18CF
:106A700081288D2054C76481BBBE7F3313AD94B091
:106A8000403FE81C012B5FD60055E381C5D5FE2EA3
:106A9000D6FE3D2C3B09B49267C05D33EF14AA9833
:106AA000C400000004100000BAE6FFFF7A220000D4
:106AB0003C250000FCDBFFFF9E2A000060C4FFFFB6
:106AC000C92500000C000000AAC5FFFFE9F6FFFF82
:106AD00085CBFFFF5BDEFFFF8411000056DFFFFF69
:106AE00043FCFFFF102100007EF0FFFF4911000072
:106AF000BDE2FFFF16060000822A0000E1F4FFFF5E
:106B000025F1FFFF5DEAFFFF4BD9FFFFFDE5FFFF2A
:106B1000DEFEFFFF31EAFFFFE50E0000B10A0000D4
:106B2000661200005DE7FFFFBDF4FFFF96FFFFFF69
:106B3000FACFFFFFD20A0000B5C0FFFF9422000089
:106B400085DFFFFFA3F0FFFFF0EEFFFF54EEFFFF36
:106B50007BE7FFFFB20D00005A1F0000D2F4FFFFD9
:106B600069320000D82600005DEAFFFF5BEBFFFF03
:106B700014DDFFFF6EF5FFFFF60C0000D2F0FFFF03
:106B8000B9D6FFFF0D02000061E7FFFF773F00006D
:106B9000ADF3FFFF1E0D00000A2600004136000085
:106BA0002B9837B92F3EA7530D0EBDB60C2D94B7B9
:106BB000FA57C111E17397A37F1D491875DC37CED1
:106BC000E538884AF4AAFD557FA4E89DE6C835A8B3
:106BD000E71C0CBE715459E73763E415ADC9DEE319
:106BE000030F34A59CF8C60791C3A02A45C50234FB
:106BF000832314E964279D5E5561DC9D5644BE9F46
:106C00006CC228C1C4E9E4448E313D342AEAE2DF93
:106C1000EFFFD239897F5BFBB7F4A73718A85CC2B6
:106C20004606C8B708D9FD5F017604D9522B4E2518
:106C300032CDD63F189FADB3FDE8DB1E6D2FF3C0FC
:106C400085435868F3E7D8D5317FD2BEAAB093DA2E
:106C50002DE0645E22B5C73B581941C268A743A125
:106C6000279F3B5BC619ABCE6FFF47F19EC308342D
:106C70003DEE087295C01AC737EE4C4CEAA9CCC855
:106C800048C0308104E8D4C49819EB582B34D2E6BC
:106C9000C247032BE024D10ACE20A5E84EC2D42A55
:106CA000FC40B7F4993F3992E2D98143D2922588CA
:106CB0003E0514AC50F4D036D0ECFBC05C44055813
:106CC000700ECBCBC1CCDB1F669832CA19C5E09FD2
:106CD000E0BAD19B06B413AA26AD4770FBE229BBEC
:106CE000FDBC662AE1E9BBF955B10948BF2DB92BB6
:106CF00004E2CF3EF3B1D559E273F567537F23D356
:106D00005FCDB37D14409140E4AF4E2EB94970136E
:106D100057532E285E50B269564BC9C0AF9A2E58B1
:106D2000FE4FDFEB7240B8AA0B9FAEF12BE8685420
:106D3000D0E3AB40BED8B79A2AE4E91450FB5FD841
:106D40003D4681C96DD377304A06D8AB854BCBE63B
:106D5000AFBBC1D53454CCFFF6012E7860FCFA0AE3
:106D60008FA3EABC0AE103B8184E81346740E03CC7
:106D7000B642102E9B9EF82CF1ECD6D451DD0CF8C7
:106D8000B1063A299216BE05AE2BAEE2ECA43DE761
:106D90009D0EA8023B6ABBAAEDA206F602AB11B398
:106DA000CCCE0354B06E73103EA401EA9EC9B185E7
:106DB0003E60D97FE2621C56FEEF2833CA90F60689
:106DC00011A4BAC1061F17DCE36A93D0ECB11347D4
:106DD000E719635DC1383AE4BC434ADEA010CF092D
:106DE0004065055D3FCDAC054BD12201D17F6D855E
:106DF0000FEE03E9DCE39B9EED5BA5489E6DEDFB8A
:106E0000DE089CBF51D070AF55FAEFA80010D91121
:106E1000C15EBC5629291A6E67A2AEFBD75023C8A3
:106E20004B882A1832F066FA0263143A0BC2DEF479
:106E300057F0542C81ED31BA6FC029052454F88BDA
:106E400054AD5C6E18B2145BE1CDA7AF583745DD89
:106E5000A80EC70AEDDFE2D111FD405E4FFB06C56B
:106E600010450CC0BB5CB4C22E59F06CCBF7D18F6F
:106E70003417E3FDB4F3EDECBDDC6556F9BA8FB21F
:106E8000D7A4EC424B5423CBE06BF2334BF754C501
:106E9000C1CF2E1ED78119975DB9390242A5EA1DCF
:106EA000520536E0E92AB5DD7FDBAD3C29E91ACA97
:106EB00097A6F119D1A93EEC229E28B4BFDF69FF45
:106EC000CC072F18DC3B03CCE7E4FD966766F2DACB
:106ED000D7AF4915971EE8F249E8A19E3930352809
:106EE00012FBCA66C3183B24D3377347B14DFF3337
:106EF0007215D8ED0AD8EE356C5115D133B0AE22EB
:106F000068B1CC563228BC9B3581CFCBCCADECEBF5
:106F1000051E6745BA13C0F38FFE11345D2B03D6EF
:106F2000E9160050A8235A72F0B6A8CF13063B10FA
:106F3000D09BDA27AC1E7FC4AA325E56C07D5B4C64
:106F4000D5E9054D836371F69E4F931DB06D02B870
:106F5000E32612A13DFDDC5D4716180A59859451C0
:106F6000F3C7C666430EA74E0ECF55BE1AF9BEE054
:106F7000E1B317A581F440A62E89AC31333D3263CD
:106F8000AD2F5DCE4A02C6ED01409AD421DBB30697
:106F90005BE8AA0E20D4C11BE05C1BF1E8B9BF324C
:106FA000344A4AFB346D7F38474A10AFBF203D5505
:106FB0000FDB20B1AA0DF7F71A2BBE48F911CAC78B
:106FC000C76216ABAE514D3DF7D4BFC80015C643DE
:106FD000F2D018E10BB36153DE49493152E3EB1BA8
:106FE0009581EE18FAF28AD009EE029183D4F4C3A7
:106FF000C43D718C55B5B0E2AA2D66F4F56D24221E
:10700000E03F3F8DABAC1A4D3345A0BB06F1ACEF72
:10701000E190BEA8BA38FF50440F5ACBEDDFC0F95B
:107020002FC7AC13E77738BC3BCA502735F4EB0DBC
:10703000FCD2C0F0E1393CE9750BF813E6AFB3D5EB
:107040007F18BCC9F907333AF133EDFF2AC0A148D4
:10705000E8BCF50742A9F7E0D0ECEE5FE7FE11FAD5
:10706000D8B6AFA5CC4BA647DC4381F47843CEB26B
:10707000C217FE13660EAD37870C6CF3ACCBC53070
:1070800017AD56CB4A1B38FA8765DC05944D9C3703
:10709000340FB2C255D50154D3CBB20D54E156B81A
:1070A000540C3760A8F7D1F0DB38A0363D4EBD1444
:1070B000C455166B0E28A2F927239C2608CC131A58
:1070C000B4619CDB81C6FCFA47F744E8A662115321
:1070D0001D0319A2DE6704C01F20BA08DBEE9E6103
:1070E000C55000306504171704AACA08B1E5D9577E
:1070F000DBE02FED51FA5632C8AFF13927FCDD172E
:10710000DE1E2E1C55523503DF3B47D70EB01D182F
:10711000C081AB54EFB6010A552ECAB6E3C2F2F3F2
:1071200086D5D16049951A30D1BDC7DE000F251034
:10713000F210B8E23F4AAA022D4ABC240C73507FD9
:1071400057C3436EDF61B0C6D4E51704EAEA222CC8
:10715000B540A8613AEAFEE097E3C7E8A64C5A704A
:10716000DFA0BA35512EB17FA5EEFA6DF2E0B00383
:1071700004C9E592222FBD0E5567C24245D72E6E37
:1071800023BEA4670CEFE430EDBF6763CF07B14ABD
:10719000114256B4431D392B8C79F81AD01691112F
:1071A0002A0CD4F23CB35330CFEB46E95A10AFD897
:1071B000BE7FC9A7F342BB3FC33402EE094811D0DA
:1071C0001856841E324018EBFF1B1A1555569DBCED
:1071D00037DF91D7001C06C71A0CCD1EC3D05C60E8
:1071E0009A2BFED72EC3D85DA60999C7F4FFB8C65F
:1071F000A94124FC1FA2890636DFF42E6847081532
:10720000A5F65969E715BB1919C270B13B4FB2CB4E
:10721000095D2C35F0D20447C30D7F0C4DA7043017
:10722000FDEF985155B9FC4DE716B0F2E2E0C67F8C
:107230000F22E59FE5AF15AF53E15F55AF30A73F94
:107240000E3305045B55BE09A2A9C55BAA8961ABD3
:107250006A36BC4934B9A9CC5EC827180ACF07F3EF
:10726000B61241067F6CF3BC56580DF59FDAB8C1D3
:10727000DC0D131DD41AB20FF62191522E0411C643
:10728000D92BF257E2D3D5E300BD813DEEBCDA1431
:10729000A4455D5B4A29130A9F0401F2F922CBED54
:1072A00061C9EC21DAAF3248C44BA0FBBAB9C1DFE7
:1072B000D1A91002A3D71AAACDC3E7572FFF793956
:1072C000C8B63CBD07ED124326504CB399F6DC4AD4
:1072D000C916DAC781CF303FF65CAA23BA2A2261E9
:1072E000DBE75D8B1C652E5FD255FE3404ACC2100B
:1072F000C51523E465137FE85DF2F607B191538E5F
:1073000061331A420C14DA654E78BB6AE0B3ADC241
:10731000FF25754FF2EF6E38BE0A711991B853020E
:107320006523E2040BC7474ADE2BF7D0DE0FAD1E04
:10733000D822EAFD50F436BB5B1F7F21E3B2CCDDDF
:1073400036D13321120ED719CEEBCFD4EBC6DA2DBE
:107350001E162CB10442FDFD4BE5EA07EAE1E70504
:1073600056136271A9281E59B8182A44CD25EBCCB2
:10737000208AB33FDCCB5401F071CE9124D4B4D633
:10738000BC42E90CD2DA1BE67F0954F901B8BF25EB
:10739000BAD0A8EAAE9A374AF2C3106F01285D400E
:1073A0009B2C1769F707FCCBC8EDFD2261C8F36081
:1073B0008655C95011F330532C308E5249662EF643
:1073C0002A7681975C292F6528FD2C88E28CEA17A4
:1073D0008D939EAEB7D251F0CD8A0DFA36020B5086
:1073E000A014D6150B3F1624CC217B1A8304DDD6BE
:1073F000C6F4B427409CCA02EB1DA20A4817A95341
:1074000081E84212A8628F0617D442B8EADDA609C5
:107410005136B6D130EDEE1DFD4D6A4CBC5393CFC5
:1074200029423816C422E95C0C0953B45B8837FB47
:10743000D25806E3CED0C54F946CC8C0CDD5BF7B23
:107440007327321BA547AD9260F12F9D51ACC6E763
:10745000352C6CCF6B0B7F30F8EA65E14FA1B52B73
:1074600047E7BC4A3C4B2955ABBFF96CEC20EE5AC0
:107470003A960F003E0CDFBDDFDE08BFA4DE97A604
:107480000A3EFB3BC419375732A3E0055125F4B837
:10749000B4F937FE5B81ECBC0C043D276EE5983BEC
:1074A000D90BFCFA416CC32EC7B0A1145E04DC0AF0
:1074B0001581EB2308F11EE6C3E8BEADF3D010073B
:1074C0002C1498A7D0CC0E11C2FE0851F3EB222445
:1074D0003719B0A3F10C0C690F23274BEB11621085
:1074E000309F62212ED34D4EEF4BD1CE9BE42482B0
:1074F000CBB4AD292E42B1E7692BD6784D6133BEAE
:10750000C93A9A5FB9E75622CB267F54433262E1EB
:107510000FA90D7638E4194ECC1321704056405710
:1075200048F3C91713146B4430B22110EFCEDF2A91
:1075300012474484B43386D9197DEF7F0B39BA9B47
:107540000F69FF43CBB159C667C29FFAA231C16030
:107550001376B2D265FF3A5B3FF84DD6530D60CA41
:10756000E8F505514507321D5FD5AE28D0509E265F
:10757000B55A1E6C44D59C503C43BA092361411C4A
:10758000DCCC14FA8E27F558EE15139BD82FA6E302
:10759000D4EDD416A37F0A3F701064F9B7F618BC77
:1075A00046AE31E99049EE30F5FE45CC392529311A
:1075B000EBE25BA3461B5ED05BD59ACFDFB1D81B55
:1075C0006D3F46C707342BCF7FEDB656E1D8053166
:1075D000CE33D92C9EEAE02B2CCD31A63DC15314DD
:1075E00038AED93731ADE840F8ED42CC1BE6B73CB8
:1075F000DB00B43A4045103227AC247F5E6EBE0EED
:107600003E2B315DBDFAE92ABBB40E1F6498F4E14C
:10761000F754E41D393ED428D8EEF540E2BD47B01A
:1076200055E0B6B9813605F62FB124A04729D045DB
:107630001245EC3013CD3EAA0AC16587C8CDF004CF
:1076400024060443160B99B36EF4F654C416250EA3
:1076500014BAA19A5EC1DBAF4D386C079862414FF6
:10766000EEB74BE0CC454D935A26B6430652A69A48
:10767000CBDF3BFE10F2E700D7E2390BC42E53C03C
:10768000D0B005F7D408C6F20449E20FCFB53616DC
:10769000C5EE56483B00187311A9292881EF33C85D
:1076A00043C9A7F1F2C9BCB02435D6F6AD27EE0028
:1076B0003BAE5BE0B1F5F33D3E90970230ABF69FF9
:1076C0008B22181BDA4B33BC2843B6A8D09E2D570B
:1076D000BEEF7FABDC39BD2164FB525B96232A4FA2
:1076E0006C23259852D1FC45434669FCAC68FB7E6F
:1076F00041037026160AC3681874D33AD0A053BF4A
:107700007F27D0C223E55A4BE7D0ACB92C2B6D2C88
:107710006AA617129F23FB5C3EAB9AD86E390F0CFA
:107720002AAE7F0C2276BB6CCD1AC85EDB2E456A72
:10773000D1B984FBADFB6F46A7412B1A518E9B221A
:107740006032A74417D6A0635E083E6D8B9D2ED491
:107750003F12DFD4F4A7723DF06B167A734010E845
:10776000DA31226A81B9E86E16BF7E4C5956C3FBE6
:10777000574F5245D104FE27C90CB3E90EB5EAC6EE
:107780002DAF159C8F10B1D7A14B649644CA57D129
:1077900045A826B24C23AC31DF66B8A8214A49502F
:1077A000B2A7C0FDC4063EF7D55888BC4AE63FFEE6
:1077B00045B3FF613424939F2B70DE201E56FCF4EA
:1077C000F6511E59EA37EDD8048112D068BE691B04
:1077D00094066E4ABAB215AF82D2FB33BD5CF21783
:1077E0005E5D962EA6E34C5DACFE2ED8F26BCB43CD
:1077F000E6F893F8814DC6BEE1AB533E1DBECE7296
:107800001EC8E3EBE616A7BB501DACA0D2E2E0AC6D
:10781000C27AF1D8FD23C0519BED3F5FAF5F1ECF11
:10782000EBF8630C160BF60C00F9072104BF04AF4C
:1078300039F0CF014EA54ACA033B0D28A4EC2DD444
:10784000C3FEACF10A09B82D31C2E8CAB6A3512370
:10785000EC417FE1035DB458F7D6F935FB50FFE901
:10786000F9CB11540DEBED0FC6AB8153C3462C0081
:1078700036F306B950000AE6955D192FC8ABECC285
:10788000151797F3C8541C58A066C2B6B0B9582053
:1078900053F2A80A3840F939F2B2993C3202B55194
:1078A0005B5B39F328F639EEE2FF6BDE41182830D6
:1078B000E911FAE2E1BC20623679FFF1F1BB2FA5B4
:1078C0005216810CFE30A202E23BAC91D1AE3AD10D
:1078D000C01CFD46DCCE6BC8B45196B65D4E0DC2E1
:1078E00033BC215D1BA3B7F2CBEE9F2DCEC62C146B
:1078F000DFDBCF2918FF5130D61B41F44FFA051CAE
:1079000081AD02BD2047BFD7B1DA3B44EE0103FE93
:1079100019DC2AB602EC13ACEF0AEE35310D0FC9B3
:1079200065F08FB56742BA452853E121347FA04BFB
:107930000A0F0660B5382326BBE5B74BD5C447B45C
:10794000A17A6045AAF366E0CCE0AC904954E42407
:1079500045FDF7D202D8ABBDBF53C214A6437C0E7F
:10796000B417DEBE3BBDC3B13F0D814EC4285136B6
:10797000E3D1FCBAD3FD45F553CDF42C2ADF4953AE
:10798000391EA94144EEC8A231ABC6D6273FAD523D
:10799000DBEED100C355C0D8EA000432D1E7122D86
:1079A0007FBECB61354627BA473E013413D0C0EDC8
:1079B00044B3FF4124B1D8441712D433F94CBE1656
:1079C0001D0DD404DD35FBE24323F40718A1D35782
:1079D00007632310E2D125D11A0EFF19ECCEE3671D
:1079E000BD4CF1DC06D4CFEEA6B9F7F3930457E013
:1079F0003DB244084E08F70E5572E973AA44B147E8
:107A000054EB7F0C4DB532FCC1E934B1402816145B
:107A10005345D8DDCA1A08A4BD3442BF3C6F1E0AC4
:107A2000EB9DEF07FC0F6CA832B10B208C91EFDBC4
:107A300031CA44F5192B8FA3455B81122AEBD75A23
:107A4000F171A8E606ACCE72722F0C110DFDE8BEE6
:107A5000C6533B245016CBD749FF64D0E2159A4851
:107A6000403A9408D4A409B2618F074C415760A5ED
:107A70008C8BC94F3CAB10DFE44A55E3CBEE2EA90B
:107A8000D2891BC45EAB52B7EA42F221C920F4A2EC
:107A9000CDC38C57EEEE4BDA73D81881F7D2C4BD44
:107AA00051E164CCBA012961AA227C1481CF99B733
:107AB0004063E6398E5F3741253581F8D1A6C9305C
:107AC000082229A6F3DA276B00C2241A215601DA0C
:107AD000DDD91E41171534242BC5AC2212BFCAF5BF
:107AE000C8F9D3ECD1CD3F36D9FB16A533ACFEFC9B
:107AF000F609021CCAB916FF36A445D024F732C0D5
:107B000040F906C7D60230C1D599FB501337F0E5CE
:107B1000F8B3AF3DCC22A3CBC6C13A7F162028AB29
:107B2000FC374C0D301018AAFC3593C9F1C549A299
:107B3000ACCECB0A7181EFEA26124956353E1BE6E0
:107B4000A9FD4D1657C1D3EF1D53E31BD3BA0EFE4B
:107B5000ECCFA729CC1CEE14B91C1C06D53427E1A8
:107B6000E6194608D0F4D048EDFE4DD715EDF2F8F1
:107B7000C22CAFF838F2CA4EDFD181BD11411AB71D
:107B8000C9E4A2F20405D10854AFF8F438DF00F7D5
:107B90001B0EDBF2129EA1C9B74E5CB4ACBAE02B4F
:107BA0000ECAB83B630B5698E45106BFF3F5E3EEFB
:107BB0002DCABBAACBE6226EA43909D5530923FAF4
:107BC0007FAA3A967B53D0C2EC69FA28615AEF44F7
:107BD000D7CACE6235AC45AC3730749A4AFDA7D3CC
:107BE0004ED22FFFEC383E881F28861284BC246EAC
:107BF0003F7B0048325E51251087F1F0C3182EB14B
:107C0000310AEB876ED92215A4F8970C74064F5DE4
:107C1000039BCF023CCD9E28E9B20C81E85E69F857
:107C20000ED4B9AA5BF3D2F4DFE45AEFE901F512FE
:107C300031D219E10C33D8F34B4CE1CB0EFFE7E81E
:107C40003FC4B0F03FD7E5CF1CBDD40AEA47C60F0A
:107C5000C408D41DCBEC08B215EA8154FBC73D3CE7
:107C6000BF450D5B5E4F93AAD30BAA0CD5CC19155B
:107C7000DEF47FF2D23C42CF0D0137404F11CDD719
:107C8000CBAE0ACE5F06B222F630021307B0C00EAA
:107C9000541FEB37FA5609DF66B65D12F543CBD0B9
:107CA0002FE0B4A33AB43676DE921E77D43F36196D
:107CB0000A3335D5ED5FFC5B4C24815FD4B0D458DA
:107CC000F5F815F00B11756572ACE8D656BEE0F804
:107CD0009869EA7F487224067731483048489C54B6
:107CE000CFE3C2EC389D45B7B3190AFCB6F14F5843
:107CF0001EF6FE20F63C07CC1D406713C2083CC5AB
:107D0000C1E1654EC1219821C3E0C329C1DCE1EA8C
:107D100002E355A8088194B81AD52EFB5FBB65EE27
:107D20009071AB3ECA1F4EC3E52F57A465C1E94E03
:107D30004B34D076D5A93CE081E2A73AC2D530DFFA
:107D40003EC1CF1F550870ACE8539FD65061BEF3BB
:107D500040B760BF945DAE47E832F2AE841D312279
:107D6000C61036E0A378A423D5C01DD34AE4DEA90B
:107D7000D6702E30D5EFDD327139A137111DF0D616
:107D8000027FEB3CAE03104D68E9270ACB488736EB
:107D9000993633063701C81FA4B22DA41F569F156C
:107DA000891633C434E59CB031EDDC6661514C4D2D
:107DB0009C696204F362BC3DB74C15B59B61A5E5B7
:107DC000A73BA4683AA8C120F09021E5DF3E26FA3F
:107DD00055737FA04775D5EBDC400B1705B39A2090
:107DE0003BB813ECC011BD345BF77F57260D1B1455
:107DF00053AD4005A4D230264A19BCD9C209C5F6F4
:107E0000D81CC3043CB7311916A536FC1CB85AD08F
:107E10000DF0D3DEF00B5CE615CA65F955DAB6C095
:107E2000BBA2B4BB4845C1EB3EFDB36047B60318E7
:107E3000F2DDCEEF2AFAC62F2181DF44FEAF366C89
:107E40001DAC28492251DAFE221B0A315AADA4F892
:107E5000F71ACC29F150C6470BC1052BBB0A56E1D6
:107E6000E80070BEEF6CACD59E113853265D21C280
:107E7000C7BAD05629A8C5EC4470213C316516C15B
:107E8000BC243C43BE0143F1E4DA47382DD0AF3780
:107E90004225316B7FD410B302B8C606D9E056290B
:107EA000F1E42CF3E450D31E1340483562EBD4596F
:107EB000F99810EEA40FDEA81640E4FC0FB8BB1A28
:107EC0004E76FE51E437B4CE0508FBAFC4BE43186E
:107ED00031541E71CD819B0E71A3D629E18AE98AA6
:107EE000EF1DDEE33FC43F4ACBDC04F427D519087D
:107EF0007F5DE40EBC0CF8BA1052603E43A8A61D8C
:107F0000D797093DDEE65A04DDC1F93EB848C752AD
:107F10000AB4DACD40DB3399C5FF3EE9AAF19BF301
:107F200090C0DF07D5FB062EB119DE303E39DDC823
:107F300025FA353C2E2CCADC16E081F013E8C8097E
:107F40004A461A601817B7BA3AE70A45F3BFC3D9C9
:107F50002BBA3BCB4738C0AFA723F340F813FB3015
:107F600030DB7981CABCF157C3B6EFE6C228C285BF
:107F700059ADF209ADC5E6C5EB310BC6262A5F6ED9
:107F8000EC3B645EA4F7F109E2B8BDAE096C641D78
:107F90008319A8E925462B2D38C66A5230DF8FE6B3
:107FA000A06B7F2BABD0C6F96B6C0DBF58ED08DD15
:107FB000616BA20C52A55DDE464849544FBCF0BB34
:107FC00068B66CCA635801EB1AF09AB0D3AA96153A
:107FD00056D610F4DDD5E3CA5A218853E71A3FF686
:107FE0001ED35A063D201DB745DEEE1152D80BC2F6
:107FF000207855F5EB2823DFBBB9AF0A811AB9E326
:10800000C09FD0D3DBE91604C33AFFEFBBF0096091
:10801000C24DF4771EC26B9BC1B2A6894B3DE135C0
:108020001924161CF9C124D828CEC3E1D99CB8095B
:1080300019FB0527C9DE40B431CB7FC7EA05F12023
:10804000D80A432BE4C5F3281D06A6DBE3F6F2F7B6
:108050005BE34905019806154C3BA3AC3428533724
:10806000C80FE5E022EB3CCB10C65DF20C49DC4BBF
:10807000C6B712008B36B72224448141F10CD30BD2
:1080800015321FA7B139C2C4D9D828A835FBA6C755
:10809000F709B019360D6FC1B700DAA62CB4122259
:1080A000D4D1EB489DCB76DF68D199174346322D6A
:1080B0004B2F53CA24FFC7C7FC31151CD65A5F3A51
:1080C00026C17FBBB0341542563275574619FD455F
:1080D00012983FA1D4012CB4F2FD2D5CB6687595C1
:1080E0003899F4A8FFD607B1DA9FBDD4ACE3E9B55F
:1080F000EA427FAD12B3A48BB241E672F40D0D10CB
:10810000910A49BCFFE951B7F2388F274F29444EF5
:108110001B1048092CF24623FAE6285E54BC58B3DB
:10812000C89444EA81CDA255A8E7A0D9481EF4FA24
:1081300092E4DCB9F36D30CCD9F6BDB342444625A8
:108140004C423B0BDD51584862C7C7C820A927D213
:10815000C049EC30345D1B2AB2F578C12DE378CCF0
:10816000AD2E3A0F3A28D0CC67D6F314F0FE481063
:108170002281FD4CA0FB06ECEB8ED3DDEB0919EA66
:10818000DC65CA02F4F1353917CF18C13F13CF03AC
:1081900005F4F4DC067002D9020FF9DDE2144A3668
:1081A000D51DFD1F9B09B4411B317A27D7FCEB0677
:1081B00014E25F09AA37D582407A8E0E2E37232625
:1081C000E60035FCD065C1B8FF1C17C6420A721E16
:1081D0000B408EDB3ECA03E1F84AD481B9BEDFC64C
:1081E00057DCACF45FCFE4B5CFBBB72D2FC1AAD419
:1081F000F15AB135C13237655F9F0BAF1AE943F4CD
:1082000006E1D727BB05A93EDC07D533BFAF2B1B43
:108210000BC4C1AC288AEBFAAEDEDAD0D3CC8138FD
:10822000D19FF3C4957CE1412DE47FA8892024F3FC
:108230001D3EB5FB09C7490B2150F8B0FA3404EFD5
:10824000134A139F33D5BC2DB13B5BCBDC2AFAC458
:10825000CF1AA59B0D2656A4A5A4F20BA92D16BADC
:108260001E04A31CFBA8B215046F13CCC6D619B10B
:10827000ED8A1121AEF1C313F9ECAEAB059D62732B
:10828000DDC8236D6865B0416DD83A44ADB2A1AB8D
:10829000BED646F0AFCA96A2C1F36A58C97F0B3D5D
:1082A000BFFE99F9FFD82321C24E0331E3B2450541
:1082B000AF553841349D65FBF5D935A0449521F97A
:1082C0004CB43C903140F221B9D043A6360A5460F8
:1082D0005B5EA1EBD481ECE74790982860070648E5
:1082E000E8FB27C35C52D705B64E4096CA79DAC57B
:1082F000DCCC4C51471ECFE32244E15E254D25E303
:1083000021583613F90CF1CD3A2CA9B4501DC736BB
:1083100064442CC74D392538811FF536B5EDD8B7E3
:10832000C9BF00F1CF20EF3ABE01B94D57343EDD51
:10833000092402E147DD3417A9280401B631F53DCF
:1083400003FECDED1E19BCC5A62A0ADB14E82CAF2E
:108350006A26B6DAF8C3D608407F216E3B24D4B330
:10836000FABB01FF23EE697DCB455017212E264C29
:10837000213FB951DC06DB2DD0C213E4D9D24B74B6
:10838000D9E07F51F9E10AF064DE6636AFD43E5A97
:1083900035191436F8FE0AA1D6C2E21406F4514586
:1083A0007D081D54AFD3465F2BCE5481B917390CCD
:1083B000C1C2EFFEE8A55030DB09F7C8BA27261581
:1083C000BA5B4A8DD75BE1B23FC1065C2D40DCC38E
:1083D000528AB93D17BB4911D254C4403716E9B986
:1083E00039D1A2C1DC311E33B401F21725C96507AA
:1083F0004998E86D3FEA1AE13F3527C9FBFDC6D031
:108400005E78009C180BF8A03EDDBF3B9918D53E66
:10841000C81CBBFE81A36EEC3FFB05C8339FC9CAD5
:10842000F8C2F922C5A90FE53404E9CFD1F2B5426B
:10843000226B5D44D916C4F28CEFB90FB3BA9D65B7
:10844000F9FFB1C8ECF2E5BE163F4ECDE159FBEDA8
:10845000F3C812541B3268B8F3E8C5812CC867EB27
:10846000B0CC9CE69D0E0C0919361902320DFA1596
:10847000E2453F0340BA1FF7D91B56441424ADAD63
:1084800051BEE7306C9ACA27DB2BBFFFD7BEFEC9AF
:1084900046327FEBCBBA2D421AC0E6FAEAF692C812
:1084A0004C3363FA6DDF11AFE99E53FA6EED2795F9
:1084B000FBC2AF057F6A50913E98D546FCE03B3346
:1084C000FF201AAB555AC4D2FFB7AEFEA7A8B123FE
:1084D000622D25D140379DFF09D99BF6CB4DE0A7F2
:1084E000A236CCBF00CCF2336A963FE008CD0651ED
:1084F00002A64EAF510242E143362B9FECD8233CFB
:10850000D20C523B3437819D75A357EA53D41BB329
:10851000FDA6D1F6D0C9B9C8FAE8ACF1C001FDEDAD
:108520004EF6E708A80EC3083CF01BCD81D551A13B
:108530002DAB305609AABA0D62CA2FB2708D6DF0FC
:108540002D092639CFCF38EAE9551EC440C9C40DDC
:10855000D34B2EFBB6FEE9E5CD153F58436E5C17B5
:1085600093D460F2EDE8A5869E1067E8D969EE0E17
:1085700022AC23F039D197E809E2AC12C86293D15A
:10858000457FEE0C2DF6D5760633333550BA984E2E
:1085900013483F0AF94EC3B387A02B5D3F2B428E91
:1085A000B5E81A4422AB32E60536C42F20C038D8CD
:1085B000A80B3636CAE7D3DF6CD74A54F5D3FC464E
:1085C000F05F06F5F626C410C6ECD33C811B5A00BA
:1085D0006DA0401E4DA6F1A35C150B2D5917970BEE
:1085E000BE35BA049DCDEB51FAFABEAC49F9D1E3E0
:1085F000E5F0B3BD2FF6E3301E9442D1E3E17259AA
:108600008D81476D59D867A66D4412E96C023141DE
:108610004E42732845545DDABA33FEA1EEE525A03B
:10862000C357D1040EDEAC3DCED8C0E3B8CA7F2C10
:10863000B7E50B490A00D7CCE94B453ECEC8012C23
:10864000A70021E5744E2F51AB5B1172F8AF500EAD
:10865000C964EF6ACF1BFEBE8D079655C9F70F4858
:108660006734C4CAB034273735171F0A9F9C3010AF
:10867000D6BF9A51E11DF40BA5FC341DFA7BE0BF77
:108680003A79CC01D940083035DE5E4650BFD66E0F
:10869000D7FC81470E38BDEF4FB996FD4DCDDECEEC
:1086A000BFE9F9D10965D8C4469FD83DEC004D47D4
:1086B000C31B45DBD1C2DC52F26EE71647EE09DE82
:1086C000AE7F09B7BD38327CF62204D0CD22BCC0C3
:1086D00024E0D1DD45E32307413727BD192A25B220
:1086E0004799FBD94277ADC5E552EEB0D816B8FA36
:1086F00042190C5D1E6FA2267F2F1DB342E9243E56
:10870000B5D5EDC1653CD0094E49DF2058B64AF8D1
:1087100010040A0AEEA82A5EE81F02D1C129CEF889
:10872000703A46CB4FFF002A91DBEA3A4D044E9F48
:108730001DA6F35686762FED05B4D43BBFB51821A0
:108740003C513326CE3C0BB093457F0E283047B0CA
:108750009A2D822B579E9E2855E49BC94218A31937
:10876000B6409463BD504AC3AA1CCAED1A3012B475
:10877000962738A0FE1B16E175993A082DFA72DC8F
:10878000A6FC2E9C89F4B29AE0F6F234F92D75CF4E
:10879000CB81B0B84F4932CBE510FFCDBD1B4D1793
:1087A00009F7FA5AB45768132DC2DFF14472252233
:1087B000186CF866DC1A9AEC5F1C61D6994D8ED85D
:1087C000243BA6F937CD329B908145DB8D2BE82EDB
:1087D000DF29DE42D43437BFFE961DBEB707CAC0BC
:1087E000E7123E49F3CF69CAD62D684B31ED36AE5C
:1087F000DC213B7F0710A2C74FD236D349AB65A51A
:10880000293256F33A2C38CC1DF500DED23316EE61
:10881000151EE8B0B4B6D25F150EB2F10EF9CD4117
:10882000DF88501F645D222ED6F55FD3EFC045036D
:1088300064D7CE72516C2B2622D243F4B9D767018C
:108840007AB25DF489328DBA5BDAE03B551A64A5E1
:10885000B8BCCA2081177B8EB0A167EA1DED016903
:10886000F11753B48EFCF86BB5D96FE01B4C4F3C3D
:10887000266DA1A60DF61E25C62AFD0004372794F5
:1088800043CAE13A984CC86D2A2C1447C21E98CBB3
:10889000B23643957F5F21E8ABAEE2EF27ECB5A897
:1088A000A030DEE9FE39B39850CC5AE623E112330A
:1088B000665D739C572DE79F3A434345E1A13AC754
:1088C000BB2C47B751B3FB168EAE81BA1DE84039B9
:1088D00003D4E5B7BE134B984FCB32281DAA6EAC1C
:1088E00038C17F398EE9DEB5610EC7E437DCF83375
:1088F000A5CD4C1B502013AEC8977BF453CCE98414
:10890000D5B1D762F8B31757F772B138CFB64F5B0E
:10891000F7D6E9525FC9AA1FFD95F9A31DFCEDB674
:10892000EC2DFDCCF1B8050E5DC32FC21EC619118A
:108930002D13FE10FFCFF0AEEFC6B7EFACC9D7FCDA
:10894000C13ACDE4F6EF012748E4D7C87F0F42C112
:108950002FDD40EB93BDE4E6F2F56411F5E142F260
:108960006213E146DD3906AAD20E2F2A645232EE96
:108970001CB38AB603F5C57DBB5141A0BA2C813129
:10898000EFB7DC066F54D170B7E0FA2D81FD764861
:10899000E318C5E4923E5D6AD0B0AF20E4D7519DA4
:1089A00001645A5741B5FBE65763BEBE5D1804C467
:1089B000AEBFF0E71EBD53D036A6D7C82ECF6AE2B1
:1089C000B08D002A2842B081B5480ED95A391141DC
:1089D0002BD6C1D5A0980AF4359BE3985EF2BBEA8A
:1089E0007F1B4DC35C0CDBEF0CB75501C6C446E9D9
:1089F000B170F2C8A3092AB517E7DFE85BA2D0DAA5
:108A0000D3B5FA51383855C01D61A65307A2B353E8
:108A1000AB3816B58756303918CDAB96C6E1CF4F77
:108A20007E5C12BC93B91C9EF77C050727412F0F73
:108A300091EC5F45CC3A26FFEB2FB616966065B5F4
:108A4000E0E4AB08BCCF03711A2B3960FCB93D6B75
:108A50000FF1EEB2A61F0BB932CF6212D07FDB3A14
:108A6000F4E4F60A174C81DD2A454FE4C024D543CF
:108A700045272E02D53F13DA2EC33DE5EE08AC099B
:108A8000FEBDFE50EF22635014CFDC4BCE1FA2364A
:108A9000B2D834E1B0E65032BEABD612DC41D0B829
:108AA000F29B534BC5B460E3A081D856D05FFCAABB
:108AB0003CCCE301BCDF585DAAF4DA4466CFC4BB0A
:108AC000FA51D95AF00EF9FD8E1D590D6EB004A958
:108AD000C9D224345B8BCDE4A310D53E3F0AB7DF67
:108AE0001642DDEB125E6C24C8F5CBDE2723397FFE
:108AF000DFD1A2930EBFA2416ED0BB9057595C2C20
:108B0000B76197C6960C313DFC503CBFCFA2E8310F
:108B10009E16816643EE1FE1296213452338B80D86
:108B20009F0C1C4596B61DD6D745113ADBD8540983
:108B30004CA0E5E27F04B94703DC3F3E25082C2822
:108B4000EE1B42D23ADF4749161B0809BD1AAE3464
:108B5000CEBBC42BB33A0636E2CF2B9DA8ACB2D322
:108B60008E40FAEAA567FE7F11323338FDA94734FB
:108B7000372A0FE42AB09C950E20BBE814F0E5E9F3
:108B8000FD0403730B63952656A8D55930F366612F
:108B9000DBD80BCDC24ED54B3E3D14ACA0E41E1E1F
:108BA00030F7FFFFBF1D00007EF0FFFF061C000036
:108BB0006D4A00001EB9FFFFE9030000DD4E000012
:108BC000B207000045FBFFFF0CD4FFFF2F1600008B
:108BD000632900001BEDFFFF9AE0FFFFB51D0000B9
:108BE00075CBFFFFF650000026010000F6270000BD
:108BF0005D000000800000005FF0FFFF34E2FFFF37
:108C0000B1EDFFFF93FEFFFF0A0B00001D07000000
:108C100013200000FDB7FFFFEAF1FFFF4BF9FFFF54
:108C20006BFDFFFFD01E000037DCFFFF89FAFFFF5E
:108C3000AD0E000064A8FFFF4CC8FFFF0ADBFFFF7A
:108C40004EEAFFFF33D1FFFF04000000940D000047
:108C50008B2900002DA8FFFF81B6FFFF24F6FFFF40
:108C6000D7070000AB21000062F8FFFF3A140000B4
:108C7000A8010000AE1E000027E9FFFF7E1B0000D8
:108C8000FED4FFFF6DE0FFFF080400006641000016
:108C900017F4FFFFD62D0000A80A00006243000071
:108CA000B4E8FFFF83FFFFFF4F28000074E8FFFFD9
:108CB0009198FFFF6D1C0000860B000027FFFFFF4F
:108CC000FBE6FFFF58EDFFFFA601000090D0FFFF7D
:108CD000340B00006F1100008E0D0000750B0000BA
:108CE00071D9FFFF7722000060110000E52D000020
:108CF00069ADFFFFEB160000C4FBFFFFEB000000B7
:108D00003D060000545600000A280000382F0000DD
:108D100061FBFFFF82C8FFFFF0F6FFFFF4ABFFFF30
:108D200075FAFFFFA51A0000042C0000B411000022
:108D3000C20600008D240000D0ECFFFF0F030000EE
:108D400045EBFFFF20EBFFFF7DF0FFFF81F5FFFF0D
:108D500060F7FFFFB6D9FFFFACFBFFFFAE250000B9
:108D6000C90A000049DFFFFFCAD5FFFF600100000C
:108D70009A010000271B00004C2600000C0A00008E
:108D8000192A0000C11F000047D9FFFF330300006C
:108D9000162C00005EEEFFFF26110000DFE6FFFF4D
:108DA00093283209C4577F0C32D6597F8124F4E2CC
:108DB000321CDD09337F2DFFD6F5C8CC47EC446566
:108DC000F4C1E4644B5DCA7C78367E067F60E3F7CD
:108DD000C95C7F5964ABAFF734F9C4D6EBB5818178
:108DE000AF0FB211F32127114CE20D082B101A1D01
:108DF0000BBEE1D1286A178175DB6E3BF6992E8494
:108E00007F86CE9EA3DFBFE303E7A80803C28ED010
:108E1000152D2544FA7F2D757FE7EDD20DCA7FEB26
:108E20001E99CA392E1BB57F35D4B1E1DB70FC2DFC
:108E3000B4005E193D78A253A1C5117F81C77F069A
:108E400095DE81433D44BF6D0C3786EDF21B0F3537
:108E5000CF56E5ADF8A6B2C8A606FAF3EAD1AAF64F
:108E6000881BD3E8ECD7287F7C219E4F7F27E278B0
:108E700087E2BDD1FCE14FCF9C81C781D54EA8A52B
:108E80003D817F813BBBE0CA9755BB7F39FEE3DE66
:108E9000D099BD7F81DDB5980A5C0B7EC681E6FF67
:108EA0000C1F4C42FED3C9EE65E595C0F435EDBE0E
:108EB0008118298181599165AED57FDBC6D920BC47
:108EC00056D6452A8E11B7543E461500E1817F5390
:108ED00054C6DF963BEFED130F5D9DFA1833A55393
:108EE00057D81D984FE196C303DDFBB426EFCCEBBA
:108EF0002232671850F8303C7F22812426E30E7A14
:108F00005905F724157F15814212AD7D282B71D9A3
:108F100036B1813BEF0E480470818128699B3CDBB0
:108F20002C335BF31FB4CB258116A12D5E35F58163
:108F30006FB9E3C124468192D47F1B636CE06B7FE1
:108F4000817F308FCF7F188E817FF58192C316810C
:108F5000BBD657E99A9EE40917A477307FCF3643F2
:108F6000312A7F257F3E2518FBE9B67F15C57FFC9A
:108F7000315F7F7F1C8C04BB89452444DE0D7D1C42
:108F8000F76CCDE65538C112CBB30964BFFE39D9B1
:108F90005BC56EA41C24E1C36BF2CD18FA944F7F1D
:108FA0007F81F9B60108E69926A30E163814D5EB91
:108FB000E21EB56D0CEF314D7F7A6DBBFD7FD54361
:108FC000AD06AB814AC649904A198D8EEDD4B7D013
:108FD00022461BF6DC890A3B017F5621DA0437F66C
:108FE0005D7314FB3410251D957F1F44E086143AF1
:108FF00081AD1AEAE8D43B077C5A1CFBA57F81FCB3
:10900000CC9CEDF4A443885C34A181F9007F2BBF94
:1090100081E0A2F6F5A27E927C35686BE7381E08E7
:109020002EDA81BC6757AD424F47D4B30C4D2AB5F9
:10903000A5B41B42DB1BEA9007051BB7305325F292
:10904000C1DDE55E7ABB2D03300AB5FFB190F11B9F
:109050001F81558CA7D244447FEB19F343336CB482
:10906000F27F38FCC3B893E3072281D046E6C012F2
:10907000CD4EE21FAA0904DD71B62DA1D61727DD5A
:109080005AD6F856C27EF10F81D861E7F5E60B0299
:10909000C4F29748D98250243D4EC3DA912E44A49D
:1090A000A1D7EC32D5CCE5EBD6CE7FA7141E442D4C
:1090B000427F7FE1CFF0D41ED226300B33D15E2821
:1090C000374DFBDE7FED815228120CBF4583B9CAB4
:1090D000F0F1FBF07F02AB810D247FDD4364962B22
:1090E00081FE27EAD6F481FB91311253172DE8193E
:1090F000023A69E409B20A46E133FB4781D21857C4
:10910000C8BF7CC27C2B2115B77F93D081CB81EE69
:10911000411848EC2AF4A4F7C9E1C97A7FD80DB107
:10912000B095CB3CBE7FB14EEA70059E30811814DD
:10913000CD35313F9C578535F88255D9BE404547DE
:10914000345708C696181810E2778162E1411BED8A
:10915000811236E42E7F21D2F708BA7FE57F05C061
:10916000F55FB4814987F9192D093EFB4C81C1385F
:109170002D7F17C9818181C806153C0408D6AD7FB3
:1091800007BA2904F9EE81796012CAB3E522E481B5
:109190006005FD40DCBA3F382425947F239D2EE8EE
:1091A000F730F78181F1304F8B7F00F0EDF67F05CE
:1091B0005ABA03294AF5EE7FEE40CF6672C608C25E
:1091C000C285E122DD2DD17FD3564210D991F6D54B
:1091D0003A370981284E7FC30AC43523FAAFCB96AC
:1091E00042347D3F1081ED6F7F0F0230DAFC037F48
:1091F000F223CCB04941CB1977B11401FCBEE3B2E4
:1092000047F6CEE881DFF655BED7BF0D3FF584B5F2
:10921000DA812743BB5D817FEBA96BE452552C3F7C
:1092200051F5FFFFF01500004CFEFFFFDE050000CA
:10923000D4040000EAF9FFFFC50F00008FF9FFFF1B
:10924000690200009501000039FFFFFF2F030000B5
:10925000AFF5FFFFD8EDFFFF31FDFFFF5408000021
:10926000FF010000AAFBFFFF92FFFFFF58F5FFFF81
:1092700089020000EAECFFFF6C120000BEF8FFFF5D
:109280005200000099F3FFFF9AEBFFFF0BFCFFFF7A
:10929000B9F9FFFFCDFCFFFFC8E8FFFF44F2FFFF75
:1092A000B4130000F4FDFFFF450D0000AE06000002
:1092B0009EF4FFFFC4F6FFFF0B0300001102000045
:1092C0008CF8FFFF4EE6FFFFF01200001F130000B6
:1092D0005A0E0000851000001501000099030000DF
:1092E000270B000084F4FFFF76EEFFFF501700000D
:1092F00003090000E714000091FFFFFF8E0000004B
:10930000E9FBFFFF1EF6FFFF9AF0FFFF11F7FFFFDB
:10931000D0FAFFFF6AFBFFFF4C030000530A000076
:1093200053FDFFFF77E1FFFF51F9FFFFB905000093
:109330001AF2FFFFF80900006103000009F1FFFFC6
:1093400035FEFFFFB7F3FFFF0D0400006CEAFFFFDF
:109350005BF0FFFF80160000BBFCFFFFC8EBFFFFC8
:10936000F90E0000CAF6FFFF22F6FFFFBE00000064
:109370003B0800003E1900005CF9FFFF50050000AB
:10938000EEF1FFFF3402000059FDFFFF92060000DE
:1093900073150000BAF4FFFFCB0C0000100A0000A8
:1093A00017F0FFFF881C0000C1FAFFFF8B130000BD
:1093B000C60500001DF3FFFF7C18000084FCFFFFC2
:1093C0002C0800009B09000083140000BBEFFFFF86
:1093D0004CFAFFFF95F7FFFF9E0000008B1800007E
:1093E00011050000A20F00005B070000F3EEFFFF75
:1093F000AB0A000053050000C0F3FFFF940D00000E
:1094000020E5FFFFC8F5FFFFF60300008CE7FFFF34
:109410002C040000E2110000CAEBFFFF67F9FFFF18
:10942000ED68EAC7DA1DDBBCDE27C62D182E0BC699
:10943000F7B50881B0DB591F513207AE2E4716CE63
:10944000F523C4C9F30C69B9BC482BF4ED2DF1C167
:1094500000FF4A05DC342315F1CB2310D904B7F4FF
:10946000CBD4CD3AF0F2FC2DB64B1C18C8D6F04F39
:10947000DFC726BFF094CE4FDF113ED261493FD007
:10948000A5020F98F211E25F2B1709E3FDCFE09ED2
:109490000E09D22237C5EB29B3F92740030AAFFFE3
:1094A000F557533509F52534C340551659544D2900
:1094B000E244BE1F50F7EEFFA3B05D274D9D16B4EA
:1094C000A640243ED1BABCD3390AE5CB1AE40B3B03
:1094D000352FADE824C7354D01E2EBF8B00CD83D8F
:1094E000F831BD1B183CF31D81CAB1FDCF32AB2C46
:1094F00056BF1BDB4DEACD9CC05D9C188FB848B7AA
:10950000060F1DC84C1C5DEB610152DFD4D211DB8C
:10951000D44017A4C605F1E63DF4FF07DEBE42576E
:1095200025B8FBF59BBCEA210DCAEE6733FBA2CA46
:10953000E0CBBABA6061FDC84724479425E9D3A6B9
:10954000B9C3FA98C8D92EFF9AA92A2B0F2C2B122F
:10955000FE0CA13DB5AA4EC59837EDE01E22C7B856
:10956000AF6C16C7EF45418102FFBABB2ADABFA92B
:1095700028B9EEC3D298CF48EB4E40E196DA212BC2
:1095800007FD54B94F4728402E32A129AA0CC9B46F
:109590003EC136ECDCB7A72FFBCA1E99273C36A488
:1095A000A84D70320BB1061B5E63DEFAB250101B81
:1095B0001245F7A90805E4732906392B33370DD076
:1095C000D25D249DCC3AD4DAA1EBD650C522AA03B1
:1095D000B0C74926BCFEBAB14A1571713B0D2C00CB
:1095E000FF20E40450EE36C87FAAF73BCFB4DF413A
:1095F00013383343D3A3582EC8641AA7A108A31C59
:10960000130714F97D5ABF3AAB09FE223326D6DA86
:10961000001FCB00A3E5C81407C3A945DBE0E45C49
:1096200038C4BDB7E71F47425772C5421C3B1A9367
:1096300034C6FA1E498E0FC3133DD1693422AA26BF
:109640003093D92D2A7FC7EDCB2EB3CCF26FE8BD76
:10965000E55E362B1A3307DCB53FBF011609C7AAF2
:10966000FCC653E996DEF50FB364A9D81ABBC9E36B
:10967000B5A34B523035C92F0605F35D6C02365C3D
:10968000AFCAC046484EE648D5F8AF2ABEDBD1D7B0
:1096900018D3EEC0E94E4654C948AFED953E47F2A7
:1096A000F443B123CEA40EE70652021F244CD6D6B3
:1096B0000E09D800F1FD1C309AEECA261F60E6BDE7
:1096C0004E1BAE48CC427F3C5716B55E41DD9BB683
:1096D000D4BBCC65A04934DB2EA004577D5D0C00C3
:1096E00095E24822CAFAFA5717460F249E47F3F923
:1096F000A31BE52910A3A82423137008185609F109
:10970000C1F4F2D4B0C31321D326F5C79F3C115046
:10971000428BC8EBA20017A1E3E355690CABF968D3
:1097200052DD0A40BD4647FFB4492A40D18CC7D715
:10973000D9C327C896F7C525FDE7E658D89AC3B11F
:10974000F3256651C32203296DCDB39DE34C6A46D0
:10975000E3EAA48BD0D6F271AA7E323EC4CFABFB33
:109760005A1EECE6C76B94A0C192E6BDEA409C0D80
:10977000B207CDD4DD30CED22C1EC24E462C01B164
:10978000EED381DEB7E4F21BBC44516DCEC96C024E
:1097900048DD04B0D1CB8409C23D2EE03B9BB7CA63
:1097A000BB401DF9419114DB58C2129A4F0AE7EFF2
:1097B0002540221635EB4BAEE334C952C7F3D2A095
:1097C0002EE2EBBD02038143F1EAC41111BE3B60FE
:1097D000C72912A7150C4AF929E2B40845442B03FE
:1097E000F33AC62FE1F3EAB2BED3DCE8309CEA36A6
:1097F000F619F7B9FBB10D622816B1391099FD229F
:10980000D6FA0C4EC4D6D22631054CCF41B2A3288D
:10981000DDD6AD302493BE151155ABE431E3A0A2E3
:10982000683427F05C584B17E50FA7AFC707B0BAED
:1098300018B9E21D5EAADFF05CA1C6253740C177EA
:10984000B8764D99D75B292D82CAB3176EA3F6015E
:109850003B26054B50BC0BFEA6ACE4A3F33CDE0A52
:1098600019F93505D9BC6D4C5C0AEADF66320F4741
:10987000DAB83D6245620C112B1DE20C74329499EA
:10988000581FF1D7741381B69AF1C66F3EB0B6B8BF
:10989000288D58CFAEE1A905C534BEB97C289A14ED
:1098A000D2E03AFE41CA3509A912E80627364CF93A
:1098B0002CF0D4B6EA34A1D415072D07BAB3F5536A
:1098C000CD58FBD23A1A2F4AA506AFB6E7F5BB49E9
:1098D000B32E0CAC444D9406A9380A0E2EDF0ED2DE
:1098E00020D567C638079FB866A5112DDEF5B02EC6
:1098F00040B41675961417C9CAEE4D1B7FF9B517FB
:10990000023103EE552E178BE330EAE6B4FE640411
:10991000C1CEEC90FCAA74194620F8CB24BEFE03FD
:1099200030F145027F5A1CC723133C512FD64FCB31
:10993000A2F94D175830E9040E075D3BB247F3F723
:1099400033031ECF4D510D1EEADA004023341307B6
:1099500019C3C245C1B4CFD24CBF110AC6D03B53C4
:10996000D0FE6C2DFEC92CBE10E73D521723E0E758
:10997000E9432A215729685D5829FB4F1CB534F269
:10998000C9F90A3D509E48DA685AFB5A0CEF75D265
:10999000DAF7D1CF03CB0B9CFF24C0300E13EA348F
:1099A0001706C12CE6ACD2C540CD3D1A34251FF5B3
:1099B000290523111ABBFD1D0C09D7FFAF5414CE86
:1099C000D73B5868D7EDE1BBE0B55345D3045BEB1B
:1099D000F5FEDAB27F3B4DBED45406C257173E07A0
:1099E000012405F21A3AD6BD02360ACF965212CC9D
:1099F0009D10F72FBF06184D171C031FC6F34A49C9
:109A0000EEDFFFDCBC89C6DC16EDC4FB1956593706
:109A100024E3FCCAD62008AEC8D2CFAF03E34E1F62
:109A2000EAB723760AEC3AAEA1104E70A7C43037DD
:109A30004BC8F6B27F4AD60AD956274CAEEEB223AF
:109A400046B2C75A3BE25BED38AE2B1B376001775D
:109A5000D210F2E649B2FD54213D019F19706328EE
:109A600028BDF3D05C01214A0A0B214A2F10E311D3
:109A7000BFFFAE6AA334301A5BD63C29DA2A4F4DB9
:109A80005E26F22459071955D3B2233D3F1F4227C2
:109A9000BA31251AC8AE0D2CF6A7CAE100C7A40931
:109AA000D3E9144DECB645BEB6A4BC2CCE53D8DDDC
:109AB0009B2013A72AF649D0F00467A1062508BA0F
:109AC0002124D942CEFF909218A518C8C82BF516AC
:109AD0004023E4CCE8E2B437B0170E054C00E8337D
:109AE0002E17DAE8AF08E3211324F3DC8617B34816
:109AF0002EE206DA3BA5CF250940C0E11C24F8DBA5
:109B000075396AF8221F93CE54473B7B54FF35F0DA
:109B100034818106C335FFBD068A9A3ABA2230667F
:109B200022306819AEC4EE609BB7FFFC05AA45DD84
:109B300023CF1109AFB32E5EC39FDCD9101401C22D
:109B4000562033BEBD04A330C3EFB94918ADE0F4CD
:109B5000B91ADD9AD4B6F90E9DB90066D9E32F2063
:109B60005AE7E543C0FD150DAC44F2302AC4E5A523
:109B700049717F04EBFE3F24420E20C595E94FB0AA
:109B80004005D5DE4634C4DAF4D0D7F32C538DCA61
:109B900001299CD324C99964251DFF72E1B853F4AF
:109BA000B6CB48E024D8EF241E518CC6D8F8C11497
:109BB00055BE20F90AFAA918C6A44DF4E53718B322
:109BC000D5CDB5D04E4A4911305FDB6027DCAD09F9
:109BD000ED5F5AE91A5C56EDE3C533387558AE04AB
:109BE000D74873EF4B2F110820CCDE3A2B563FFE9F
:109BF0005E18E6D3993EFA00EA150A1DD8D8A528C2
:109C0000624002EEE745FB7FF2B88D0507B30F35E2
:109C100065E4A7B74732E028EC3793FEC10BBE20BE
:109C20003A1013C3220930BF4CC601ECEA48F4DBFA
:109C3000DEACBD3359DC377F07C6B1E154EE3FB629
:109C40001DDE1C3C562C0D00C83A4833C93CB85D9B
:109C5000A519B4A701B8411A3A0539E308CD45D58D
:109C6000C2B065DC294ACFFE0A67D9DEF7E7F2E623
:109C7000E546FCBCB81F212CB8D2DFFAE9DD6CE266
:109C80002C16E73FBF95E3A047FA5BF2612909B8BC
:109C9000E631E8E136EB9F4A3443AD45D5F6D8D9F5
:109CA000E7FEFBD7E71191A82F632F82F9C660D298
:109CB000F8C3034CA6954715380237552AA906283C
:109CC000FC08EA41969F463D12DEF6FE4081B7C78A
:109CD000031CD001BC2841C2E273B0333DB4D3CDE4
:109CE00006D5DFD845B6F5DB24AC3ACACC05132E31
:109CF000D5CB282D9D130D5C13E0E42331B319342B
:109D0000EF3CA11325FFE2E2E34AAE1FE81CEBF9AA
:109D1000B747E7FDAB14D52902D4F9EDE34D289AF6
:109D2000B66014B7E2A11C39FD5F49B61F41E503D7
:109D3000AD500D03535A09912D23EED2F706FB9A2D
:109D40000614F83F061C129EA0111D3A5BAE604837
:109D500045153E67579FB8AA51FD28CD9F2728BBC0
:109D6000E0EFE7E3BC3F18B5191946980EEDE2EEB7
:109D70000BAC473E06B30A06B031DE0BAE4A4F2E9F
:109D8000AC353BC6BFAD262B3F0EF88102C401CED9
:109D9000C98C3011C12D7B1431280340E33A9F2335
:109DA000391F93F6F0DAD712FC1C101B4922F82257
:109DB0009CE1E640F16EE431AE8E369DC2FBD62CBE
:109DC000FDEC0783F88FB23A3047AFC558110F0A40
:109DD000CA0CA737DABFFB07BAFF19F7894DD2497A
:109DE00005EAC32A1A0927C0066DCDD8FA310588BD
:109DF000C66C7729D02E9212DAE41944053F34B3A9
:109E0000C240C14A2A47624EF8449BC429D1E6C6E3
:109E1000482EB1170D0C6FB51F7F243949069ABA29
:109E2000C8A6CD2AC2AAD11019402F7D311A7FC8E9
:109E30005FFAE6A6C0B4CA94235C1FBDF6A8D0FAA8
:109E4000DB97FDC8E200CAD1ED9230923D22CA0EE6
:109E5000BCA107E353C016D55A0C8E5A020BECDA9C
:109E6000EDFCAE4440E2520268EBD0ED6ECC834E86
:109E70005643199FD0593CD2BCDE281234B76CF936
:109E800094DD181814E0E3DFFA02D7AE4220B7C21F
:109E9000EE2C2AD849E3D260F3173B1BBE1E2418D0
:109EA000DDDA98234B223E5AD9E12CCD902210BF07
:109EB000C13F81110F6814A39ABE1EC8E2BFF715F7
:109EC000289B53FB491B46F72BCA25C1A823C34433
:109ED00022274114D392F5ACC43EB1DCC5F0ED327B
:109EE0003134149DC55CDCAAC1BA23DC1C3F12D9F5
:109EF000A865C0493CCCD2F1C7EAE018DA8FCF2779
:109F0000CCAAE8B53F382FEDFCEFEAEFF3C3D2C49B
:109F1000A1952FDE86D41F5573103DA9FCF802DFF2
:109F20003E1EBE291100D62FDBAA43D4DF5A02F60B
:109F30002FFD5B3911F80FC8115C9D7AEEE8E1A5A1
:109F4000B94DE59E457DE4AF0466B14D53DC4B4011
:109F5000AF3C4A4C59C44C1710DED02D6B60D8175B
:109F60000F3A0B4FEE892B204ED14A7FFAC4F4C72B
:109F7000B10DC6CBCBCCB899B84B1D251D6805AF2C
:109F8000E9362E3EED3F6DFD8E26C7264CEF2AE6C4
:109F9000B23B37C7C345D8E6F3CCCAE6EBAED30A2B
:109FA000C5E7C7C955322744B1A3F02FBB0902DB6F
:109FB000469333C8FFF4D9A6DFBDFF0E27A71232A0
:109FC000DDAD0336DFB44061C2DB2BCED9AB652CEF
:109FD000183F9F25CAF7C8E3E8D094CB1EE30D00D5
:109FE0005D9CCCB55603B003BBF18E923232464A2B
:109FF000ABB1020AD5CC0519279890131E7EBA95ED
:10A00000C39BD92081C13AF920D9925462FE44F60B
:10A010002F61E9E6064B36B42CB6AA54E62BB00AFB
:10A0200040E1200573ECB1AB5B55BFA88F1A52C657
:10A0300000F51243FC4614C0B2C3BFA868153B9C90
:10A040007DFDEE21EA2255D53F61A6E8A108F4285E
:10A05000480ACEE60FDA68A97158EF320304141AE1
:10A06000A534B3C0348C2DB61A2042D92E02A7C70E
:10A07000812DCD4CF6D1EFC60F1EA7E1E0C10E9C9D
:10A08000551214F8AEC01FB7F20EBD6CD5AA5CC74E
:10A09000D1DA1908CDE348513DD83E1726BD9AE9DB
:10A0A0003C44073E9247F44B23ACFDA20B12F7ED64
:10A0B000C3ED3E4253C6E6940CCBF43101DA871966
:10A0C000467116C7A8615D46EBBFBFDFFF4C440B6E
:10A0D000E820C4BA2341D9E528B041F02C203AD079
:10A0E00032F0DCC9CB25C921FF1FFB014A685901A9
:10A0F000F2F28158CBADA6B0F5E644CD28B718BD35
:10A10000F3FE055BF725AD06B7BD2EEA58AE1F0E70
:10A110005D2EF1D656AE5117FE29EB2CBD040C6214
:10A12000DBD839ECEF8C5AE22912D732B7EE08B9F6
:10A1300013342AA4383949F8EF5DF8FE01A101C2B1
:10A14000C318CAC0BB9EC412BD22D93606F8B436A5
:10A15000F3DC4B0223483A13C83C54B76CE9E537AB
:10A16000A90B37D1FBD06026B8AD8F1CBD475B0271
:10A17000FBDD9C531AAA02D70F00BB1EF8DDED00D1
:10A180002738FFB456B5DDA6C2BDB9EEF33C5CCCB2
:10A19000F96330BB594AD9BC7FFB23B507E815E208
:10A1A000426045D19A9FFB9CABB22DD00FEFCEBC45
:10A1B00006ABDD9F26CB5E83F9DE8ACF3DC328C484
:10A1C00047290BD7A1DA26578BF2D681BCEA96B87D
:10A1D000C30EEB15DA85A9EF922508EFAFE3B84877
:10A1E000E29DECA0FC9B3F0F30B63F35554C48F14B
:10A1F000E0B6D0BA4ACEDBAB3361B91AE8F96317DF
:10A20000151FF357E6B432A0085F3BAA19C83410F3
:10A21000F09FB949E05D0D24E95EB1FA973B8BB43C
:10A22000E3435B4B9D367F401220EDB00FB548E312
:10A2300048292AB3CEF3E2D95AA3311C69F31EDAB6
:10A24000FB3BB1EA42E9B750B8934D2C68E278760F
:10A2500090BF18D7B4B01394764BEBB9250C1541C9
:10A260003DF95F14B1C1CC4C5AF29039BA2769B8A4
:10A27000CEF610505EE55E374F27E37B5891B4620F
:10A2800007E23B28B34F8642C0A9CBEF311833BB5E
:10A290006A6A2025B024BB9EA6D1F52D3DDF046857
:10A2A000E2FB634AF3579A5551E5B46051B71EC5B6
:10A2B00017E188DD19168F16CD36F0CDEE0563BB9C
:10A2C000B73A5DDD66066A2D5727C9A8B1F1A4E843
:10A2D000B3F97FCA502CE5C8AF5292E535F641225A
:10A2E000449383B96000B725081A039EB59FEF55C4
:10A2F0002E0E4ED6CF4C3A3CF54B043F1330B82EC1
:10A3000051FAF3F9AB13CAF24703292F221A0BB003
:10A31000F7A160B953AFE24C313125180DDDAC0423
:10A32000D634E7A709DEB049BB60B5FDFEE40331D2
:10A33000D6EF4616E14137C83AF8FFE73E3DD6CDA5
:10A34000E9501FAC2E81CF31E3D03900C654A21E94
:10A350001F09EFE65C29EF5C1DFDFA41E6364CAFC4
:10A360005A2440EDDD3BDF06A4AEC528B61E145DC1
:10A37000BAFCFD3BCD49D8D4042B0AAB5CA74E09EF
:10A38000E038BE0E14F2E247D4FA4EAEFA00EF30D7
:10A39000B4064432E834E971CAE0F3C7C30DDD20E6
:10A3A00054814A0F2C4FF44BB83F280CB44C6CAB83
:10A3B000B1FEDBD742FEE8F6482537EED358CB088E
:10A3C000DFEFF3D00F3212AA51ECC5DA44F1DEEB25
:10A3D00009D09740D9CD1F01F0FAF405A8270E4502
:10A3E000DDBAEEEF0AF6FF615C2C354503210E2C39
:10A3F0005EB5B00EE7AB05E13C175AECD5E8D9AF36
:10A40000CAE6B84CFA5AF4F1B5CFB4F6E247B7D879
:10A4100044D5223143C4C42DE210FF6013C2240589
:10A420004B153409C1BED73DD4584B914DC0C354D0
:10A43000A7F4B62CE2FDCEC159BDF310434F5438FA
:10A44000DD9BDC7FE3E2E83FAADF713405952BC09A
:10A45000C61BF0FB05A960CDE694328844C96B1E8B
:10A460009CC303C6BD50E32BEBD95E4F6ECA14D21A
:10A470001FBEB203FBB6B3C6C99A4DB1BCE300C858
:10A480000059CF4768CC3DF094E78D5F1A404038C3
:10A490000BC71FF02C065558D80A4443D144A75D7A
:10A4A000573B18F842CED95219C0482747D52C3F00
:10A4B00023DE3F19F69FDC0BB8B99CF7240DC21CB4
:10A4C000E4080855C6A65CA511BF262EDC9B51CA20
:10A4D0007F31CE2C5D6E6AF8CBC99E2CC604FA4241
:10A4E000D3A6BF24FDA6EDF4EF5EF74D07992CA788
:10A4F0002A24DC8105FCE8AB672511CA426469099E
:10A50000D3FCD80E58A74C5F2321A4D944CFC72829
:10A51000F71B0947B94D1447D708CD9EF2D5B7AB05
:10A52000B42639BF001FB5EEFEBB07330331AB15B0
:10A530000AC51E233802D5C57F58C3C21C03B0CD3F
:10A540003E5EFDFE1B45D74262B6259E790FBA3BA3
:10A55000DD2B37245BDAD6B7B9D4444EA200C01A3B
:10A56000DDB9FDDC015B43FBCBBA23171AE2C00166
:10A57000E7DE12CE50331CF3D2212CB614E1A61024
:10A5800025CCD3FC08152B47ACCBADE4CEA048417D
:10A59000FD48490272081F04F4284C30DA0F19559F
:10A5A00006F65C21B622D7F65847CF2B70B5D4E615
:10A5B0007ACBE2C12B3E12CFD32BC2FFEFDC44F9A2
:10A5C000C7BFF5971149D5E4B8B917F80B4FE13279
:10A5D000F3F92271BACA2D2C3EE8CA34B859BDB776
:10A5E000F5F7BE16DE13A415CEEC342AA70C1A1507
:10A5F0002EA40FE4FE3C682CAC1EEF5EF5B96D6630
:10A6000052C07FE45A4D9991D05017FB5219BF2C7C
:10A610003D016AA3A8E6E4F608F48E45752B27C829
:10A62000FC11302A1A50A950C947182212DEA9C5B8
:10A63000C3AE68C9B3978ED6122FF4CBE59EF2E570
:10A64000AC7C24B8CCF608BC01F524055F84C0DEE0
:10A65000B03CD36F2540C11B1C1A062F623B023948
:10A660000AEFC3B0A44AE755293298435FA24CD7FA
:10A67000DED32503FF463431CFDE3C53ED5EB5D348
:10A68000297A339CD10D654E67E100FB1729E81B41
:10A690009F575FF936CF07CA9FFB0B5A672A4F7F38
:10A6A000233C9FAABCC9A146488177FCEA5144B625
:10A6B000A1644B15D4B4FA3E14EF4A2DC40C4F6577
:10A6C000C045620FF2AE240FF1DC2EA9E531A8F1EE
:10A6D000B4F323F5C71D111A27683150DF09DB6871
:10A6E0002E0557EFE488C1040AF42A636CB41E22D5
:10A6F00018011EA734B4F4CCF52A199AEC6293A879
:10A70000BDBF342E6ED2EAA7EFC8CC4FB303344599
:10A7100092FE4F753F36B2EDAB2057E61C2BEB4651
:10A7200040F8C361E95705BC3296B202304A3B6536
:10A73000D525A8306C31FBF14E58FDF02EB72D5ABF
:10A740003FDC4160FA7FA4046ABA1B2CDB7910CD90
:10A75000B0E141241ED2EFB51125BDFE4BF7F7CF76
:10A760003EE7321A39D63E0D13F502D52728D025FB
:10A77000C60B20083BA74A21AC20C2F01A65F2F8AC
:10A7800022200143FEB6CC9C25620F4644E81BCE36
:10A790002AF0AB05D22B1C478D524B58C2AEB8B431
:10A7A00037555DE6402CE846AE37EEADE04CBBB128
:10A7B00024D8015EAFDC26D5A6CF7F07C3383E99EB
:10A7C000C535F058B02A2C9DB397046B5693C42A14
:10A7D00056B15A29DF36EA12C739E8075F3BF9DA82
:10A7E000155D17AFF82EA33E9DB2FA47E6F3F4D7F6
:10A7F000A09B5ECCFCC6EDB3A2E4CFE0F2DF3F53FA
:10A80000F7F7563B5408FCA059B14DCEA0F6BEF068
:10A81000059D4CF1601EF30D196CE4F3B83F2C96C6
:10A82000E0FD27224374571D261C5324FA31E64FBE
:10A8300016F8000DA9E8E0FBEBD91225F6C0C7B168
:10A84000B39908281E9E7FB42B5F250DF8042C9F1A
:10A85000C310FEF96A1C6F26E250BA46ADDCC12E69
:10A860006A95D9D71F4452D61449FC1F02A5C4A823
:10A87000DEAF2D2086F8FAECD45529FED82D654799
:10A88000C5C5C6D708CE3516C5C4E721C96940D7A6
:10A890005C44ADA30EE5ACD793091B08155FB83B2C
:10A8A0000E063BE9B3F4EA9EA4FEB1F47021BFC9E1
:10A8B000F738349EDEBDC115393C45EF5C31E99770
:10A8C000192F49251CF505D153294622DCBD130457
:10A8D000D2EA6BCE1549C31CF81B2F573132E6EF75
:10A8E000B611F8BEC009A3D696F949C739B5B9CC97
:10A8F000F3187EBEC2DBAD07A631D14CB33915B813
:10A90000DEE5CC262425FCF826C81D51E5D0BF463F
:10A910002E00FEDD203D2DA434FF8142301037F0A3
:10A92000CD261A07C2B90BECDF40DE2736DBFCD0A0
:10A93000D313CDD7B3E2EBE7C811F8D2AFF238CDDD
:10A94000C2E3E1C64C402C251BD751E977EE3C19F8
:10A950002D11D6EDB1CEC148E305D758F2FA24A6A1
:10A96000D94C4993190EFEE4034CDCFDF0FCE8F4ED
:10A970004B394C2CD54E04F12A7FD41003162AD61D
:10A980001242033F0FC52DD12F12F0B3CDE3ED12CC
:10A99000FF332303EE39DAAADF080FBEF92AF52DBB
:10A9A00055CD989D151925076FE5E0B8C6A71C5031
:10A9B0003EA3F5A92CBED763482B4E7F6309A3DDC8
:10A9C000FF9706BFC3191649151A0FAE3AAD6F5758
:10A9D000430C61885E3998E51A2747DB3E33DE90E9
:10A9E0001216C9AAEA22445A444E929F42A5F14344
:10A9F0002D290DDA9503EF3E41A04FFF3A3EEF3A85
:10AA000090FE2F760933F7E003559B011F4925552A
:10AA1000AA84B861426021C94AF909AD10A41B4B50
:10AA200073DDB41FF9E5E30DF0F6BE48C81BF5C3AE
:10AA300050F660A4E052ECDC2BB348E90CFBF113B8
:10AA40003DE358D30BE39A254FE1F5F133F4C423EA
:10AA5000443DB974501FEED6EAB94D486CD7D24781
:10AA6000C040F1212BC41EDC8C4EBC26E8FDA12782
:10AA70007FDD430CD3E03BB50BB7A3C2C959C9E294
:10AA80003EAE0A4DD323D13A1534FCB744794FADCD
:10AA900017F72DEBC1EB2E31F1BB3B31DDB9FFF8E0
:10AAA00042FBCFD42BFA21CFF2D224F1323EE12067
:10AAB000080B5FB0A6DA594A733AC052D3C78AE08E
:10AAC000DCAAFCFBD6013FD9BFB0C92A2EB0176162
:10AAD000081E96C814E7F5D023639CD6270C25A63C
:10AAE0001DA7DFE6232AB320A8CA07472059FAFC8E
:10AAF0004F81E7CF41446CF36A2FFEAF004B4D27E7
:10AB000049F80DE2DEE0F9EB139D27DAD3B792B7EF
:10AB1000D62D3920CEE84835BFAFEDC049003FA063
:10AB2000CD19E099C8BACA22B4BEAF246F2CC92D82
:10AB3000A419F0E8D20AFD196B2942B9EBEC4331B4
:10AB40003D022DAADE9119D600B643A5AF233FD210
:10AB50000D1C7C4938E64D7DF0AB360398CAB844ED
:10AB6000ADA57F4B87204F14305335F7FAF7C084DB
:10AB7000160E0006300606B3CE3401F053EE37B79A
:10AB8000542C29F2F13319F3B7D3313DD8E6001133
:10AB90002F00492C207CF2191236D9CA1314264AE8
:10ABA000A907B60738F0F6DE1BCEB241E8EB331C3E
:10ABB000602E2357D0B0BE8137E2289BF2AE0AD474
:10ABC0003DF7E624ACC6C2A933E132ECF439B25009
:10ABD000CAE5B5E8C9DB2C145F270E40D7435EA257
:10ABE0005C387158264712C7E40211BC441AA653B8
:10ABF000F765C52553F13EF9924FE3B545B24DCF08
:10AC0000054CE314AAABE701C59BB13A9E6EA7F1D0
:10AC10004ECC491746002B1219413E2C64F00FDE32
:10AC2000B16ADFCA2966FDF00D213AEDCFC005B546
:10AC3000E6F20DC82A406FB10298DAC499F0150BFC
:10AC4000570ED72E81C64EC90BCEC0AFE414CBF33E
:10AC5000395519D4C72C6422D7002D8FACBBB0D581
:10AC600045B9022BC1466813B25542124C1EAEC5FF
:10AC7000AA6D9A2E64CAE15D03B804E3EE31B339DC
:10AC80002D16222B10DEC50CBCD852CCD1B9B4E5A0
:10AC9000DFE8391151EB1F14F3BCF4DEB8D102CF59
:10ACA0009BCDB8E3F759612B61442AE0B39D98C668
:10ACB000D8E519FACD3540B7D82A9B0008F471E3DE
:10ACC0009F2DB1ACC916940E08E7464303F5E60D77
:10ACD000CAB4FB029DD2D5FA075D0225F13809F10D
:10ACE000C7E34FE8ABC1D00A2437EDF759A5F2EF1F
:10ACF000633210F2A569323FA218C5DD48FB573513
:10AD00005A7F44C53AC9F0D499B9692225AB1B24AE
:10AD10004404C21E3E2E2EBFC897B6F8AAEFEC120E
:10AD20009E25FE0D25066363E294EB23B067AC37E6
:10AD3000ADE99596C4FDF29BB0A533B6723DEE1019
:10AD4000AD4BED2D013043FB2BDD409FD11AA5D932
:10AD5000C53C6F60FD2725432EF0594F2AA0338B49
:10AD60005DC1C725A4CF41D8FA5CBC25EA1F59BBF9
:10AD700046556854B4436E439A9BA8A8C3C3A8A67B
:10AD80007FCD286C59A7C4B2E5C6607D3B3BAAD7EE
:10AD9000632E8A51D65846D83B2B774BFF27B453A6
:10ADA000EBE03DFC2709E3F9D0DAECF8FCCEE41D3A
:10ADB0001210B0DB3D34ED3433DEF14D450E41CDA4
:10ADC00000DD2BEDEE3D32EAE116FDD002F435F563
:10ADD000F221F736F71FDEE07FBFD7170644F6E112
:10ADE00031EDCF12E5F034ECF22B1A14D5F01A390C
:10ADF000CEC94D0F1F051417DD52E8D9FEB0FCC6B1
:10AE000050FFC5383D091A2104D4D232DFD511EAEA
:10AE1000BA0CF028E4CEF9DB2FF128EB1CF440B695
:10AE2000C5909DED663602AA4AB0C50F34BAA23A63
:10AE300054BDF7FFFA30ECBC744FE03D0193F4359C
:10AE4000DA61E1599DC67127384423A1C4E83C2C3E
:10AE500039C50DA209E9C63E434400DDA85A3C307D
:10AE600041813A372A20C07338CC4EEC02CC2ADF1D
:10AE7000CAA688470E08F02D1F3A5CBDBC26B5BA9D
:10AE80003EE3BB75BCE69616D48F2001052BEAA9DC
:10AE9000F43A37F53BF21758933DF7D6D132AFB7B6
:10AEA0001F9AD63F9FDDC3FCC6E1F6F6E3E53946BF
:10AEB000222BE19D9DBCEBEECAACD1F3DED3232E59
:10AEC0001B0326B8FAEF0FB8C7B753AB45D73A54B0
:10AED00009810B0806C8623AD4D29700F7025AEFEC
:10AEE000F96F10AA202818AC4045077401B7DFF5A8
:10AEF000A83B5612FAADCDA853F4B25BE0232A501A
:10AF0000F81E0FC8EDD81D25BD44E79DE3E7D50623
:10AF10004FF3CE93104BD8E7075A00A1B26627052E
:10AF20009C2E01F7F4032EE916D7114736FAD232D8
:10AF3000B71E3639BF303A642DADFD17483F1FC9E3
:10AF40003BF127E2C2E90AA0643F020730435B26D7
:10AF50003C9E9EFAEC0A2AB5BE1DDB02AE6E7D1742
:10AF60006C4117BE27AAA8F46F2DDC142598AFCF2B
:10AF7000E0DBF7D9B548A5E5BACFDD20385AD524AE
:10AF800067DBEDBFF957B19F38DEA5BF31C9CB26CE
:10AF90009636CB674C0BB9F07F260E50FD0FFDBAED
:10AFA0009DD41D2CEB8EE2E308F04DE50BF831FC4F
:10AFB000FBE8B1A21B64CCEDFF25CEEF2A9D2FB399
:10AFC0003B5AAA2FDA207045F0091C81204AD34A47
:10AFD00039B104D0710AF4311B948365F00E2FAEA1
:10AFE00020A58547656BD8FE74430531BE70132AD2
:10AFF000D95340AB7300280445A62FF20D986E0F6D
:10B0000038ABF694A6C2D7D666D156AF50C8CA336D
:10B01000A59FF251333C73AF522D25A3D74F2CEB94
:10B020003BFF559DF969C1F173270EE91CB42677E2
:10B03000C6A8AAA6BDAA325382CC54B5813C33E43B
:10B0400013F6E6314FC828E608CE412833ABA138C5
:10B050004C1A49C6D2136DB1C0BE3DCAC825EB8893
:10B060002E7362C5B14539E1F7473D7B0F4FC834B8
:10B0700052379E05F41CC34056C389B4531A43E6A5
:10B08000B8212CB8D46B1E44EC6365E3EFDDBD2B17
:10B090002EA02527AB209773A4999762D5C22B19B0
:10B0A0000032F3B9291C98CABCEF370725C1D02B51
:10B0B000976A51E94C233C9C53BD6E07F7491ED556
:10B0C000F8083B132D24B9042C1BECAB4CFB00DC23
:10B0D000E6093B596C81DD00EF19BD780405BEEE31
:10B0E000029248E52643F18BE5DA9E1A533B69CB81
:10B0F0000C4F169B6FDA23CEC0955A983B1DD5187E
:10B10000ECFAB1DDAB33E744BAFA4EEA601FF35212
:10B11000099F18A6D74FCD8C5EE23EC609493D4136
:10B120005316A60D3D0575BC03F1EA3670904F230A
:10B13000ACDC2E03E844EF4AD4143D499B2F4BDB93
:10B1400070EE9F01024C530739462EA39F1D96AF08
:10B1500025575C1E9720B5E9CF9E39BAC83C3FA35E
:10B16000D54D1E209CB3374577663858C7E2DCEAD8
:10B17000F604A1FB45AE25C5BA1ACA510DCFCAC403
:10B18000BBD670EDC7FBFA81B4D0CC4A650CED2B71
:10B190002EAE2F526C2B098BBF2E0BB4F5011AC9A2
:10B1A0007026F438B8D9278859BC0699EC5803D6CC
:10B1B000D1DC7F30121306E12458E42EDDBD2FF4DC
:10B1C0001D3A28320EECB6D74A0A16132FA60F9056
:10B1D000216B1BDAD3F43075B661E40540316A4463
:10B1E000FAC3D0F4C144B174A4465B285497E8B1C3
:10B1F0005E39CEF626D708670BCDC2A2D8035EFD16
:10B20000351D26C862F71C96BC92076E2D91C907A2
:10B21000470FA92AFEDE54C317DEFEB4E913B65465
:10B22000A5054BCD3814E954FC9B911ECBF673CF8A
:10B23000EE701DED549FB2BCC347061835A2DA1C50
:10B240002B45E3B31966CCF8A15F38047610F161A1
:10B25000E1B4F734C8E2015EDBF3DA9CB9EE81F9C0
:10B26000D63FD81567D0C1002EBC14F227A8E361E1
:10B27000A6CA0DAB9112C456437C48FFA226EDFA34
:10B2800002333CCDD22F1CE6F54F1A3136191A2164
:10B290003FDF3231700430B8BFB8DEA72FF9533C1E
:10B2A00073C6C63E31C03FAA044F0F259E4F2AC623
:10B2B000B63ACBF0BB4F15E6B8A8E0ED246DEBC372
:10B2C000BF0FE3F62F0CC610C80653C43101C241AC
:10B2D00019473EB62B2CE63A2BE9E51F4937AC60FF
:10B2E00026AFE148C7B04D1A162F27F2A84B12C05F
:10B2F000FE29F0F2AB1824C0FFC6171CC626CE529A
:10B3000034D932E90EAD0F36CCBDC2505EF3944F46
:10B31000AC63045ECB090F6F20DC327FB7EB59EBD7
:10B320002CC21A3C67C9D32904FB3439B8B1A60C26
:10B330001AA8F94FE7F0AADFF23D4B1C0701000203
:10B34000036737C9FEFF94E322FB19BB4881EA2D4E
:10B35000171AE0F7D0F6F43D24E20FF85136C72370
:10B3600055EA2A2449A8030AE70AFA19E82F4CA14A
:10B37000EDA250E2BD3DD1DFE3DD13D03C3DAA2973
:10B380005537D0FFC92AF649DC62218E0C37A1DE81
:10B3900027E852B9E912583D8B4E4E07D511B21F1E
:10B3A000E69F2C364DB69D1C3E56D63A17441C4B94
:10B3B00064C4D32D13473DB30339A471D3172A5066
:10B3C00054DA20BC0966F44B93B2C550AC480F3434
:10B3D000EAD7574B22BD82A04F06672E32D983F0A1
:10B3E000BABEB6F30CB5C34CC7695DFDCEC820E349
:10B3F000A77CCA3647614ADF5D68A96154C0D07F27
:10B40000B6EC10C825549EE6D235E818ABC9441BEB
:10B410004097B7E9BCB6706EB15128480F8B377FA3
:10B420002162DC044422C4D002EEF3EC0860E10E99
:10B4300040AFF1B0D03A4FF4434011EC13F24EF26A
:10B4400020FC25E92D44A1C025F2CC1DD7F611F929
:10B45000CCC9EEDA25F5FF44E1E7A80D49180A3911
:10B46000D5F3F90A02F90DC0B7C123FFF55E49D241
:10B47000F8B4C3BF1D3B2AECB725C0CEE71F0BC9EC
:10B48000CBC506A705E53925E22BEC37F4A631C478
:10B490007FE34EED1AE1D414D63E17D02FF7ACEF70
:10B4A00018AAC43CD7B6196B2DA243A6594A4B26FD
:10B4B0004FB7ABCDCA0CDEFD376C4B64E9303A6A4E
:10B4C000E992CE9D51535B6AA04617B34EEDF272DE
:10B4D0005043DE090C5F18D75133B146E52075F9AA
:10B4E00017D4A326C55FC35872A211191C203B5361
:10B4F000CAC03403C8E62E5BECBFAFEBD6BABCAC17
:10B50000F160D53049F51C5DCB7F5BB63F20CBD9D0
:10B510000CE0822E8B0257BB3AD6A64333946AA620
:10B52000CCAC1660A92B69E707243B88F9CC423ADA
:10B5300009E9D7C4C34A4C840846553300A2CA66F9
:10B540001BD44D12D0C69809FD61B022D3F225F468
:10B55000BD75AEE00FD646A52E995AAA3C27365D9A
:10B56000AD81C9E0E74949B1445351E0DDC13FF73E
:10B570002589205858ABD8D5BFE80A4CF0F29E0078
:10B580002D294535FA9BC251E951393F0A64D5B797
:10B5900032BFA9450B682AD82A4DAC0B5D92536F78
:10B5A00056E82A2A3492FB07B4CD5AE5BC44D54E5E
:10B5B0002E276EA247DCAA7C28A217D91C6C6BC56B
:10B5C0001C47F2610B32DBDA7F19BF2720B877E125
:10B5D000519A461910F8FE3B4F0B49CDB2B3EBFF21
:10B5E000D0391F0E6008E4E436D2B9BF76C4A7D8BC
:10B5F0004D4A465C3E5702241F954F605B1FE73B58
:10B60000A7EAA34DE9B313321A43560224F137A92E
:10B6100005B52CD0C8EDBCEBF5EB1F2850B0C8A881
:10B62000081E592DA31AAF21279114AB3CF4CFFB70
:10B630002A4DB5047FA3A384DAB2DFE4289469E736
:10B64000CD764BF820629A2B3938B0BFD5A63EB8DC
:10B650000204FA16E1BA89B649EBE98A522B69CDA0
:10B660004E1432BA04BB01183E41DE333B084C97FE
:10B6700054D5A1054F55DD698C2AD7C4706B401F86
:10B680001DDC66DA3E6657A908FFFE58FEBBC30EF6
:10B6900072A74352EED1F94A4BE7C2009E97245657
:10B6A000DA122703C4CC51E1B4CC5303E843AFB45E
:10B6B000BFF7F6F33AB3D30E4124F21C1DD6FA506D
:10B6C000DAD2E7F7D735AE1C3BC8CDEA43094D4285
:10B6D000316BED4E1AC8CB3107CE1E3ECBB862A4FB
:10B6E000C8281AC1E89F244DA4CD9B7F096B3EE179
:10B6F000C8E5F4FB46A1535BC5E7FDA8D5F5D15BD2
:10B70000D70154AC3CEC21D0560A3E11DCB322B731
:10B7100001DC25E759F81E48A40528B8CCB3B2E8E7
:10B72000C75844FC6755FE16F046AAB8A5ED30DCB4
:10B73000A560445136A30B3140D8F65FF80538595F
:10B740009FEFA1D960823B5CFA24441DECF7F4CC56
:10B75000DEC1EFD5012FADB33B3322DB074021B370
:10B76000B46554FC6CB89C3463F9CF0B923BFA542B
:10B770001BC7A95FAAAFCF5DF8FDB8BCE476C4BF14
:10B7800046E0706628222E5924CD5EF71A29281526
:10B79000EE8107B0C1C58935F48C2A91F0C206FE4E
:10B7A000E8F9A434B90A43158CF1303E4AFE183446
:10B7B000A6A341F3BF13EEE2055FE8DF12F6420CE9
:10B7C00034D5F34CA4C253094AFDEC384640FB255E
:10B7D000DED935C24925F600D034DF5F1DDCE442F6
:10B7E000182FAE0F95A61E07C4E1192FF059EF4789
:10B7F000EB38F2D193CB45275BC9650BDE58B92AEC
:10B8000051F2DF29E9B37F4D22D41FF33B6468DB9B
:10B810000846E249399E096DC82BEFEC53BC2A3229
:10B82000CDAD3ABD47D82D3F35D0FAEDEB4CC8BD74
:10B8300023462FECE1C4BF1DFCEBD1F924A024E684
:10B84000D9ECCCC72E4019FAFF34EDBB09C8D8F6A5
:10B8500062F5EEF627EE0DC1C94AE60B37BB124A78
:10B860004E15410200BE207F56D118C4BD35F91FC8
:10B87000394A103233D961E60D2500B731E2F113B0
:10B880002706E62D21F741D23CFBCA533F3C05E099
:10B89000EB26194FF0C0D2C4A82EA3382312BDFF47
:10B8A00001A9BAED310D92C6A33D07F14FF404BBD7
:10B8B000EDDAD9D63C5C290EFEA89C0957E4FCA21F
:10B8C00013B5DBD4EBE6660B1E8103E3F2C6BFBA09
:10B8D000F628B8A15A322F6F0002F8F73B1E9E2BB4
:10B8E00030E0090ABB2339C19D1EE7F2065AC7B0F2
:10B8F00038CD5A08342C6FD7F2D83ADC3EE7BDF584
:10B9000023C4F2C4E23E2FFC40D2D3A61220A204EC
:10B9100027DB45D446B2D40F4CC0CF01333817FFD4
:10B92000C35956143E042D583BE2AB15430413FD96
:10B93000EEBC1955F1D23BA9AC8206BEE70108A6C0
:10B94000C32F1D08DCC5AEF813ABFB05CBD8D2C99D
:10B950002F444CD9F6D8A27FE9C2C3CEB1F83CD669
:10B96000E33B483B0241FA3A1C1A49CD40C8ED2D51
:10B9700003EAB351C0E3E86CD6BDF62CC19C24D6D3
:10B98000C5F0AD46DFFF45C52BE5A2BB0111A813ED
:10B99000C959E51BAF4320235E25293A23C5DFF7AC
:10B9A000B6D0ED67F9AEB8D7250D3E5451441659BF
:10B9B00047CA06144A65AF62ED53E7EA5B618C4003
:10B9C000E05118A1702D4ACD2B0FAD41AF729B9A5B
:10B9D000D2FD240D0FE3C60BB42144FFD48819D740
:10B9E0005DAB365A0E4A14A6DCA545E4544B2AC476
:10B9F000F845000814813208D9B0ECF95BB33A5D20
:10BA0000F35A4C5FDA28FA46C113323701F7B5C949
:10BA1000EEB65ABC58E8F601E73108531757B15251
:10BA200040E6114AEEA8D0D7C43CE3BACCD21DBC44
:10BA3000A9D71FDED452120DD5C8FDB7FBFAD9A67F
:10BA40000CBD0E1AD6F2D3BEEF21A34A3621121A2C
:10BA50000462692D40E412FAC31EEDEEA1D57FB752
:10BA6000B6411B53F7F4085BDCCB42163B0A47B9DF
:10BA7000F102531726C0D94F0A54D119C453FC2AD6
:10BA8000F6D6C5E40230E0A917D0DB50460AE91526
:10BA900053B80710C10FDD0BE216362247C92F4AF3
:10BAA000DBF2CCCD24C9E9F3FFC52AB5E666EE4C3E
:10BAB000A3D1E51103D0B144812EE2D5EB00E19F83
:10BAC000FBFE21380F31F7FE2BFD4EB5E2BDE147FD
:10BAD000BB1EB9C34DD13B12F7E7D29BDB0FB8CFEA
:10BAE000AED6FA0B1C5222BBF7C4060B0B0B99FA0D
:10BAF0002DEDD01CA6624FF9263643B15CD6E00A84
:10BB0000DEDF5BD9134CE83D6E0A5F5C08EB1CE29C
:10BB1000AD34B4E205BC18C91CEBC202D7CC32B8B4
:10BB2000D0B14A5712051BC29E253E6F32AD2E087A
:10BB30005EE94D0240DEDFFCED390C2CB0A0384C44
:10BB40002670BECC4ECEA3811E0175294BB4D232D5
:10BB5000A0434557512BBF0DE028EAF5F301B17220
:10BB60000325C8E0B0021FA40BA3C3335FA1FB0DE4
:10BB700022DD5712CF58352F18AD4504D8EC2D02D1
:10BB8000F7211C2D40E2FAB01407B8D9D2B4B6F4AC
:10BB90003A303040C0C5010C36BEBC00FCAB11E2EF
:10BBA000C9BF37EF3149DB1A199E425DFFFECF2036
:10BBB00016E902FF3150D6B92B59CD2036B92F4F97
:10BBC00009FDEE0CFDD028D60FCFCDFF2EE6FF1ECF
:10BBD00029CF205CCCFCC1F4D405F22F13A923C2D9
:10BBE000AF47D737D0DCD53525B635F405D7F81EA5
:10BBF0002AFB1F5CE44201F121D818B6E5EB1D17C2
:10BC000019AAF0A4340BD9CC031E18C1431730B2C3
:10BC100019BDBCD05575CA4C7F235347269EFDDE07
:10BC2000293DC6EDBA2C31522D29651EEDD6FE6D8B
:10BC30001D575ED24BEAC83828966607D104D1CD8D
:10BC40008343C0EA3BA0DE00AF7FDEF91E1909483E
:10BC50006EF84B09C4F35B554FBA4DC5B830A40913
:10BC6000161FB5A85A10456EF07417CAE1C49C623D
:10BC70006BC30E6BB4A19F39F4CCB3D73305FB3A39
:10BC80007920C4153CE4F3436237F50A9D573E9D85
:10BC90002B53A4401EE3C8DBAD3ADE9D9B5BE5ED74
:10BCA000B154C23CE79DD9D3B6B0B361BEEF32B850
:10BCB000EAB5F341ABA4F6D9EFEEB0ABDBFBE6AAF5
:10BCC000EAAC262E57B7C253D0E615D3EBC545E4F0
:10BCD00062E969DB0CEDDDEEF4217FA130E76ED681
:10BCE000360D922D4F6AF34C9D1EBF922734121BC6
:10BCF0008CF4DF590F1DE5F9BAAE18F6153E2AE3AC
:10BD0000A648132CB9D34D3C15AE13B0162D0A31ED
:10BD1000078F39BA1426E6EA110113C057B3A727D3
:10BD2000D59E3DB0623F724CD1DA406EFD3F6AF65F
:10BD30002D3FCA0FFABD4B37E6A7BFF7C7E04DDD71
:10BD4000D8D110E3B0CB1328FD59D533ECDD81D821
:10BD50001900C12D2BF8414B5DAFD1CB1486CF100C
:10BD6000B3433AE81DF521D4771F8FABDECBE13327
:10BD70004B0E07F6E64709C1FACE16035633E0022A
:10BD8000EA3D6C2BBD4F4529D1CDD349211AF4EDA5
:10BD9000AC3F7EBDBE51965D163D0F0885F4976F92
:10BDA000AE3F81CC3B1CEF17CB5011D561E9DFAF23
:10BDB0005217E8C147EACABC06342C3ED6FEDE68FC
:10BDC000082F1547CF0D321D9AD7E691B327BA0534
:10BDD0006C64ED43920F139FC0E3B3F23DE004FEA9
:10BDE000C3D87B3562DCC07276E31011C3EE2BAA98
:10BDF00051793E31F6F2BE1BD06BDD52B0C95AF814
:10BE0000CC49D9853065BE47662EAD3FBCD8784D4C
:10BE100028CD13FCB90B035B31FFBA7DF8FE1BC9BB
:10BE2000B063D2C7CAE9142249293E2FC5999BA203
:10BE3000F2652405ADFB65FE904AFECA48EFD7F2D5
:10BE4000690A33AF11E147921263DBC3EAF0B99F8D
:10BE5000075246E19D2EC6A4CBD65EC327D95A53BE
:10BE6000FE23E51AE52FE5B000EC9B8FBE5244336C
:10BE7000E2DE38549C3AA23814A60B156FDDCDFBD8
:10BE800081145BF8E1299238FD02C1ABBA1ADB4399
:10BE9000AFF323D2B2F3F0F114D459725EC2873CEF
:10BEA0004D6325C2512406A63AEBE551E21B244C12
:10BEB000E0283E8F10C4E314532EFED8B553CB3682
:10BEC000C4B7A7A2FF1360201BEFF53EF3E8E129FA
:10BED000E810A41AB40F42B806FFBB42D024C52212
:10BEE00025B6DAAAAFFB32F33FDBCAC2CA2A07156E
:10BEF000565D1E4D5FEC360A0E020311576A2DE99E
:10BF000040C6F37FF8EEBF46C3C3362C3A5BA06F42
:10BF1000042EA247C2106C4C4551E750D4CB382EAA
:10BF200029A3B2ED336004FBD5F75A2802BF2602DD
:10BF300023DECA5CDFDD63C8478A1CD20EE9BF532B
:10BF40000F09EACE3435CD5234CF44660F9B08A892
:10BF5000244F4B1453033D45F7367FDB1DCC0AC8F5
:10BF6000BF16126035E9CC903154F315640708020E
:10BF700077BD8DC45615B4FAB80A5BDDCFB8A41DE1
:10BF80000AD32BE1642210FF223A41A0011BC6888C
:10BF9000499F33A016BA564845F8CDF5C6B2CAA88F
:10BFA0001109C10430C748FB0BDA5A01103AF6D721
:10BFB0002D2DCDFB3E2D2637BFB0280C6D3FF9D679
:10BFC000175C20B1AD3827B6E5046ADE3104070FEF
:10BFD000A742167FCC08AC173A204DFDF10314FBA5
:10BFE0004F33A28A382E5EE86423EFBAEAD75FF6B1
:10BFF000D5F8CF5613440C891047D64FD7073BC707
:10C000000A611241D8D0ADF3DC37C528D0AADE04CE
:10C01000651CFBC0F83A2512F4FFE364C83630F71C
:10C020001530C79CC0B9350EDC31F4B31937B9A649
:10C03000DDE7ACD8A1EE5AC001EC1D2249E5CEF9EE
:10C04000BF0AB7FADFF334C91B3AABC59BBDF9FB96
:10C05000491AA129C804129344D3D4DE0436C6FC7D
:10C0600021E116B2D5D9E3DE0E3C1E083410A80239
:10C07000F1AD7A2730810531D1F326F0C5E496DFA2
:10C08000224B71D14D3707F05D683E92ACD32794B7
:10C09000105824B069AA09F22DF0CB43D45C9499CE
:10C0A000AB1DD32C95EDF875BCCCFE11BEDC9CF11C
:10C0B0004A52C0656406923DC43D2FEEB55EF8104D
:10C0C0001663F1F55C250B66D52564EB2B3887AC40
:10C0D000E0B6CA2B88DC03E555542EF865AE250280
:10C0E00046F948094FBAB31EDEAB47650AF5120A96
:10C0F0000BC58B1014E5D8D54EF33C284606872C8B
:10C10000287F46F3D34DA2DEB32E005C2B1BD7F75E
:10C11000ECE33BC7371146A9C4FB54F738A10FCF56
:10C1200048A443F0F0042CE902BEDD0E223D2A4B68
:10C13000383A9A02E1BC23BA8D2F0BF55E2FD1104D
:10C14000E9034324D2DA1CDCD80F371A44EB1BB4C2
:10C15000F1E6E524B6EA39C01F92EDE9F3C433B93C
:10C160001D15230433DF0516ADDFC1B60E074C04E1
:10C1700047ADE1550532CA3BD9315A22113C8157AE
:10C180000F4D3231D548C4CDF72BDEF3D81D314EDB
:10C19000016EE723F93D1CDCDD1C21DFFCE9BB2639
:10C1A00076E4128271C9BD81E4CCD05805E6064917
:10C1B000E15CE0A8CF16CECFAF89124AE29E960886
:10C1C000CDC9382A6FFDE4D7E69FBEBD40E0AEEE94
:10C1D000F797BE6097BCB3AA2AB86C19D00A50234F
:10C1E000935369BB44E35055F1FAB5DC10D3EE54D8
:10C1F00062BCB65E684B3D5AC910283913579DB8CA
:10C20000C830BDF89E5C72BCCA5C1E52C7D77D5256
:10C2100010DEDD242C10BBF1DFA314C397C017C4BC
:10C2200052A562FFC3089BBCC03EB3450258C6047A
:10C23000F541CC9BCD40479F23059C0940B2D8B126
:10C2400056D4CFF754EC30D0D6194B1D1D3E455671
:10C25000BE6C9F632B152140309D38432AB1A0CA84
:10C26000D6093901C22CB4E4FB21A9EFC81102524E
:10C27000EA1145A707BF14C91CC6E526A1042B086F
:10C28000F30C72E216A61D0DE2DA6BE653FEF3AC78
:10C29000C1D4B741AC7FD64558E0472CA005BEC1FC
:10C2A00020A5EFFAF30EF830A0CCFE640FD2D39F96
:10C2B000A32A974BFBDDB954B262E008405438180A
:10C2C000DEF81715DF4ACCCB65F40B22B7E6D9842C
:10C2D0001CEB441AE07F47EBBDB5E424DA1F03B042
:10C2E00000D80701C1FE33BF467B9EDF256D3A4271
:10C2F00066125CC6E0FC091BC71BF7162D0FD5465E
:10C30000CAF13625CE03425EDB26F8A7BC11EC2924
:10C31000A46803484F132B46F5ABF19AD42B4C4D30
:10C3200040F6B8E91BE9C8C0F32A5230522C335505
:10C330006ABB7608BFC42BBDEA899BF897E5D60493
:10C340007F76B223BCC701B56D3DF348B95B4D5252
:10C35000CEE8F2B327F9468B10917E287BB51C31CD
:10C3600091A6F10B25525417EE513B7B5DCA31BAB1
:10C37000892DCBDFB3AFB370EBF2C3A95BABD34274
:10C38000172F3EB7F6CA2A1CAB3CAC64D6A129E3F2
:10C39000D5F571AF3A2FE79C4A95E665D5D0112ABD
:10C3A00008972729A05BEF0654B0E5C0C729A8F578
:10C3B000362F6DA43C821A194D26C1EF2470A0CAF5
:10C3C00055360F3BED4AF0E7ACB324AF8183FB4A0F
:10C3D00028CE4CC432E444C69C523AF6BB65511791
:10C3E00025B9B96CF0215CD040C64C064122AFB4EF
:10C3F00054A4CD9E9DBB11E8B52235D06B2359C8FE
:10C400003CD9BBD9502767F1EB4407D91A38DF78FC
:10C410003E010B52DB1E73CA1755D229B6E133CC4D
:10C42000CC10FA8524A0B2F94C60584C283B8131DD
:10C4300066F8C338EFD3F22DDAA336B4F811CB483F
:10C44000103CFCFDEDE36F081D04FF4E745EFFEB36
:10C45000A8FC3A1215B111602304370E6B7483FCEB
:10C46000E9F5EA4D3D90A4FF01BD3BB239BF185E2E
:10C4700031F9A5D60FF6DC4AD5F620D92F9945F625
:10C48000D2A31BA558C658D2F0EEC1CAD59B0AE765
:10C49000A36D12BEAC72901E52275CD94E1A02D305
:10C4A0003E4B1C34239F11FFAF0DACC12CCBC4E11C
:10C4B000D165C33627DBBDCE97A7C3E2E1DA6AC4F4
:10C4C000B51E2A3A0A0BCC08CEEABE4810C5EE20AB
:10C4D0003FE4FEA0C5CCB09451E2B5ABFDF2F5BF90
:10C4E000E9F00DE1F0C1A8EC61B5FBD1C7DA37E1A5
:10C4F00035F7E9E2F55EFA66AE18AB9E82BC02BB88
:10C50000819ACA07C326AB8E1A2EE2671706DBE1B3
:10C510009F3AADCDD90103EDB6F24D248B0229AB84
:10C52000DBC34D314D19CB47C4CA34EE14EB434540
:10C530004128B451A16976B2FFE53356F5D152EEE8
:10C54000BC0D6EEA53AA05A2A1DD2BF9EC9A6E563A
:10C55000CBCDD81AF016391D30BD73BF6400E1CFC2
:10C56000C44DDE16E7DE1F08967B257FA242FA66E1
:10C57000F21D2F1EE711E9C41AB2F502C30CB02454
:10C58000C7483FC74C1FF011632D52040CADC98B37
:10C590004306E4F939CCF7D82DD9AE36F0A0E8AE91
:10C5A000B4C2581869DF151A63B82C35C333CCF2FE
:10C5B000CD29B8D8CD60F029A0D4CC022DD73F40EA
:10C5C000F4DDCAD2FB5815AF23B7901BC3FA481E3F
:10C5D000E4380668F221DDEB31BC520F9FDBE16DE0
:10C5E00018339B19D03DE9B4C1C6B9E303F721253F
:10C5F000173308CCDB045D97C3F69EB59C8BE41C17
:10C6000081600DE24927025626E431D61CDD509E9A
:10C61000F4AAE71523F55E00444E35B5EE282F4009
:10C62000FAFB3FE93E332E19A659AA3A27140BB656
:10C630004BB2CF5CD4532DFEC047394E701BB51B97
:10C640009632E108DC2C34D191430C2E0F16A2BF98
:10C65000C2F8E0F410CFB2DFDE64D920214008F741
:10C66000F9B2CB495CA4B1E5C08FBBC41ED2544122
:10C670002AC828DE071822012C81E3B920349CD671
:10C68000AE07CCF7EF320154C694E9C5B22ABD9A81
:10C690003FF3A99FC976514545DD03135364563ACC
:10C6A00018FC49343216BD9ECACCD0DC4E4DB91CA4
:10C6B0005C6FBFFD2FF1BC5C2E383136B6220017FF
:10C6C000C0AE4A0453FB0F819345B1246A49345DDF
:10C6D000EF430BB3D5C70C551333A7F7FD1911E57D
:10C6E000E537C3DAB04BF567F6C9C7A912589ED132
:10C6F00038B425EB4FA3933BE15FD5F7F52619B08E
:10C70000A6323D23FD3FF7BEA9A3E12EE1364F4DF2
:10C71000B7114BF0CEF72FB62F274956AAF412398E
:10C72000B33F990C6CC60450BBDCD0214C34B2E54D
:10C73000192CAC5D99AA1F4FD5C44C9E270D170B21
:10C74000513638DAAB352BB443CEEBC57F92C55D9D
:10C750003EC2A808D1B500B6B4BC5652C36BEDBCFE
:10C76000355044FA93C73DEF40E8CEFD96F2CE3AFD
:10C7700006C6E0ADA02F9EC85C7C27CF380A89AFE3
:10C78000D94CDBA71764622BC0B65F20C61AD298BB
:10C790001F32FA5C14B41C9F2DEDE36407153EE9CB
:10C7A000F0EE33BBEDCB56C118B535006619541BFE
:10C7B0001ECB34B2F6AAF8941AB8D0F3D0CE03DD6B
:10C7C000E5DCC643BFA8140B2F033BC1D5C1162916
:10C7D00005DEF34281E31F101EF4A9F91130E4FED7
:10C7E000FE2E2402EACF34F9DFC6C8BC0199E6F474
:10C7F000F2032AC536F3E839D42939BA99A22CC9EB
:10C80000434D0818D2ADD2F25440D5B7F618F79C74
:10C81000E020C6BB1DB2EDBEB93FFEC6963C2DDC86
:10C8200031DC21E68869F03003B8559CC0D3F29121
:10C83000ECE0CAA3648CBB082964FCEFA71EA92EF8
:10C840005D9CDB9D1B4A3E2E6AF76ED66D274C8E93
:10C85000D22CC3AE50D19A240EBFCDBD35FDE0BF62
:10C86000CB4A8ECFA42AEDA4E75234F15BE905E46C
:10C87000D3FBD7C2EA2F59434EDD121B7D4B22B8A2
:10C88000957624F04D8C3B51AFFFBF0A31DCFB673E
:10C890001270F50C4B9EDDAD81F620DAEC420E8F66
:10C8A000F7C6432C1EC664121D430ECE1891ACDF92
:10C8B00024036DCDF5C2E3FFA25C665EC342DA32AB
:10C8C000F4539E5EF4A85170E8CACFCF0FB12F0D7C
:10C8D000F45E0BFFA5A31B40A01444A5DE1D1D1B89
:10C8E0002915564BF7F168494259D95AE4EE360BEF
:10C8F000CFB2EA6D395A36F2994CCE58B8E84CD7D7
:10C90000204012C73D5AAA41484B367FF83F4A188B
:10C9100005FBFEC85B27554CB63C1672D4E927AF21
:10C9200061B2B212C14256D3F6F5470639102AD485
:10C93000421A36C3FA49CEB85810A0510FC5BA37BB
:10C94000AD38BDEEDADBE809B429DDD914B4310C19
:10C95000393007FAEC36E211E3C95BCE0625DF0D6C
:10C96000003BE44514D5D13DEB12F45631D8FFCC51
:10C9700044D3E0FB05DBFEB1FD3B524BF21CF2FC65
:10C980003366AFF319240EFF7FE6F3C8CE504DC6D1
:10C990005557F8181104A06CFEC5FB30D1FBE4C854
:10C9A0004BC1A8DCCB671950ECE02310AE1A0C0485
:10C9B000ADED23B4081AD0C622BF2C2DDF28F11C00
:10C9C000C3A735BB12E7C52C4032057F4DB7B1D1A7
:10C9D000B25C201BCB53026EE0D3CB3EA42DE922E8
:10C9E000A2A36DB3BAEEFAC35D04CA25C714D83842
:10C9F000A2243730E2E100C0B7FBB809DF9CEEFDAE
:10CA0000A96D03A3382AEEE34B1CFBA7AED3F6C0F7
:10CA10003D9CCE4FCE3D0BB8A0033ECF4C5036C50B
:10CA2000D81BB30D8154116DECA098E8E3590F6742
:10CA30009A56D918F9DDEDB054DB0CEA263B8A3D55
:10CA4000ED0CE948D381E34E2C54ABDA9B6642B936
:10CA5000D9CE9EC5E849C6CB27BE03363023C2AD2A
:10CA60000E5AB8C7C7F8062BA14BB8D03BF45B3DB4
:10CA700094C127CA4CDD9033CCFFC9A0BA42FAF466
:10CA800011F5C32D0197AAE461F046B61D1C1F23C2
:10CA9000E147A8350A2AE26601F41F35FCFE52FE82
:10CAA0001ECE62CE9212A3B4F51B139FBDACC6AED0
:10CAB00064BED39A3746932A2574CA12C0D3AF39BD
:10CAC000E28355F68269041D78F10F0656D058B2FC
:10CAD00057DA0A51453AB3BCDF81709C204E4E06AE
:10CAE00008EA7B0AB5FEF52858D5ECB326019BD39E
:10CAF000F99E926EBF3CC65EEECC0B076191586FFB
:10CB0000609F9B1D58C3B5B53D98464FBE5E959F2F
:10CB10004D7E4D19DA2045D0AA873912F1B7CAFCEB
:10CB20008F4AC75907580BAC09EB5A7FF99DC5FCD2
:10CB300036051E9FB7E9065ABFC2B6BB004206893A
:10CB4000D628CDB6F147E4A9ABF0440E11CB0AE9E3
:10CB5000EC4CA50898F3000BBBEC35C1B8BCD32452
:10CB600066DA14AE9A04574B4FECE595FCD70520D6
:10CB700039F314896C289239E3D2D946BE15D5AD64
:10CB8000C6B2E6C8FC47D2AEB6233CB0C8DBC71578
:10CB900014F71DA444692EC96E0B043CC9C410EAE5
:10CBA00006D99E47F731B521D2F0DB148CF6121B63
:10CBB000BAB5BCAADF01FDFAAC2C21AA06C0602BD5
:10CBC0003FCE85000037F8BEB4C6FD1B442022319D
:10CBD000C1513B8DA85847F6CEB817E3B30DEF0C03
:10CBE00029D6AD4A16FAC3CCDB7F1328BB8AB845D9
:10CBF00011CB9EA9E310BFA43AF1FBFD00D2FC10BB
:10CC0000353DD754EB23D96557E0F99C135DADC68C
:10CC1000F30F0DA6564E47A92C1D6032981E94B2F4
:10CC2000F9CFCA8CF1E6E3ACCEE9DE145A2FDDE58C
:10CC3000BC9ADAB1E2FA3B6113C610E3609EABF432
:10CC400096AF5872C9E1F7DFFF51E322211FE13CA3
:10CC500014C52AA1812837DD53B62544B447CBCD6E
:10CC6000154F47C143DB373DB198D4DED544BA0BED
:10CC7000DBB0983B0EEA74F2D0DF43CA9D53CC4838
:10CC800002F0A5B8F73458CE44DEBB9F301CDA174B
:10CC90008C11A014D5AA01E515E01D0F35AE15F4D1
:10CCA0000432191E1C8F27D7EBA123D1225DC2D4D9
:10CCB00099BB094807C60F49723CD4B9DFAAF4569C
:10CCC000E1B003E0D70325B246A6544BD9C8BC59FE
:10CCD000E7B20247A6E2D1EF282906A5D0109EBEF2
:10CCE00054FA33F6BEF2094310A7344181BCFA2747
:10CCF000BAFAE44A1BDE518903CEBF1F1C2351DF61
:10CD00001FEA2C1DEC1BD2CCD11C3845BCE017EC23
:10CD1000B0531E58E90912FC24EB3D01B1125FC269
:10CD2000E40C1F20BDCE07FCE125D1153B5F4A5125
:10CD3000B0F0BF2244F2096BE38EB1C1424569C332
:10CD4000810B285657DDA1464F072F72BE63C65C84
:10CD5000D7DF8525D396DCF3D10DA5EEE2361A2B6D
:10CD600010C340D1D7F8BBC90D893112B632C3E91F
:10CD7000024DA6BA16F1AA30C3980D4BD13E00273A
:10CD8000F34F2BE02E2A3E1A4265CDAAE54339B96E
:10CD9000146714093B99C203D8BC1508FC15B814D4
:10CDA000E4333EE15A6A1A8F97F1675E1D5C5BFEC1
:10CDB000ED1636220FEFD5FF2800C1272CC4CE0771
:10CDC000F87E72BD293BE66F1B30E559B4EA1E338D
:10CDD000A7149B6B46B6A09BD6CA09BF1F7FFAED6E
:10CDE0004B06D2DE6A4D5CB7CA1ECA6796316FD950
:10CDF000C200AB18E39C5532FBD7A9E04E1C2B5D5B
:10CE0000B03858A826D412E9AA30EAA1F7E033884E
:10CE1000F71C3C2649013D21D4CE5215231204CDE6
:10CE2000C63C3EFD54E7EEEB45E62FBADE03C60CEA
:10CE30001AE8E1104F164CEC2136DC37262FCCF2E5
:10CE40002B09C7E42D24CC2C262611CD0A0EF41A6A
:10CE50001020FBECDA21171722BED0D735417FB264
:10CE6000DB05FCDEDB272B1BEE451740F7C0D92581
:10CE7000F0C2EDE8EBD015EADBEEFC2AE614D9F5BA
:10CE8000523633361FF9B85247F3375C2AD82CB3E1
:10CE90001D2B26551C1832EDA0B23DC4F42BE141E8
:10CEA000E0FCA3C6DBE1C5BE28FE3830E7ED35CC9B
:10CEB00007D9763BC5893DD55266AD289E7E34CED6
:10CEC0000C69C5988DF1DDD1C033F3A62049E7B4D4
:10CED00010AD14D931672F2D46C44EAF7D72BDEC15
:10CEE00019E55566F4E04F0837D4A79FE0FB544B93
:10CEF000E6648C7FFA3001EA4D3652653BAC084A55
:10CF00009E424A2A0A44B456F0D5F96DADF1014962
:10CF10001129398349A5332616F66A09FBFFE27702
:10CF2000A9C3322935161E2B4FD31C188130FB079D
:10CF30004F8532BBA91CA6CB52049750ED0A9768C7
:10CF4000123839D486DB90DCA5CC149A459AB4A863
:10CF500046D1DAE34A6614280FB4CCE5BF4B481437
:10CF600090C5C01817EDD4B550A826FEB011FCE945
:10CF7000F874A54D03EED72604302B2225FDD4DE10
:10CF8000D5F2971F3808B7E039613FFF4809C71944
:10CF900069CC1B52C929B9635D35DD1623E1E4DB99
:10CFA000212C0C23E7FD24ABF107464DC8A7BD9407
:10CFB000ADEDBF27E215CC0BF4221C3BB81C062FAD
:10CFC00021A4B3542AECC465ABA5FC221525ADD829
:10CFD000C4A63715A04E1EEE345DB3BCDD0C005F59
:10CFE000EE7FFB176C37C7D40B259FF324F167B294
:10CFF000E0009AFCE33DD4FF8CC0CB5D1937970964
:10D00000FF58DA43D748E7422DF3AC0727F69CD503
:10D010000A0F35CBAA9784E5D7C3AA0317900F6FE1
:10D020006BFDEAC24031B563C3A9CCA734EA114312
:10D030003D5A4A05DD9F0F331A0AE1F0B451FA0652
:10D0400005CFB2A4D8DF2243722338F5D2FB19CF23
:10D05000ADAFC01E54D93FFE1ECAC094F59EA29625
:10D0600019F1FCDB08EF64FC35A919F01AA3B1E54E
:10D070004CE10343C95435FC2BCB381DDB0D9EFF1F
:10D08000D201A73559E75D55C2D813E249E54C7F77
:10D090009EA1A69EC652216228B82323CD50EA2520
:10D0A0000DF4E123312C11B1E64024DC3EF52A0CCD
:10D0B0004DFF0CADA0461318DAB53B41F7FDC51680
:10D0C0002D1F131538B7E6CCC0F51D0FD6EF38FB72
:10D0D000C104241406CBCDEC62B0B82ADDDD10CB40
:10D0E0006231D1C418CA1F81F7FE1306C3C010FAFB
:10D0F000EE1D3FB9E8FBE801FC3AC1C4E20E36FA86
:10D10000A3161F42DC36390AE324FECBFCA5445AA1
:10D110002733A80BCAD1BDA167411E0E1237EFDA23
:10D1200057490BCE4DB6232F2AF8D520F1B1EFD4B5
:10D13000395044DB42F2AC0902261555C50996E187
:10D14000EF54D62CC9FA1B9908430FC0E2C018D877
:10D1500021D60B3EC1515CE0F225FB4A217FE38AD8
:10D160003247454A40212932ED271C651E63F8F6F7
:10D170000508E10E47EF5414EDC4D70F1263CB5CE2
:10D1800020C8A766D7E43CFC34F43B39210B5FC0D0
:10D19000D1D70D9FD1A04D06CC01D2B61ACF3116F2
:10D1A000480C1839AEDE2B2CD8FCC6CA32CF4BEB5C
:10D1B00014D6155E27C8B2091BC2F34F045CC5B76D
:10D1C00049FE20D6A993E65DD3E34E28EF60A83848
:10D1D00033D86422CB82B3F80351381FA0D45FC187
:10D1E000C9762C27E4CA40DBD345F4D1B94A691D7E
:10D1F000450F5C31D6542E324E0B8E0881B803B1E8
:10D200008B7247A6CA5B4EB535ED2FD926AD55DAE0
:10D210001E48F745D605BADECC0452BAE02DB8E276
:10D2200063B0C7C6C871FE25ADCE3044369D2CC252
:10D2300099308A6FB819A2E1F793F5134167E30AB1
:10D240006C03BC0D3697F2C9472601C7812FD9C39D
:10D25000E0FC2700057C1E47FBEAB327FAC70D9CBC
:10D260004B4C33AC71B2DE04D729ECD9D4966AB6F4
:10D270002AE9411FCE58C0B9D8A647256FD63E47E8
:10D28000641EE1F9013102D9742568C5AA4EF33054
:10D29000F14E436FBB15973313636321C8B8F3C9CD
:10D2A000F91DBEC51507C740E6572661FA259FAB95
:10D2B0002CF373464D12EACA31B7E4153235B292F7
:10D2C000410DC61504E3EAB4E4AC13ECB6937BF568
:10D2D0006FA6F7559EC966354BF8BF10364901DA7F
:10D2E000534DB126B5D0BB406154CA4E6EBBB6D0CB
:10D2F0009AC727E25C425226C342270E1C30CBBE9F
:10D3000012810E00ED2AEDD6230F393615CC1323EA
:10D310002CF7DC66E81BC62364CCB3E5A732F21D0C
:10D32000DD5BCCF5B6F95841ABF757BEFF19AC3011
:10D3300022473A4B413521B742140FEF0FC943D86A
:10D340004E2DCFA9FD5AA7E09DB547FF2A31F1FA2E
:10D35000C2E2F7DB19D3BCAD49816558101FF4193F
:10D36000D30A52CC1101E522B8001D441756AFD1A3
:10D37000124F15B102462B54427B364D42E6C8B0DF
:10D38000C1C6E2410962CEFF76F841FCF4B7A7DAE4
:10D3900047E62A1DFAA8E6A10C07F93F1B0E340345
:10D3A0001F6813F0CFB8E00201BFA13433D4531982
:10D3B000CCD1CFF7C0B69E3320B8D23707D8641C83
:10D3C000D28FE85C1E0FB9237F7AF92BEE6CE74110
:10D3D000E55BC23D368AD01305B207D4C3C4EFEC77
:10D3E0002C32C3ADC5B5492304BE5234D2B453FE6A
:10D3F00028905C38D7040EFA105644DB1C3AB5541A
:10D400001D59CF51DDD62ED0B41648A56AFCB74FB2
:10D41000525BF25320EE0641A3FAB0E911F727EB75
:10D42000E5200000BDF3FFFFA17F00005ED2FFFFFB
:10D43000B2FAFFFF2DE1FFFF737A0000304C0000CD
:10D4400067FAFFFF211100007A71FFFF81FCFFFFE7
:10D45000A37EFFFF1F25000013410000B2C1FFFFA4
:10D4600014F3FFFF574A000068FDFFFFB5FCFFFF04
:10D47000803A00007E8A000084C4FFFF34780000F8
:10D48000BE2A000055EBFFFF6A2F0000349F00000A
:10D490008DC9FFFFD3E8FFFFC6E4FFFFA104000032
:10D4A000570A00001EF8FFFF34DEFFFF7DFAFFFF82
:10D4B0002FC8FFFF60E1FFFF63ADFFFF7D18000095
:10D4C000AB0700001B110000EEFAFFFF46CFFFFF85
:10D4D00082EAFFFF80290000A2CFFFFF26EEFFFFB8
:10D4E000404500001A2E0000F6DDFFFFB2EEFFFF00
:10D4F000741300009F4E0000DAE4FFFF89E5FFFF90
:10D500008BE8FFFF52E8FFFFC1F7FFFF9AD6FFFF4E
:10D51000B2FDFFFF41D6FFFF3AECFFFF0AC0FFFF5D
:10D52000A61400004FAEFFFFE4EEFFFF71A8FFFF5F
:10D5300069EBFFFF961B000040F6FFFFB09BFFFF6B
:10D54000F7DDFFFF63360000682F00000DACFFFF22
:10D550005804000056450000B3F6FFFFC8ECFFFF7B
:10D5600031C7FFFF764D000012E6FFFF49CBFFFFFA
:10D57000A83F0000ABA5FFFF58F2FFFF09B7FFFF70
:10D58000E761000095E3FFFF7CE9FFFF8E430000A9
:10D59000D61500004CDBFFFFDFFAFFFFBCDEFFFF0C
:10D5A000C5F2FFFFFACB0000E6E8FFFF72190000AA
:10D5B000D014000086E2FFFFBA140000BF84000010
:10D5C000422A00004A7BFFFFE8D5FFFFB25400006B
:10D5D0000A3B00001E330000816D0000A2540000D1
:10D5E000B16C000035240000870D00004CC4FFFF23
:10D5F000FFB0FFFF40B1FFFFFD1E0000E84B000041
:10D600006C290000BA1F00005FAFFFFF24FFFFFF7F
:10D610000BEFFFFFECDFFFFF5AC8FFFFDCE1FFFF6E
:10D62000921BB82FB3819E7F2BCCF5215ED49FE651
:10D630004981E8CB36EF6CB809C2C83F571BE87781
:10D640007FB66B4015253E6C81D00D939529A55171
:10D65000E547E4F1E593EEFECA3AB9201F86FF2EB6
:10D660002FEA455DF97FA74D437F6D5024303DB9CA
:10D670007FE8D75F7F7F2A59CCA6672B0942B9B9CB
:10D680002EE7DAE054170389C930033D7D1B3A7F4A
:10D69000F5D1B8FFE6E428ADE01AF41CE57FBD3A09
:10D6A00081421DC02979D50F587D56D7288FF32B7D
:10D6B00047CA229645D47BA73426D132EF34E34AB9
:10D6C00014408F735B402E79E1DF2557E02DC06851
:10D6D00091A5EFC2A3C2C94A75BC4E26819891DAC2
:10D6E00003D3D5276BE8C9201499F023949F81A216
:10D6F00064C856D349EE81D35CB05415101E3C0C5F
:10D70000E8D8AFF5D8E86036DC81BDFACC562EA754
:10D71000C2BFB5F0E9A5EF8981E2D8813F73F99FD7
:10D720002C7F6E85F872C3220AD2484C680340F5FC
:10D730000F43B853AA16DF2F1D9AF7E18181CA2A39
:10D74000ABDCBF9C81F6BB81F47FADDAF9BB81B95C
:10D75000226FFB2FB8171E8ACC8108F8CC81F6EA1D
:10D76000817E81CDACF9922B32911EA81644FEFA2F
:10D77000E5E2477FB7E998327F31581D7F81143C3D
:10D780007FDB7F4CF7251D657413E1EB5B4EE6E50F
:10D790000738A6C619938D7F19F545DC0C1F7F004D
:10D7A00036693D0719A2E33652A559237F7F81DEF2
:10D7B0007CAE418137247FD92214CC3E0F37812B98
:10D7C000EF0D7F50F7311A500EE9F5889B36BF03F5
:10D7D00081CEA4F40AFC3CCAB1B3AE42E789A3BC33
:10D7E000223BB40F0648EA2DC3D27F3981CFAE9ECB
:10D7F000BD4361F7D83CE1941806C66C5E591883A6
:10D80000302F9D7FBB3179817F896CF559EB47AF14
:10D8100092DB05F81D2DB821B7FBF85E8104B9FB3A
:10D82000EDF72086656DC4DA815E56F15041827D48
:10D830007F23D01C20D8E281DAFAF53D03C5BD3440
:10D840003E45E16ECB7F6AC8A7D0BF7CAED903B09E
:10D85000E3C90E15EFE214677FD818C9062B5B8168
:10D86000CD2FB7029674357FD6D21A29EEB383D066
:10D87000528ED223FDD6FDF2F7F0EC6A042DB77F6D
:10D88000623CDF273481810F291668C28109D3BB2E
:10D89000B37FD37F167F53AB6938D5BF1418C781C8
:10D8A000D4297F5332D31C19689E9A8143D1B2B1D7
:10D8B00033F281EAE70058D5D76A8181CBC1048170
:10D8C00007A2CEB778B54C060AADB53281C3AEE635
:10D8D00077FB190B127FE48222FDAB81FFDB9FA354
:10D8E000CEE720DB6C9DE5C10A21D12C40852C526E
:10D8F0005826E55401FF9A87F57F7F2B6C437FFE06
:10D90000C4418D041685BACEB72E961A462FB8DDBF
:10D91000286481302E6F7FF7ABCE762C121DFEA3CC
:10D920004F2A2781117181DE0E507FBDB9E63DA4DB
:10D93000E49FED1A8B7F2BAC817A06F708D1224841
:10D94000F38116811F764BAAE6F20696127F209588
:10D95000AA470E51DDE3638129F6CD5002D681BD81
:10D96000F71A37811A6C7F2C1B079A7F617F992CDD
:10D97000BAD453CB7C82E9EFE1551881FEDDE0C8D3
:10D980000EE3B001F7B824F2DAEB7F1403F4F848A1
:10D990007F09E3207FEC1FF6657F03E3435AA65C13
:10D9A000B3E36F18B80F50F4FF81F8C4BBF8FC4F15
:10D9B000C23C96B27F1B35B6DA0F253A9C8C77F3C2
:10D9C0002E4F70A040EE56B8A8D47F7F09031C816B
:10D9D000970A81817FCDD6A019F47FEDFD54B4DC88
:10D9E0003481A74AE3B7AA677FCB3E070AF4CBB8D6
:10D9F000667F7F91770832D01896E1AD026D2B1FBC
:10DA00008B7F0904A80CF74861B3377F12FAF9F449
:10DA100051F67242421EB93062133256A794F9365B
:10DA2000AACC90048119E7D1261E8ED1FAE2E07FBC
:10DA300041E700FEBF914F49C07F34A0B014D5AB81
:10DA40000D0AE79FE43D812DE8C4DEEB59DCAD040F
:10DA5000117FF9254B787FE5713CBF3CAE37D8EE9E
:10DA60000AD299467FEC0643605DAA43BAE1B87FCB
:10DA700024FA0546FA60D87F072630FB9D2762A965
:10DA80000B5AD4518129CF3ED31D1FBECB8181E5D6
:10DA9000F723322F0CF8A3862E127F380C9C9EB7EA
:10DAA000181500009EF0FFFF66E9FFFF6C140000F0
:10DAB000B4FBFFFFAAF1FFFF651000002CFCFFFF85
:10DAC000A9FEFFFFD102000090EEFFFF0308000057
:10DAD00080ECFFFF54F6FFFFEE1E000032EFFFFF69
:10DAE000EAE5FFFFA40F00009E1800009E0F000053
:10DAF000DFF7FFFFE60100008FEBFFFFD022000001
:10DB0000550B0000A1F6FFFFAB1000000000000065
:10DB10004715000042090000F9110000D8ECFFFF92
:10DB20009BF3FFFFDEFAFFFF670A00006A030000B5
:10DB3000AFFCFFFF5DEBFFFF7AE9FFFF52F8FFFF4D
:10DB40003E1800001F0B0000EC110000BBFAFFFFA5
:10DB5000691A000005F6FFFF1512000049080000D1
:10DB60009E18000033FFFFFF7F09000049030000FB
:10DB7000A6F7FFFF2BFDFFFF95F6FFFF76120000D3
:10DB8000FEF0FFFFE7100000D4FEFFFFA50200003B
:10DB9000600A00007E0900004B110000EC2100002B
:10DBA0005405000071FDFFFFAE1A0000F0FCFFFFFE
:10DBB00040FBFFFF4FFBFFFF6B0C00003DE2FFFF50
:10DBC0008AF4FFFF2F08000064F4FFFFF0F3FFFF6B
:10DBD000B6070000D90A00006F1B0000100100000A
:10DBE00033E7FFFF390100001AF4FFFF45F0FFFFA4
:10DBF0005CF3FFFFF6FDFFFFDD120000480B0000A5
:10DC0000D2F3FFFF2D010000F7EBFFFFA8F3FFFFAA
:10DC10000EF6FFFF94E8FFFF68F4FFFFEBFBFFFF4A
:10DC200050F5FFFF81EBFFFFD41300008EF1FFFFE3
:10DC300055040000E1140000FBFFFFFFE4F9FFFFC3
:10DC4000C1F3FFFFD30B0000BAFCFFFFE0020000AE
:10DC5000EFFEFFFFC3F8FFFF57110000490E000061
:10DC60009A06000088EFFFFF0E12000032EEFFFF61
:10DC7000DFEDFFFFB0FAFFFFECF9FFFF3913000003
:10DC80006B0000008BF8FFFF28F6FFFF8B090000F8
:10DC90000205000075FDFFFF98FEFFFF331700002F
:10DCA000E13BA5EDE45E2730AD2C36F840D3C19AB8
:10DCB000B31EE50C153A09E359F5D465BEEF2235DC
:10DCC000240730E79E6553D4A9D108ADE22A29463E
:10DCD00081FD45A6623CA8135DBE17EB13AC512A2B
:10DCE000A5F1953FA70DD7BDBC3D3D0D18AAFCB4CD
:10DCF0003B13BFBD2DC563154FD74E12FE05DE3E4B
:10DD00002CBC0130FFB4DBD75BE732042143D836AB
:10DD1000397D6097E042DE3416FFFA0E4AAFB9272C
:10DD2000E4D30A8AA9C7E0F5FAADED47766DF6B2FD
:10DD30005555CFE88B64340820224CC8B61A46DF0C
:10DD400002C7C9EFED1333BD1A63D84E2503CD9238
:10DD5000F5CFAC24B32FF9D950424BDFCA3E6BD478
:10DD60002607B470222941315DF020ABBD19FE9C1D
:10DD70001E5A59CC192CF93D28E8014BCE3F1D57AE
:10DD80004E0C15095AC8339D53F0A62FCF30B5223B
:10DD90002B658AFCC786E67F9E2620039220168884
:10DDA0006C591F000801E013FB0EB9C33D53F12E5F
:10DDB00065604DBCFBB9AC11D1E9F6DF38E3F9265B
:10DDC000C1F51DF4D8D44C102D7FA65B6E1890269B
:10DDD00004C0B133C748BAC5AF38382CE91FDDB924
:10DDE000AADDBCBFFE4F45FD20F84F14191315F6F0
:10DDF000C70D1FEEA11BB0E504234AB336B91CA919
:10DE0000F6D9A00621951BDB75194D1AF21C14AC2E
:10DE1000E8BFFB88C2344F93F34836A5E90F51326F
:10DE2000435158E1CC5928255AF00A275203682F4C
:10DE300063D5F22E1EE664CDA45CD4ACF5353C7FF0
:10DE400062D4D6426468FCE64E495FDFA90FF5CD87
:10DE5000F23C44563810D0FD8624B03D0DDAE72C54
:10DE6000C1ABD02B11D3D5C1B83BF214641B30D950
:10DE7000FDD204DDCD30155E3EA41A646346A1B226
:10DE8000B821F9B9CFB454AD359436C35EBCE3259F
:10DE900010C0530B4358E94A171814D3D9BEB2EF38
:10DEA0007EC9025FC741A73A4A4631C616FB7422B3
:10DEB000B4A8EB0F4942E9BE5625EEB1C44058D98B
:10DEC0009269C1D54637E4EDED68C1FEF053AEFC72
:10DED0001EC32325BCABF5CDF6BA6DED68C85DDA7F
:10DEE00023FE43681D14693BEB9CB5FD1AB2F54B4C
:10DEF000AC28120BBFB6C3B044E6DCE76528E90ADC
:10DF0000ECD4BDD4FEB1A97F33340AD000A8CC47ED
:10DF10003E10FA4E15E13CC1C049DCE8E0F4DD1DDD
:10DF2000ADC8D23CBD5639AC2BC1959F2F3A1512C6
:10DF3000A5E5321F420B6F0D1E7FDC5DEBF0292C37
:10DF40006D14D61E78B0382C1AB23DBEE5F93908EA
:10DF500039732AAB30C72E322ACDD1B0F051E6CB7F
:10DF6000A5334F3B1450B1F6E5ABBE313B37114AF8
:10DF70005D34D40F3D6303D9F352ED3728281BBB22
:10DF8000DFDA3ADEC6055231DE15DD2C3328B64D18
:10DF9000A640F3B951F072F220CB0542C0F932CB62
:10DFA00003143FFF4B902340832B61263CE285BB4B
:10DFB00022083539FE0F2366B0C30C17CBF08FBD96
:10DFC000C3BC0E140C0B1E1EB1D99B07DBDAD52780
:10DFD000E0292910A73AE9C9063A41ABC1C4F7D8EC
:10DFE000162BF6953E54510E552D4607183A6721CB
:10DFF000ED5DDE60363FC80D3968ECC91DEEEE847C
:10E00000AE5B924FBCA4BF580C4393FBC61A814E23
:10E010000C3A47041ECBE5D1BD58AD452FF90ED2C1
:10E0200007ABA4E4C241BEDFBDC01257A48AB1222F
:10E03000D2F29F300D54C2FDB6F935073616F7659A
:10E04000F94F1F2877ED30FEB1B3CAF7D347072F3A
:10E05000CB0EC121D97FABA4E9BD54E2BCBB0C8877
:10E06000EBA268F1BF53370253D6A7E9C32B203286
:10E07000CADEB110CAEFB721C1AF344CAC5E9BF51C
:10E0800019F80AE1A6F250E715224139C7C0E6C9DE
:10E0900074505FD26F71DB6719C7A82BC2A895A90E
:10E0A0000C46FEEA31D1C1D7DA44E826AA3DA145A3
:10E0B0000E2AF28D1AF620B728FBFB0BE2A842C00D
:10E0C00066FBF6C7913FE811CF23D969F0E2CA2A6F
:10E0D000EEDAC319F048A3D933E0C315F1BFB42475
:10E0E000D4AE93F3D9911B19114A61DF24DBDDD142
:10E0F0000CE3C417B0FCA7D527EF211C03AC00E448
:10E1000025AA22B6E381B1FA43FCEC3E890FC1DDBA
:10E11000F6DB5C2745B13D7606237DAD4C9EBEFF08
:10E120004137A94BC7385CE3C226A908B7CAE2DD6C
:10E130005509ADDCE5CD4F0CF271E329E0F0A40CFC
:10E140002C9E62124AFDC2B0E40D161004391D382F
:10E15000AFE23514EE011DE708DFEB4CA8D1C43B5C
:10E160002F17BDE41AE6BB4502EB0EDD2129E7B708
:10E17000B3D066BA7F442F4D36034114CCBDA2D52F
:10E18000A964CF07DB43F448BE3EB3D4083C456FD7
:10E19000E8CE0A434033CFDADBCA50EBF1E0F1E4DA
:10E1A00062423EC0380E18F3D4D4FEB901E8D1D093
:10E1B00001BE371D4230F94812F842A3D12628ACDF
:10E1C000D0D832A9DC0CC76717026E42DCFDC90942
:10E1D000DFAAE355B227D0204B8170B5D4E8362FA3
:10E1E000305ABA11FC60AD1C3BB2B43F9E3CF4F017
:10E1F000C517FC1ED06217F9CCB3CB6D0457BBB169
:10E20000E5EF1DC6C33A45BC52B9DB01EE2BC4484D
:10E210000812DC2DDB2D2AEF11563A015A4C4CE640
:10E22000EBC0F3AAF31340492EF45297EEBB2F50E4
:10E2300040E018BE66F10DE8342CBEAFFDE3112AB4
:10E24000E5AC4DFBC013E0C2F220061EC1FEC2E0E9
:10E25000321E251BA4594FEDE23BCAFD309FD1ED84
:10E260003D21982F37FB1B6619A3FB435633090E3C
:10E27000C8B9583E2C0F9FF0F93F4229D006255FC0
:10E2800020C506D90842F0270D12F5197FADB1510E
:10E290007D27B348BF2F64CED1E5B4B1BA1FBB28E8
:10E2A000FEBFFF4E9DEA0F0AFEB2C51E9FB563DAA0
:10E2B000547B98A0B0B24FCF651117B5EC925107BF
:10E2C0000E4C2E9C276BC043BE5C211DF04232E1F8
:10E2D000892D24394B0649394ADAB12CBEC843D9B5
:10E2E000DE052233341AC0002EC4CB4C6AE9A4D810
:10E2F00077C2FED4F9F1E57F26E95E4128D5AD6409
:10E30000D50E415C334CF8F91016D1A79EEAE8F11E
:10E31000F69F27CF415F67CC16596641E42CD9A8F8
:10E32000CD1B1E2AEA2B3139C1250318ACD07F4BF7
:10E33000AF4C04F45B47FF3AD975ADF68CE90E9506
:10E34000DAF1A8C8D5AACD4BEC4348CE730DF0D373
:10E350009CD323E638DAB0AF492C2F5DCED22467A8
:10E360005BE07D3F2BE1CF2401A76ED2EF06EF25C6
:10E370004EFBECD943165DF657FF599B558C44A3D1
:10E38000604518A38DC1F7F1F431C9B2AE530CE367
:10E3900012C5265EC0CB0128379275BDCD85A84435
:10E3A0005B62593B2FF2EBFA65C7D5CD9DAA0D21D3
:10E3B000C8A82E4C82EDB9C41C400058AC3245A808
:10E3C000EB66E71F21C5B35E0B4BA85E3CC5375E0D
:10E3D0004364D303ED03A2CB6A45FE3AAA1F22BFD2
:10E3E00050C5222EBD2103B114BFD1312DF478B414
:10E3F00056680863AE16C1112E4BF84A529823AFE7
:10E40000205BF59036F3AC0B1EE7F2B617DB07F78F
:10E410000BF6EBFAFC7FAB965F515DED3A19D82A0B
:10E4200001FB44C65C0C48DDB9334E01DDC848A68B
:10E43000A02E39A0DF561D655B27D9F73BABE25311
:10E440001436074BDE28DDCD23C7313F0B300F03D9
:10E45000C1C6ECD697F1F53E12A7291E4452161CF0
:10E4600022B6C5189026C223F6E433B4D4E02AF1CC
:10E47000E7D630C804EDAA39BCA181C5F9C6B6E11A
:10E48000201E241F540C38AC444BA4AB41F72A4344
:10E49000B90BC48E39A9BA3E180B03CDD0A62737C5
:10E4A000423EFEEA465001FD58F53BDB504A46F835
:10E4B000201458E0CBEF3156AD2BE311264DCBD9CC
:10E4C000613842B63DB616E034D10D8101E31A6ED3
:10E4D000DFDC1EB509F6A83005EA195ABE03ACBB4D
:10E4E0001BFBAC5E44F6CCE8FF09F9CA54AB242C04
:10E4F000E7DCB5A9416C3730171ACAC5EA4D8F144D
:10E50000DECA03BE4EAD53356530E5E64047477978
:10E51000250C315C7AA63E13401238F1D8E10CF597
:10E5200031E0C167A0FC38FBBBB1DA7440DB403F8F
:10E53000D639CB01EF1D8DE300210936F82382CEB9
:10E540002AFC431BD337B6192417AEBF1A81364CA9
:10E55000EA4C180F55DCD3670FA21460C7F82CC81B
:10E56000CAC6E1E1F3D02EF7D0B96C72A55DAD015A
:10E57000E20F62E0B4C6E6FDC5638EBDCF115F3029
:10E58000C2AB0F2B3D2AA436CA326004D533F23118
:10E59000AAB3ABA4F8B9A3355D789D1E6BF5A79D12
:10E5A000D5DC003349E3F61CAF02A3AB36E3394CAC
:10E5B0000335DCF03942BC0ED5F2278E24DEBC1FB9
:10E5C0004CD9011A534F02411CDDEE50F208AF0145
:10E5D000C61D520EBA63D0A41B3A37D65C0F8E5DAF
:10E5E0003CF359541FA27F0513BB25CDCA194AD449
:10E5F000062B0C1051B6F1A1FA076DE5C91052E7D0
:10E600006ABB281740D1AC1418D2D3B4CF12E8AEED
:10E61000331334EAAAC297BC46C80BEB0704CB26D7
:10E620000939D22BF02BDEFF282518862DF2C5D113
:10E630008813892B17D3D425D07F84D0EFE4A2EFA1
:10E64000AFDFF6D4642DE8DC6E10BCD5B1359B5439
:10E6500043B2395B4D3E341246914597F70442CCA4
:10E660006AEB3B2FCFC7969F45E326A6FD0647469C
:10E6700048D4BF1514CE09A32EC8EFC7091764F8F4
:10E6800009B93BDDF224B966DDF357CFD98ED8CF77
:10E69000B3B1E7113925F598F0E143072E11F71DC5
:10E6A000C1A3CBB23801526CE4C3F85358EF3CF528
:10E6B000D5BC3C134AE52199DAC91162641E184B96
:10E6C00011CE0E72D02930CA11C47D93C7E8A0F4D0
:10E6D000F90913500FA0CFDDA515C7279BD27FA640
:10E6E0001807C0A5AE03534E2B5BBA1B2257979158
:10E6F000109E4F54C6C3D5B32E250BA830BD9547E9
:10E70000722A73231F84D02D05EF2D51C8093B14A5
:10E710004FF833CBF659434939C026D3636C0FFF0A
:10E72000C5994DD8CE2146E47AF2D531F6FD58FB95
:10E730004DAC8C40F5A2F6A8CC51DAE23953F5B6CF
:10E74000DCDBF61B2711DA3DCF5FCD1E0CE24A5908
:10E750003D372AF4EBF6A01E1E21ED5E06C63402FC
:10E7600049A204773D1E0DB4DF4E3F1922E385AF69
:10E77000ECE2C0E9BEBAB907936F2AE9F010E200F3
:10E78000B1113531DAF2F91344DFB8933A9C3314FE
:10E790003AD383A857AB9EA7CCE35C81C2E02FECB1
:10E7A00033338D57DA8F992EBA98DDD614CCC02A20
:10E7B0004ED55C9BE521CBDD0447302E213F9FBE2B
:10E7C00040994A67BEFF400D64BA6B484F66FC54DF
:10E7D000C8DAF318DCE4693F223D06DA1DC43D3F88
:10E7E000C8A4E86459A9FC1EA7FF7D3A2597A00795
:10E7F000BF4BABA5812F5D422A9C79B4F67F582090
:10E800007798C43250C6E9DD2A8EA706B5FB439C33
:10E8100074479F45473EEFF62BD59F3BAE563C4293
:10E820003EA31A4BBB0519FFDA08141CEB2C290276
:10E8300050498BD6CEB8FDCE3B0667F8D0F0CDD38D
:10E840001FE86866F7511132FFE300F0B47E1D1037
:10E85000021A5BC706DD402AA1021C184942584330
:10E860002044D3F3D618E548CA109ECB2257DC7F4C
:10E870009844AC990F3B4AC7299DCD4221422AE1D9
:10E88000B6E4F864E292FF7054A61267DC53D1F349
:10E8900051AADC1956EDE35060F6D26654E08A2B9B
:10E8A000D911CA59EED93CDCFAEC1347CB324CBA39
:10E8B000C9CB323F963B411111BCB10FF51FACC81B
:10E8C000D5AA6A93AEBE065E3B58C24CE231D9DC93
:10E8D0004461C2390700A3243BD8FFD7EE816AC642
:10E8E000C823BEC0C753BE1D0D2EB214174E21063D
:10E8F000BDA623F69741B150073FD5CFFB529E0FDF
:10E90000BE134222334C394A53CD4B1AC93B420005
:10E910000F372FDF6A0D043DB2E2203507F27CFD90
:10E92000EDFD9B4D31065533CBAF24030CE814525B
:10E9300020E1AD3C200073433D2FA119F0BFE3A0BF
:10E94000E5F045FE57F539E47FB95D160E4F6211CB
:10E95000F2539C09AA930CFFFF101BA8B1B9B37224
:10E9600016B54414FE58FCB252B03E06AD40E92044
:10E970000418E5C8184493B566A33050D3BE430FBE
:10E980000D3CE91FC2614A09061F25EB3D7BAFA97B
:10E99000E4EE69F5433A52C503F9A0C84DCADA4A14
:10E9A000F551FEB5EC95C1AF8F162E2FB1242D5A1F
:10E9B000C4FDB6F9A3BEF652DD544345BA301A5A27
:10E9C0002CA0E4B5AB0AF05502F65C8D2A701EE768
:10E9D000E740C495EAEFB11DD3C868D39B231CB7A9
:10E9E000E01153F13C4B3ECE9F4895EC31DDB5171D
:10E9F000C6D50C05B95317063B4FAADAE5D49802E1
:10EA0000320BF4E7180DAB3EB6E5A21D0B273EAA6C
:10EA10004CBCA527EDC849CFC481B048C44F12FCF7
:10EA200063BED836133E11B5CCC4E4A6FA11E15545
:10EA30002657EF5E23E05A16AB3AA7ED5332BDF3EB
:10EA4000FFCBA0445F4037103FAB4BCC2EDB40CF19
:10EA5000D1041F29F236CDBDC05F440312EBCB5E5B
:10EA60002747E9B14B27FF327F0520BA12DDE424A6
:10EA7000B756E6FEF9ADCC5458FF54E41AB16252D1
:10EA8000D1E8D7D93EF0D1EF180361465C1BF4BB47
:10EA90002B2DD0466F38EB2DFAFF05DE0B54C6F94F
:10EAA000ABFE72CACE512C506660379EAD5652CF27
:10EAB000BBB3161FC3181C14FE43A759CE5AB51872
:10EAC000AEABECC3CBAB50C2E10FFC1DA2ADDA275D
:10EAD000D319CD10171AB8EA23B0C1CBC2230F1F28
:10EAE000DA725602E9CDF17965324DEB31BB00F2B5
:10EAF00054D7474D089AAAF081EDACE1F60127D62C
:10EB000011D9D82D371FE99E1FB7E646BBE8F65549
:10EB100000CDDE236D65C6214B61F301ADFBEAF646
:10EB20005736E7F3F82805C496DA3915D073BEC80E
:10EB3000EF96480C1911C136E7361CD53F1A2C3315
:10EB4000EAA51BC89FFF0EC41D99529B006AD432D0
:10EB5000DF3EC1F53E530212AA22FE0BE546163BEC
:10EB6000C48F4FD9F8AD9F0B3F6718EDBE0F162528
:10EB7000141E51E245A6DFDAAFD69FCDE0A4B62041
:10EB80003247FCB9C2D135C8C2A73459D1DEB6CAA2
:10EB900021DBE324387F4628AC5552FBB21B18E931
:10EBA00055BEBD81E3561501CC07A1D3AD2852F661
:10EBB0000B50F6F9E8B8B1AD31E6B8CE33D7EBE596
:10EBC000D6394F16AD2725110917613EE6270EEEFF
:10EBD000041E0BDAADD64F38EB2E1ED8A6AF530E5F
:10EBE0009DF19EF8AEF85C3925B4EB1F08EF0E4A94
:10EBF000C9D7552021DF21F4BA18FED039A013D887
:10EC000028B53B4208D147463CFA34402E3B00BE73
:10EC100049BBEF2852C1351BE20AAB06B5E05937B4
:10EC2000FBC5CD56A9C0F1002A7FB1D055D9B7FA9E
:10EC3000D52521CFB2491031453AABEA592F14C539
:10EC4000DB13BD41B1C5FB13E1E82323F23A3D5587
:10EC500008C42EB20DCBF0333BE73CE5FFE5EB24D7
:10EC60002B01DAB15640C96CC4C6B2019CFB351603
:10EC7000DC332B2BE4B41EC2030A18F60CDA5FDA7D
:10EC8000ED24D53336C837FA9CB2B8B6C6DC4A1183
:10EC9000CED53A30274FCBF94E20384D0623D53705
:10ECA00023B904B1E90FC40B22CD4FDA11D7221DCD
:10ECB000E2FF2FF01BC5C6F3EC09E909D0D8BF224B
:10ECC000F1DB38E31D38C2C8241649D1D27F55A8DC
:10ECD000D9DE18103D044D9FFBD73831F51CF4D513
:10ECE000EADC0129343BDA211FCE1BD7DFEAD1C68B
:10ECF00032B80DEA3CCF36DACFBADD0908329E3B96
:10ED000031DBBFDB22F951270FDC3430CAA804BA4B
:10ED1000CADE444D660CFAD80028FBEAAAE2FCD30E
:10ED2000E73BC6FDC905214AE886F6FC81E9B8BA89
:10ED3000A91C2B0B361353103BB8D6FD1AB5A636BB
:10ED40001E48AEB6DFCC0C6951EB5CC39C0F34356A
:10ED50002FA836CEC944D240E84F48D1D33808B5A1
:10ED6000FC50C8CCB3B31BCABBA2300D48022A3F2B
:10ED70004B04ADAB3905B7C02E2148200EC8F1D9E0
:10ED8000B1E1D5C430A77C45D92C1860F1A63C96DA
:10ED9000511A172FBA24B2D5E2DA23E91031D0D2B2
:10EDA000E8CF381A02099F1FA73EFBFFD8EEC29B8F
:10EDB000A62C1CE65BC73CE450DEB729A92DCFC5C5
:10EDC0002F1EE01920F8E3DE31F4CEDAC7B03BC1E4
:10EDD00054F9165EA3E9E5F05B9DD33947E2202D97
:10EDE000FDCD30751E0E4DB5C0D33043812A1EC7F0
:10EDF00008E73DAD3BA746B019E3EDE9D6AA17D128
:10EE0000CEEF08D12D1842D4EDFE9251F46F3AD5D1
:10EE1000E661148C039F9DC6AB0231E0C0CED4E303
:10EE2000B5F9B5FDDB0D8126F028A2162442A73ED8
:10EE3000491E0C343B5A0F2AD4FF3B455AF0AD0C07
:10EE40002BC6D2E9DA07F7B5AE22BBC6BFD2311E58
:10EE5000C9E7E9F6A9F3004C0FF756FE2D47B03C81
:10EE6000CE45CC28D6471217050F4C6DF96A5A2E9D
:10EE7000E0509616FB51CE04944FC0E417AE24B276
:10EE8000B5EBD2C75036E4DC3029CD42E858AB4E62
:10EE900002E253BD0ECEDF0CF42512000ED033B3C8
:10EEA000BCEBAA394EE7BA2B39F230491FF4C9C777
:10EEB000E8F9E31C4A5325B531C207BBA6273CCE6F
:10EEC000B22C0F63F3B46BDF082C1C5FB4095D2E0A
:10EED000A7F0F732E01EC0A81D4D52FBD8F3E7059E
:10EEE0002EC9162B9B6D9B36FB00E18AB7C54BD70D
:10EEF00058911A07F032DCC87F0400AAB6D2C53593
:10EF0000ACD1540355315BAFD50FE26F1DEB40C25E
:10EF1000310B0B45C2BF0903D323C50C04BA55E519
:10EF20002D0AEF249DD1AAFF174B59C6401C2ECAAB
:10EF3000CDD731F5FACD14A0C95698D455D91D5A5C
:10EF4000ECBB25003CF8FFC9B6FEE612112E18F600
:10EF5000102222282BA43C1A81F825B7F5B93ACD06
:10EF600040F51108DDF00EC62536FAF5C9EDCC22C4
:10EF70003FCCDB0E421D2EF3E8E623640F1439ABC1
:10EF800022FFBCF708BEFD1F160221D5EBAD12E52E
:10EF9000032DBECF3F142309FD4CDAC32A2F44D4DE
:10EFA000D1C66ACED54F3911FDC7EBEFAF2E3E511A
:10EFB000F4A437380D2D5FBBC249280B43E7E63672
:10EFC0006AD5E90232DBD2AD5666512F1B39175391
:10EFD000E73D3D3A48EA5D4DA811AF2A2E49342B52
:10EFE0003DCF1BF8A5BE7F221DD82AE1AF3F3CE9EB
:10EFF00007D819E1B731348C53D219ED5AD0C00477
:10F00000E7355222FEC9ABE26B055E2413CD23A780
:10F0100044F11865EA423C03EE13CFF0B359CF4BED
:10F02000E14E5EDACFCB37D03C14C9C24CC521DFEC
:10F03000F4C3CA4F2939474DB2E6E7122FC0F20395
:10F04000E9BD3218F34E4F4D6B7FB755FFCBD54A14
:10F050005EE63D6526C4DAEFF7BC34EF2237303E7A
:10F0600050F642D237352E15A73941DDE41ABF0ECE
:10F0700010F2ECB7B00817B61611EB3143170812AF
:10F080003211EDC70A19A7F2DCD3275D0CCFFAB411
:10F09000042F451A9E3AA2CAD237BDC10EBD1E2BFF
:10F0A000502FC95527F7221CDC104B91CA32363439
:10F0B000BEC9CD13D50FA4E59121E9559E9FA3C3E9
:10F0C00015BFF057B5A63CBC391F77AC543C4EEE8B
:10F0D0001ED0E09E2EDF45E1DB461A671DA55E1AB5
:10F0E00033E0D2DEE624ED40D83D01F6E51A54E7E0
:10F0F000E7491034C74E041AC0CA2A2CC79BC4CB98
:10F100001D1AC514DAF8465F7FC8AC48041A563495
:10F110007C31983A31E908EB08B566271978CA3E80
:10F1200031DB20A171DC59FACCAB99A9DDF3646520
:10F1300093D825441F3CCA04CBB9F5532E1D1F2577
:10F14000400E22B212214ADFEBBD377327E2B53FF2
:10F150002747FEBD422861DB30A72E06206541B55A
:10F1600043DF27C796292194E12D10105C4C2B0C0E
:10F17000133231CA353AEACD139E4E9354D7BCC2EE
:10F18000BEC7E1F4D4FDAC0E9EB4D398E2171F0EB7
:10F1900038BA77E8B659CA1F007FB0E6AF38A6B0D4
:10F1A0002BD4561FC3B90002DCF722053F0F50488D
:10F1B0002CD64208B544FB6500F539160CD5B806C7
:10F1C0009CDAAF54EC12291F11CDABD740F7C6DA49
:10F1D000D73B45F5A9C452EB209D1DFB2C09233DCF
:10F1E000F7DD71FBC10DF39F9039DF270837E5EE9E
:10F1F0005224ED1F081AEFDFA2C228EDB6C5A608FB
:10F20000531D093EA829C71B05EBEED12CB2AF1F39
:10F21000FD40319D81DF015B1E10A12514AF00A9C7
:10F220003E204FAF36F9F93F49A32752D9E805B040
:10F230004C03E6D862173BED6E2701FD165C1B50B0
:10F24000EC0D9743E0E0F47826BCD6D2EBB2EC4F5D
:10F2500011E6FEE0F60FC37FA7BA4DCCE4E046B35B
:10F26000F2F70BAAC6DBA9D5F3615FDAE038D8F66E
:10F27000DCDC09B001B0B2A13FF9404016E10AF967
:10F28000CAF18D7805302D37C4E9E7302CCFE0F98D
:10F29000EEBFBECA0F001623EE0203AAE53D0A1315
:10F2A0005602A79B763050145B94ADF35BE9B71917
:10F2B00046EC2DABF4B1B19C94E2B123F20503CA44
:10F2C000127D46424530DDAF71823D2907E621F3CC
:10F2D0005D37FE19E0E8C230BA587FCECC2823371C
:10F2E000EBFAB80E200DC307DAC2D5A2EDFF4D43ED
:10F2F00075A76821D35927DD07F417C20AE5ED3E4B
:10F300005F194AE15DF78E16A9A858370DC39DBC59
:10F31000C97F0FF0E5CE0136302A2F5163E1610E2F
:10F32000499061436BD3352E2B4EDB610497322B12
:10F33000E4BA94137F6527B42C03E52E1130299B82
:10F340000EC9B87A119B9FEB4329B040DB3DC0F753
:10F35000950953AC040BB71D0BD0FB43DA4942347B
:10F36000903B6FFBAD70F34C2EE2D844A42B0C42C3
:10F37000BF082AB758E61501DC5E33F24966DDF4B2
:10F3800030F7F2E926C35620B0C62291580610463F
:10F39000E0BFCF68A3CD4EB72D16B231ECAE32B27E
:10F3A00012EE3446531C57ACDCCDD10E2B50C92E77
:10F3B0001CD92D4E49AD93E9451AE4382E0F9F32E2
:10F3C000303331FAA2C729983701CF1BA8C5255081
:10F3D0003C0B0D209F453A32AFBFF9194736FF5F0E
:10F3E0000A1DF94FB3ABF92CBA1FE7ABE9D10DD128
:10F3F000E61A21AD11F5F860345DE4FBCEDE093A82
:10F40000E9B12C3249E21A5FBAC83A353044D8A87B
:10F4100040F7BFAA0FE89DBAA45944812A90364B01
:10F4200038CA6E9BA401B77F5ACD36BEC6D1BF0283
:10F4300062AF3EA477B5A457B91EFD7C47FF56BB0B
:10F4400046BEE9BFB37F6238DDC3FACA2A3503DDA1
:10F45000A32FE20AB3B3E401315EE7CA53B74FFC0E
:10F4600087E10A2EE9425E4F0ECF5EFF4DB7D1967F
:10F4700027062061B649244B74584CC3CF3D301C3D
:10F480006BDDE2530E2212E5CAB5643C0ECEC137E5
:10F49000B0A2455EBFB320D4A460C6D91A3659C7FE
:10F4A00050B90148FFB80FAB384A5E143FAEC93AB5
:10F4B000C73319C838FFFDA0DD6AE62B55B999B9E5
:10F4C000C01940A4D2CF17D6354D22613596EC0B2A
:10F4D000BF18EA6AE3E6F7C2C814F4B6DF3BA8E651
:10F4E0009E58CEA10F2731F543EA35DE39B6FDD857
:10F4F000A4243DD381D201AF5CE1A4D6F9D0BEA84B
:10F50000E6E364BBFEC7DB24FEE3532E622A8DF2E2
:10F51000AD24FB5858F50517B6CF3E1E59F53AA154
:10F5200070F9DA08D781D5F28113F1DC45A4E3A3A1
:10F53000C7C4153201CDBD62D21EE208F338980E61
:10F540001A1BE6C5A24307A41F35ECFC24CCE34EEE
:10F55000FD133DB8EC05B4B7913DFD12DBBFD244BD
:10F5600014D50611E803D4EFA20F5AFE03F0BD2212
:10F570008B1EBCE01B0B282612E6A2AE1E0606045C
:10F580004BC1260BF122275D1FB5F3F73A0102A606
:10F59000E8851DCAA0CE16BDB601BC35BA3E2F56B1
:10F5A000D80AE5DA1B4130EFEB3FECD5ED1A3438E1
:10F5B0008D0300DC17D82F972DE3A92947EBCBAAA1
:10F5C000B20CEDFBC5B43C5C43EB191822213AB3F5
:10F5D000FC3BC362CEE32111272934B65237AAF18E
:10F5E0005A47374BE037976615921F1AE86426147E
:10F5F000AEF7C4C22D2F4B45CC1A81E2B3D306CB54
:10F600004CB648E93C2061D99B0327A9FA0E23D1C7
:10F610008DB3F2DDC8202FE59DE7C3B14898E30B19
:10F620002B2E07DA5E37BEEFFFFFEACA1634BAE8C0
:10F63000263E094D444E3E0321FAF54ADD25BC1510
:10F64000C82F0C52EBD1BADBFC0E7FFC1A28FB1B37
:10F650009EFDF62FB032D55BB6B7CD4C1E05C8085F
:10F660004BDE093E28CA620553EF53F90646F3AE56
:10F67000FCE95BF81EBB50E7E1C7C2122C3948CE4B
:10F680000CA9BAAE3E3445A938C7B8A9532812BF51
:10F690001903C9E10A4B1462D636050AEE52A105D8
:10F6A00031D23F0613E43C5718F831E535364C3E6D
:10F6B0003226533287DF9BDBFD97BE3EAD354C1DB6
:10F6C000F8315416ECC9C003F1FE0A41BB51A8221F
:10F6D000EEE80C04CC0010361F60D0EA124EB2AD3A
:10F6E000BC2A3C6128176AF3272941C6E00B3D5A22
:10F6F000812B540512CAE62195DED0B011EB42EE03
:10F70000E0EBC7BA4257651452F64F4E3842CFE885
:10F710002BC6DF03E404BEC3EC00D03FD2AB2E41C6
:10F72000082EEBBFBEE40E37513A0A1226E920CB71
:10F73000FF05CA103FBD56210FC7B2B01B3039EECE
:10F740006943037F0DDE5339501EE3FED8DBE0E949
:10F75000ABC90CB116085C73235D36143817DA9CFC
:10F760004460FAD5BD605070B4E4DF5859E2A5B7E3
:10F7700022CA12B592C8DBFB3D45069BE8E1A0C654
:10F78000D8D64348B8AB2062D36467194EBE01C8CF
:10F790001E33331D05240FDF2902C4243011F13E2E
:10F7A0003E17F03C49CCA4BEC6DB1BE116B02AA52F
:10F7B000B938CDAD33E5B3F0A657180AE735D439DB
:10F7C0009D350FFEB51AE18125F7ADF81F5407C529
:10F7D000185A3BC3EC40CEFC2A7B9EA3EAEB1AE30B
:10F7E000CB0CDC3614292838C7C8D913B74A22D124
:10F7F000F7E40FDA4ADBF69DE2BF835B07DB07B570
:10F80000307744C71F32CAB640DDF92EC7AD102687
:10F81000CACC99FB2401060BCEA3F84F1BE3F31EC1
:10F82000090A561A9D08DBD7CBD2F3D0FC5D81F9CB
:10F83000DFCD6FD0C5FB0DBCB71A504E24A13EF4EE
:10F84000D0D541BE2E18F917AA53BA1F0CE4A9A2AD
:10F85000D62C50EF16CE253506C2F9BC19DCB235D0
:10F8600069AC7BD2AAD4E4950FE83D2E095F9B8258
:10F8700011D312295F0F14E4AB4139B743BB6F3D7D
:10F88000FED637E52CBCF00FB45BFB17BDD9D9EF22
:10F89000BBF104C5B5B8ADF800716303D249F926D0
:10F8A0003BFCC945D25F6C540810C46B5450C4F083
:10F8B000F3E145DEC2364B3CDDD9D4D6A158141D48
:10F8C000C40240E5B3BA08BC033A9FEF2ACCB68D18
:10F8D0005F312BB8E5D13C7F3528C50538B8BF4E20
:10F8E000C5A5BA04CD46A95AAF2EAE59FBF7C9FF3C
:10F8F000106E381BD75EC8DB4A2F7DBA47691925C1
:10F90000C32DE01935E3201CBCDD363612E1EF19BA
:10F91000D712C5DBFC3CCE9A295083611C0F413BBA
:10F920004046C5C020E667C36840E1DED74FCB182C
:10F93000A9E0B849E7C014423DDC3A9EC5A5A875C8
:10F940002FB43B43052E3EBD0F9E547613CE35E1BA
:10F9500006C26D9A2232303C100020E5578B987415
:10F960005A6F29E3C8C9CD7F48AEDDDEC620DB046F
:10F97000F1F0C853C1E7294AB41ED945D132FA394A
:10F98000D3DC44E250F7FA05A429CE43ECDDC500F0
:10F99000EC5582F94343CF6C01E044EA6F1AFFCA89
:10F9A0005416FD6EF2F66ACF085909DAAFF3EFE5A7
:10F9B0004511F1052CCB1CEFD2275A3840CC54B856
:10F9C000E9D718140029B51A2C32BA35E3CCC396FE
:10F9D0003DA9EB4DB9E8181232E8FE17FA265EBED3
:10F9E000D4F9322E068726CFD81E0E6D99A7CC2DBE
:10F9F0005CEDD0B56FE9AD9E42F342F10AF36CC401
:10FA0000E9A381022F50B24A45B6FF23B8D2F5448C
:10FA10006E9243DE30D42CFC413BEEAF44E6E9EF7E
:10FA2000C1FE49B07A044F964EE74DC95AB5181930
:10FA30000B28FCB6E06828EB16DF9D631A4844FDEE
:10FA4000B0641057DEAFA41B430BBB538ECE17B26E
:10FA500081DE64CD48C33F3DFC944D3817FF41E73C
:10FA6000C1ABC6B9B83B9589E1C61317F6111AF4B4
:10FA7000C55E0ED02D8FDF9ADBAA5DE624232836E3
:10FA800086F5260FD945E6F691B823ACE555115217
:10FA900024990DA89BD40E46F737CD98274EC81D44
:10FAA0003729103FEBE46C25DB2B0FF9F25AA2FD4E
:10FAB000B13AF1AF814BDE61C9AB32C651F911BE2B
:10FAC000D828ACE8F7E0A826D45CE4E21A4FA1916C
:10FAD0004729DAC9021D47B71D183EC8F014D5BF23
:10FAE000160ACF2EC022F0C1CF13BACA1F4CF2099A
:10FAF000BD0C962041BC614F2AB8E4F0B8F9233C14
:10FB0000DC4DFD020BD213B72E22FEC72FE7D1F535
:10FB10004CBF1515F7A7412BA7330BC1353BC92D9A
:10FB2000EB303829501EEFCAF428254913FBF06941
:10FB3000F03ADC3ACCC75D5B4AC8C6D258D1BC5853
:10FB4000131301249A06A9A35AD44CD45CF0F3AF42
:10FB5000DC5F3BDFE07F05A45B1BC90205EA56C002
:10FB6000C74318412F1B092F1BBAEE0012185EFC69
:10FB70006EF6A646FD32AE67E9CDBE69A6F8671CF3
:10FB80000EB440AD573D2E1BFB0BE1C9EB1D403AB7
:10FB90002A50FE28BAD6E345509E206DC2D1F811F6
:10FBA000E0FD7863E75BC4B725728EBACC11B8E08C
:10FBB000B5AF18FBB5EDCEF9208923B9EDB65D6F71
:10FBC000D8AAEBE6621A40A50AE46D18DEFBD3B0B2
:10FBD000354D0405FCFF5A85DB127DE0671563E3B4
:10FBE000D193A5C53727CCF13148A4B8C16C3FAB40
:10FBF00052FE42C05E0658ADD61041D64646A78A90
:10FC0000A7EEFAE20720461CE08F403ECF112114F8
:10FC100093E27F4F8F2B6919B48EE3B6270FD52857
:10FC200027E3E2143D09A96269EA1E2DD6E68A049B
:10FC3000F70F0DFB74EFCFA634F5492E6C637237C6
:10FC4000CFB5107FAD4E4941C6E5C125B8BE3332B0
:10FC5000AE091F15A1C9BB7C4A4CA41F1B9F206481
:10FC6000D0EC43A65B3E99D942D6F13547599C4F1B
:10FC7000E0DD9EE536FC18C6E900D70E733BCA2AC4
:10FC8000DD6C4CAB000D5C0FAB3D33F155AD442842
:10FC9000C9038DFEB88BCDDFCF4BD2AB08B8AE8594
:10FCA0000066D5BEF5A54E155DA9CB016062B7AA69
:10FCB00046022B05450539FD7F16FADCBB3BA53412
:10FCC000CEBC3B17F3C64AA2A94EEC5E97A1FA3010
:10FCD000D6DB01E52ACD5C0FBA73DA13BF404E487C
:10FCE000D72C50245D6AF6021143D3D69EC1CD0BAA
:10FCF000D529F14C54F612C02A68BF58DE2353149C
:10FD000011F05AFFDBDEA8E6426FE7DB4D11C2CFF0
:10FD100031BC51B9193D1A37001402B8A722CFFDE2
:10FD2000F828BDE8581098BCDEDB15F053005D02E2
:10FD300045536549A34BCEC75A6D15D99EF1732A19
:10FD400012E7FFB828059EB081AAF710C255FEEC55
:10FD50007AD21E54AA16C8F3DC22C0E704196DDD5E
:10FD6000910DA4C87486CE56DCC740E43B37C1E889
:10FD7000F9A4BB46BA314DBC55E8DC4337F8EE2157
:10FD800016D562FF20C1D471A3EA361916CE6AEFE8
:10FD9000CADAD2FED5C5CE40E713D4B3E2CBE3C274
:10FDA000D470F5DFFECDD621CE8E8F6738293F2E59
:10FDB000B8C7FAF4D753067A4896E6BBDD155AEA77
:10FDC000DCFCD1B6D8A298E90C21316269098E8A8F
:10FDD00019271FF030797620B1E1903FF616627650
:10FDE000468AF4A2A18C3AE7FA46E9195F24E20BAD
:10FDF000B1C33451313BC022E5FCBDF7BE0EE82152
:10FE00005D1F23B4D8CC3BC6D25CE2517FC61A1822
:10FE1000145DDAF74DA64EDADC38051EEF8B1CCAEE
:10FE2000C29DC19A1E7614D5750001EBB6E25763E8
:10FE300020FA6F2F3244F839DA015DB10CEE4883B5
:10FE4000C7D913D921D7C3F927695B7B6A5A3AF618
:10FE5000B69D6B3E0B62AD742368A2236EE400DC9A
:10FE6000A637B612F7CBADCBEF54452935F16BE988
:10FE7000EAC9BAC4B074C96EA5EFD74BFEE172D31C
:10FE8000F153C2993B873D24A86FD81A49BF2EABC6
:10FE90001BB57A342F440C9DB49005C87FE4E60965
:10FEA0003EEF4718CE073CBD0EACB319E325210841
:10FEB0005658061B9D5C3047BEB95829B3341FFE07
:10FEC000330CF903C6170DD5E1EDCCB9040F15E6D7
:10FED000BD519FCDAA6672ACDA3936EE5ACE0815FE
:10FEE00041BCB653B822DBCA4DB6024AF1C3AA568A
:10FEF000D9CECE0CD10F33120BA54AE5122B55C625
:10FF00001B07150FC72B1790CD08C942692AEF5B55
:10FF100042D0DCF0CAB10151EE1E537FC4ED3AFC71
:10FF2000FA19C01EBEE760A0A5CD5D2298C7D3EB2D
:10FF3000B91AB61D183193E195B6E830B8AA592818
:10FF40009D30592E1006641CA33C37EAC935601950
:10FF5000D5321D6440A2C74DAB2F02C8FE4BC8234B
:10FF600052A328E0DC366B7FFEB94221E5FEEBDCD4
:10FF7000E37443BB0D62B7FE3E0CF917AE23DC4BB6
:10FF8000D146C81059B536D2449E41F12A18A5BBB6
:10FF9000EBB4EAF30DDE451DDC66A564073D3A14BB
:10FFA0004E3A2D115F04DCBA0543DC0CDD50DF2135
:10FFB000CD36C31425C761952358145FC9C613BF36
:10FFC0002701B1C435E8BD0D1CE94F382226054E86
:10FFD000343FEDBE31E64BFDB8174E0B9B62F997EF
:10FFE000481B7FB93F3C16FC2A3FF5FF98A95AA44D
:10FFF000C29EC61FBDDCD90D1E0640F2F8DB26E707
:020000040802F0
:100000005263DDEB60FEF358EBF6E6B4A1D7FDA436
:100010001110CAF70DCB6C13E14DF503DB04A3DE21
:10002000C32F53DEF40BA8E35603ADF5A00166BC65
:10003000D6526446F1E4F53DE4009E9EE4A30C6ACA
:10004000B9285420EDFA39F4B2E9EB40C3BD32408F
:10005000413AE12F57C296B27F47C55F01E74CD8BE
:1000600007D6DBAF9F20DF040139ED222051321586
:10007000CFA1F6E4E7D3184D401D7B2DB646486767
:1000800020D4EFF169C2B33DF01D3205E85AFE906D
:10009000D6DED6143D5EFE60AFF0C546F5FBF7D563
:1000A0000F4BD541FD1F1AED7FC4DE4450C242C93B
:1000B000F44FE11055AFC9CD2367C663290C5262D6
:1000C000E9C5B7B64E92E0D7E7001C5025FF2F23B5
:1000D00050C9A9336165AC5B1AE227102A30F66A71
:1000E0004CAE24EA461D5AF848FF512CEEF3EACAFA
:1000F0004D2524F472E7FCF3D737050FF7021E13E2
:100100001B3B0AFCD0BFD11046C5F6481DD7EB6F8C
:10011000F0299A33B9DAA95732590537D783BAC0CB
:100120001FEE08D1100706D4A8F761304944F31236
:10013000DD5FC12C021BE85DBFECC04127B41BB2E0
:100140000785146001DAB25B1EE754115735FD20B4
:10015000AA17AE2459393214C83A61FF39E633BEC2
:100160003AA64B3538BE65117F2403E6F85FC7C752
:1001700056FAAFEBD6109500EEFE2D0756C3133896
:10018000FD3DD65EFC3A1FFC29DE15310744EEED3D
:100190001558D8FEB644A1B146B44ED346B9D715CA
:1001A000438E541DA84E5C3B3038F5B166A6CA5A42
:1001B0004101ADDB2439FF02337FFC545E5ED13751
:1001C000474216D25B76E6B602171E07D540AA252F
:1001D000B94DE309C3C6BEA663B053F03518B429C0
:1001E00013D3B04924E601229FDEB7FBFA4621BCB7
:1001F00037E825F71136F9C7A7202BD5501CEA049C
:1002000032CD44A62417F58A6BA8FBE39FDE67E591
:10021000A2C6A838B0D15E2F4E4530A3283C144A60
:1002200043BB0B1965B4934C3B0102BBD41A56BDBA
:1002300083ACEDB5BF97B5E578648E7F0B3CF19943
:10024000F4312D13B342F63C0AF4CCE9DEB9EC26C6
:10025000320EDC41AA41A056C6C94215FC92BED757
:100260001D3E91FDBDA9E32859B34F08E353EFCEDE
:1002700009D4BEF41C9FFBD2D6C84C279012AAA565
:10028000463D73E90CF3C2B444D09C431EA4615BA9
:100290000E524A13CDB6D8DECAEC0D55E92D9B1788
:1002A000D653185AA2F65346BBAABC3B9C1FC42780
:1002B000CDE48BE3D843AC2AC0F6B892569FD1ED7B
:1002C000279AF0B3B709DD764706C1D5C63A3A4456
:1002D000FBF6574FB46E48D4B33EBA0945E7E57A0A
:1002E0002641D554E39CA9AFAD08F086079E37C6DA
:1002F000C3B354911637FF1BFBE13E2A483F01E987
:10030000EF38C96FC7B32CBC31522AB181CECEBBF6
:1003100034B532EC2921D334FC0FEB5D5FA091FFA3
:100320005D316A551628013ABF4F27EFE8EE1646B1
:100330002136AD5ABC259BE0CDCAFE258B422AB0A2
:100340003135EDB6A7EEFAAAD17F70931717BF1A11
:10035000E7E965B00EC7366850CFEFFA599B9DB7F5
:10036000C53606D29D1ABEB50E52A609D68E37EAFC
:100370003FA05DFAEFDE3DB29E1808DF678F273899
:10038000BC0E1B17A01C25E0E0311837DCE82BC59C
:10039000A907F2F3ABFAF21EBEF0344E19AA04DC40
:1003A000C8553D17AA2730D19E741141F644EC4040
:1003B000C4B123D285A6B4C0584E0D4BF628B4CE96
:1003C000021BD1275759F7A3B8B97DB9ED2808B951
:1003D000E395676499DEF128459B9047DE073DB4BD
:1003E000CE24B53359FEA8DDCB513D5FED8DE3E161
:1003F00050D54F549F5CD098C8C2DCAFB915EA4ABB
:10040000AA4458EBC12F231173CA4C7F299B3D6F1F
:10041000D896F9F9B279D106C91A1B1F3E47FF1BBE
:10042000C312C5271BB1E6E8BAC3F7B6F23F9EB3C5
:1004300020ADDF09D2C6EDB720331D0DCF3C4416E9
:10044000FB4A40A124044BA8604655CCE8EBD519E3
:10045000F0C8BFE933B5EBD7F7E613D32620331145
:10046000F54643FAB4185024E3FDE288B45008443A
:10047000E4976D99EAAE6A0C4B19F73F4E3DC715EC
:10048000C6EC2213F8D7A8574CAD5255BFFC39CD56
:1004900042ACBEFA4E2F3ED3A031282CEB12816A1B
:1004A0000A4947B8F314D831A21BA0E1D5FD060FC5
:1004B000164EC64507A9DEB4289D002A333BB02D51
:1004C0003DDB9626B9F8979F4F5D47F5A01F3DE5A8
:1004D000355A3CF6BD2263BCA4069C5BBF2F27485F
:1004E0004BBA16CFF7B001D301BEFDD20612066497
:1004F000D2D516B7DE0B257F3CD0E7D5A92C545AB0
:10050000A8533CCCC7090B4505F43CEBAA06FE8B6F
:100510001056D901B60BC0D3E2F047EDC2DED5C00C
:10052000571C5BF9A0A425A3BE28C81035513C5F19
:10053000D5E226D44AC4DF9CB7342275EBEC699F20
:10054000ADC5C747512FD84F0B15C3ED03B757F8AB
:100550005523025AFF01585DE15BB79245E0FB610C
:1005600064683AA0A5223F5A30B87FA54551253D81
:10057000C60944200DF323303AD4B5EA3FFE31D901
:100580003602FFE2E0543FAA9BBFB39920E208C7BE
:1005900001FE451C82BC45EFF510ED0954ACCE3A86
:1005A000D5DDF41BFA053E13C20935FCDECCA33EB3
:1005B000BCC9EC063850D3C1160F1AF9EA4F29B559
:1005C0002CC4FE2CC900B658BCE2115042C818B564
:1005D000D1FF22DCD4A0B0CFE2D61DE84637177F8A
:1005E000FBC4DC31F50702A7B59959E800AF431405
:1005F00022E3FEE028DC32FDFA274DF8152BCBF381
:10060000DC37091B06E4EC4E3ED6FAB4EBD34BD7ED
:10061000503B202EA3BDD123BD3A06CD03F25C2270
:10062000DF5A9D333625EB6BE743B1EFD32CB3C7CD
:100630001103629B24D3EE38DB8147002207084276
:10064000B4A1A55E3BF050375B56F5B7C7DA550A43
:10065000AEB1B2500E5BD33B17E25B1E2FA9BE4575
:100660004FA0B6CE59310B9DF9CDE81957AA07B264
:1006700082978742D9F3B6BEDA911D0A96FB48CE1F
:100680000D072D310AB43413E99AE40EFB291C142A
:10069000C71F0833D5F14D674D4CB04BB12E57CB2A
:1006A000FDF2282E5FD14BA34FC45A3F120EBE1548
:1006B000AC74919B2A41E97F854AE056234227D4B6
:1006C00091E018E8E4CFC39A53E0DAC36FAB62DB82
:1006D000E5F09A26C767D15103F6EB41BD432ED60C
:1006E000F893C0EC1207837CE20AE8B92D195D4942
:1006F000BC47AF433C255437C9113BA1EFE2C8B515
:100700006F3B4CCB8121CA3044BCB2FA2C49A0D7F4
:1007100037A3A61F2AEBDE9BBAA0F54F1926AA3BEA
:10072000EB04FACCB243E1D0C2236E5146F5F4A8F3
:1007300039D70B2DF10F664E44ECA0E1D200FE54E8
:10074000D8D5CDF9E3D1017FB7B112FDADD45E3F6D
:1007500035E0473FC258FC1002C343EDACA6C55874
:1007600032F8C835E36298D7C92ED1AF1F4313A81A
:10077000FCBDF2B1C31FC1F43F0B4731AB34681E5F
:1007800050E545C71F0B50AF984922F1F21DE9BB58
:10079000F21CE7D9E4AB3619B9450FB24CDED8B537
:1007A0005F1ABB17CD6AC919B48CC063D1C6E5A660
:1007B000A8DD167FA35A5445DC13D0E7AB11BBEF7D
:1007C000222AFC05A54D5F9DA62B0471AA3C3A2A5E
:1007D0002AC2F7C4DB08B8A23C010925FC45A27374
:1007E00059B39A193B0CB3ACC72CE332E4F3302A6B
:1007F0002A4432DF31280ECB5F381FE6A6A557EB1F
:10080000594B218FC21D34E2F135AAF8F05830A9B6
:1008100038CA5D57230853FA27DFFA046D5713C40B
:100820002D6522E726199BE502092D032A45E83BA1
:1008300043ED5D3C34DEB613C4B9FA223E2AD5231B
:100840003C9EDFEF1FB6E9EA4476CB81122786058E
:1008500070530536A6A2CFA1E03BD8DE37B47AA804
:1008600003E13938F4EB6FFA021B9EFAF258480C98
:1008700001D6B808E6A4D9C7CAD1B11C47A240F92D
:100880000AAD1DE8103945FF431CCC3EAE03D3A38F
:10089000F990C543FCB31FF503BCF0FEA458DBCBB5
:1008A0003BB8E9141815ADFFAFB9B3B2595BF935D0
:1008B0005B0932FB02C6C45D1C93E1C033E85C5D9A
:1008C0008113D2AF13E62DA808A4D50F5940438E4B
:1008D00091DFD811E2474ECEEB6D244D0CEAB528DE
:1008E000A924F3F428F1660D461DF7DD2EA032662B
:1008F0004502370138CB5F47097C10F3FEEB17A7A1
:100900002A336CEF00A2DB1501A1C7A50B553BFAFA
:100910005FFCF0D117A5346EAAD5E0FAC73B29C613
:10092000536C3BA33D033FF6BB4E0DC29DB4550433
:10093000550C1A5D719B74A50AC3652F5DC5DF61F7
:10094000410020B049D6B79B51E87DF3C560F7F769
:10095000A12FF8AE92C6C4D994552D2913560C5325
:100960000D1CD4CD6B174C8E694D36F27FA2AE981C
:10097000C0F36CBDAD47D5AA16C052CB1742BB9889
:10098000F0E873D3A5B404264B7569BF75910408CC
:1009900018D238535756C938B6B9FF141C58EB480B
:1009A0008CF6C268AC430B552E3C26D8291807F4A8
:1009B0004EC6094D1A110F14EC22DEEB994A3B2367
:1009C00009492122A7895E61FC3431891A3F4DE62D
:1009D000100FAA1B251453FC0360C9341E2F8C5E14
:1009E0004559A75AE42C9B239C3CB93B3CA049A801
:1009F000C53C35C63571CD279DB5571684D3EEFC61
:100A00001D17BD263425B8A7F254119FF5053AF4F9
:100A10001ABFFF89B98112B14984ABDEAB8DB5EF46
:100A20001F4DC751E60F46A3CA0295E852A7E756E5
:100A3000481D42EEB70FD81FB8297DBEF251695E3E
:100A40005F292D260DC5C0ADBD38E3AB10CF018B9E
:100A500000E695A03AC6B2A98507D9B95C2D894CA4
:100A60006637170CDA66F254DBA6A4B4E0149C2EA9
:100A700065EEFBD00A4A2E32E2225FA418EEA6D819
:100A80001DB79D43B837CCB3FA8AC73A22EA34057A
:100A900069FA9963ED2DA6ABB498E926FC14813B65
:100AA000F419DF4328B5DBE0BFD3FDF8FAB515CD67
:100AB00041B029F4FA4546E0CE3B26A2B60115CD59
:100AC000DB51BB23DBA72D536419F67FF400E5311E
:100AD00021E802ABCE04CFF21549229E0AD1F0C222
:100AE000323D2661EBEBEAAC3FF1D5D0EA2C66D47F
:100AF000B7A7E7BBCFA53F0BE728DD5CAE01ADBBD9
:100B00002CA3394F110FA0EC6137E3DECC484437FA
:100B10001713AE9915D5B1136BE41E07E351DF0926
:100B20005AAB250F1024F102505E1800A75C2D4629
:100B3000D416E810F2AB4B33BF6B2AE50FBEACD432
:100B400002F719AFCACB1A302A0005F2D462534F0C
:100B500092F0F823563ECBAD6A62C24539B81FC445
:100B6000E7C7580544DC10BD3931AF5BA12B07F155
:100B700054F2FEB74337A1EAA755268134C1ABD65C
:100B8000E115E82A3DDB1C4616EA23F092C2BEC2FC
:100B900000D9E658F44ED5EC1F1EFEE321262E3177
:100BA000A12DD1C94CD3D5F840281808BE1017B1D3
:100BB000B5DB1116465845C0EE1734FB58D9D26341
:100BC0003B441917DACF2CF5BC9D973A0E0E0FBD9A
:100BD000B2304B5BF708DC2AA8DECAE8CA2E06BB97
:100BE000DC3E30C6A6DB4032208BDBF6AA43A60AE9
:100BF000D5C445F02F2CE1BDBBE845FFCAF7C1C005
:100C0000CEE4E7E91BF3C1E0D9528EFEFEED2ED80B
:100C10000227FD81C62602DD545BD6E11CA2A24953
:100C200027F1C6BC1943FE923A70A4C03503560E94
:100C3000B2EB46ADD726ED4045E63D3E911744A2C6
:100C400025598FF8341A1E50E83C0D02F73507BAC3
:100C500040DC1BD2C30DEED2F541231DB7C2720B8F
:100C60003F21EBACDB279EA7EDB656F2BDFDEA8136
:100C70008ADEA73C103CE6E5CCEC25C421BA5274D0
:100C80001811E0D2CEC62A28EAEB1A12CCFDDEB04B
:100C9000007946B70566FA7CB8BCCC59BE5BAA9011
:100CA000A1DD4E5D022447DF619C511E5CD54A44A4
:100CB00033ED4854D198F94FB8C6B1BB954AF9B64F
:100CC000FF57CC50D5EBB1B91F9E41BE1C8DB8C4A7
:100CD0009B9D21CD0B43C60AF33B21B82C17471F20
:100CE00041B8C4AAC7C3509BCE33BCF6F8D62E0277
:100CF000F2E44A0355D03E647F7B47079E4030E4D0
:100D0000CE8C5CD4B3E41D4213720DD8CF322D309B
:100D1000575709BB37A8DA6C5D3226C9F9F6E9D90D
:100D2000336353F808DAE807C97FE4D0F13E572F60
:100D3000D3F0AD144325C1CFB606441D5052EC513B
:100D40003691D02C4B221A1BFEEE715C615435F4A7
:100D5000F938F3692FDF93CE68E5ACC2C7CECEE891
:100D6000D4B6C665E2E73ED0224D31E7F7F1CEBA00
:100D7000D2E86C221D34C209C260E0E7283C65CF8E
:100D8000BE997BF4C8E0BBADBDDE47BF6AC2D54AA1
:100D900037020D574022BF063CCD6CB7154AB3F859
:100DA0004BABD00318232499DD0CC5233F25C20685
:100DB000D3AA3ACCBF34A750F2288F0506BF4CC542
:100DC000AEC3B4654EAE2CE2F20D5FD0541BE20907
:100DD0004FB9D3FD4D1DA8474936E5CE99EA82C2E9
:100DE000C9EDF2E55946B43B73B10AD72F334E959E
:100DF0005CB31D312BE706F98D39ED471A291E7FAB
:100E0000C73142EFE3324F3DA931F1DCB9D1D72AE6
:100E1000E3DE3EF40D7E053FFCEC1B2C29D32BB208
:100E200029CBECDB5EF8D7ABDF2E522EF5170AF696
:100E3000A0A9423C09E6EAB912DEC05ADDE2E41A92
:100E400024D94C20EF63F459D2340852FC48719BEA
:100E50005259FE2132AA56DF3941F0123545304150
:100E600094E0004D0868CD5778C128442CC3612513
:100E7000EDD0021940F5A6FBC337BB2CF08ED1EBA9
:100E8000395C4C91DE59DE46A816D8CBA727E6027E
:100E900033DF61CF667E7F531B9F59C92F390F59AE
:100EA000B835D0144F1B0BF21039FDA4D9E9DCDBA7
:100EB000CA063081D4A7694DBA69281442F937B7F8
:100EC0006128F0CAC1F1E075BF8FF9AA32E1453956
:100ED000B700062E5ADD10E8175ED722D7384248F1
:100EE000BB5AF210F2BA9836C1D5103E532EA1CAA1
:100EF000F528D5BFF6400CB55789B81549994F521A
:100F0000B2CD24683DD13A3898441F08FA30FBDB53
:100F1000E7ABEFEBD0C114C1F43B66D9421CDBF761
:100F2000DE18DC4428BAD71D15DF246E254537119D
:100F30005942F32270E6DE086DD45DD03D2303D222
:100F400028B6864026D1C76CE20C27FD9D1E6B1B80
:100F500014D007BB0E1F3BBE2C2FFC34096E0FC1F3
:100F6000F4C5ABA14AEC57A4152C6CE8E6253CDB94
:100F7000BA9D81C42E46F21E7BDF06E724BE138B8A
:100F8000FF1A3D2D230F3DEB4EB7F79E28B0CBDA6D
:100F900073189368BF871F34C50D29D49F26A135C8
:100FA000ECFBECFCE6570009EA5E68C35043FEC662
:100FB0002A31E4C7ECA22ED8E5C71DECC41D3912B6
:100FC00012172AB1E90D4031B413B6DF955DC4D0D4
:100FD0005F43E447DF3BDC3AF1023117092D10EFA4
:100FE0004FE151B62E2CC405B94113044CD8360B31
:100FF0007FB4EBA4C434DD0EDCB94C55B74DDE062E
:10100000FC9FAADAEA46EC0254FA462C0EB83A23C0
:101010002A26312FE6AF04EB0457A5EE6AE7F59BCD
:1010200044DEC8FFD917521BDF3EDAD647321C19FF
:10103000C8C822BCC2C81FC72BF35CB7F4D3BC0A14
:10104000E8C2041B00C3E7EAE6303BB1081445C917
:10105000D2B9313512CB0BB7ED4AC315EAE5DBE661
:10106000DEC520D754D7621C5930055553362EF6AD
:10107000A4BC1218242ABF25D60ECD21B319E9B677
:10108000DD34DF4514434800DFDA507FFAF2546163
:10109000B6D40C021F2B31F01007D8500302F251C6
:1010A000C6FCF038FEC71AF2D0A7BE95BCF41A747D
:1010B000DB2A1168FD55B0E82F5F43E6F7F3B1EA8C
:1010C00051F121F7E528C4C535B2033F481704E1C3
:1010D000F67545A5655301A725DFE3EC00C6C3B649
:1010E000422CD838DF51D3D537E6C753D9C3CCB853
:1010F0002334F1772977219A31B3298E1724BDC281
:10110000D8C7A0CEF3BFC53FB722E3B32D404EA151
:10111000E77F1219EB0635580E850CB8AC513F131A
:1011200059362D0DF86054D03518573C14A0E1E421
:101130004C36E14EC12AB1C73D19984BA7E69AAE8D
:10114000BAC8C82B4CFC6238B138B2159AE9B1055F
:101150001D0759E5D667D1F46733BBBD1F02D13FE8
:10116000AEC8ED323EDE09D354E645BB5D45F90617
:1011700006F250D4DF3DEA3C28E6102CD5E55BDDD5
:101180003913345B555F3619CDFE58A7B413A499B3
:10119000EAEFCBDD7FFE4012E044FBDEDE34ED887B
:1011A0000FEA2F5E424707DCFEFFEAAAB2B02175C4
:1011B0004252A44346D33833B1ED0F16EB0CF9B6C7
:1011C000486EB4A1F9F6F3269819E929ECC2354B1B
:1011D000BB40E7D252561CDDD01ED90221C0811778
:1011E0002BC8E512BFF34928780056265A48E20278
:1011F0004808B2530DCBF236386B58D2D4CF35F500
:101200001AB947285F24A31D94E0C724E31BFFE518
:10121000E051D9CFE514632F3E164664BC18EBAC01
:101220005CCF70BC4BAC645B3616F2C2A055053B7C
:10123000CEAA0432A456CB81F91BD02BFFA213BD3A
:10124000FA391BBFC928B6F3EB50C998E4FBA70CC9
:1012500068FCBE65C6F4D50C2FEF0060C6C8773DAC
:1012600003F44D2296463F211CAD9FAB8DC84C1216
:10127000DE3BBAEFC4F730B47FC125D2E8F2F955AE
:10128000EEEEED15B004546447E29F9633D843D197
:10129000DF2AB83DEAC3A491EE2D0E08BF4D4310DE
:1012A0001A682C2E06F5F4D41850193816E8174190
:1012B00013D72AC33D991C345E042CB2C01E3ED500
:1012C000D4DE3FAB1A5BFCF4AFB5440ED981966710
:1012D0000AC9540169264B3E1BF950ACF9D048ECC1
:1012E000D141BC0127E9FA334F45F8511525A765CF
:1012F0004A45310B6DBEE2313F5B5B32BB2AF1D513
:10130000B4F6409047EE52BC0EB79760C6AACD0324
:10131000702033BF03C3C00C17E12D2E561837358C
:10132000D509FFAD0BF26939488FB44946FFE6CEC7
:10133000B70CD7B42181876DAA16640BF72906B2C2
:10134000E9C9215C3ACDCEFB1A0B5DF43AA92F0214
:1013500035F14DF8F413F6542A4935ECEE2C5226AB
:10136000E0AE0B1761BADBC8BF46DBDBA7E3633A2D
:1013700098A899E33422EDD0DADC950BFC46454F72
:1013800095493FC92AEF5B30D21EEA4607C6C6C55B
:10139000DB6498C4F814C3183F0F9514BAA7EEB4D1
:1013A000AEA24A4D5618A3E252D0B74BB0A40DB12D
:1013B000D2E137DA4EC1DCB650CDBEF94ED3DF9F55
:1013C000D638E058E48D4DCEFFA607463843EF43AC
:1013D000A900FB16C22D4EBAA2AC1965E7E3135261
:1013E000AB1D1DAEFF6503C24F13274C3F2AE41609
:1013F000C7A5B2397FB8463BF3B4A05BE6FECBF895
:10140000CBF65ACE314A5B8C1408472653CA3BF6BA
:10141000F2BCC8525801AA0E3D3AFAFB4713CAE083
:10142000FD4660E5D12325563ECE5B15ACFCD811B8
:10143000C644E9E442DDE9CCDC04E3CAC05AC5D0C5
:10144000BE225DEFD2782CCC1563C9AA306AD4C510
:101450004F3A04D91CC0EDDBBEE25E354E577FFE2D
:10146000C6B9D44A0F21C06E55FA9811E6E73C037D
:1014700061B2BAA7CDB249B55190BE745514D90620
:10148000A723C5E2ECBA3046F1F73F182CEE40B680
:10149000111C3258C93BAA11B63DBEA21F3FEC53E6
:1014A0007F2F5034EE162FCFEE391ED440AEE7BB5F
:1014B00029FBCA3C2526EFDDF229D852DCA9FC1B0A
:1014C0002E04B8CC4DCA29103BC9E5E126210FB83E
:1014D0002FDBCBD8FFEFA8BDEFFCEEDCC9EB3F3F25
:1014E000CB161798D73E14582C83FF32D415F60E1E
:1014F000B65C5A475108AD6629B6C64DE492A22F94
:10150000063751C8D765403CD5DE178CBAFAAB2DEB
:10151000F3C41BE189E2E62E6107B5F6DB1EECE1C0
:101520003D421BC3CDCECE04B47FD434A9AC300C25
:10153000F3AAD1549B95B43237138A839FBF1D19E8
:1015400044B3E200400505071F575FB88D1312F141
:101550002A613028C3DCB13A39EE48F9C414FBE8FB
:10156000AB5E6DA55BD3373D2DEEB4B5694062220D
:101570003E082896BCA51977C5BB9EE264FDD248FB
:1015800003173196DD4E1E7B790D344ACB87ACEFC5
:101590002E090CB8391B6AFAFD0A9A0C27E0601E66
:1015A000F5AA06AF360245243CE7D72207EBE3FC59
:1015B000CEC6CFE924473CE3D9CBE8DD37DE12DAEB
:1015C000DDF92DAD12C60EECE8D2E400D09FF41E7A
:1015D000B4BCE50716FA3B36E3B80EDDC523E327B6
:1015E000423E52D0BDF9E917EEBCE6E40A3BD21602
:1015F0003C23E0B6FA41AD42EBF3ABCDEDDA22BFCE
:1016000010F6E13FECB11C819EDED1CFED2A4938C6
:10161000FEC63303B4DA15152F3D1109D8CBB7E94F
:10162000C7D65951707F21F10B45A9B1B8E2B41466
:1016300066A4930413EB9088F5CFD217CE48CA67FF
:1016400034649F58C29C54B248FB3CF19EF2A4E51E
:101650001EC4E133CB1128F26647D67CD8CE361CA7
:101660004737C2C2A0AA7E119E20A84BB627D89F9A
:101670009AD412333518EF320062025361025CB91A
:1016800025326BF4C9E8DE58AB2FF33CB55E12B6D9
:101690004721102FE06070D7FF5FF7B920FE7FBAB7
:1016A000CFEAB80DFE1138DD5EAB9D1F00D3A5D685
:1016B0000205210E454266FFEF66E15100C1C8F602
:1016C000A745E4B5DCBF1D4200CEFE7FDB3C0349ED
:1016D0007A72DD4CF7DB5059E43E25FF6821E1CDFD
:1016E0002BD4452E6DF1F807C815B552DCE4EEEBAE
:1016F000F50B34AF04D0CC58B257274E0A070C5222
:10170000E2F04FF1543BF60F5300B0A72EA712346E
:101710002320403FA85E7120EF4D28C7AAB4D255C0
:101720006BA4D2099E9E383AA2C52023AF0AE7F2E5
:101730002304CDB3C31D3432D554DAA7AF44C1DC82
:1017400014C42733F1DC36F6E40FF30D69186DDDB0
:1017500015F5345F1CD81B04E24BBDE31306F937C3
:10176000C6F5CFBDA9B90547BEA703E2D5B7712D10
:101770004414D2E710A049A6134C91C91C56DBA80B
:10178000DD380706BCE10191105D6BB614EED50B98
:101790004FDCD6A0EF487FFE5BB93551F6651142AC
:1017A0005A4E1C1E9C81D0314A0EE9F76F297E0AE1
:1017B00020853CE94E8C36B71FFA2F44E86B566AF9
:1017C0007EA9A1DC02F6C32D35CCCB13F3B8416260
:1017D000DE4A09CA433BC5B6D9190E03BF0BD6541E
:1017E000BE460535434C21BE39382751FBC24DF466
:1017F000A5CD46F84372CEFBB80DA010E3F948B66C
:101800002D3F373BA7151D59BEDBF542CB1617659B
:101810009A19E909F0A716EE2AF7ACFEEF1226682E
:10182000ACEE55082B22BE99A09B2DF9706ABFE142
:10183000A42F0AD7DD31CC9EBE4AA5330B7B49C30A
:10184000DF41D355CECA82C037FB79681D910B2B7F
:101850007CFE4ECE2AC96BD4F6DCF318CBA1F60879
:1018600036CF3696114B253A3BCF394848ED40C329
:1018700040F0C8EF99234DE6347A5BB9A53713934E
:101880006BA6530D1506C846A5639527236D549284
:101890004DF35B760720F52A4FF80581F8FAC93E2B
:1018A0009325ED2D554538F335FEA458D3E5564321
:1018B000902E34323C1D609F3BEAA9F80A28F84E6E
:1018C000E350049C6A58F7CCACDEE05EA7EB12183C
:1018D000BC39DA3C0607D43DD8C20BA248FC91586B
:1018E000D4C663FCD55811056CBEFBC2FF232BC4C4
:1018F0004A5104F3A9664200E40781B62706E8329C
:10190000F3594EBDFEF40FB13C40E3D2DB15165B3C
:101910005A4FEA232B347ECE1620660FA74CAD38E3
:101920005E61AC3B291E1EAD33F1C63EAED8B3B9E5
:10193000634728F8F80A5CEE44AF4DB954F0F6BBA3
:1019400074C9E8C00D4B03235DEFE9DFBC28E7B1A4
:10195000183115A4535E21CDED60AB70F95E59309E
:10196000C23C8FF6CB33AFF4B1FFBBB6340E27D4F5
:10197000E5C18148C50CA215A2F2094E2102E60A72
:101980003C06B1E02ED7A4443A292E94EF50FAF148
:10199000FBA3F4CC6666E20BF9FCF1971D1AA50BCC
:1019A0003CA5BF7429BC1669F9682B531F2D0BB3D6
:1019B000A937F41518C45BCC5601D3AB59DF5635A3
:1019C000C21FDA10BEEEC9A5F0C9FA27244D492579
:1019D000C99BA243E01F5BDBA61DEA4E2D1711E356
:1019E000008D32E96B58ECEAE539523BEB65C3D622
:1019F0001119921A57187F86B4DB5247B255C02E80
:101A000036215610102A1B0B4540F23B3C010B2D92
:101A1000D80E16616509680BAA14B8E49F1C0A1554
:101A20003BE4E5D011463A10606DE431E0278E3496
:101A30005310792BF09BB6DC0FA7391F5A20A8054D
:101A4000332ED0400EBD3D3F680C9FEB07568E0EE7
:101A5000CE0625263EB52A4E40B1BE47AFC315A8D7
:101A6000AD545DCEB2E5182181F3B18BDEF3AD222A
:101A7000C525960BC30E4FC31F8EE23AF9D24259C9
:101A8000F3E21AEB0A4474D833F6455A0FEDFF1B04
:101A9000984937FE05BBD666B2243F97B2C82FF2ED
:101AA000600A3A32FD1A21B02517D906976741DB43
:101AB000A702AD391AB864DA4FE8FCCA502EF51DFA
:101AC000D0B6A84F0A20B650B1E717C1A5AAAF47B4
:101AD0001C20D1E305B3E0D3269503F608CD13FC13
:101AE000CE9AC1F040FB0E2BCD3EF7C2E3E6EAF6FC
:101AF000CEAFAE4D480C18DE4BBD19292A0E41451C
:101B0000FC3A4719E3CEDF481C07FE0553A399F6BC
:101B1000E05B67E3A06C19812E4A109963435BF286
:101B20001FB3CCB612C8D1C7321DAF4605CBC8977C
:101B30002F57E3AE2E18D372551D11C726C153ED92
:101B4000D0C10CE5579F36DB63577FF2D7D82D43C2
:101B5000D80E2FBCA12CE361FABA07E75FAEF6BE40
:101B60002F41E3D272EE1A74CA32CDEC19BE103D89
:101B7000E82024420E44BDCBB767F50331052F5052
:101B8000F9B244B7D0E7F5A7C21BA77101B8C1FFEE
:101B90002BD6F7E8D96BB41D44EB374B25F1C5E7DD
:101BA000405041F527D74D5A9F15F4ECECF4E15223
:101BB000D8D8EA04BB43FBB6250FEDF50AE25C8AF0
:101BC000B024246EC254BB42B92F0E86A5957F1057
:101BD000E6E7D4EA4A2742C3DE09BA2364BD06E435
:101BE000C1DE54F90C25321F649E0AEF6A3FDEF312
:101BF000AB45C4A722ADB307FC998808CF16BA8DB0
:101C00007320DE0CDDF85AE631D8A02F41273F1CA7
:101C1000A3B3181DB3A2FC71C9CD4F31B8069B21E7
:101C200097DB5723DF3754189355A846CF11090B7C
:101C3000A431A4291D432B7905BF26C1C59A3BE0D9
:101C4000FACE9E6750B79FC75257F31549B3E8F5D0
:101C5000DBF54DF0CE2A105B20CB3F43F60EED5165
:101C6000F0910B05A9E8ACAFDC231ED6A3A0299DFB
:101C7000F9C610EAE67DA6324B94B32BEA9F46DF05
:101C80008270D453DD1EEADBE6D43F2A3360CF1FD7
:101C9000BE27811D9C480B44D7F9EBD3E9D2A48D14
:101CA0002EF5FFFFBAEBFFFF6D04000062A4FFFFFB
:101CB0006FF3FFFFB7A1FFFF5BFDFFFFB453000011
:101CC00017700000EFFAFFFF27D7FFFFADE2FFFF1D
:101CD0005BC8FFFF3EF4FFFF2AB5FFFFB81E000000
:101CE0001B9EFFFFCC32000017F1FFFF773E000084
:101CF000EDD7FFFF9742000024C5FFFFF1B3FFFFC0
:101D000087DCFFFF5FB6FFFF125100008399FFFFE2
:101D10001D160000A61F000048FDFFFF88F4FFFF0E
:101D2000AA3300004C3400005C5C0000FCFDFFFFA7
:101D3000740B000021110000F973FFFFF6C7FFFFCD
:101D400025C4FFFF69FFFFFFD4230000501D0000E2
:101D5000DBCEFFFF15C8FFFF12F0FFFFF1C8FFFF4A
:101D6000153B00003D880000E2230000C7B6FFFFDE
:101D7000AEBEFFFF9BB7FFFF7D5600009E540000E4
:101D800068D1FFFFDED3FFFF38F1FFFF743500009D
:101D9000942600009D91FFFF691E00008CFAFFFF52
:101DA00068C8FFFF91380000DDFAFFFF23BBFFFF8B
:101DB00094E7FFFF35E1FFFFDBE1FFFF06DAFFFFFE
:101DC0008889FFFF6EA4FFFF45C7FFFF464D000057
:101DD0005E600000DE2D00008BF9FFFF7807000039
:101DE0005821000032B7FFFFC41D0000EB0F0000B8
:101DF000C016000060140000C3DBFFFFA333000027
:101E00005FE2FFFFD59EFFFF420A00004C5000003A
:101E10000123000097D0FFFF75590000041D00004A
:101E2000A0E5FFFFB2BDFFFF06F2FFFFEC83FFFF5F
:101E30004A12000071E0FFFF4BD7FFFF1ED8FFFFE3
:101E40005E1F0000C5CEFFFF79BCFFFFEF2D000035
:101E5000CA90FFFFFE250000400A0000A5EAFFFF30
:101E600071190000ABE9FFFFE87B000017E1FFFFFD
:101E70006B98FFFFAB0B00006EAEFFFF0CC6FFFFC1
:101E8000AEA9FFFF58080000C28FFFFFF504000055
:101E9000510C0000A5FFFFFF0F3600006E4300004D
:101EA000AA914358267F7F0E01F8B0127FDAAB70FB
:101EB0002CD07CE357DADA223405F41031D10B361A
:101EC0003511C0E42F15230AF6816637634A18647A
:101ED000C1AF165C667F7FA91B237F8360DB221A5C
:101EE000BBCB608A7FE18D9698FFF4A9ABD8E83A26
:101EF00081232A39767F515FB31730AB7F9C332A19
:101F0000271B7F0D90E424EF3E8131E09CF7D873CE
:101F10003758D4F2BBCBA21B0642D049CE38AFE231
:101F2000277F305033DF26DE63CB2C81AF4FDFE7D6
:101F300042DEEAC42B81C8E9B57FCE364EB30381B9
:101F400081BF0A7FCA1B0D0FB8A7C5A9D2BF1D4903
:101F5000C7EB5A322364F7F00D25FF7FD5194914DA
:101F6000AB3B6E60E9267F2F6305B8C281C42AE8C7
:101F700072CE7F04E4E011BFA98105B6EB24FF080F
:101F800020891BE9A04A981CCA60810F21C8CCBCDB
:101F900030D7EF04D3261AD9A1C94502406EE4AD6B
:101FA000BDBB81137FD7C3067FD137182D29E681AA
:101FB000127F2F601033C281E527F530CBA37FDF7E
:101FC000A0A629990069ADD081E75CC32D7FF8FCFC
:101FD00003F7023FAEA0191949FEFAFF49A5077F92
:101FE000FDC60E0669E6DB2709E4D5EF2344C0B33E
:101FF000EC81C70275DCDCBD5F887F81C8A67F3AB3
:10200000CE81B1AEE02FA7AA3F4ADFD66A0381F89E
:102010000AE5CF934856C80A19FB4A09413B8F3954
:102020000F313FF292FA1213EBE481F3DA097F2CBD
:1020300026D3976B2AEB474DECE90DE2C5A2C1F11F
:102040005DDC451B8602817F93A655F8D808DFFC2E
:10205000F5321FC9816956E40742137290EC6E385D
:10206000FBC681C122EC9003D27FE9FF4D0C0386B1
:102070001AE7BBF5079F356681CE8D4C1C7FEE7F3E
:10208000E23F51034D1014DE3796787F817FE103E4
:10209000708DECFDD4CC5B8B7FEB5CD0B15BB2760A
:1020A0001A30A960CE43E181FDD08DEE4A7FCC1974
:1020B000F80AA4E2A9449BA41728326C5904EB70D7
:1020C000AADB81CC818129D59DE57FBDF0657F01AB
:1020D00028FB091BAD22E1EC1B6332BC7F4D7F5D09
:1020E000E529B55EA5EECE3752F081B62ED970B98E
:1020F000B6CE791A81FAE74D689773D3203850A08D
:102100007F0ABD7F550D0640AE73091991A72E7049
:102110007FABFA107FABDFED0D7F810A81BB00360C
:10212000BD7D961A9638CF0B2D7FA88ED13D44AE3B
:10213000B42F81D9811BE2641D70817FF05CDC9338
:10214000489A17ECF75D700C6E5088069ACA4E6D6F
:1021500062D781819A001D7FEC4750A24D7FF2CE5D
:10216000EDFBE2ED3C8197137F35C996C27F817C00
:1021700000EDA51F45AF10C9253D0AB0F7339ACC35
:102180000FC5F419FCFB8181BBE443DD7109FB81C0
:1021900023817F0AE8DA9D3B1CE25A7FD57F29F52F
:1021A0005E4E3CACABD52DF1D7021D6BCEC4EC44DA
:1021B0001097F681F6E6B5CDC56F902BF2E5B45DCC
:1021C000BF8DC8811B1C87922A46E5003A1A0781F9
:1021D000A77F06F7DEF014CA12815F61C9C7E8C89D
:1021E0007F819E8132CA75E74339063E38EB04F0A1
:1021F00022C56CBB0A4D7F81D54AD73B3BE70052D5
:10220000FD34B929B616402FDE0D33B841DA211F4F
:102210002FB93F815C81878109EB1D471ED12B7F40
:10222000FBD1337F77C640C3F9F3F027B4CEBB1E92
:1022300081C651CA23BC7F0D7F87E33D6281D6688A
:1022400005F40EF075A5BDCBAD2418E77F5BB8DCB7
:102250007F16828AF07D3314DA94CE0A24E1FCECF6
:10226000B90A09AD134341923E1B2E4449364881B9
:10227000CEB320F6EBDFD986BD521F520425F14BB9
:102280002B15DE3879FE960C52D4A9FAD01EFFE544
:10229000C763CD4E33BA7FF964AD3DD83A1C52B313
:1022A0007FF422354CD62DD34B4B1F0FD50B32ADBF
:1022B000232751D49BFB194DBF30F81A8134157375
:1022C0002B7F304223E1D29ACF03027F0FF75BC30B
:1022D0005CD0BCDFDEDD510A7FD45859F20DB790D7
:1022E000623D28241106A981441737812BFA0CC9B5
:1022F000434A24812BA210DAF60D8BE7F112D9396B
:1023000025F115EF7F7FB80D81DAEAAA54BD8E93CF
:1023100025AA0BCE55DE832EF2C345D2A5BA7FD6B1
:1023200067F9FFFF3EF0FFFF1907000004E3FFFF1E
:102330006A030000A2F6FFFF3CF9FFFFF71200005E
:10234000F8FEFFFF6CFCFFFF18100000BB1200003E
:102350003CFBFFFF4EEFFFFF120600007F0900006D
:10236000980A0000DFF7FFFF450C0000B1080000ED
:102370007A10000065080000B70E00000907000091
:1023800051FBFFFFA4EAFFFF120C00003CE4FFFF3B
:102390002FF3FFFFB00C00002801000077F8FFFFCB
:1023A0005D1B0000800A0000460800009802000043
:1023B000A4090000700C000051FDFFFF5E0A000040
:1023C0003D140000150B000078F3FFFFA802000089
:1023D000DEF4FFFF98F0FFFFA7F5FFFFFAF6FFFF1F
:1023E000BCF8FFFF5AFCFFFFA5160000D50E000049
:1023F00014180000BDF3FFFF59F3FFFF6FFAFFFF52
:1024000005F8FFFF44F9FFFF0DEDFFFFC3FDFFFFE0
:10241000F4F2FFFFC9F8FFFF04EAFFFF000300002A
:10242000E3080000820C00007C0B0000F5FFFFFFBA
:1024300099FAFFFF620D00002B0C00004000000025
:102440007EF0FFFFD6F4FFFFF61A0000CB19000064
:102450009C00000095FCFFFF33FBFFFFE00E000037
:10246000590500007113000004F1FFFF7105000021
:1024700062010000DA100000B5F2FFFF810D0000DC
:1024800053090000C21A0000A0F8FFFFDA11000093
:1024900072F3FFFF73F1FFFF2FFCFFFF45F5FFFF16
:1024A0006EEEFFFFCD0E0000BAF6FFFFD7EFFFFF85
:1024B000CFE9FFFF70F1FFFFDB1D0000EE0700001A
:1024C000B7070000DEFEFFFF41FBFFFF9DFBFFFFA4
:1024D0003D120000CB040000B60D00000DFFFFFF11
:1024E000D8DFFFFF92200000B3000000AC03000023
:1024F00067FDFFFFDF0800006709000029130000E7
:1025000054F7FFFF20FAFFFF82F3FFFF82FCFFFF7B
:10251000D11100006DF3FFFFF4FBFFFFA5FAFFFFF1
:1025200047653541716A549BF8C32AB4F60ECF3D16
:10253000D8AFC262F26427B9B97FED642D14F042BE
:10254000FFE5D3291045253A0BC1F80CC5411EF70C
:102550001923E61A3B03CA0ECA1B45422069FBD168
:10256000DA5F5FDBF4BFFF0CCB45EB09F9F0ED441C
:10257000EA2652CB36FCF1F933B9E1A94E5A5E1A7C
:10258000D6D8781C98C521FDC61435EFD643EAF39A
:102590006E50A7B49D9FA703022B29D2E4D51D013D
:1025A000BB0DCEE0F744DEDABD344737BA3C19E65E
:1025B000DD5C370411183A05B057122BA736F3CB60
:1025C00017742B1EC61E3AB5E8EB1641F9D8D4385D
:1025D000DAAEE3B5E8AFC13B18C3C2DF56D404D8C6
:1025E0001620C31D1DF3352EEEACD5DE01D3D2F778
:1025F000CC27320309EAA104E33DD7253B0F34037E
:1026000060111F862B5769062319D4370CD2F90E97
:10261000087F30BEBA2AF238E8C8DA063944180B07
:102620005629A11BE33A6F0914BD5EAB15AEE34F0B
:10263000F21ED47CC59C5118B8CB6B553EEFF91FE8
:10264000E7C78DFC06EA06F0ED2A3DE2D6AE60A7AC
:10265000A0378CD2A86F1387B2A7B62813AF0D107E
:10266000EA61499CF347F92164F36A2A20E8B5C07E
:10267000144107AB0FF85948B7996903E511B8E958
:1026800040AE2FCBD60AC05DDF4B0D019913A9CB0D
:102690003041D9F2A4597FE451FDBB3807D36A57C2
:1026A0000777B409FFB9E72BECB83E0EFE21E5EE43
:1026B000BC2D2EC4DBC45A263C621649B0EAF8F39E
:1026C000ECD2C8B6C4593B4927B8DDFD404F66F38C
:1026D000CC602702AE9F324D1563F04F5222C05F8F
:1026E000CE4A4F615203F2554B5128D4F1F82FF4E2
:1026F0001D0CDED638CB3EBF44F7A84ED7245D185C
:10270000B32DEB7FD30BCB08D448C925F51DB543BA
:10271000E2DEF5F4E807C9D641012537D5C3FC460A
:10272000C7070DEBD3078B3A4C030ABEE13DC24607
:10273000DE16EE2AFE3FB5F8F0C82A25B08ED24349
:10274000F7FF12BC19E4E9C69BA222094C5F143BB7
:102750000559253425B0C93F9DD75EA531AF47BF88
:10276000F8220F979BC771386103B1305FE3D21530
:1027700005D34FEBD214EC92FF8BADD7CB2BB2121B
:1027800072AF02D0C99A5781120B50C331210CC6C7
:1027900076981181BA1905619F02356EA61B12F851
:1027A000BA0617DB43CC15ACEC073BF82E2DEBF348
:1027B000D2E4A4D2F5A20DE4ED223BF841FBD70D03
:1027C000D12BB9D61BF2C83116FDDC41BB5036B057
:1027D00006E125D540CEF24704D2ED3F141826106D
:1027E000E60AEFAB02D0F833FBF0D7D66A2EF13809
:1027F000F3F32DF937B91781EDE3A4CC422B09D0BF
:102800004DEEBF3849DDD70F0A31D2B1294C0F390F
:10281000F7725D38E0324418D1F4E7C349AE0043A3
:10282000EBAC148995372B00A42FCAB213B81FFB49
:102830003BB96933298461F5F054AC8ED9E31603B2
:1028400021ED30E30EECBD38AE132E9CB16C15EAD1
:10285000C6F7F5FC28E66B3ED93C1D5134182161C2
:10286000A38FF6A65BD3E111EB59985828A9FEA2D5
:1028700021F1A6634B520BEC9A29D1EB6529171471
:1028800043ABC3C21BF6BC10D7AEAA194F5D61564D
:102890000F02CC00398144E13CFE9BA50C333DCBBB
:1028A000430C9AC2ACD8FB2C44D32661013760F9A3
:1028B000B286E847DBD10201683BD72D30F146FCF8
:1028C000C741E3B1EEEBF1355128B6991BB4213283
:1028D00060C1A356F2F72CFD452E81EEDD2C9BCE78
:1028E0003726B431A2145AB319DCA803E0AB46B4BE
:1028F000C4571A70536BE0A14A57AA4134EAEA1050
:1029000011519B5A5723EEAD39101AA8D1B2310795
:10291000CE11F00D35E9E795404B23F345BC2D274B
:10292000C9474451FEE913B001DACF49DF0465FF1E
:102930006A33227ACB073A2E26007F0FDE62DC82D2
:1029400090DFF1382109507088FCF9944203D44D8E
:10295000C252305E8431BD0C054B00EEE0EA3EA36E
:102960004F583A2B0FB6142DE4A92A4DAF491DE656
:10297000B93E359707FF394A4EE1ECD0EAEB3FF319
:10298000FF4803582BCFFA7667072215BD25DE6C6A
:10299000275AE0BD030277AEA44BC1FF2201E0D26B
:1029A000FF0206B75D201613D73FD65818E2E5267A
:1029B00004202F0DA0B2EDF4313BE8A5CDC1EDE42C
:1029C000EB1656A73DC9CC0DDC482521B3F2150BFB
:1029D00023DBC39D1CBB375FB3E8F90BD1FE201B83
:1029E0003C622D4204261E3C1EDA03E84010D298B9
:1029F000B3FB1B194ACDE6A912FDADA22C0EEC1CAF
:102A00003CA61F65E9DD4F1CE02D1DECC6CDEA0399
:102A1000267F62FDD24123EAB8E3F1AB142C3A13CE
:102A2000B1315C59E055C43FB4A530EC100553CE2C
:102A30000B5530C5572B2CFFF70A3EDDCEF90B1690
:102A4000270DBFC2D8E4ED040BE240DAF1CBAC06AF
:102A50002C24D4A6CF45D8114DBC09ECE9526426EC
:102A6000E1D3B44DF4248ED81DF60B32EAA8B33C62
:102A7000034FB7F7322D18FAE7DC54B92AFBEB2ADB
:102A8000F5DA25B7CEB925243FEC1FE4C9D82E4B83
:102A90000103EE13067F2FB32F5541E9F1202903DF
:102AA00043710BF947EB18DCCC2F2C0EC42ADE52F5
:102AB000B831B4D2E93D32AAC8F23CF910C37F95CF
:102AC00012F2BA3439DEECE794F4CB2C17AEF5A948
:102AD000360A155A1CED2E481F38AC094FE2F6AFE6
:102AE0000B06964DF3F7481212B8B4AA28E23CCB75
:102AF000E2EF2EBA14FFA441672215D13DF3E53170
:102B0000C53E29C53F3CEDC9AAEC1EB2D8DBDEA804
:102B1000DFD1031C3EE536C033CB44F3D4F502D6F7
:102B2000E16D0DE7B4FDE5C3F61F277F48144DA006
:102B3000BBF4E952ACADDE1FD812985DBA1A8324FB
:102B40001D44743909D2D758D835EE0627A6B5F6F4
:102B5000D0089B3ED91947EE20839BEE1D381AF210
:102B600062B00350D08594E4091A22BA61BDE46AC8
:102B7000AF4EA5B73BEE6B0D5A69DACC562CCF455C
:102B8000400CA030F3C8117824950EF013E5B00D79
:102B9000E6353599C5AFF7EFB1FCF433CB1DD33330
:102BA00070E0C1D039BD8FCE31989D4E5B34FCAA08
:102BB00061984BB92A33A051D1CED7300892002862
:102BC000F2FC8EB4E47F1CA8C55BECD20ED545F9AF
:102BD0003B1818EE48E94849954AEB982B104BA151
:102BE000EFAABC224E69DE6B5936EF9A0119E4D583
:102BF000BBC723D214DBB5A902EF4CBDF6D795496C
:102C00006B4752C235C66007E11E3A3FF835A9212D
:102C1000E0B409FA514017E4CEC369E5C8CD87D8BE
:102C2000DA2332175D07EEC6626113CAC2D7E7AC7A
:102C3000C515FBFB17459FC262DF26FD2FF21FFE65
:102C400006B4E3F6300E37E31F55DF2CEB2E130BE3
:102C5000CC4CEFD8C43E122FBCCAD5DCB65AAD035B
:102C6000ED3BB0C930DAF10956C49F501F111C4F1B
:102C7000C9C29EB7B31C030DCD14FCD3C839BE43E3
:102C8000F90A152B363DDCDDEF123826AAD6032CC7
:102C9000142B7FFDC7BAA3F0191A1BAAC7F8EA0BB9
:102CA0003DE015705D55FF87CDECFAAF63BA902E0D
:102CB000E7EA521733DA0FDC505D43E43B95D9E67F
:102CC000E434D225AB2A745F44A73E097601EB5F5A
:102CD00091B9C53ED6237174FD16F89DCF3E22E40E
:102CE000ABEB1E52B841DBDC379EB43AA8AC52299C
:102CF0002ACA13C55726251CBDA572DBB45364BF71
:102D000054337F86DD99A6301619619E6002225BDE
:102D10009B5158C85C4B05D9A8281BAFE569D35F08
:102D2000B72AE911CF16DA3CE311C620FE231601BB
:102D3000E23829EC39EEC0D617C3E6CE2E491AADDB
:102D4000DA5B160634CFCBCBB61D2F1B3B01E02937
:102D500029B762192AE8DE1CF8D2DE1E0EB349E854
:102D6000C40CEBFED2E7FDEAB2FC2599D706C1F30D
:102D700020414A2ACD1AD833CB33379ECB23EBB32D
:102D8000C8BB16C02D4D0ECACAF3B6510334051583
:102D90003E7F120C2222060E0D3C1EC416B147F1D6
:102DA00068E5F3AB06D31E29DD03F240ADE80E550E
:102DB000E9422400085469E92628A5DA390F385574
:102DC000CB333C02F5BBBBFF2E3416FEE313CB1D09
:102DD000695A25A8C4545E4DC2E169C793429F3623
:102DE00057A3DF5081BE401E5C343FEE1822D987C6
:102DF000032EAA26F53EA886D60F5E77446F07C835
:102E00008F2FAD9BE66028E71009E9F72048CDC772
:102E1000AD412C2628C4BBC270E949DCE61BB4F5E1
:102E2000DB4CF76E9964BF49B0DAC14212DDCEB611
:102E30009FF4DE1043F3FD25C7E3E9E737AEF31C4B
:102E4000E52901B3696336F13D39C568DDAC9047CA
:102E5000E2413AD21424E4162893FB15606F9F02D6
:102E6000FD5814FD364304500B0C3BBAA226C15941
:102E70009D860333810E4C0F08F2E7321A2DC214DF
:102E8000EFB80D40C130B419B4CDB216C4A8D328E0
:102E900062F6D344AE4BFAD2013711FEEBF66C501A
:102EA000095E3157CF981B9CDA68A7CDAA63BF088B
:102EB0004F203702FAD6B7255A63680966769859C3
:102EC000BE60810946416900B11CCD2870ECC3E3A6
:102ED000F7BBB91EEA6A026808E14EDDD2576957AE
:102EE00034A1FC490FCBFCDD0424D04C7536A8D0AE
:102EF000E9A92A0BC6230DC5D1DDAE754FC5A76460
:102F0000E6ADEE08155B615A5C0917DAF3E85FC5B8
:102F10003C322FEDFFC369360E9A3A26E1AADFF65E
:102F2000E7DCC7267624B44129193E19E13483161B
:102F30000A6C340DD3092FAFDBAAC94FDE3AFA81F0
:102F40003BB64AEA255744C2CD420C2B14668B652A
:102F5000B70609AEE2E31B79BA425CC059AFF2236F
:102F6000EFA3147098F9A4980100A9A6FA7722EBB0
:102F7000973BEDCD1FF7E61BA14AEEE4D3B3764DA8
:102F8000B6342503A8F6D9549794F00623CCF74617
:102F90001E08BD5967B99DFE2989302BEF34BEACA0
:102FA0002E6F58CC594716EAF35526B0AEE4BFD180
:102FB00018ED2225F135ABAD2E17CF035CEE120EC6
:102FC0000BF11602285CBBC4CDE7D1131664CA24EA
:102FD0004544AC21C815E4F31269A2245FEFCB0C81
:102FE000A0B356E0CA62054C0AD50F0FDE96CAC3DD
:102FF000502F0613BFA6DE253035E2E6AB43570A55
:10300000AA2609DDBDFD2CFD812748C2EBA7890456
:103010000EAF2B3034FCED0EA956BA3527B9E5F0CA
:1030200041DA0D2B6034E327F2B660B8F0D531E316
:10303000E4110E4103E999221B18E6E014AA7FB9B6
:10304000A58FCEA63B18573B1E05C993D39B6FD9BE
:1030500091651DB2D1CF36F9FBE1CEE8C92F3FC94A
:1030600034B50A9227C22EE02209C26ED7A436E0F8
:103070006DDF78D61DCADDC70CE138E6FB30D839E4
:1030800065C9AE5D3BBBF35A944566A3C416D8A48C
:1030900064BB0E4E99ECD7CCE052E8F400C2307E0F
:1030A000C626391CC42AF4FEBFCE3C1EA5374A3BB7
:1030B00059D42EB05F93FC2FFE42B634545CE12A03
:1030C00052DA25D7BA8BD64F591A3E5C59F0D9D16E
:1030D000E67F18A2BD69D3E2FBFAB1C128A6CCCC29
:1030E00051DDDFCBF5B59E41AB6F5E5CEA178263C5
:1030F000ECDDBC093CD7E9EE306FAC360FDA3F0AA5
:10310000A3D8230DAFBF3B0E424E970D27AB69F4FA
:1031100009BB1D384E252921A3AF30C424F85F1BFD
:1031200020305123201913CD79483E2A22DF373E23
:10313000B2EE5ABAECC9CFB046F1FAC425E640D592
:1031400083F2113B17E556EA95C1A657C6A726029A
:103150003C631BB9490B55AA007435FDB1350A43D0
:10316000E26FAFADC5419F5217006E10C1B25EDF76
:10317000F119243EDBF65F4F0F3EED2895434FDB00
:10318000F9F12E4FA3F8C15D0BC1D80927AF2F2C41
:103190003C1AA3BBC4CDB6227FF23DE6E45DA7C0D6
:1031A00008DCAAA00C0703662AD961674D19AECFC7
:1031B00050FDCE8E3C3361132BCCE9032E03E53555
:1031C0004FCB399B210014003FBF195B3BF1D5D396
:1031D000A3C2A2590065F14164395D11194C5FDB4E
:1031E000C1474D0EEBF1B233470B1104A71045C296
:1031F00097A5494760EE24D503C431562B170B3AE7
:10320000BF0CF5B23E5D2066F003E1A34ECD99CB35
:10321000966C7F1BCB40D0CEA14602D4DCEB563A55
:103220005C147FEEBC20164D21B2CF48730025B24E
:10323000D1CC0E41F0E5EFDECC28CDBC23F3D71C7A
:10324000D120ECAA1397E1DE2BCAFC55A452BD0293
:10325000FD24D236520D374E694146F7E908C45075
:10326000F0B32F31F520AB54A53F16B834180D99A3
:103270003E14AF3E2C8B74A52EAD47AD0FB837FA78
:10328000C4CC31F6D2A066DD27A2D9E8B347DEB7B9
:10329000A6B7BC3BEB13A755AD33F7B31E4CF6FAFC
:1032A000C41FDC18DF5510AAA705D638369BBA25EF
:1032B000C62B3C23C8287F87026F3D293232A16686
:1032C000F9C7C1CC5119EDD4F8B6B6F5B2FBBE556D
:1032D000B0D1341C0120EDE34B5436962EA885D98D
:1032E0004B08ABEC063CDF2A9B45E35BB5D832B01C
:1032F000D810AFBE0BCCB9991CC3F904A943FC2D5F
:103300009E545555B2BFE95306D1C4EEAE4569E1AE
:10331000561050239FEB499BF16045583602D23737
:10332000ADADC84428DFBD022632D12A2F06D81AF7
:1033300037444BFBEDCB2147C6F1381B1127E5EB9A
:10334000C04242163A17BF3CB418C0CD39BABFE8E4
:10335000044E2AE650C3C61CCAE3F22F19AE4D43F1
:10336000DF14011FD7F3E6E93ADEF5C712001C317E
:103370002EE13E18B827DB35142300C77F3F184CD9
:10338000FFE42636F90F372AD616BB172424FEB2DF
:103390005BC252D22D05D81DA72DD5BBED2025E649
:1033A00012132EB5BFC6B7C1F54DCE48B4FA97B1CA
:1033B000F498599256007F37D14891D5F1A35659C8
:1033C00041BB19FFD22D1CC20C05F82E21C240159D
:1033D000D82E555BD8D4CCAA02FDCAC4CC175BC981
:1033E00029B8C8E9AD6155EE3326F32D1626324AC9
:1033F000CE41D6E102A9FB9F4B7ABF3FA741B90658
:10340000B6E4F514DF94C6E728BCC1D7670832F4E8
:1034100039F00AD7D216EBD5DEA25EFBD3E839C06D
:103420000559B1F2DE423EFD275546C3CD9DB1D0D0
:103430001524FD310B542D2346FAEB34F8D136AA6E
:10344000A58F92B132C90BF5CFD4A98124FFA69ED6
:10345000D8E422F1D6D5C6C20F009DCDAB76CFCE33
:10346000DE60FAF24CD5E71A5A0CF5D722B7B5D779
:103470002A0C24041A4BD9030443A7B1C8D4B1F3CE
:10348000CFB1594323433BF6DBFF2ECB65E01CD67F
:1034900045BAD84FD532CB49E0A2DB4AA90106E9AB
:1034A00097A2A9BD2925E1BECB6DBC374A07C6420C
:1034B00033CBE2ECEA05C7ECE6168D08135AE701B8
:1034C00055B80D5F085A69507EE14E982FCDC52141
:1034D0009EF81CA84506E15AC38BBCD02E15B33B01
:1034E000E80C632726BC5FBF7854433F1B7BCBF7B8
:1034F000D7401F1B403081312BFE9E58EE58471697
:1035000076A536F7A6F4B318CBB2E4C4F8D2F99F87
:10351000BC3643C6ECD70FC9EBC05FECC4C0F9C3DF
:10352000F8B2D8A241A2E5C50B0302A116C8E0E794
:103530001B1F402EAB42164F1B3AEEBFDAEBED3CA1
:10354000DB2D56DEF4C90931B13FD7BB38D20A278B
:103550007F4FC89A08D0D2044B4506E5FA5646A4D8
:1035600008D4C56505A5D1FEE10ED811D921081CE6
:10357000F20CFD1CCD4AB92A8D33B506D567D32B85
:10358000DE54BE416E26239CB8BAB24E34DBE6B59B
:10359000FE44ADF050F9189F483FC0E4D31848EE00
:1035A000D8F3B321D0A7FFDC30453D99116CD2D6BA
:1035B000FEF143CCFB392E125202A3B896CAB7B320
:1035C000F0E8E69C60AE9A1A579F3594BB097F419C
:1035D000ACFABC310637265486E2CC9D37B50FC60F
:1035E0004301B903B118483AF747F3B4B4E0BEE871
:1035F0004A5CCF09D85CD31851A7A3ABBB3446F9BA
:10360000BD37B04040200838B81708C417BE302E68
:103610002C43A7932FC66E19FDF562F539338765E4
:10362000C52F923B3DCBB9274E5F662781A4550E2F
:103630003ABEAB274DD466C4AA59BA1FB90E44B9D5
:10364000205884E2496232ECD3F70BC0C7C436F885
:1036500091EE0E29CA45181938EE883EFBEA40CD96
:10366000EDF5982149005832DECAE239C6A8541E49
:103670009B2A00D9C278D1B8EF91AC04C4D9C0C498
:103680004AAFA68FE3E4EB2421C6AA44141B71AC15
:10369000E01F3D04968A440E096433D05707E42A9C
:1036A000F936C102D6E72535D203F5CF08A9500D6A
:1036B000D0E6832CD2D01EAE3D0F0CBBABB465BBA5
:1036C000273A093203BCED18FA32005FAFEC324AF8
:1036D0004EAE4CB7E005CA2EFFE9E94C634F4B03F1
:1036E000EB51CCDCB5D0B8ABE741FFC2E513DBBE94
:1036F000474D89D9CD2F89D65540A9D341CAC8276E
:10370000AF0E38DEECB7251BD5AE37B2E9ACA95BFE
:10371000BE7F62E406D61951A118B94AE592C015D8
:1037200050183B03581321D6FC0A1DDFFF26B0C2F8
:103730004B1E2BE936280E1DD447AEC71EF7FB09DA
:10374000969E0DC7A20981D909EA372511F822BF33
:103750004BE2207006C81B0101B6F19BEAC51A2F87
:103760004D18123BFDC525C74AA1BFB2E35760D82B
:103770001E4EEEE941BCCED34EA32547CB2CECEC3C
:10378000FBE3590DF61F2CFF570A3BF7CEF34ABB5C
:10379000C825F4F3EE2FBFBCD4B256C5BDDE27FC5E
:1037A000A648A754F59F4FDBA8260F730E2C485947
:1037B000E96D4B433602272197F85CEF1CAC17E309
:1037C000E43FFD83C258BBDD39353EA9ABD1CCE621
:1037D00035CAF5E3C1073FBF8654C9400D4869C8E3
:1037E000368B12A8D751234819E72F6E25D83AE314
:1037F000F7EB4F22C8AAE181ABD2FD2E320461F56E
:10380000BB73D7DD5FB09C63520CA246F6003AC989
:10381000616531AB38F0242136ABD1E8D39829C6A5
:1038200019DED3E8EE1F26E9F7A905BC37A54DE060
:10383000681E15F00E22DB98E0C8B05D27EB00FF94
:10384000BD2AA6E32AEDA4E62B575AFCF11134D386
:103850002D4819246958D436BBF901DD05F6BD9110
:103860008D3A4FDA8E0926B86FB9A9CDF1ABDF2DAD
:10387000DB0DAAAAB79EC122C18AF83E000EA96438
:10388000D9BD7FB317FB232F3CB45AF4B5C91F2C05
:10389000C3CF634DC6EFC46255BE62AA1A72981DAB
:1038A0004342E8D4FCDE3549DFCE5D74EA3ACB3AD8
:1038B000094EC240F6D46D262AC6E1D166CA371336
:1038C00009DDED075F24C122DF0A4CF0180AB9CFE9
:1038D000731EED0B3F4367DD635BCCFB44E0E4FF0D
:1038E000C2325BDB30B90433EC45273AD934C43DEE
:1038F0005DB3EDABC60ACDDBF75EC9348A6D9F19A7
:10390000317F003DC3F3401FF4D05DDB6344EB3AED
:103910003C1BCC171E26D19155F2BC55C9EA15B6F1
:1039200064045056DC96E1B79F9538254D3D5B1CED
:1039300011059D6BF88E1960B564DF219CCE3D1D8D
:10394000E6314BEBFDFC534100DC4FF1F457E5A9A8
:10395000AB1DA7443B9F7081CE69EA06AF5FDA3E9C
:1039600031F25089964AEDCDEC628AFA03E9E5EC32
:103970009ABF6E6CDE05B5544FBD122F36DB60FD6D
:10398000F20C575D5F0D5FEBE59C8B36B713CB2CCC
:10399000F51E03A9A3B43AE2085BCE812764D31DC8
:1039A000F9DF97DA4C0135D43F4C0EA3DC12D62256
:1039B0004D29C56954C3F7E1634FA1FAB527FEFA53
:1039C000961774EDB9CB1E9FB517BA384AEA293B52
:1039D0004137D17D1A18CE1ADA79ABDA6CCC561988
:1039E0006AC74CF17F48ED24E5FCDDE63FF0424834
:1039F000DB02BED3C2500D11D2C9AF45FB4E5C52A3
:103A0000A011EF73373F110239D816F35FD617585C
:103A1000343F32B9EB90CB7AD7433518E0A205DBBF
:103A200033E89C654624FC043BD6484FFCD2FE1D7F
:103A30002538F0EDB7E630512A4B0511B68C7F08DA
:103A4000A0844DC2D30ABAB0EC4ACC1DF74BD73292
:103A50003D024E39BBCC3B0E3318E8B928186FDB5A
:103A6000ECF4911FDEE9EAD83941D96BB8724AAE5D
:103A70001957186E2B08BB4833C2DF2EC43C73D5D0
:103A8000391ECBCDAD1515ABEF5AF8EDFEF4BEFAED
:103A900057D1F3E88AADFFDD042AF1B80A57B4E044
:103AA0003BEC25266E1736B95A54E0CAF53710E7B5
:103AB00007BCED2261F3A9E433B4B248EFF338C593
:103AC000FF450DDBE33323BD3C2B2F0BF1D0C1C8E9
:103AD000B0FCAD2DDDB1A9F95803B2E1323EB4E13D
:103AE000456501E8E624421B7FC9B8090EFB98D062
:103AF0009DE712F5B4DBC718DE40C10BAB5FCD25E7
:103B00001D68994C2144D3FF384E380CA53ABDA806
:103B100059FAD7C631E0070D11B31603E5DE372792
:103B20002EFE496A064EE01A2BB2E1E6F7B0362DBA
:103B3000949E09FFAF188CB697A36DCDCAD2A6C5C7
:103B40006408C4C8BC95A73869ED2B0B9BABD9465C
:103B50008F1FD4544ED5369038ED262E2EA74225F1
:103B6000D002181A2E6D57F24D1312C8521CFA01CA
:103B70005FA558C55FFDE2DAE7ADF5B47F69E726DA
:103B8000AA34D7B7F0BA411645223F6E205113C36D
:103B9000C756DD34E42CC31F552A14EA1BE9512013
:103BA000ABECC0BED0A1464135993C0CDCB4194DFC
:103BB0002B31DD2C424215C0FD09BE094FD6C2E1B2
:103BC000CC17AD0FE55C2411BEFCF1A6E644DAE1AA
:103BD000C42B003FE0C827CAB5B2413A2B1D4E02A4
:103BE00057D2EDBA00D2EE52C8F0BDECA726B1E62E
:103BF000324BD022F1EAA249C2D4C6E6B1FC6BC175
:103C000081E1B10E04E5FD43BA00264AC652E54CF7
:103C10000A40C643DF36E1D5D6FFC53EDEC11FD41C
:103C20004AC1A4DD42B0A4DAFEAEF210F0FD411BA1
:103C30003CE53B7BA327D6E902D7BEC067B728295E
:103C4000A300FB3325292234E9FD4F42CFF5C40CF4
:103C5000E31E5AFF1FC40A5DA6B34AD2CEBBC801F9
:103C6000FEF7090461FA49D5C520F30B9D9B23B6E5
:103C700004C407EDC2B2C5D7EEFFC29320C462519F
:103C8000D7AAFC4EE73C4BEF0C7F318DCAD343F6ED
:103C9000F7A8F0E734A7B0A71DD0642A915CAF362F
:103CA0001160158636B522512EF3D8E5460444E757
:103CB0002FFC67662F3807941CCEC44152573A1A1E
:103CC000E209641DD91928FFBB04B5531731261B1F
:103CD000968DB5E6593BA7D3CC5209EA4007F2E4EA
:103CE000053AA319D544307FCBC3ACB20ADA1BC165
:103CF000BA0337BF1FB5B534E846E318F5D2BAE2C8
:103D0000F6ABC72FE0C9C58F1F5FECBB26C62ADE06
:103D10004D26B11AFB0DB9DE2CAB3C3137B615FC84
:103D20003748C4400943C71DC4F4BF4CEEBE42E14E
:103D3000BD3A655BF8FF09C2F71A48E65EE09FDC12
:103D400097BB4F51B1E2EC25C49D18A82A81E9BD6B
:103D5000A3A9163122E9D220C21DC8B020BF4C52FF
:103D6000380E0A10A8DD24C22FA6C8CE96E424D8A7
:103D7000A0232FBD42114DC5F3C9344A0A4017F79D
:103D80004B4E324BB9190748CAAE34B4A9461CB8D9
:103D900003589D3D3ED0DCBFDD76B71018DFB45729
:103DA000BE013D9E28A5BFBDC8AEBDE38CCF272D6B
:103DB0002C041272B7EB6461A8D0F2440D9DEB01A4
:103DC0003990D351A1608A47E432B91B0A1A7A4F5D
:103DD00021E7031A4012CDE5997F2B993FD1BDE32E
:103DE000165EB800FB47CB3F1904D3FF55012CB733
:103DF00033F928DFF727C938559D29CED1FBC8F7FD
:103E00002E100EEA9FBADEA793E1093F029CBC0484
:103E1000D945E124D301E3E1FE27626D09A5B1D6BE
:103E200038F45FD1ADCCF8D22EFFDA19A0731E3E64
:103E3000262D491BBCD62C3A5AAFFCE06B4923C354
:103E40005DAFFE37553222B3ED37314B1F0F070DF3
:103E5000133B29A2DB5EDED6110717478D68F7AE4C
:103E60001B938F3E65C3EEE661E9C9146E44A34A15
:103E700023DE46025F43C90F6352496FDE31EACB4E
:103E80005BE4ACF218B83E81E5E79B07E37C58C0E1
:103E900018B184F81F2AF554D9B0DFF3504939BA64
:103EA000A4BABED0E95EC7E0080EF9C84EF016BE4F
:103EB0003B2413BC285C4CF610B5419D43A638FF4B
:103EC000ACB5EF99023030E4B8D90700D1B6AB26D3
:103ED000A93E3BF023493D45444535F6E0D732D372
:103EE000C8CEFF3C1FDB355606186438F70FE817BD
:103EF000165FF830B71A08C7CEA5155CAFED9EFB6C
:103F0000673B4D57E0F302D0184BF7A456C111C5DB
:103F10006460E5EC1F4DABE4B1F1FF3C227381E638
:103F20005D11D0CE4E42D579F0A0D0034F4EA5E81A
:103F3000B2F717FE5A5C4638462EA46A41E71519B7
:103F400005381720F914301B55331CE1F6BBA93D89
:103F5000BB0E44164AD1C3C06A4A20A30CFB2604F8
:103F6000CBB5F1FAA3AF172A2D1C16FAC6F1A9603A
:103F700029F0044AF2CDA09A5AED3ECC551F1831D3
:103F80005C2924F406D097C2A94CCA1CCAF725EBB9
:103F9000D5ECC5CCF716DC814F406150E0DEA9BD01
:103FA0000BE5A7B45E9F2C69EB4C1E4F1E73B488C3
:103FB00002D71B2109280A3AA0D831F30D2907AFEF
:103FC00017AC644BEA27D7C89EEC06FF02DE4C080C
:103FD00059BE8EB3ABEA313DE4269F1CA960BB33CA
:103FE00015DAF95DFF12E4642AC9341840DD06E0F1
:103FF000DE99CA9A9A0008F8F0258E91361B2E3A5F
:1040000055A8146DAAADB551D5D586CEBDF034D91D
:104010009D63CD5A4B4B97F6E3B967B8AA517F938E
:10402000116050AC15D2A342D1A005DA02690CEEA2
:10403000E5B442D01DBDC5CE29DD195EF613D8C446
:10404000E96EE6FA106628C30E3DF2046D20F3C453
:10405000BDC1401109CFDCB8DFC65D6153DB3AF268
:10406000691CF1EDD0EF93192E8D101411E89633E1
:10407000E956173EA2AB02A2E6C5D9A458DACB0C8A
:1040800007D5BE07500A32ADD855F913F3FE1040DC
:104090003AF11AC87F560E455EE1F25C672AE1B933
:1040A000DB2A4230E155C4CFBD5B230AAFDEFA2CD8
:1040B000B2090FEE64C315E9C9CA2EE843E17F12C5
:1040C000D4E0B310DE1FB501ADB3AEF903F35487EE
:1040D000EA0FC1FC489BEA1330D1D948036CFCAC11
:1040E000C5F11FFEFB0B322B62BDCE2054C812D48B
:1040F000082E4C094F890AC2472F4D9B3BFFD1EF39
:104100001B97A10DB6D6DD07040DE025D312EAF00A
:104110001214CDE9AC49DFFDFB15555C67F3A8E44B
:1041200004DF1510F734DA1832F60059AF5758AEDD
:104130002BA5D0D5404C37C57F75D47A1C68200597
:104140000D3227CBF45EDDDF31EF102D28D849EC9E
:104150003AC1005623A3402F182EA91EA903C1124D
:10416000BB4CE010C81CC24018110F51304329331A
:1041700021CCC0A6FD653FC9E63FE2E2BFB0E5F451
:10418000DECB1C14C509ECEB51232923BBE36739B3
:104190002F922448165AC2E22ED5F4B32AE5553C94
:1041A000DF053DE42047D053CAB644C13C0898B966
:1041B000034F958175CEB35DD5A41BA164E9893EFB
:1041C000C53CEDC5FDD2D151A9D95560210AEFAC4E
:1041D00052AF45667311096F4AADB1251B38D1C87E
:1041E000913B6034C31C2FF055F3273C2A3811A9AA
:1041F000100FED96153942F34CCE09300CEAD22857
:1042000095D263FBE31F1312BF2BBE04E747D0E137
:10421000AE765706C6D44209712698893306E6550C
:104220006EAD02CA9B3A3DFA2236DC588844FF54F0
:104230003A2502B239CDD81B73374416F6C23B1566
:104240002745BFF5F0CBC51AE75B35E9C005A3F0FC
:10425000EEABFD4E54EAD7C218AE9E0DCD66352D9D
:10426000C9CF8E5D964ED2F350BA491702C6BE57DB
:1042700083AEE228BF2F0A05DDF63A4F5A5330BF0E
:104280003E233349B6590681B1A353FEDCEF5319DF
:10429000C86F4F2037AD15D3E7BF04CED5D7DEDDCD
:1042A000CED9D224F90DBCCFA8CE62F22A287BA8A1
:1042B0000BBDE2DEB81149FC4FB5ECC6D2C3F733F3
:1042C0002A384D4B7F5FD15EECB3B7E15F2CC7C896
:1042D00038F1F2D8A32AECECF648D1E1CBDEBF549A
:1042E000583B3D4A08AAE4DEFE40E30336EF2C16B5
:1042F000A313F3F6493C3DC353E725102CF61CE508
:10430000E043B81674620EBC341DC6C811E4DC4824
:10431000C4EE945E73E6202A16193BE843FF098D2C
:104320005F4DB00626F4CF33E3083AFEE6D358E2F9
:10433000E5CD362F44B20B3C00380927DAF342A40E
:10434000B9E0E4F109CFFC22BC60E3EB11D124E831
:104350003AD4B7A9E91B54EFCA4BB1D319D4D19EB3
:1043600001E3C81131CDAEFC19BF4A2C3C2D4409E4
:10437000C11EF0E0260420DB28FE2C15F15BD6D40C
:10438000B7A1562D2B12A53FC116D8CEF398D5EE66
:10439000EF30360B14DD16EDC2ECE1B7C21F2D81F4
:1043A000B91DBCBF4552464958362C14381316491E
:1043B0003BF7A6F95354681E06DCE430680F5E2311
:1043C000A2CC6346C5D292C22503E88F38202B1FAA
:1043D0009D6CF4E148B82766D137D1DC9F1E1A687E
:1043E00048D1EC9C2D7249490CF3945C1B58A430C5
:1043F0009C7F263B4FDDBBB7C023BA0FD5265E514D
:1044000096FB2490D5D6F362621CBBFB01DE5A47B3
:1044100051E3D5A94AE6D620F7CCA89EE6CD5709A8
:10442000C8D8AACDF2D50AC7F7285A2EF8152CF409
:10443000BE51B61704AFF561414B37F708182BA8EA
:10444000F5B6F0A0EBAC812DB4A0B6232A24E7E1A9
:10445000BD55CD7792CF55CC1B384DCFFBEDBC84ED
:10446000AAA70E55A1A8D9ED3D441FCA01583DF792
:104470000EA056120EF9A92620952A2F9A8811E926
:104480006055E7EA04448AA4E739E5F3599E9AADFA
:1044900003B22CF1424B58EEFBBB053D6361FBBF01
:1044A000C099D962B91DC9EE4B580C0FBC1CE2DB98
:1044B000244BFDAE5617C43E8C3C4AB1352AE82742
:1044C000142A5349DB0CDECE5E0D7FA839DB42C1D6
:1044D000152A64097BBAD00424F5CBC6408C17B0EA
:1044E0001ED4CD545F3545BB0A0951CF2B29C835A1
:1044F000321250129728EAD53D57B1D75E1950268F
:104500002EB75AEF0A0DE8DCDCD8B8FCC4F8432B10
:1045100068B7E617EE493DCD26B5F4C21AF9ED1697
:10452000813B46C0FCDF984F1A514DB9D13DE104A3
:1045300024A4C8C1A5364009FFBAEA34AF57449055
:104540009219D14D1877FFA6E409D8CD89D34A3204
:104550005BBD143B2233ED029068DA9DF9EA46D93F
:10456000C6CD58C42FE61716CFF39E10F5C1329969
:104570005BBD99DDE01FB7BA25EDBFF320B61AED9C
:104580005EF32DAA35C359D051F2EFB0EB40E424CD
:10459000013DC60F1CFFD39D3E4656FE2EFB0AD1A1
:1045A0009EA8BDE3B0CE63D4D8BAF9D32DF22FB90B
:1045B0005AD0CCDAC7BDED32FD4FD32976A8F8D258
:1045C000F34942163BBEC4F8C00F41125A311E23B4
:1045D0007070CFF9615F751AEEEE38C481DDBF2FC0
:1045E00031E4EAC7A9E23FCB08284D5E1B3517D757
:1045F00025CF1F37CEF744EAB9DFCFDDD152555072
:104600002FE83B541BA5B9375A333A10C5C764226B
:104610002FBD4143074BA2BB5F4E4E3711720CECCE
:10462000AA9854D5AFBE4C62FB13BFB6BB264E3220
:10463000C6B424468BE1562620070BA5FC99EABF99
:1046400014D1A52BF14081D4A3E800871433FFA433
:1046500010DE3BB5AF214BF63F0555239056FE0BC0
:10466000C15AD8CCDA61C6E3D54F48D15EF3F4C362
:104670000ABEFE391C37E828F11103FBF8B209A67F
:104680001640E1C914CEC8B4AAD98B2C59FBB9E2A3
:10469000DEB60E01DD10116FABC61AA51C343A4E02
:1046A00006032818A645E75A27E71830BA3FA4465C
:1046B000E55946DF57B6931A0A07530F37D596C701
:1046C00031D328D459C6F4C428FCC53FDC130B9C55
:1046D000C9C6F3D70BDD43D3ACE9CF3AE418263F84
:1046E000B7D793462BF52481DE4848D9F8E92656FA
:1046F000C6373104B71213A1B656225BCECCC240E6
:104700009EC1085604AFBB0B2B40149B274647564F
:10471000B0CEA2C119D9075744ECDEDED31EC15E6C
:104720000AF665DCA06899E4E5E7AEF025C7FD224E
:10473000543C28ACF448C351D80C169332DA48CF15
:10474000A9DAE7BB4E90983A6639B7C7913B5B410F
:1047500096F646560135BE4BABE5E3059CBD573D8D
:10476000AA46EF974EB0F29514E935424A2A4F9D7A
:10477000034F96EFEA503725FB1F3CA791587F2542
:10478000BD02E8FDA4033DC752204E2DE5E8F6CE5C
:104790004005BCD3E149B8E11350365CA213E407ED
:1047A0008334441BFFDE40AC1526EB4E36636109B3
:1047B00001DE06399F4895BFCC1F25EC4CAF792010
:1047C000B9B2B395F602E222B2009BF634C43E9829
:1047D000B6185E97B0CB2B4FC149EAFF1BE53DC928
:1047E00029DE1EF7ADC807446CE3AED5E52E3CF6D6
:1047F000058E9722B0509D284B27010A39E3CECA77
:1048000019FCB2B400D128073CEFC3932564C33E22
:1048100033E111C89221F9A5E581009CDEE05D2A13
:104820002A0F6237F7123E245D9615ADC2408FEF16
:10483000698718F61D563C340F17D906D9383BF254
:10484000817459E60E6BAC38FC40B6179FA597B43F
:1048500064D429B1EFB5310728005B74C6F9D0697B
:10486000E9D7B40CF38D7CBF1BFB91496B374EBB72
:10487000E2B12CAFCFD426C46B9FE25399F4489C8D
:104880006B3004BABFD354BFA00185B23139D60210
:104890004C7044AEE6CA954AED4127450D9F1896E7
:1048A000C134F335693489D0525090FE1A26DBE0CA
:1048B00045049D6D58DAEE5C91FDA9FCC9ACEAB9DE
:1048C000EFCD3D028C5388D80C9CAF2AD14929D713
:1048D00089E94C0CBBC41A14E48E525EF4F8CD5B2B
:1048E00087C2EAB40914AF643EC7E3FB11EAF2BF22
:1048F000526814E4201C813FFC3A1F1B6ED433F82D
:104900006F3096E31BFBCE1466ED38F6D15003CB27
:104910006A4A8F06D2A194B4A53D06B1AD0E31D638
:104920000495B6903B1A3A8A41CEC6119A0B2531AE
:10493000220D001E3B9BAC3F435401C2E64A0BB51F
:104940003210F1CB9F1EB8221A10221A254DC0B684
:104950001BDDB6E61AE745E3BB211EFB15EF26EF8C
:10496000FE15AF523D3A3037CDE0ED1DBDC61248C1
:104970005A31B8FE446C0E3CBAC8263FFF37C268B5
:10498000B9EBC7488F09085C3605472FC2E340E101
:104990004EF7CB8C23D9520E7FE10530F7DFE4F6DA
:1049A000DEEBC6D9CE35C84CC2E53EEF054AE1A1E3
:1049B000230EF537E3F638BCA61E12BDD14C0DEF21
:1049C0007FC264122A281329EE3DBFF81E30F1433E
:1049D000C1074753FA000DCD43351E5E18B44C9104
:1049E0003516C5BBCBDB052248D2DC1ACAEA3C2A05
:1049F0003FFAE7D2E33C5BB5EDD311DDD7D7B23B4D
:104A0000FA00F5123D32B03D36A046A65C0CE0D06F
:104A100022F13D6872DFB0A4652203C857A0CAD650
:104A2000D0A1EC22DEE0C143AAE5225E0EABF01479
:104A30001922C28142EE54170917E200F2340EB86F
:104A400053A40B27E153DA1D3F0F319ABC2E00E827
:104A5000F15A32DBEF34DB1CEC0C55D5C7C9C0EC86
:104A6000F0FECD22BB23D4C1ABD61109FBAFE8A227
:104A700020EA0CB43701F1B8C8529A03428A2933AC
:104A800004EE93132EEBCCB94240B30B2D3C11999D
:104A90005D2526BF31F0FAD8F5A9CF4B14E1F4F02B
:104AA000A2A8ED16F009D9E3D62CC4194AE3FF35C4
:104AB000E0EEB20E4D5F1615FAF91753DAD61CE583
:104AC00029282F0B2BE1CE4D2C0DE6DE61AF07D050
:104AD000C7D8C9DB0C42D7A652CBCF0A44FFBBE8EC
:104AE000F3FDD5D63FC642D52702DDC77FD2340DB0
:104AF00010D50E9FF1EDFB1B4FD2C759F808C4A883
:104B00005ED1EB2DD0171A31A9BC15C41E610ABEA7
:104B1000B1ECE2256636C148013023BC2E51EDA927
:104B2000AED70B0FB8C5202514FB983A64D935F9D8
:104B30000CC5FF1487E3BD1D29411FFC22FCE809B9
:104B4000071BF1F1A5B14649189DAA8BAFA1B2018F
:104B500025ED637B3C0DBCADED2AE218AD2FDA08E4
:104B6000331478F84E321E35E42100AAB95CBED465
:104B70000200F55657728223393E54816E3047C287
:104B800017CB1267E9A11F9CDBA6A75910A7FDBA96
:104B90001D995D0937FB042E61CDF2D656331A2AD2
:104BA0005B1EC7BB4CB71D077F38EA0D0047604C42
:104BB0000D9923703FEE4B0BE807B4DCE448D5D1E8
:104BC0000AA9BC33A9E8B3470CE34C9B55482DAC6C
:104BD0003A3424C6DB1D49FAABA9162B1237EBE297
:104BE0004536D1BB2F03B2CFC6EBC6473D1ADF21F6
:104BF0001E1536DD464A9FD332B5E865EF3612C43E
:104C0000FD411AEBDEC22A1F623A2C39FB2113DD6B
:104C10003D31BEA9E5D5E4212FF542DA5C03071347
:104C20004941A381D401E3ABC800F2171AD8F59B20
:104C30003F7AE678445BF54DF9E654BC5CD82B121C
:104C40000F2C1DA5D8D43B6FAEAD2ACF225FB30D7C
:104C5000AFBD4642015141CB6513D78EDF29F30C1E
:104C6000F7099F6013DD24E7FC9C64D0B200CEBF3F
:104C700053EBFB493D24B01D910648D9A372EFB315
:104C8000B028A5D6FDA80E044AAAD8546AABBFDE48
:104C90007FF0E5736E08CAF0974E9F6036E31A4EB8
:104CA000C2DDE85FFB060F09DEF7FEDE2FD855E513
:104CB000E1C801E99DEE9A40B6236704D00645F7A6
:104CC000333A644FE09AE774CE42C830A50A0DA08B
:104CD000D113214A41E2E967CF9326134257A59A9F
:104CE00008A424C1B91FFB20B80B055295CB2CDCBE
:104CF000E703D8A8DE7F73D71F921BF2F0CFAFDB9C
:104D00001C0E56650C541EE2E6AEFD08BD1150C0E7
:104D1000D7C527102CB31BEDDC3DCC3350BBF7FDC2
:104D200063F025AAD6DB1624E28171B4F0113F9717
:104D3000ABFB1434EF3DAF02CBDC4952CF0FF14F48
:104D4000BA4ACB179E5D255A0B0E5EE266E54B1103
:104D50003A3FF0492D25B801F3B011762E134824BF
:104D6000561803D93AE03642B6B8ACC5FAC8BCBE4C
:104D70002D9FFC3F259F2B6A48E7DCAE4BB60DFB11
:104D8000F55674CA3D24ECC355410769D0A53A6075
:104D900016FAE2D4D3D5E2C51FA625C6CE212D41F1
:104DA00046CB363F9BA6C844AA2219BBB1C9AE0167
:104DB000B6940703B12A5396A6CD155764DFE005D4
:104DC000388111130DFFCB209F889D92CCDF52D4E8
:104DD000E2D66DE9D4B15D971B3931FB08601C4602
:104DE000480C1B31E79B728CD256EB724653F2ABE8
:104DF00052434A4BD9F9E5984C66FF002896F26C6D
:104E00005F5E10DC0002788243DFC42048066FE753
:104E1000EDFC89469400511748AF17351934BC4949
:104E2000BC4304ED70614D98B7B8FCD503CB834308
:104E30002DB9E5BE21C73BD7152D1702122FE6125B
:104E400057B4355048C352A202EB64A213DEE049C6
:104E5000F35619D31E5655F6BB39480BA33E45B43D
:104E6000B4DB1C9207AD66BE33C317487F3E54A423
:104E70004D29FDAC039DD297B1DD01F6BB34214A2B
:104E800043187DC0DB3B71FBC5B4E8B744102CA4CC
:104E9000A0D30C135ED5A404E6B93AA12C16179B37
:104EA00096B5C1EC151A96F231C51029F6F6A11681
:104EB0000002F8BF9E55AD54C4A80B5BF23096E7D4
:104EC000153360C63A2820D5A1A321E05B31313BE0
:104ED000172049BF97BCD301A9C80615534ACABEBB
:104EE000DEB440F3BBB928DD542906AF3CC6ED95CE
:104EF000AE5C184984CCAD0730CAC3E60EBF39E1B9
:104F00006642B4CDE44D22E9E562C4CBA03823A8C3
:104F1000E7FA7FBFD63B155043A0075FBD0E0330B5
:104F20000BECED34463E1402BBFD30181C4381EC03
:104F3000335126F9DF1B1B1DDA1B36A758A9DFE00A
:104F4000385837D218263DCFA8B73C48AA5BC13C99
:104F5000DEBFE8FE0B512DC342BA1C01F6121BEA5C
:104F6000186C16A00D21FF421755EDCD45C22A063B
:104F7000240A170EF6BFEA3127D8519DDD4F1935A7
:104F8000D71824168CFF493959DF53BE9CE6A4EB91
:104F9000ECD6ADBCA7C8F6B5D4430BEFA7C1C2E8A9
:104FA000C803B8A7B844D944F1B9FAD2FDE0B4892E
:104FB000B1BEB5AB5C06CD492ABA3EF243B959DF62
:104FC000E851051D9E532DD85CFF3044FD2F6ECF58
:104FD000A9F710FA21AB5026EC2DD105074DE617A5
:104FE00060629612F73C35FB7F1E60D5EB3E1034B5
:104FF000006DEF00D5E7943F6B484CC9D53EDAB75A
:105000006D2CA212204F2BC9125034E1D2EF341470
:10501000FAC04541B74AB44F32173E33F731EAF38D
:10502000C33E3EEA28DD83E70B8EB31035E6FFD0A2
:105030005A14DC1BE1CFEB447F24DE6B3CB30C1C29
:10504000CE0A662BF92648D71D2CF8A0D932F44099
:1050500052EECEB4FBDFF848C5B6ECE2DC32AD224E
:10506000D1C721F318B4040543D4A5580C0FDE337F
:10507000EF0AC3FB16F93E4161EDF63F59E5B03347
:10508000DA0CADD8B41D05B6B049E0B033EB4841F9
:10509000B8E9BC01560C39EFEBA252E318B1A4AE4B
:1050A000FC1FF65193FFF1F5CBD525083C2E98C691
:1050B000CE7872C21FEB34C0440AFFC3DF2707DB80
:1050C000B85ED2E2DDF156C2C3CA7274B6ECE6EB4A
:1050D00035BFB6C614C23FE4F153D7510C5F3AACAA
:1050E000FC45AB572AD74F1E44F6D59C6327EF4AA1
:1050F000B8D5C8D20F04F853C85748D9A726477F58
:1051000085E9569E5A0D3B0A101D66A53525E5A575
:10511000F4C816E1D2FFD144D0031623D5AE310C2A
:105120001BF0EBFD31B1E4D3D0CEEFC70DB1D3E529
:10513000FB2626D0C4F6D5F505BF04DA2613DFDA40
:10514000A81936B405BDBAD0E12BD7E5A93DD434B2
:10515000D73529DC07D5BCD513FDBDACE0D1A10CFA
:1051600043FAD4FD2BE1D69AC304CFE329CBDAA1CD
:105170000244B4AB1F1627C7CDE6D7C30326EBE125
:10518000BB4FB9DC20D00E0AD3F3E211C33BD7B337
:105190000F7FF3DC30D7C9F829FC18C12C0C29315A
:1051A000EED3D64F56B947D0C67F20AED8B4D1354E
:1051B0002A15B814FB2DBD6B5652E4C6A0F2E2C10D
:1051C000F80EEC625877F8B61402DA46ED5EEBDFC3
:1051D00041D2F049A827E9ABD5FCECA7B40EA0DD7D
:1051E000E7BF5B5D2849706036DA31E8A757BFEA50
:1051F000133F23B7B6BB4CFAD9314DC232DD201B69
:10520000F0CCC056C03E473C16E23DA6F332DF323A
:105210001EF02B144CE92528B94044E5EE23EB3170
:10522000E72DCEB0250B32D524C12D41351E67C9DF
:10523000E1C0EC1407ADF9AC5362F3CBD214AC1659
:10524000AB5B210BD912EF02C104C1FB33C1ED0CE2
:10525000A7E8181DCCB6A9221EB01DE12EB7EEF9A5
:105260003DB5FD45E94ED7133CB73A5214A75CB1A2
:105270001626D1CCE4EA1852DE34DD3EE433BB0717
:105280008117E659B73BAEF4494F47FC17C04A2394
:10529000D423B7C8E0B44AEFE94D3D06D1B73698FC
:1052A000C733067FD4293553F1CAFD4B0C923D26F6
:1052B000FB141EA82996DF3C1904CB535D5A41AE5E
:1052C00003341BF27C3341D73907153FDF4B35439D
:1052D0000440EC0C8F452CABB6E7CB5D9BDB6F2E0F
:1052E000FAAD23F3D61FC957F078D2F4DAB7C5C7A1
:1052F000CF41AE07E9F8A4A6BA5706375227B21332
:10530000A150DCC53ABEDF4C27393B421BC6EDE25B
:10531000ACC066EAA05832DB3D6107AFB00CD1C724
:105320000B2F1303CF4B501EAFE419B9D5DBA2EC02
:105330002321CCB811142A2D48D7B5A01655969F15
:105340002BE6B4C66FF9C69DC7D2CE2BF7B2D634C2
:105350004D453A1C012AD365C93CE7AD3504C8D197
:105360000EDECCC381A22EB5B329CBB0CE3148D846
:10537000B3FB11E040A9253B194D9E2DAACFEECEDF
:1053800050236F34081E03CCCDCBA1E022542E272E
:105390004E653F48CAF6ED55E5F6099162EE453196
:1053A000CDA33A2EC4F7480456133DA7BC8CB25D7A
:1053B0003F17FE3D54140922BDF226115BB3EB38B2
:1053C000BE1CACB498380A45F5512CF9E65EF82DB0
:1053D000A177E7555F7F0C0D48F5F893EB0512B701
:1053E0000F569E41BD07FEF23FD81E3FA9929DAFCA
:1053F00099A226F0FCA7A2B0D55AEF44C1F7C79FE7
:10540000DE49320929FB089ACDB5065FE86A1B29F7
:1054100028EDAB1EC8CE5EF0F6E0FA0C2FAD175C9F
:10542000D1636BBBF112313E486F0E493E49AFD09C
:1054300094FDE79C082816335A6028F22BBDF536F8
:10544000E3CF48915FE8462C2D1A982F69900BE323
:105450003A33A0F8E521563673EA09222E5D18E8A2
:105460004E199DF3B5BDCC6255DEED30BEF7892FE8
:10547000A0F3245AF1BA48116740CCE111D8209B1F
:1054800070A6E964F41E1081AE9CD131C7D4E4FB50
:10549000F3D56E5B5F3E3400AAA8E4AFAE4FCA24DA
:1054A000C82EAE1C3B29DDF2E7FBDDCEAD3C4CB88F
:1054B0002FA5D6213E51140B2834137408AF4E4A41
:1054C000132045190E0225BED4EE5232FB351212BE
:1054D000C4DEB114D8473027E1E8331D09EB55EDA0
:1054E00004B3237FC1C30B0200C254EBDFEBCAF24B
:1054F000EC25C0122C2A4EC43434AB37AADD135E1F
:10550000DFC5B6393ABD1531492824D3EB36F0E072
:10551000F8A444EE2A56642C05332003B5EBFAE6D2
:105520004111BF45D2E555CB24C110344107312A82
:105530009C28C09CAA15480F0E0102DE58FEFC6D87
:10554000300EE3DC7212A3C433F0EE097FAEAAE39F
:10555000C244AB15EBAECCBE1FB82E0E0EF8B05D3C
:10556000D44228991702F157FCFABB58BBBDD95752
:105570000B10163BF531FAFEC1464A5AB230EF0F16
:105580002D4A05D6AFAE9A33C64DE2340BD0294230
:10559000ACD7FD00FA02C31F1CC362E7F192F2A26E
:1055A000F5CC10EAE9510EB21F0D023B0F310E4946
:1055B00046DE2997DD2E612C2FAF20D629F5C62493
:1055C000F0D6FEFD26D751E9DD9B64FCDE45B7C56C
:1055D000F6C1E049FD2DA5AED75D6E9F2506B31738
:1055E00011415FB1042849E1E1C8B607598EC34CA7
:1055F000A5172DB5A70A62C9557F2C20FFFEA7E28B
:1056000000C8BB133DFCBD5EA3ACC5C24E410B122E
:10561000DD88AFD50A99E3114BE2670957C7194AEC
:105620002317BBB43737D4ABFB07F2CBCBECDDF1A0
:10563000D8E0C8F502EEFAC53012152944F69FCD20
:10564000B55C521DBDCD04FB26CB4316D1F9C9353F
:105650002431B8A8C0144E1EADB1E4EF0C1802D925
:1056600017FC46E32D24FBF71D24FD4906EA470BF2
:1056700038E0CF1DB4F149BE040A3F26CBA6D0F0D6
:1056800029ECBCCBEDF8E9D325C7DA29F5BE49D51D
:10569000CF7F223203CD38DE1F00EDD0F14207115B
:1056A0001B30CAC22AF71D5318B1CC4FAE06F6A95B
:1056B00094B7354DE31E5CBC4C998BC411BA0902FA
:1056C0003DD1B8CA6C14CBDC055C58F3338B532244
:1056D000CB54AC3511AFF24FF1EE1BC75A262B035A
:1056E000AA4715450900AE1F06F103D75338B49EEB
:1056F000DBFE09AAEF57C48160DBE50F0F9C619BBD
:105700003D07C9A802514050E1CC95A21EBD3C4DB9
:105710001C0519EAB83E41C603F8C742CA0B2D72F0
:10572000C93526F8B7ECB37359B154611119D1EBEF
:1057300003F94E2795A06FBF04CA5CF98153F4A109
:10574000F625ED8E4718D737FA3D4605B9FAAC195C
:105750004C6CD3F1BDE5F26FB23C04B24DD90FED04
:1057600065060DC8C4D9A1F206F4FCC32FE0B94404
:105770005C0BB3E90204CCCA75E1A2DFC642E46D5A
:10578000AED1DF4AF83A26AA05D7CA471F1E13AB87
:105790005F4161AE494E6B404724E0373E03765A85
:1057A000CE8107E8B302474DEABFE0E9F7F5E1240F
:1057B000372E4F48FFD699EF9CEFCBBBC318FA3278
:1057C000DD14E0C939AB1201AC0033941390D80B4F
:1057D0001A04C651EC41B930D5F443D428052263EC
:1057E000B5DF303D514304D8E1BCE8C8FBF4F30118
:1057F0000CA4B7DE31846334B71F36480FE43EF59E
:105800001D0C1F46D13C187F153D5D19C2C0055BBC
:1058100008071AD61561062ABF532CC891E1AA3A87
:10582000063FD1291B291E64BAAA1A3D25E6CBCC16
:1058300023F04626A9D5501E2C24BA5C2139C6D5A2
:105840003C17E12366D750F0FAD5C33252D7ECB9F2
:105850000ADDCF21083CAB257F2A6842BB493D15B4
:105860003B09D1A1C4331920EE02CDA6E0CE46C734
:105870004CA6E4AFE1E6C745CAF1C0B8A6E043FDD7
:10588000E712D4284BA852ABE3FFF200D7DE520A4E
:10589000AF444A5245C904F0E1AAFA2013F4E6479E
:1058A0007D5CC255607E1CAC0FA7FFF4CD4F9EDD22
:1058B0004E0648280CB469A7D467DA5410CF1E2BC3
:1058C000AA6AA574288C4BCAB059FCC16F101CB0D1
:1058D0001BBAEB51625D51B425C873BDD74ABD04F4
:1058E000297F0B47483EADC9A13F02BFB23D01C46D
:1058F000F75AC5C466FBE8640117ECF035B1FFF94F
:105900005EF40510662BC7C539CB542DDA01B72BD1
:10591000D487AAD4F1DB510030E7B7D308DBF94ACA
:10592000DCD5AD6B1861D04046CC0549B9DDF3AE8E
:1059300045FE4F5DDEA3C8C0E1A0FC15E2DD0A4CC8
:10594000EAAE303D4837CC81AA45A63EE44E98C326
:1059500049E4189E716E46AC2726E8FFD5AAC06FB1
:1059600049A8C620BD56D4A400EBCEE92DF030A83E
:105970002ED9BC2FFCAE4BDBE3AFD423260BE8665D
:10598000F70D32BCFA53F34245F2FA03ECFC2E70E9
:10599000E7BBC72FB829188CF5DE5BEC0E40FF750E
:1059A0007FD5C5DB5BDBE9E944B6AACF11B542F48C
:1059B000B66430B0B0C605C1522C6602FBC7BFE169
:1059C00046BE4EF3AED30543204BAC47FB58EF1D0C
:1059D0001D0ECEC7D8100D2AF5A5D4011E4503CB48
:1059E0007337084ABCF8C6E701254A1843F26B1F13
:1059F0000F472FE42FE6545D005532DDF408EA42EC
:105A000026F80CC32BBCFBD222CF4DEF1CE04F1964
:105A10009E1E1E0120123CE15AA0196BB9E659B333
:105A20002FFDF516B8AAC130AF9A30F2EFEC61B98C
:105A30002354222DB2B7FACEDBA10E26E431390D64
:105A4000A2222E07179DF047FBBD6AC5633F3E05A6
:105A5000F35CAF32E208D4BB1C20C3B79B160DBE6B
:105A60009954BFD79392440F2CB9C6C1510EDF94FD
:105A7000F5E5F721D67E5D24CB4AFD0FC2507FDDD0
:105A80003A331DD2BEF04655054E5FE7EC3DC514D6
:105A90003025B3E9C3C7731FD4C3FAA06363444F6F
:105AA000BC1E14CC4F2BF744E438D10DBFDD2F388A
:105AB000BBD27FF4B40DB23D38CE3C05BD35B01736
:105AC000E30DFA494810D62E6AE7CEA008A0FF2DB4
:105AD000372915554A5749F310D106C307BE1E652D
:105AE000EEDC36BD1BD040213B47BAD7C530FEF9AE
:105AF000F4FC1CFF47FEE959023D00F1101F14CBD6
:105B0000E113AC171907E5DA3C31A741C2D743C707
:105B100042C4190F1910EA3C222CC9520BC9B3B464
:105B20005E66DF0E2340235ACA4F07595BCD5DD70F
:105B3000B6C9F61AF5CDEB85E2BEB2CD212819CD56
:105B400003C8AF21E6B1024991E3321FB1D20CDAAA
:105B50009FD4104B59C60EB02CE3E9A9E02EE6C045
:105B6000FBD428F4FE07E3C7E94FDDE92B3CEF81C6
:105B7000F820123361ED5623DBDA35581F3356D344
:105B80003445EDFCA3C7CD0A4AD52BB4CD0DC0B327
:105B9000B831F4F9B9133F471BF1CC9ED94233F326
:105BA000C31AB2A66C12B6546AF49E9D0F2B0DF167
:105BB000F1B495630D69D9EBF2EB35B516FBBE3C3C
:105BC0006476E94ACD30B3E857E4AA7F38EE59E36A
:105BD00062AAAAA610D712EC4A0AE92A2C15146A5E
:105BE000AE2AFAC40EBFF7E515F0B649BF9DEEB96F
:105BF000DAE43DD61F5589C70221534EDEF6E498FC
:105C0000F2D80113425712D01360320A3D09D2AFC5
:105C10002E6C3ECEDF2FC02A2F46FB04CCA963DBBF
:105C2000E8E42300CEE4E615C5647FE85B38F2368D
:105C30003BF94BDD45AED1C1E0461046524E6EC138
:105C400048B725BCFF264FF8C6D5180078841F2D0D
:105C5000EABABE6A0FC2E7432CF351B8F1AF06AF00
:105C6000F93ED320C6375C46020217AC035D01CD76
:105C70005306F8CD0110543D1FF15AE61214C7A97E
:105C8000F7D7B822E4F860B9143BFF3333EB39CAD5
:105C9000721BC962103F632C5148240AD8B1F7F730
:105CA0008749383101DC78C5BB1C1F23C5018BEC4B
:105CB00056E01CA0C10038CF3FEABBE7F92E22D640
:105CC000B0B54C2F06719A423BCCBF15CFF123C320
:105CD00099C33B3BB61A364D9F6836A556BDB4589E
:105CE000F9988F50F4F0DE13F5F39BD1BD160263E3
:105CF0005B7562C6E90B8CA0C1A6694D1560AA4808
:105D000006F6C0F981B95BB72FB886DB6A9CB83458
:105D1000E0F7D9A00B39DABEBED1E8973175A508F6
:105D20002BFAF1ED262A4E47D511FF2F772F330F8F
:105D3000A29AC4355115BEAC3025ECF75F4F43E74E
:105D40003DC00C0C102440EB7F1454C704DEA82B7C
:105D50001F33C1D5C5F53DCFD802AB4384170044EE
:105D6000ECEAC3453ED6FCCDBDF83E50DF53C85AE1
:105D7000254308E20CC9E150F704AFF2CF073151D7
:105D8000BEE1FEF949A1220AF5C3CFE3C9E1BEEAAB
:105D900000C89EDD4CC6EA1C02451D3C26011FD0F2
:105DA000EAC4D9C5A2C1A049B431112807D7D22667
:105DB0003EBC27D416B0955DC85FB2AF475F3BF3DA
:105DC000CCB7DCBEFC25F94D4E5FD8A36138C31FAC
:105DD000EB4545356AC52D2A25B4FD5800C4C5D20A
:105DE000F4BF1FE137382C36B7F307CDC4C306DB49
:105DF000D114D3AE301FA741066E0DF5E4A9D2240D
:105E00007F4FE639F7C6331505A8FC00B51C5BC00B
:105E10002252B6C66C241E635DCADD021A3CA4047D
:105E2000FDE8B2144E26F13624EA61EBFC1481B988
:105E3000449D47991EAC31E1AD1CA3D6BDDAE30AFF
:105E40000EC7D0E228B2A1C6A349E9C7B6B0130F66
:105E500040390012391BD2F34EB8B90BECBD56EEE7
:105E600001B5BF3F91D2F2E5D647A1D053DF323220
:105E70002DBBACE0C04123ECDA09272753EC387C7A
:105E800014D9430642A2685F4455AC37C005FAA353
:105E9000D81535F0AE150D1A1BACE8D6254C370ECB
:105EA00022A71E0F0E95C24CB5E2C1F4D43292D98E
:105EB000ECB23E979F1E5946AED2C44F2C2E49538A
:105EC000069D34466C4868BCD32C1FBD08E6CA2327
:105ED00016D93AB938F14EFF4EA6CB3D81C9BAD892
:105EE0002668A9A33A37C0601854A9411B9F2847C8
:105EF00053B8BF3AA5BB161BD31F3B0AD54048C0B9
:105F0000ED28CD184943E1C7DAB8C1ABE4D4FEE8C7
:105F10005038CD432D41BE4C09B7D52634ECA245AF
:105F200013C4112E3E42C0CDEDD7471823E1B6F879
:105F3000D41D2DB5C677124007B6A5B6F20ED7EF21
:105F40002535F64764A429FBE9EC1481523FB99D3D
:105F5000FAFBCBC99D09E5F2F4CFDBEBEFC3E7BE5B
:105F600016E3B6D73E45C4CBB3C8D127FF09506A64
:105F7000209F93C802FE2BE9C3E8C60D365BF145AE
:105F8000CD23533AB3CCF4C742CAE135BAE136B8AF
:105F9000A0D6E9441228ECDCAA0E2DD0EE0DF0A616
:105FA0000CFC1FC1E1B1E3DEBBC206DF221A2AFDF1
:105FB000361DF51C4F3C081FAAE7BFD1B0ED0ED52A
:105FC0001DF149D70AB020B8DFD51C972B21D62761
:105FD000BD6DEDB93E09411BC8C75224BD0E06393F
:105FE0004DF81236FCC64853AB10C236271406B122
:105FF0001902E4C732D43602E4D8C7D6E2C12F0270
:10600000223AFBB6E43948CD1695DF90EC15E4D87A
:10601000C9D90FFC0FDB39FEF08103C01D3E2A2DCC
:10602000CF1EBD37FAD76C69161601C1C966DE15D9
:1060300012AC493CB6384532E8E629F6D2BBE44218
:106040001538F669DF2BE37FF9443A59001BB82B6A
:10605000531230B4EB361DD14EB5D44D38E33E0566
:106060001DD8EB0ECA44CB46423726AE19DFCA64B0
:10607000CFC2CF3D55CCF5E4C416D81202303E2C29
:106080002FE5285C0B294F3733F02279DA2B4BBCF4
:1060900004B1CF4B259FC0BB1F1F33D638AAAF4FCB
:1060A000B5262CB732BA3560FCCEB85AA2EE25E33D
:1060B000E80D21DCAC4C5FDA50EB8EB52EA365A960
:1060C000B6A213430243F44DAFECC0C423A4F9CDF0
:1060D00017B9EF5D0FC4DCF6C7549AAB9DF5A42346
:1060E000A06EEB26D7162DDDAE1E30F3E3F708EFDA
:1060F000FBD8E5D61560E0FD1DD43B6F1FE592226D
:1061000038174EAE181D9AF1EDDB1FAE57B7BDCB59
:1061100031E396D85B253381D110E25126C7B10D0A
:10612000DC265047F1167B1A1B4D1A2150412009DD
:106130002CAF2DE3C2D6A7BAB0CAEE2344648B5D60
:106140003549F928EDC872F3A5AE51BFCCB31D0592
:106150007FCFCD64D307D5AA28C225391958F44A70
:10616000F0BA520D4ADDD9BB14D4E7DA19E80C486D
:10617000E2FB1640A48FE8F134FB4719C02D330928
:1061800018ABD10A2DB20DD1D035CFBED28C31C2D1
:106190005D97F2DB63E8F9EC00C603F8D3ADB95CB8
:1061A000DE506D79E51E1DB438FEE5A8ADC09CF249
:1061B0001E99CFEF589F79E2DC30EC51793C0433E3
:1061C0002DC0F9F049AD15530635329615F2C0369B
:1061D0009F54B809D4FFF2A850050DF3AA94019872
:1061E000E84931240A5DDEAA2538DFDE7DA6EEE22D
:1061F000FCEDC49CCC1C4716161EAC69EEEC7F244B
:106200000AF27ECB0EFE6045F0FC00C4FD6440281F
:10621000DFC9150DC897DA6BE31769DFA529323E90
:106220000069F9F9611717B81FBBCAA3C6994914C9
:10623000E1A71E6AD24BFDECDD609B57ACEB3CEC5A
:10624000A151A8CBD03845A81024D63664ACB3AE43
:10625000DC6C0BF44C4DFD8226A868C5D2F5E9C470
:1062600055FC2C3DFD35730F30C4C2C54D54EC6058
:1062700066D0002C9ED342A21BA1F5D4F4B8A3464D
:106280000A9394C3B86E210D4863BB4BE619445A78
:1062900002810B21A9A620FA793B37441EF208AAF5
:1062A0006A9413D0DA12C215BC27524E4A293BD247
:1062B000B9FAE8ED02F72CB60947572015DEAD24F0
:1062C00029B9A404C6A3F18AA31ABBDBFC29E7F70A
:1062D00027E8CF5E4FB5922415428B2F2FF11D1169
:1062E000990DFF9F49B1192FC84768E359B42F157D
:1062F000611743E425FE57BB3981100EC3F61A30EF
:1063000089F152A04DB819ED24C61954F929620239
:10631000B7FC9DD7873CB10F614603E4E1DED7D3DC
:10632000AEC034DBC84DCF08D0BF3ADD6EC6504A90
:10633000E43FFF0748B0BB3944180E19DEEED55DC7
:10634000E5CF6350C3F06E15BDA3A2E52B3827211E
:106350007A35DDC7C04373AB49B0D9BD1FEC5F3997
:106360001846DAAF332E2E215F6408C04E41B76F56
:106370000BC2A7ED32BC64952B7F1035B0D1E6F48B
:1063800048132129D5F127AEE12B00020ED6C2CB4E
:106390002244FC25548ADF2E1CF1231EC72C0BCD72
:1063A000B213185ECA315B1692B8AFADD5B6051000
:1063B000F446608A3B12218CA6B44715C287F7D1F8
:1063C0009EE3EE2010EFBF6A481E864AC9447FF361
:1063D0003823AEB89B1241D4A6E22254225C66F068
:1063E0002D5EC691DB1A3A0A1AF504B910DCF1A544
:1063F000916997B0005DF248541A1F6650DBF8E5CA
:10640000FB2A3EBD9BA276333167BF0BA7200660F7
:10641000D0EBECBC216ED654682737D9D3FEE130DF
:10642000F61B18CE004F154B5467C8481AC2E03C03
:106430005EE1A79AF0A1A9D2E32D3543D3594F2E9F
:10644000D351A72CFAE30824D846C058CD30203BBE
:106450003BD8C497ACFEB735D497AADD6B2F2D3748
:10646000C257EBA5A42824F26DA5CDAAFB4238EEB5
:10647000610787C0EE9DFBBC6FA602CB4DB61491A1
:106480002718BD3EE35F55EE2A59942A6ADD61FA6A
:10649000317F2F68C2170BFCEDF5F2413FA76F0764
:1064A000B649E3EFEACEF09DB40CA0DD10E601445E
:1064B0002D1DDE69CEC9C1BA40154135A8F7E49556
:1064C000D651FD639C2E65DB47EBE7461B1F0AB3E5
:1064D000B7ECF1B5F8811F3CA4F71DE6F453C3E611
:1064E000EEF1681DE435F7D50357D5E754E5592794
:1064F000B0201CE9ADDDFA5A1DEDB6F24A34CED11A
:10650000C6F3E2D7C8FCCBD347FB030C2915162CE6
:10651000E8EA05C3122A519F07FDB315BF09C85801
:1065200014AFFFFF39E1FFFFC5FCFFFFDAA9FFFF52
:106530006B48000094000000592A00004AEDFFFF5C
:106540007389FFFF62EDFFFF6CE1FFFF541A00004B
:1065500077160000CA300000EC230000ADB5FFFF45
:10656000E9F7FFFF81E4FFFF5CF5FFFFA2A1FFFF5A
:10657000A61D0000FE110000DC24000022DEFFFF4B
:106580006CD9FFFFCBB3FFFFD92B0000D321000054
:106590000CD6FFFF1A3B0000C95E00001604000085
:1065A00044250000D0400000D42F0000B743000075
:1065B0009B130000B1E9FFFF9E3B00006B8BFFFFC8
:1065C000DAECFFFFB2A0FFFFA6E4FFFF1308000014
:1065D00008F0FFFFDF5400005E420000FA000000F8
:1065E000F12D00009E3E0000B8B1FFFF59EEFFFF05
:1065F000D3DCFFFF223900009EECFFFFE4290000FE
:10660000179DFFFF79E6FFFFE4030000BFDBFFFFFC
:10661000902B000076BFFFFF3C4F000013C1FFFF2F
:106620004D4600009AB7FFFF78770000B8130000CE
:10663000AD1200006158000070080000723E0000BA
:106640003AECFFFFDFE4FFFF2E4800006D0D000075
:10665000D118000033B2FFFF30FEFFFFCA21000057
:1066600088D2FFFF4C0100000C14000023480000FA
:106670003B10000063ADFFFF5A260000F20000004F
:106680003DAB0000D9D2FFFF8C1600006FDFFFFF8B
:10669000CD2500005D1E00006AC3FFFF06B1FFFFAD
:1066A00064170000BE060000A9310000D51C0000E0
:1066B000A8DBFFFFAA1200003EE8FFFFFCC9FFFFB6
:1066C000D31900002CBAFFFF07020000A1D5FFFF7D
:1066D000DD270000B6F3FFFF818BFFFF746400002D
:1066E0005ADAFFFF17FAFFFFA730000098150000E5
:1066F000A9710000023E0000739AFFFFF1640000E0
:10670000370B00005AE8FFFF35090000A21D00000A
:10671000D8C4FFFFE6FAFFFF77E9FFFF542F000020
:106720004EA1558E7FBF9262A725DE78B737FD5701
:10673000E72920022EF51A3FF788BBE6550E35B53E
:10674000813BF59920BB0057C48132EC03B711E9B6
:106750002939810081DDBDC57C26FDC68D13F00879
:1067600076BA35A0B906EE5B81412D8DB74418CDC0
:10677000811E9F99A7095ECC18308A4DB1A910E1FE
:106780007FCEF00AA83545D237ABF2D73669172845
:106790007F602ED93853E7F37F33D7CD7F21A61AF8
:1067A0005A381AE9D381DB463DC49D3E1D46214F30
:1067B000D0FA817F7FFE817FE07F90BD5F7FD87FB1
:1067C000182FE77F177F2B6C088B0F2FF4F33237CE
:1067D0002F3D908164B8473856816CC6E781E4AAA2
:1067E00012B003055E513AD361B9EFCFBDA2562C6A
:1067F0003CF4C0EBD302B7837E247F00716CCFF3EF
:106800003B9A7B2EB0B47F2E27C17FEB7260C4D53C
:1068100031390B58DF090A1EF5E9547F4F917F107B
:106820003F40AAE5373A576F88BF1EFA545D026AA7
:10683000BB98B25B2113D1D37D5EA14361C4E4F761
:106840008B1F81C440FC981EF5760BD67F231AF36C
:106850008143D5330668FA3B38EBF981D75C0D7F6D
:106860001CBA61343915373447ED7FD9E010BD814A
:106870001EE47F0381317AE6FF35DC3030812FB8AA
:106880006150FC668181007F2213ADE528C681A09E
:10689000FC1318BFD37F31892D7F8416017FD97FE8
:1068A00081811D81478AE11F8309DDDB812264210B
:1068B000CCBBEB026AF467C29ADFF23A31B87F5878
:1068C00074FEDA3705EFFD7F9AB781D2B1F3FD5A36
:1068D00037814B3A3E45A8B87FC188349E43EAE8E9
:1068E000F52BBB407B3CF4E31426017FCACE232466
:1068F000C6F81ED7A1ED819E815EE3CEDDB3F8EF31
:10690000FFA0811861B52BEFC6E0D8FAEAD85C4742
:106910005BE8ED723C1E4B7FF64A2735DCD1F7244D
:1069200057D900849F7C284DC87FECB3CAFD814BAA
:106930007F3E391B84DAF51130E792A70717FE5A1C
:106940004F1F23EF81DD884C4BB696C15808E71DD9
:1069500061C88A8B4481F121C1AE81194A3C5D77BF
:106960008C58C32D96DC8A1001F2EC3031C0C18AFC
:10697000BF3F9E17DED825312B81B40762F28159C3
:10698000A67F2EF68AF35603CD4A8CEA1032D3E85E
:106990001335B2B0F4F9DAEBE4D90E74CD1EDFFE94
:1069A000EDDC81275A70288699F50C1915B5B3814D
:1069B000465AF7195C86E43A09ED8141DBEDF22C89
:1069C000AADF4520B59FD2658E421DEED130AE11B3
:1069D000E4E278F80DA910D4C44A079B81D6FD17CC
:1069E000357F7F7F03D48118E081C90A7F8EC51867
:1069F000DC8B87EC17D37737AE85AF7F7F673D247D
:106A00001BBBFB069CD030468181B0DF671F900B1B
:106A1000E9A2F481B8E0EACCD48F9AB8E675D2E75F
:106A2000550754A4CB1E367F01FAEDC51C3F8C5789
:106A30003C810A39117FC2097844A92C4FB7D58F00
:106A40005581702F02F81CC17FC327D565C7C5814A
:106A5000233613774772819BFEEADEB5FD17811E50
:106A6000E1B2BF4E793F35CDBCDFAB21A559120055
:106A70003647CA1055048414DB4A52F121CDAB5A73
:106A800086F55381B2F0A12F31AC3FF7D604E9204F
:106A900029CE12E802D52F7606637FCF2AC7C2C05F
:106AA0004E831FC224892FFC8122477F037F16BAA1
:106AB0002E0F2F18ED1838F146397D3481A6C83BCA
:106AC000B5D8EF3E531DBA5D4FF94A81B081811DA3
:106AD000314BAA6222B1407FC0230F9ACFE43B0919
:106AE0007FFE980E817F65ACF8B8DCC6F681810C1C
:106AF00053EEBE81A27F0A683C9136EC2E14DF7FF4
:106B0000AD28DF3077EFF508A60ACF07CA81BD3977
:106B100008817FDDE82703D5DF50CC40A8A71FD32D
:106B2000C3ED1C4AEB4281BA182781B5CB3E33AB8B
:106B3000660B4723C042E7B681EEFC7F6A1239B488
:106B400053BA35FD7DEC7F3AE6850424E21E10D170
:106B5000BB1B620511F2E822DCBD5CBDD3C034175B
:106B6000131C0941FF184F81D78F01F411D4162E41
:106B70005181C1B96F9D1281C03A002535C0114FB6
:106B8000C779FFC55077DD5FC726E67F8103E181C6
:106B900036D8EE1B81BE7F1C420E7406F50E4E5E8B
:106BA000A9F4FFFFBD1E0000720D00009129000036
:106BB000DC040000C80A00002AF8FFFF4DE8FFFFD0
:106BC000ED180000FFF3FFFF390900005901000034
:106BD000A10D000064EDFFFF8B050000FD0A000021
:106BE00031F8FFFF25FEFFFF6004000019EAFFFFF8
:106BF000EEF8FFFF17F8FFFFCE070000D3F0FFFF0E
:106C0000E4F8FFFF9A040000B412000080FCFFFFCC
:106C1000A4F6FFFF8C0100002EFCFFFF47ECFFFFF6
:106C20006FF6FFFF9105000047FEFFFFC9F9FFFF68
:106C300096020000030300003D0B0000BBDEFFFFD7
:106C4000CC020000301C0000A10900005E10000012
:106C500058FFFFFFCF0500009C13000018FBFFFF4B
:106C600078FFFFFFDE030000AE1B00001BFCFFFFF0
:106C70005CEEFFFF95090000C00A0000ACFEFFFFBC
:106C800091ECFFFF451300006B0B00007F0B000031
:106C90004C1100001F0300009FFDFFFF89F1FFFF63
:106CA0001B0100004DF7FFFF0801000057E9FFFF3F
:106CB000A90C000022F2FFFFF20500008B0F00007C
:106CC0006FFAFFFFEA090000E1040000A1FCFFFFEA
:106CD00023F8FFFF2722000057110000360D0000A7
:106CE0009CF9FFFF190800007D2000008B0E0000BA
:106CF0007A060000A2FBFFFF8E0F0000DA070000FB
:106D000098FAFFFFD0FFFFFF1608000086EFFFFF95
:106D1000FAEEFFFF71FBFFFF70130000FCEFFFFFB7
:106D200050FAFFFFC0FFFFFF7CFCFFFFDDFAFFFF13
:106D30004E1F0000D102000027E4FFFF42EEFFFFDC
:106D4000B51600002F080000A81100001FFFFFFF6C
:106D50001DF6FFFF06F4FFFF1C08000060FEFFFFAA
:106D60006EECFFFFDC000000E600000013030000F3
:106D700028070000A4FAFFFF61FBFFFFDAF6FFFF20
:106D8000E9FCFFFFD40500003AFAFFFF8FECFFFF9C
:106D90004FF9FFFF1BF9FFFF18040000A5F9FFFFE3
:106DA000D272B8D0E66375360C6EABE84BAF25DF18
:106DB0009651483A023565F1F3D8BFD75671038929
:106DC000C64C26A4A8CD96175403C0FFACAAB4EDB8
:106DD000FAEC1116BBC9E8CA9BC2B20663E44E19AD
:106DE0003462F9D51297DBA4C9CEDEF7571F0640EF
:106DF0009C03BFE4DDEA38D117C3153622E997A416
:106E0000A0DBFB12352B087FAB033E4CFE4BA5638A
:106E1000CE09339DE243CDE1D1BB3492F0C55AE7B0
:106E2000F5DBEED6195604F2183C44E555EBD3E8F1
:106E3000D83BBD1CF7C2F53937C0AECD2DAC318182
:106E4000330AFFF2BD3BF5FF48A7E239ED495E008A
:106E5000DDE269636128539B469BC1E9D55B93647E
:106E600018F507004E35E1390350C8D439BDD4FABE
:106E700069AC1AAC404FFD2EB72C453469C95C4350
:106E80002EC4463AC0D94CBE54D7442400DA3EE959
:106E90004175AEEF2C020731F5C02AF22FB63DEC5A
:106EA000AEED01C6EE4A47270D300FD70F0056460C
:106EB00071A601FBB99224AC81F84E9E22D74134D1
:106EC0001A34DC87A91813B9ECAA1652F933ED0E5F
:106ED0005797B7E8173143FDC3AE30A70A35131FE4
:106EE000499FEBA5FD4D26D023DBA4D7340435D232
:106EF0002427B5A5B300B6605236CC44ED4904450D
:106F000040DB0734245109D3AABC54EB0AE3A52380
:106F1000CAEB50504E0DEE1AFCD3EBC2C0DE185235
:106F2000F12E32F015DC211F0A3B728DE6171BE0B3
:106F3000465CD1D3E81914A338BD31C42BB843DD66
:106F4000F7D45F18D7DCC3B1AAE8CC1BC704304222
:106F5000B5FA722A3E4EFBB62EEAFAF27FCF18C27D
:106F60003A13380DF6CB1905CBEDBBCA423738A71B
:106F7000030458058D29F41EF208E628D938E03FAD
:106F80001C2433ED94F2B5063F3EDE2AC1463D3265
:106F9000EEB66608D2DDF8161DF950D9B5E12E0A15
:106FA0002B2FED3BD625167828C42E9FFB00474D8E
:106FB000313EB757384CE40E4DDBCADC3A3253E36E
:106FC000287349D7362133B13F0C0EFE5A151DB92F
:106FD0005BFCAB4A1CD6BBC2D3FA261622BDFCED25
:106FE00007BB280754E66463F7DD15C2306CFBC4A9
:106FF00098441B1EDD2750C1D7A781278E55F00767
:1070000094C4B944293837EA1A5B2A21D8F8F70F13
:107010003E5CC44B31064F0BB4CDCD2A5930DF3026
:1070200099FEAC241902B798A8CC2EEE41DC3A4365
:10703000FFCC31BA14F3D7A4E0D8551BFE09CE38E3
:10704000B6F906E405C6C9AA13FE5F34B3DF30A75C
:10705000AE0D77C2E057B904B617F5C17F464207B7
:10706000D1CB3527E5E2135D5AAB6EA2EC29A9041A
:1070700017C7E03CFBE435D82D5301DB6356A62847
:10708000C7E96E5C94650ACEB2A19CC114BF47F9F2
:1070900038EB9AAC49615BD3CA40D29E465AD0467F
:1070A000A91B53B516A4C1C90AE4EA3DD90E3A2E6C
:1070B0009A45300209C0481EED39D69ADB5F0700B9
:1070C0002BE5CD19271CDF5749263DF528EB21116B
:1070D000EABDDFF41B220C5459E7013E9A09F38103
:1070E000D219EF2059BEFD2EADCFACB7DBB2D1C364
:1070F00010E2B4BDC4B7CB36E10CA9E94957F1EAB7
:10710000F707B25BA8BA2CAF0B13C8C4F2C3AA59D5
:1071100034191012460BBAECA9B3301708931FC2EA
:1071200045722820420452316FED8BB04700E02FAA
:10713000D69A15FCBA25A52108FD58FB44CEEEB21F
:10714000B8111E39BCC8EECABA5C543F53E56C276F
:10715000CFD74DC40C03A8D31F860B4B05E42DCC11
:107160008F407FBAD8A403D11C355DDD210DFE0C04
:10717000D8F16E53E3333C0937EEFEB90BD858A96A
:1071800034174114CFFF9B97A72E3703F59E49165E
:1071900042DDE34641D23FE167CF36020CD85FF5CE
:1071A0004ED5DC0E41C89E3AEFAEE02FDE40C02542
:1071B0002C48365823F7A4B3132CC3AD6C0F2056BC
:1071C000B636E5F65D11AE594DDB03D3D238D31D8B
:1071D00017C824DDEA3507DDB935F822140ED67F4D
:1071E000E6272456C11936E75C1B1AC5DDD9633B77
:1071F0005CC323FE3611D3ACFBBB08E3F8F6CD6FBE
:10720000E7D55F6AE7C1371DD40AE6B89F0E9644FA
:10721000EEA6201B7425F02CA812DE661A37F2CBDE
:10722000C7EED6158AB91B9EF9B94FD10074B2AD1D
:10723000FBF84D632AA9F9CBFED008462A27196826
:10724000ADD2A546DA42DEC0FA3B5E2319CD4F1718
:10725000C51727C96E47400E3EE5482EF95022F566
:1072600004ED732708D31CF396F448CFBE3A3B399C
:10727000F04253E27FFDB1D90330ECAF1AAC27D115
:107280005822FD054456CE10CAF22EB4C50548203A
:1072900035D534AABFF2B4B1BE44C6B306D97FD641
:1072A000EFC3FF5529B8F73BA50A2D3AC0D35410B8
:1072B000029FCA139BCA28C7480C602118B165DB1E
:1072C000D5117CDCDAB3CAC829D9D7C9C1FF0030CF
:1072D000D0BB2869F339E4A8C4DD5CA4F7E3160E3B
:1072E0001958B040FA13C1A5044A0504577F18D2B3
:1072F00031BB130B92B8F408194EA8DEF0C2CE18B9
:10730000A7F9F70CA73FD204ABDCB6DDFF2EE4B53E
:1073100000044840CDC42EF708210C54021497B83D
:10732000A2D314193C092EB86441D79FB2F3E20CE2
:10733000F452E12DDBE60DD70D37C42AF72D155297
:1073400013AAE4AA51FF9EFD3D0F59F2F0DC21F093
:10735000D2063DB675EF475F127FF9C557265FE548
:107360000CE423A82E433EE2F19BD0F04F480A4F95
:10737000049D0C46A612BDE516E13610C7D6A459E9
:10738000E7DE423F4E38E03607E7FB3361DBECCD0A
:10739000B6A00FB496D6BB3CEDB4FAE6FE4CC229BB
:1073A00018C8BB5AEC2624463C5930BEDA24A3CB7D
:1073B0004605F7FBD2415DBA4534F32AF2D702DE27
:1073C0008D04DEF34FBFA923516BB6810B11B4F1CD
:1073D00036F73E0377ECF557EC31F922C2201A2834
:1073E0003D94BF18BBBEB9E12DDDB5D8C9B2A42408
:1073F000C127054497BF250A041A824AC260FCE2ED
:107400005CF2CFD6EAFA78629D05297FAE5FC9218A
:10741000AEBA9E5C4E5453CFFD20DBC53FC9A3D30B
:107420000542C56E4D57B9AD6A01582CF6FC2D4F7B
:10743000E1A725E49B1D4DC442A124A8390313D51F
:107440005CE2549C0CCA956244370E1B7F9AD51699
:1074500013D0FD3C2F3051A9D85ED415D4351C1A59
:10746000AA4B3D510DEFDFAEC93908C2072DE6D258
:10747000D73C3F4613B8C1D44A6BF423D2FAF5CDBA
:10748000BB492C0BDC9B4ED5AE04E0D7AC9E11253E
:10749000F7C1222F74FD1B7834F6370853F40AD451
:1074A000C6B44642E0505A1A264D5A2B3460C4EBFB
:1074B0007C2A185F480B4D016EB6E40F02420FBFE5
:1074C0004E087C29F3A6396BB35960F21DF34A0DBF
:1074D0004D4F38D22CE005FD9C577F9DF527983CF9
:1074E0000670C403E00BE4DD3FF405D33CB9FA1D9C
:1074F000DB34475BE228AC2C2FDCCD0E4D2A705FCD
:1075000054F5BBBBBA941745DEE78E5ACE2338B587
:10751000324CF1696E1F7352634C312FBF250561E8
:107520004FBAC7C4F8C102E2211D36B3A071EEE321
:1075300053D02FBBBAFFF65AC1535417C78EB12987
:1075400033ABD2DFD9CFC55E65F9BCB4F82444FFB4
:1075500052C539F45C4C62EA58F2154DDB1CE2A3CB
:10756000DBB03AD8D115CAED222DAE41C1D949E6DA
:10757000CB4C34DDD9B3C843DC3BEB22C759C6F44E
:10758000F658DA49A66950ABBD7F1074BD61EFC8EB
:1075900012B7764ACDA456D0596DFAD8DDCF36C78A
:1075A00044F923FCBCD2C2A850C0FF17E5CAD74398
:1075B00003C8E546332AA8C2E73710C001E0062514
:1075C000ADF3B804FA64F6F3C8D71CBCC70FA5AF77
:1075D0000DC2E831BF20C12C329A13E8AF1CB73678
:1075E000B0EB2FDF8BF55D18152AE805E76C040377
:1075F000F0E169FCFA1B4FE8EE1BD1DDE9D3F2455F
:107600000F254F26A10830099EF73737704AF29FA1
:107610004D8AEF0CE27FC3C9510D22D20548D159E2
:10762000C03ABE7F4938DBEC54F9F8161C258A278E
:10763000F34CE1412628D2DE4B3C45B1ED129FE9E7
:10764000ADA71F2025E4F4DCD658B62CE4EFE6FF06
:10765000AEE3BB4633F02707B4F8C326192EDEA0ED
:10766000329309B60409B1E63ECFBC52FCD91AB731
:10767000D9C033E32C4B492FB23AC8A7D2383F3B8D
:1076800058C5DD49FA38CA1FEAE816FC3FA6E53AB4
:107690003AD91497CBAAF69D41FF392DD33D18074F
:1076A00052DFE0FF38CC9A52019C96C8B79F393C14
:1076B00036F7ABC04960B615C544A9EBD52322B453
:1076C000B06C081BEA020AC0DE00601118D24863E1
:1076D00051DB422B330699F40CF6AAB4C64841EDAF
:1076E000047017F3C63D68FCA31231B1D6F5BA1E7B
:1076F0001F491021E701A9BD5E02D55AEFEBE0E476
:10770000EDD5B2E0C616D70BD5D3EBEDFD53202E49
:107710000D5A9E2CBE9421C454FB0F4C4D4181F157
:1077200047A63568FEB1240B3A4368B78F20D15580
:107730000F1F0FA29419A148EFD70796FE392CF519
:107740008FDECFCBACE0FC47DBBE4FC3F61CCFC116
:107750001917ECB9E4004BAA3B42EC064632322C36
:10776000DDF0EBF5B652D508A1B7ED6BAB6BB238D7
:107770006E57F8A3A8CB426C283BC3F6CD4831CA5C
:107780006AAD4C1C2FD241C3D204164BE2F93450DF
:1077900008097F06DBA23AE5246E2A3A3D1705B2B6
:1077A0000DC516E73DBDC3686E8FDC02C04A474C6D
:1077B0002653EA1239E631B1C6BE27BAC3EFC3AACF
:1077C00026B2405907EC317FC205F7FAD3ADE6CDBA
:1077D000C8494D1E48B8275664F0E803A64FF2CAC0
:1077E000F500B54A1742FA391E2D0540EEDB2F276A
:1077F000EC165C54D6C51F30E71813B1440EE54EA5
:1078000018E59C3123002614EDF3FB9CFAFB23BB07
:107810003815C1D2E28D19F709074AC0DF4467CA9B
:10782000D576E127BC2E402C3E0AC12F5C27E069AB
:1078300098D70D4DBEADB861DF4FEF35DB461A3E30
:10784000DB5CEA2AD167FCD81D66031E12252323C0
:107850001AC6521C15D6641748DA63543F2BBD492B
:107860006343EE2ACA2B601832533E19AA57E3C568
:1078700045E27FB055D94B2F4CD24550F44417F612
:10788000003CBABABC32F33A363CFE3CA5540F5227
:10789000F046A74208156FF57BB8C57032B1DE938C
:1078A000F4F00C5718144B533DED2D97F1E12540A2
:1078B000D8F2B2A739A839EDFEDCBB9F4E02F3F730
:1078C00014E59EF10C75421204F85CAE1DCD03590F
:1078D00054A6653B2C1C83C8F2CDC5975911CB012A
:1078E000243439169C340A5922D0AF115A4B332113
:1078F00042501FB49B5E0316B8653AE61C0017BFE2
:1079000056C0A601124949D04C1B17647F2BEBE3EC
:107910002128380FCBA22D565B3FE4F83210862782
:10792000BA42F51C8D031FCD37E838D2F596AE511B
:10793000EFD6F37399C727DCFDD1F638F95019BE9D
:10794000E3B3EDF1E8FB1F071E97E7D33BA58FC319
:107950002B45B206C310BD9ED6320C123F35D82C33
:10796000F94B19B03F08B659CDC56C4F3937B36ED6
:107970009FB32DCA98CD51B7C490CAE604FD54D523
:10798000B00CDD0C60AFF935FC92F654B5FFB72BA7
:10799000E2FE0ADE9A7FFAD9441D4FE5CCC2DEC56D
:1079A00051ABFAF6A49BF3A1EFE20869EC322EF892
:1079B000F9F3B455BEF0F8DFB4BE1BBF14090836A6
:1079C000CAB9E12066423EA11AFC24D1ABCEC30362
:1079D0009430A490CAB82667DDDDDB109FD011F586
:1079E000B700FF2532F03BBCF7EAFADB0410E334C2
:1079F000D63828FF251807919E28C7D2F0A09DC031
:107A0000E72D20207FCEFCC5D7E206C03AE95BFD1A
:107A100093AEEDDD9224CE2B1FFDEAAE3B79E8C696
:107A20008AFCFD034B66BB21F2B80A9F61E3344533
:107A3000036917D89D669A1EB73C629401AE41AEA9
:107A4000BA9CB226B31C0309BF5D99655C62AD4E5A
:107A500044323DC5E34EBE662822F2C9B39AA01354
:107A6000EDD0D3C4C3EF868F6F15B212A6CD895A5D
:107A7000429F60D9AE811FCA031461E8401F5DA018
:107A8000B6B1E85C0F6AD4C709C4434409DFA74B09
:107A90002B55BBF7A5395C885DF56CB8CF1CCB6066
:107AA000595AF936E60F2CAD0C0AE71266A4FDF61A
:107AB0003A81CFC6D9912586C0E701724DBC33D338
:107AC000BA60F449AEF2152B2B33FB082D21FA3E98
:107AD0003C3538076032A81DEAA75D1BDAF5C634CD
:107AE00041D3259AE51BB07914ED565577E0C74C84
:107AF00034D87F2DFBA64743DB4130B909120F0A6A
:107B00006ED90B10E5505ED2F8F41E274A4DF9C924
:107B10003B8A30E2CC5449DDF9C23FE4494AD8956A
:107B20001D4F1C040AC1F7F9962A57C01B041E2AD0
:107B30000BE8452D14526F16DA5253D9CEF214FBCE
:107B4000ABF711BE553CFB7F0EBB3B43DD5A2352C6
:107B5000EFCD0BE5C43CE0E218FA0547191A2748B7
:107B6000DC53D83D08DF29430E5AEB30EBE002032B
:107B7000A7441B1843F544AFAD110EA6290ACCC784
:107B80000FCDB8236406D7060205CD6C0EDABDB45E
:107B900009FFA14525BAA41852A32F905CBE580B2B
:107BA000D6C05A542156DF21A402EAFB3633B7F27D
:107BB000BF32CAB820EEAB47C4BFA7EBA825D32974
:107BC0004852F8CAB74D25AB450BC7182FDAF4A6B3
:107BD00015E724FF3F1036D110BB15E3191E42B53F
:107BE00015323A40BFE8A31E27F3BB14A11B25F2B0
:107BF0001E02DCC13F30CA3ADEA1463F4CBEC2B8CD
:107C0000F195FCE3EE2318F1F651A82EED119CED51
:107C10004EA98F1DB0FE3E2341CBFAF6D31F397F0C
:107C200021A40D9B2F3206550B3B0E7F0040AC4B21
:107C3000F503F9BA11736909134BD43B142046BC00
:107C4000F9AFD0256C530376113A0F49F80628B1E5
:107C50004A3539CE4DDE06BF09C3A740E1314C1588
:107C6000053126C2F3F2E4BC43EFF3573D0C6BF34E
:107C700005F79A3F54C7A6ACA1F5C06009CDE6D37D
:107C80009F4F0EFF46FBE3D65236D62B382DECE045
:107C90007D345903A5C35F34BC6EE83EA60FB61F02
:107CA000C4B14521135347EDD009940CB5F0FFB48E
:107CB000110B1C53A49FC9EA1AF4C6C026E9C44C90
:107CC00038BDE1D003292808E6E6BDF7D2FC36FC32
:107CD000FFE3D1F94D39CF00BB311B0612FA6031F9
:107CE000D61ABAF80ED43B9E7DBB08FEE446085770
:107CF000CECA05214C2706B213517FA3BF39F72DF9
:107D00002CA41ED623D7CB2413E84608DBEE57332A
:107D10004A5226BA4DEB42E2D5C7B543D69AD61E93
:107D2000E2C3DB4212F6B7C70A30D719D0DFDE351F
:107D3000FB4AF016AE011710FA37FA22B5FFCA81D6
:107D400031D93551D8AAD514512074FA503A331A82
:107D50001631190FDF01D3E2B300A90B0AD1F0BA33
:107D60003D51BF26D2F12E2DDCB92AC422112CF5AB
:107D7000FA27FBC0C23416F8EF1EB3073BF9E458EC
:107D800026052B34C2064719E653E031CBBCC20CA2
:107D900031D8FC39DB24EE4FC2D2C6AE0509DCD1A6
:107DA00083C756B290C351F1ADFBD791BFF05B4290
:107DB0002143D2E437B0AEBA1FA7AA81C4A8ABE36F
:107DC000D7ADC0C3D41AD387F51452D31225403A85
:107DD0001F234B103B43F5B034FD505837C20531DB
:107DE0000125ADE27407B3FFE1DD4957249F12DF9F
:107DF000B6082CF5171D1AC2D00EB0AEB1230E93E3
:107E000015A6C1E1D7174E95F836A72E98D356037D
:107E100045203E6F1F61B56710D2D1C9F8D2B9AF06
:107E2000275B3AF0AA8C9B7936B19A43186A1310F3
:107E3000BC0128E0CE04ABEC56F94E0499C099A2DF
:107E40002837F1D6BAF0E0FC0D10E649F125E9C873
:107E5000D5CBA95B67214868E02D329EF9DCECC0E8
:107E600035F0083334B4C95634562FCB06C5E56413
:107E7000E1392E3029575005FAA8D80F565FA5339F
:107E800019C19F5F2F1BD34A324A112B24674E58CA
:107E90004CB3BD1909BA7FBF06671E0FE24550EC0F
:107EA000FE2C0EF9C8346AE7603644A6F7C01627E0
:107EB000C02BFAC4FA53230CEF10B0270F989B2065
:107EC00058FDCB2FA7FD53F0E1FA1028DCEC064952
:107ED000E14E200AEE02F93317C549EA5B5FB5B4FB
:107EE00043B1FB0A0D8107C839532AAD4F359DFCBC
:107EF000BB0458202CC2554851A3FACB3105CEE320
:107F0000EC0F32FF3115B074A3ABBD0B165DC5E9A4
:107F10008CBAD6F0144BF13BA543A52A272D1C2C77
:107F2000D405C1E6CFB1F01BDF322038D7185AEDA7
:107F3000465A6FC0B6236A2FC8B15EFCF1F7C3FD85
:107F4000C230A0C0270A6B46E7B20E62ADD2144918
:107F5000BE4DAAA5B9A3A022C0B94DCC0BCF56C126
:107F600035DFC1E079C47FE69039E12E15C71EC028
:107F700094A59008052CC1C4310FD97056532A58C6
:107F8000E34CEBD02A04A53702C346C3C8510A1AF2
:107F9000E8278C11B526CB6CD013D4ADB22F4BB7DC
:107FA0005900C5F5DE1BD2B101F64409C4191CBF46
:107FB0000E12412719703423281DDD3919C2F5042A
:107FC00005E909C1D22F291931CB3DB9251907522D
:107FD000D0C4C51EEFBDD31EDF0B564E1F3EB9EDFC
:107FE000D826A70D9E4362B906B823E2E8362BD700
:107FF000D5269216BDACD9503326D914AC19B0276A
:10800000AE1205BB0A273D3E0546BD81DBA4182103
:108010005E47FFF5EBB1C7ABE1F94711EB3BC7009A
:108020004C62DF810A36F943DDE8DCE1E83B1DD133
:10803000D1D7508CFE04E99353516D499685B4A570
:10804000EA6103DEC15D9124F817AFB1E9108E1229
:10805000B224EB41E66E50F047405E71026311506E
:10806000FCE9FC29322B2FF70FFAB66ECCA5C51010
:10807000F3F32D453C5469C4F4F0073E41A82B04AA
:108080002EF28EAAD7AAE71BE4EE2FC0C4F5A7CC28
:1080900064A9502DF94A57FDC9E995F6C710D03AA1
:1080A00062FE0DD29A445B798183E9F0E996034F31
:1080B000F4FE5161DFE49030754F4BE61CEB967F88
:1080C00023132CC99CB5F23A2B27352A050B451EE4
:1080D00063DD119D9FBC2DCB7E484E1596EEC9C128
:1080E000B16E8874BBA5EB633E108C68E5E7D51FC5
:1080F000A373FC38FC3D8DB2F1C14A6F07DF62FA11
:108100002F03A93EC823DACF1B389FC61DBB28EF1B
:1081100064CCE17F10007623581612D4AE0C4A636B
:10812000FAB4B19E46DA4635061F20BFA235331F8A
:10813000332CD3B914CCBE1EFFD5FAD8AEBA453510
:1081400023445F243F29FA5A26810F1A0DC71D3D8B
:1081500046073CA22B42FF02050FD24BAEAB5A4C56
:10816000E0060C526B40212FF026CAC6D21B0B47EB
:10817000119E41F1C913213736E36F49FAB23AAE85
:10818000AC54E5971EEDE506EAD3510AC6FE081782
:10819000DCB527527F2F1EEB773DFCF07C63ABCE26
:1081A00032D0C52A2FCBE9D5D5CE322840B3E8A9A5
:1081B000A73BF8B251BA2499E6E29EA7F865D3E14D
:1081C00013E4D82633BE311D1DD3CB4322C12E0864
:1081D000220BBEE1CE08F9FAADE21119C149D1F97D
:1081E000CFBFAE24730FB1D3C01ACCD958D7E4FF98
:1081F000D241CDCB0D2F2DA8819F2838E0E6FFCEB0
:1082000028153BEA4F4030B83EEB21CF3CB699579A
:108210009DECDE141FC92800FA1504E14C38B1E5C5
:108220001F90AFBDEBC554B13014BDE4A59BEDA7C5
:10823000E8C5352D1148DBFE3141B3B040F20F2ABD
:108240003EC892D6AB34D21E071517E801BD2F43A6
:1082500038DB81D43FE6D7F71D60FFE0A91EA526D5
:10826000B7B4F5AA6C3AC9E5ED2CD215C51704A52B
:10827000041EF10AEEB8B4D0C00DB0A01C4A1F070E
:108280000736B9DDBA222C20DEE10EDFE1BA20ACE0
:10829000BD46AFE5A60DC1A3A6414300CAFA2B4CCB
:1082A0001418D30E2EE0D25DB31EB6E54838223F37
:1082B0005DF8AD595EA70EBF56CA49BBA45B50E33B
:1082C00017C4472C02A2483042B80F58CAE13F48B1
:1082D0005D15B155415005095FDFBC6F0A42F0A63C
:1082E00030E6E0C4C7453297512916FB27DDC51794
:1082F000DE2AE111A21BC7BBA72FBF81CF1AC1A1E4
:108300001D1C06B1240DDD3F49BB1BC45CF1952C3F
:108310002D63FEFA6B9BD05C0CD02297F60B500AB3
:10832000B00127612E10FA1147DB16DE2443E9F86D
:10833000DB36472428DAEC081D54D12CCAB2E83EBB
:10834000DCE67F3727352E0622C8163EFA171412B0
:108350006BFCF914E25736E6EB4AEA33EA1CD11F0C
:10836000AEE0F6E72C11C0A6D45A4819E30012DE9D
:10837000B52861250CF1B4C94B48BBEB1341B90DCD
:1083800026ACFFCA2DC7ED09EE21C027D3A9F56C95
:1083900034F064385432C32A4754243BF0EFCCD431
:1083A000C2E8DE14E767ABC2A2544ACBDA9B4DCDDC
:1083B00017BF42CBCDD3AF7FDFB9D8BDE65C333832
:1083C00010D0D2DF089E221CBC2B120A0DAA9BDE05
:1083D000502BE45702FC3A4DB9E61E0CA75517C9BD
:1083E0001145C9CB42E7F05C09D2B019B555B8DAEE
:1083F0004CBA2D02BBD09706190CC04D164FE81D84
:108400000FD050E1EAD05316FFFCDFF8AB2F449CAD
:10841000E60C4621F5404E37B62CBAC6479AAD4E0B
:10842000DEC54E3C0657CC220C3F0316C3E306EBD9
:10843000F914B81E52BD109F112EE4C558542EBB1E
:10844000FCC9B9813A421CE83CB7C2134D052AE881
:10845000EAD125D497A4A9B3E66BE3CF72CAD3E7D8
:10846000B7CDE9EAB84A0E3CFC0654C6BC0618264D
:10847000B8E53817EE0FB201411221B73A63471140
:10848000F3B721B7140A54DAEE00455BF29CBB0D3A
:10849000D7B70BC119B016B130E644B5CDD0D05125
:1084A000D3063615CA2EBE3F474F3A4CF89DBD5CE9
:1084B00003221A9AAD41BD1DDB21ACFFBA2144AAAB
:1084C0003668E327C102C4049CB64849DD15113261
:1084D00040BBFA25A41E48E92DD4144B3857C2FDE1
:1084E000ABE7FCB7D226E912F65D7FF34C4F13BB26
:1084F0005AD7F6D12F1B0326BAD655F5D3DAEDD1CC
:108500004AEBF9AB2342D64A55EBA621F5EF295B9E
:10851000363ABD9B60C3C56E29D697142953B8C798
:10852000FE6CC53962E2E39D11E1DF45A0259DEABD
:108530002038D3CBD71D3AA53811D5CF213FB396DC
:10854000C299A5D3EB24C0F7F5AC033BFF2D81C93D
:10855000DCAA572F141119AD4799B802F5C92B3F62
:10856000D9953C9CDCD2CEDBA6C15DBD07432F3C38
:108570002136D7E15A21E937C7ACE2DA5A3122A2D3
:108580009693473982CCA3314B399E77F1276461AA
:10859000BFB0AFC733633EE1AAFAB8C997FD215F08
:1085A0007FFF363C4340212220969E0F25DE26BFCA
:1085B0005B4628E1F34E98E7E01635E9E115AF1385
:1085C00037EE31C3A322FAE7A8622FE6C92FCB25E5
:1085D000311AFF134A45A79E05B7F30962DBDAD1CA
:1085E000D754FEDCD0F41FC3EEEABDFD7446572E0F
:1085F00054BD01C9DA0839C8072BF924AAD299DA7F
:1086000002E7CABD17F632D3F917632AFE630820C2
:10861000CAA9AF37CF3451DCDC353DEC24A919AF02
:10862000C4E69FCE5091465FD42F2C3E69F100EBFB
:108630000EF417341F90DB1B81DF1327DB4B3FD772
:108640002952465ABEB3C82FBC3F59EDB04257F627
:10865000333E4255B013FEBED96360BE1C5F17EEB9
:108660005001F0574FFE0D4389162CCE0CAB28E17C
:108670009B42B5EFFF9EA19226B73E01D0DB52D0C0
:10868000AE06EC4FFD93E5BE97BF24FD16F31783AE
:10869000A4F653A8E43921D2FC611E1D031447330C
:1086A000D98144FA43FFE01F434B1C2AE7164CDDF7
:1086B00007F64729D8C0AEAEDC9E3DDB31C3FCF0E7
:1086C000E3351BB5F7A4C907BC28BC01423A2E14F8
:1086D000E06A1645D4D8C670DC50C7630CCB566729
:1086E00064FBD9FEA9FF37E317ACAD2FAB140CC068
:1086F00013C639A61E5D42EE16B0AC39F0D6B5E30E
:10870000360A2550AB463F9E2DCCF7B906E0C892FD
:10871000E76F2017D450E343C312B618EB422CF78F
:1087200037C42BC6D921B936481E3CC69D1436F431
:10873000BF38DA2ED9E511E3CFE0F8CE159D47D842
:108740002252BF12D8E8420138189C04A9F8162218
:1087500049EFCAF3D21AA0B9DEB05D20E64FF1EAC4
:10876000ADB9D7A706E3C6512137F5D1A2453530BB
:10877000D3FB29BB34F1364EC0427FED0044CF1EFF
:10878000435FB8CEFAB9DBBB6DB665CCECB7D8C2E7
:108790005BE133CC29EBC4A42217DF3523A5E82203
:1087A000B841270D332D13389A161EFC401301CE05
:1087B000896E0CBCC54E4CD1A4D0BB344B9C22E37B
:1087C0002F94A01A135A16333CFB60FF3308493824
:1087D0004866B2F750ABE16BE9DFA2E2EDF2202888
:1087E000464129C0B01030C25036A7C0FEEB3FFF53
:1087F000A9000009FC594B3FC5D2C1C6B245B8C358
:108800000B022A1142C6BC2A37D5442DBFA4ACD7CF
:1088100033EDF6EE000681F1ECD06115071024ABC4
:10882000D25A4A35FB8101E803D031FDDEA313FBA8
:10883000A7C02CBF1199CDD7B0265AF8C6C1E813EE
:10884000203736DF2ACDB1D63458F3A5DED10D0955
:10885000EA30B5C5E3D0285DF2A4AD202323D4DBF4
:108860002636C9E03BF53E1DD73918F1E12FAC6142
:10887000BCAE504EEED40EA1F9F1CA11E3984B13E1
:10888000A3D21F4BCE3BBFD23D1FB64913E80D9B71
:10889000B5CFFDEBF8581D2EC511CD469CF8CACDBD
:1088A000C01644C3362BB2219F063AD9AAB9024258
:1088B000871413A7291A47EF2A1426CBE520BFF9FE
:1088C0003E3B0D37B1CE45CFE8940460CDABDCA57F
:1088D000E7574E0D4D51F9EC0D041B7FDFA2BB9005
:1088E000AFCD1624104B088420393376C4DCC3E4A2
:1088F000F844C33083E6C9112F1550DAB640DC3492
:1089000057B5E5AAECC5C1BE090D813ABF33C437DE
:10891000F1285B063A2BE6D446F0C80CC81B13C0FE
:10892000D363B0B226D4E1B0C4F94BBF54F343ECE7
:10893000EF62AE1D249F9952F0FD28EA1A22C1323F
:10894000ADEEAFE4D4EEFBCFE9E12845E4A8E227A1
:10895000DB58A3EFA83FC006B5F0EC552123982DB6
:10896000E205392A2CA7CE151DAAF3F7E17F23884B
:1089700036A1CCA211EB0E9F5A2EBDC8FA54DEB917
:1089800035212804B7E060A400764F63A7D546964A
:10899000AEFE0860C2DF973BE91EF1E6D5C9F70AD3
:1089A000B981D41AFED73ADB90EFAEE1E73E5EDC48
:1089B000BBE8F0A001E7FFD533E60CD15DB2351777
:1089C00044FA001A325852430854D3CD19054CC802
:1089D00093D7E3CB39E5D014A120FC2FEE3AFA5A15
:1089E000EFF5A4C2D44B52B1CD27ECC6E6AE005C85
:1089F000BF380CE26EF4E73ECC2CBA08CEDF20ACD8
:108A000058E7D24355713360F74E0A55E9B0F11972
:108A1000841B2E0EB126D311F23507DC49BDEF2E93
:108A2000A045C5B00132ADF9EB872D19A84F239EA3
:108A3000EE04FBE792C11FC20F06A2150C8EF2DFF7
:108A40001F31BECF45EF0BE19F5A35FDD902292CCE
:108A500081DA2CFE54BC2B472CA4F1B22F05CEDDBD
:108A600048DE55D563A2BDCBD5CD5AB1AF2B8662BA
:108A700018070B841B5567B2031CAA4E36B392A38A
:108A80004777CAB149EBDC5EEBDD226A44A0990A64
:108A9000BBC420D0CB1B129CB54E6AC6CAD928D6FF
:108AA000B8551DC139FCDFD61B30D0B2CC325920AD
:108AB000CE072165A8CD1C3FDF1BC0CC06B7EC2339
:108AC0003136EF40E10F4A15CC4B3618DB1E4F23F1
:108AD00004CFC32F11C51530D9ED26D01B0AC443CE
:108AE000B2594442B93DF104FC261B37FAD8EEC214
:108AF000DF1C2DF7FB2509D67F1825F500274045FB
:108B0000E457CBFBD60027D54AB9FADE363227EE3A
:108B10003D0A1B0F1F07CF2550EC2DC5D9E1E1DC25
:108B2000B4E6C9E2ED1800E8F8D2E5EA030F18EC64
:108B30001B0D2B3BE5F3FF24E3E31DDD34FC036D4C
:108B4000BD470BDA653FF72F135098B52C0B22CF9A
:108B5000C88EF1EBC99BBFEA0201CF3FE7D0A5BCAD
:108B60000AB1DCDFCD018F14B24FED4037442BC189
:108B7000963EE928CD4E39A1063547E29E08040409
:108B80007F98582739FE656E3EAEF4D0FFB22CC0F8
:108B90002C080134EFFA15AF150414E4E0A8E52C15
:108BA000C82071CB5CF2B0360F5F084F0969DDD881
:108BB000C44322B58C24CB45D6194D10B818C483B4
:108BC00055C06E58B6F4F0F80901DA32F2A9DB208C
:108BD000AA2F6EF1CE4724A409C3C1DA3F7FCF1D6F
:108BE00016FB2EF7230DAE0FDE2DE96F91E92563FD
:108BF0001E549FA70E5FD9F205A75507D5F3BB6595
:108C0000A39766FDE1E4FB93DE239904E027BE0908
:108C100078B84D42302B580926B8346A5C39EAC41A
:108C20001EDBC4A6EB3911DB410593C648A816BE6E
:108C30001CAD29E5AF2BB381F13D3CE3BE90FF4A6B
:108C4000070E474E032958CACFC9FB170917CAA5F3
:108C500087BFB1F7C80107C8C0974689ED0B041458
:108C600095DD36FBD1D30FECDFF9714AEA403F675F
:108C7000FD3FF1455F12E5CF740C522E3DB062E22C
:108C80004BEECB1520A0A8CF22BBC0B228045519AB
:108C900005103F1E302696DB29EC43A049DA6E57BB
:108CA00041881514DBB63AAAC9E8B7EEFF8A5AD351
:108CB000062BC1CAA26C33EAC4E05DE71B38F1C1E0
:108CC000E7EE065EE2EFAB6100F34466D297B6EBE7
:108CD00081F443C0C62F9BA816CEA3EBAC2DB3FCEA
:108CE0004421C163681302C72232EA8F392F74C549
:108CF000E7709277F641F0C3711C2795AC1955D8EF
:108D0000AD249957583851449D239A085441301640
:108D10004D5C9552CCA7D1124B1A65E70EB9BC2F0A
:108D20002BF8EB3FD335C61EFDB703F4D5BD9BD85A
:108D3000B501E13B19DCC42CCA615B0220E9D98A88
:108D400049B1471ECADB4A2FAE5039EBDA50DB4837
:108D500008061B34E851CEE8F833A6363FCDD416CA
:108D600017C5541AF211BFBF072ED40BA5C8A69D74
:108D7000B9220963C909C90867181866A7BE46B2AF
:108D800032BA02E0C2D51BE9BD20B5BAC1CCC8AD2C
:108D900039A97FDFBC213DE9BE36BA46FD35E5E3A2
:108DA000ACFCE52762E2DFEDBF92F7B634EF370F98
:108DB000AC22D2C6C9062FDBF3C8AB8E2CEE1359FA
:108DC00099164DB20BB75259C2749D5D2E31B46ADB
:108DD000F5D0FAF645E45D705A641A92A9F69B58EC
:108DE000C104CB5ACB6311A07B90E64CCDEC3392FF
:108DF000427658CA9F4EBABF26631F8EF59CC54B5C
:108E0000144B10B3FFE6E205C536FBDF39A007E1DE
:108E1000086247F0A5B7CF1220652D57FCFD81BA37
:108E2000AD4343DBD633C62D144A30F101C3E95CB0
:108E30007F61AA2C2AA6102B892536E19CD69C1985
:108E40003AEAF8B2FF983FD14904492251AAFBF20D
:108E500003E56AEDF0C62E8A945A4DA80CE5A65299
:108E600001A132C89CDF8DD046EF4D89DD3EE4DBA9
:108E7000E5F12DAC3A2AEF693BF936454FF1EAFBB3
:108E800015AE4D0EE50EDAC7FA63B15D37A2224486
:108E900020D90BCF699ADBC33FF45BB2D2B984759A
:108EA000140A39B4A539510EA775997F9FC51B09BE
:108EB00027E1BC3A5B474136EABD16E410DA56BA00
:108EC000EBDF2DE360E65B27E6AD3F4EBA27E63ADF
:108ED000B7F71A045DFD99F554EB9DE113D61FB267
:108EE000FF2BCF2C4C04E4DDF39844DBF3F435384E
:108EF000E35B6B1F4D3B02B94D62D18AFB473D5787
:108F00007578F6A2DB05DAEA70186316E75D6D5234
:108F1000600BE40D440ACF2E272912A6395A2F0DD3
:108F200030DB18FBD0F0491DB248640B2093381F8A
:108F30006681DB432B3A510BB03031BB2065462DA7
:108F4000A22048D4CD2935E75C5854E5EA9EC4E018
:108F5000930BFC2431050BC5DF450706154411B6FC
:108F600036E1FF515DD3E6282C4ED8D40FC4C3425E
:108F700019205B36B82CD8ADDEC2289FC1E71AAFE6
:108F8000ACD840D609C45DC4DA39D045E65DC042EC
:108F90000446C92BEDF722A09803CBCA19D3D4BA43
:108FA0009D3FC7145250746984EBD61D4B69EB7515
:108FB000ACA32EAD0164421E1323B63F1A4D595780
:108FC000C31F54BB48E6F5630FB02FA60C025E1E0C
:108FD00062E5DF250FE4DC397E2D95C7A5149E449C
:108FE000EC2528AD672FCA17732941F2BC50DF86E4
:108FF00022E1E54E1BEC48B16EB6B3DEF83815AD94
:10900000C7E79A1E2A6FE33B485BDDEF07CCB9CE7A
:10901000242400573ED5237F622D4B361AD6E8BF55
:10902000D0020DCA32C9F808F23F0437B63DA5BADE
:10903000AB03DB3FEB432A6E2DD8C5404A4E5AA006
:109040004932A3FD0CA342373727424CFD4A1DC1CC
:10905000C4B7B2274C28DCD2E0C60D45E63C03F588
:1090600051710215E8E47FFD2B0A2E0647B5C7AF04
:10907000B3393C402A61171810D5183DB62F1A0C89
:109080006D3717E8F0FD5371280717A9C9BE4CC505
:10909000CBCF035EBF1CD64BEE725DC6FFB490B65D
:1090A000FCEFCEA62A651FD6A836F04EC5353EB1D8
:1090B00070E1EB11EE4305C621B2E22DDB4B393FE7
:1090C000ABB6D997DDDDE8EA5C3923B790C2EC2D69
:1090D0002C485C1224B954E9812EFE01B3A7022B5F
:1090E000D0B9505511CAADA7D7D4576526A1432A88
:1090F0003F5CB53F21C8C714A50B5D93274C0D9C61
:10910000B705DC2ECFD314EE9948440615A4F6C655
:109110002418529014FD0B3313A5CCDF9F972A031C
:10912000BBED2939513C019B30295C5797EBB8D5F1
:109130006B64425099ED70250F62C50CB2B0BE9FB2
:109140005FFCEFFC42C11D03A8F146B4FFF20DFE27
:10915000E34FC4D2CD1202F5AA481BBFDAFED7B73F
:109160004A0F7F31D05C4947F6F03ED63F024BD2E2
:1091700072E94052483CF86D0F1026E73A0EF84F5E
:10918000CC0CB6FAB7BFD9783148063D0E295CB48D
:109190002703EA3BC04AE523CBB44C16ED593BBA52
:1091A0000B4FE9C766B1FBA27B17EEFF54FDC50468
:1091B000195CB32536F55813B22AEBCF471A5EE493
:1091C000111EB33B5403DF40A79EDDDBFDFB67FCB4
:1091D00040BA9AC0B5F91CFD1CF85BF228993BFF18
:1091E00026814FB7676803F8B9371B12F50A5B5041
:1091F000243A68BECB0AB6FF22E0E643DCBB4E95BC
:10920000D2A410EF0C63E8BBC0F15307186039C952
:1092100047F6CBC123F7BCEC3B61BBC1299DEED423
:10922000F83039B73AC2013028CB55441E8D28CFCB
:1092300027D22AE667CBD7E648F81EDC993321F718
:109240000F94494B01C0B79E3866D3E539F253629B
:1092500004B294E2EB3B01BEA8C604D5CACDDDED55
:1092600010AF3AE07F3DF6883F12C03AFEC646DCBA
:109270003D298B156523C71FF8590EE4B43E4510F0
:10928000606B26AB1025F61B16C807D1CDB0DFD911
:109290000ED7D7E22725DBF6CAA0EC8E5B0CC41CE8
:1092A000B216EC6A1BD3EB31F3522225885F4B4D8B
:1092B000A8FF4681FB3C2509F54255FCB4411EB18F
:1092C0002446A34ED81EC9BC4DB696A83D0BA5009A
:1092D0004B49BB0FB59C406510EDB3B603C6A64E17
:1092E000E66CD3779259E0611A680E43D4022C726F
:1092F00004B941F5CA5964D53308390D33F0DC306F
:1093000014D14D2E17AAD51B67FF9D1D216FBD25BA
:10931000A60BC5E80B43150CD32AD8BC5B93FDE81C
:10932000C9C725C7ED1B3CB404BE2ACBED46FDA240
:10933000D7404DA6A168E5D99D8F0B232B04EF05DF
:109340005F35D5FC0ED7E22CE1EFDC4B2449C9BDDB
:1093500003757FE4DF663C05CAEDCE4C31CADDA360
:10936000F398B1D4949CC621AE42A8BFE958FCEE54
:10937000004138B1EAD53BD70667F9232D24B2F86E
:1093800092D6FDB7F52E03C78EF4283A13BD41CD12
:1093900017B2FEAA53E80EAFC15310BB402EEE47E2
:1093A000CECA5BE908074CF81D113333A2E20F2C3B
:1093B000231C277FF248FEF31032A13AAEB0E90138
:1093C000B72B812A24E300EAE2D2D65FA32C5CDD2E
:1093D0001BF99A5C9FD135F507CCF4326A00332E25
:1093E000E259780BFBA9613CC91D17024E419BC392
:1093F000550372600A796BBA1B97E5443AC6B00907
:109400005C56A60FD83FDD353CDCB4C6AEEAF5832A
:10941000AB421B16255640216F5445DCF1A273E187
:10942000E96224E44C364F3BEBBFB7F53A11B8EF95
:10943000E9B94812392E33AA3E22EFA1FBA2AFA010
:1094400021E0425D672025A1E038DD3CA64AA30B60
:10945000C73D19C6CDB3B7CEB3B46703B4D8FDD0FA
:1094600028F54FAABDE52C20CD0B78257FAD063C15
:1094700089481A30C1B70D9A135EC8CEC7C5FFF12F
:1094800001B43336F2DF9ECA3A20CCF2211C270801
:109490001CB92BBB1C5F04A6BA51F49ED0B7BEA06A
:1094A0009818D26C430842C6F40F4CE702E44A1302
:1094B0005A065312F5285AA3EDAC5619261636DB78
:1094C00015D9A210ABB65BF08F113BC2C63A51382A
:1094D000DFE4FB38CBD1F9AECCE9D3815EFC030BE2
:1094E000C3A66502180C1153A414F121EA4E312CC5
:1094F000053B44A3941AAFFC0CE34B48392C099567
:10950000EDE4421A21EDB8E6E5B408DA4E2C37E472
:10951000B5E44ACA4821B2CE3BDFA93C515ED9C866
:10952000049C1ABCADFFBA1925299904AEEAA4D649
:109530005F51DA183F3E1B4E0602DC7F1EAC20F85E
:10954000E707A30D759D0D024AD43C0AC628596B46
:109550003216B8B665115652CFF1FE0E011515D46C
:109560004C2DB3E73F0CE9E7BE5AD30C55E1CA20B6
:10957000D33C25DBFF7A1E083A070A0AF936BF0BEF
:10958000302D943111E5AA2C25B54AC1D99C309EC5
:1095900030D836C8630FB1D8C7FC2FA9DCBB50AC9C
:1095A000E3123A6CFC4433CB03E6319519E7AF0D77
:1095B0001FDC2CCC63D6549367FF58DC9CDC5851DD
:1095C000653F2D3D20ECF9BABAD02204193810B409
:1095D00063D3EA51413BDE0220B18B3642AA44AD4F
:1095E000B2DD2BF0000E03FE5EBC0F20B036B715C7
:1095F0001811BB570367C14DF1EABCEBBCC4AFF215
:109600009F59250D5ED23DD2444B07F8EBCA14CFCB
:10961000ADBF54D0D8CE750FEEE47FC34F14E73AF8
:109620000068B91D9AD522A7F421CDA81CE3DB5709
:10963000553DB4CB910E1F27FD41A6D03FE7E9DC95
:10964000B64C4FEE3B15C8ABF33AA4424D14CD6275
:109650006CFB0123C72F25B80497DDAEFDFEFDF09E
:10966000EE263B15B81C4128E6DE7250E9A854539B
:10967000542A3025ECA532062F105A30518F77CB63
:10968000DE387F0BD3DFBD02A8D149BE39F80C38D4
:10969000FE2A61CA7F0CBC1F1B555A47380F41FA7E
:1096A000B9FEACDD239FB61636A0AF332DE039CD21
:1096B000CCD8C14ADB810BCF16CCD534FF614CDC52
:1096C0002D13B54775D355452961C534C5193A439E
:1096D000C8999F21041B5E34B6162BBD1EF5F6B744
:1096E000ECB55DE8E2C42CEE2DC722D044FDD7FDD9
:1096F000D7A24399F53426BFB31FD4B908D025E2C9
:10970000C7FCF2D5AABE4E3CC414A9C1FC6D3F44AF
:109710002E47E5B6B4143A581BF3F4C300E2664B87
:10972000CFB34BAEF02BBDB1C8BBCCD3DBC1E34D47
:109730001C03A857F209C4FD2E4C0360D0D0AF180B
:1097400003115DC45DBA1B56B228DFE8EEBA60ECC7
:10975000BC191B776170204DDC5ECF70194ABAFAD4
:10976000B70C1EBE510BFB30955108E7DE252C5B74
:109770000E37A51B1EBB0513279E3200D454E428C8
:109780000AB4F7B4D4DEB49DBA183119FA1C2E21EC
:10979000A4B67F6C695B280D6F281E58FAF8FDEDA2
:1097A0004845AF4E3B04057FF8590CB170CEBA481E
:1097B000E33196E535AC1BE2D15E9926FC4F4404BB
:1097C000FADB4EFE5BC79928C238FDA408414B0165
:1097D00004F0EE0232A0A3BA44CDFE0D1F23D49AAA
:1097E0008EB0F108CAD826412FAEF6F92C4B57C2DD
:1097F000EB52B1CE14FBF0B84F0209EEF0F85A0567
:10980000E55BD42DFB03FBCCF053A8CEE4A618D81F
:10981000BF37B24BF4ACFFA99089BDD209B2D13C9D
:10982000FC3F43F3F2B502A2BCA35ECD1B76C5A5F7
:1098300092BD47B7AF97CCA8D700695FFE51C02B48
:109840004D10DEAED5D12DBB2509D4F69536F408E2
:10985000ED07E4565E2A5D00C5BE53C8DFE37FEE28
:10986000CDF583CF3356C0E3E24E326527DE452D7A
:10987000EA090420BC5A7922E7E1DA232C9FBFE7EA
:10988000A0EEE2D639486C2DEE6BDD0FE5EC2AF147
:10989000CF257937EF0B159AAC5B64FCFBB373B043
:1098A0001564155529417397E2D9495EE9C102094A
:1098B0009A4499B5E5CA48F2AFDC31D7E43266EE96
:1098C00090CEA931CE57072FFF5011BFC74C9AFB3E
:1098D000020902C631F3FF0AB3CDC410D36C35AE12
:1098E00002B4D54FEEACDE63B128712A78270A277F
:1098F00002C93BD3C8DF5C1817C607BA5504FF1B63
:1099000027590D2ABD9EF04FFFDD9A8129141FF0C3
:1099100018EFCAE8A9E2E8F5EC162B06925D1AE604
:10992000A89FF50832483CE6E9543381CFAC3BECC4
:10993000295608A567360E334522D0BE27560F108C
:10994000D40C5D81C4A2C6E109A91E2D40DE02BC73
:10995000E4DDD18C93E3213D3257D1B306E5000B12
:109960001AA2CF78AA9323CAB2EACEC80D69BAC99F
:109970001EE4204FD514D8041FEBB4BF224399D462
:109980000CE1C6D2FBD309F4D074ED5C2D09B5E629
:10999000EFEB07FC159C62DED404313400629D536A
:1099A00033DACDE548DB3799AA00A150F102320F36
:1099B0008F09F5AB3CCEEAE44702F84038C8C1371E
:1099C000361BD310E846C333AEF8AC4CB41DE3EB02
:1099D00042A81703D69F4B13C3B118F3D744A4FF73
:1099E000FBA908370D28B8EFA4352B9DD2EA3DDC42
:1099F000C7B17F2BF92701FD55CD0A0711FBCD9A81
:109A000096DFCD261111FDDB3544F5B6E8184D4F34
:109A10002A33520359330DD5084DA613F057F4C518
:109A2000DE3749EE3DB6D0A860C3CC3E94D1B2A794
:109A30004BDD0510B22E0CA6F46743F43BADE455A4
:109A4000F2E53B5401B68B3D79ED2736A69CF41D1B
:109A5000270BCB305EF8C02A9A11BA4EADE111E562
:109A6000A43D16191FB5FA971B20302CCBB45D020C
:109A7000CE61F4C74FE1CF5631CE8F85F2ED3AAECD
:109A8000DEB0F3572ED3A56B1132F13BBEBD94333C
:109A90007FB03F6859236FE3D629D8D5FB26DBA1D9
:109AA000521FE31E473DC8C0E4B908D503A3AD3F2C
:109AB000A1925CC726BD2C1ECA0FE2D05DCC043833
:109AC000C6099066C4E5502FEA4359273A40E7E5B6
:109AD000E420EF2D9BA1AE3C345B8728C7EA3BD93D
:109AE000232ABB812C17301E9121F79CE6AD253F20
:109AF00001F9DF3CBE069CA22BB992D69C2606A596
:109B00002F09110CF1B329CB4D424706DF091F0F76
:109B1000EF74E8DCFA65087A292131A8F34D9491B5
:109B20000EA626186EE24DF215152C2758B721CF38
:109B3000A8F598F4FEBAB9280BAFB7BDA97FC5E266
:109B4000E7BD442EBAD11FAB50113EC1782F0FD8BC
:109B50000E45061614BFEC3A4303501899D4ED395C
:109B6000D419261425EB33DC574B3457364FF50FF9
:109B70001A3C9DB79E4627C02AB91401072909E857
:109B800046C606D6F8C2F8D3AFC16DEE360ECF3D4D
:109B900000DA5211DCA844F1EB9628CDC8330D7FD2
:109BA0006310A1106C0C5628F2F381C4A637C320B1
:109BB000E9C6370743E1392C2BC491355CC90EB295
:109BC000ACB85ED8201EE3B8426AE1C707975E0AC8
:109BD000DE28F404262E0446646344643B363107D1
:109BE000C4D5971941209352423F024DF256495530
:109BF0002B160BEAC61D991EEAE6755985ACD942AB
:109C0000E10422EAB7A47F4DB113CAB849E9EEE2F4
:109C1000FB23354AF3F066A4353AEA08623DD4A83E
:109C200081E570FDADF2103D54D733332B46E64845
:109C3000C3473FE60E07C9FC1DCAF0368DA55AF68C
:109C4000E9053520BD239D423ED254189847F73A86
:109C5000730742100E343DF3EB4B4A7FFAD1BFC17C
:109C600026D5FB2F3AB4E4B2D0CBD37590FD354F57
:109C700056AB2A43DF27BAE739CBDC8D348D479DBD
:109C80006A2F29E05B3EC32717EC21C0C9C3E74D0B
:109C900053F16AC4CA2DEA7AFF14D607A3000786D7
:109CA0001FBBCF180C39F04E72101487BE25411916
:109CB00021A5DFD3F10315DE97F3AA4B3F3C5BE10F
:109CC000FD26CFF000EA2531F7EE3434345EFEF69F
:109CD00008F3CE773D3312AC0BF55DF81C153F4809
:109CE000D304C6BE4CE563EAF3326D31E35B5DFA43
:109CF000D7F27FDD4DBA4FEC4EDA5BD0C6B0F53807
:109D0000BDA3C8AB2DCCD295CD6859E73D3B003AF9
:109D10005B0257D114661E6065651B5B1D37D6A8B4
:109D200045BDC54AE206B8E01ECA1FD32B54554BA9
:109D30004CF1A91FDB6D2CC2BDF2D0C0CE0A67F872
:109D4000D526EC64A03D5A1DF63315DFE064CFB490
:109D500037B333E0E11829C13F813452EBD4D80F37
:109D60009F3D333C06D495F42AAD63003409AC59C9
:109D7000399D1BE8093431A925BE6C28FBE150D37D
:109D8000FBF1233598BC11A255A2A300BEE72236F1
:109D9000CC1D168C2ED486EFC84DB63EF3AD47F5DC
:109DA000FA6207434D32E5204445F3C93C23B2FA39
:109DB000B32FCDB7EBD8F6ECABBF28EF70BEA21730
:109DC000C705C804E6293CE905AB48B33003F4B441
:109DD000F0D0B07030DF3A74A8E3D5E10D111A5815
:109DE00017F92C4A9052EC35E9F8FF0D42BBB675D5
:109DF000C028371CD22C6312F6FC25582D141C7475
:109E0000A1DE45184328FFCEBE32C34C000DCDB1B4
:109E1000ED31FA988E4395F83AC80BDD81F637425A
:109E20003909A8A3D534083809B838DC53ED02A3A2
:109E30001FBAB6333132925E0EA437C530E3AF316C
:109E40001AC17FDA45A62C3CD150F5C3A39A36AC93
:109E500045F5A9046273CD1AB1C300F017C9380ED5
:109E6000FEB7B8AADFE421A0F746AF44D8244BE1FF
:109E7000315FC7D625D6F0DF1148AF473C0BF6A9B6
:109E8000310614CE3F8BED1AA73DBD45E7EFE5D86F
:109E90009DE016397A2431419F3EEC0ABF570654A3
:109EA0001E2C3AB5A04630F06D98E09C8CCD5364E2
:109EB000DD0ED6DD3F9120C2FED0C0FA103F17F66E
:109EC0001B3DB27331E1FFAC01D8AC2231F1CE5D64
:109ED0001681FAD0A7B5C0D7D6B81A98E916F67980
:109EE000240D7CF3B1B23743651F6C035E48C2FE9C
:109EF0009CEBDCB1650C64051012B63E44913165F3
:109F000011E64B9384DEBA19140EEDB7A64563181B
:109F1000EAE2CED3105DFF22C24359B50BD96BBD27
:109F200014DB2FAB33CA0357BE00FF20FDA20BC7C3
:109F30002500155D480DADC1F6F0A2171DB93B33E4
:109F40000205AD58B339BE35305501C5D5D3D8DD7E
:109F5000D750FB1450212BF85BA0DAFFD6F6B74B95
:109F6000C3CDC90914CFF204C3D51BABA130362E23
:109F70002C2F34E4DFE645BF4433F730D24EFCB635
:109F8000BC7FEA2A0920601DD1B03DBDDEF6F0EFAE
:109F9000EE08E86000F6261BB62246283B140C3972
:109FA0001C7F4FFE23AE4908D3905109BFECDF4A16
:109FB0003E0C4CF0C535F1A4BA1CF1E9B2C3D00A8D
:109FC000103CD75CAE6CC135DB2645EDBCF7340EDA
:109FD0004DAEF1D747ABC5AE47B923ECD02BABFAAA
:109FE00034A96E1934B9CEE4A1D652371E69CCFF1C
:109FF00008E07432BCF52ECC383CDE48E8FED8C40C
:10A000001E0ABB1F9A3E255ED20FE485ABBAB2B9D9
:10A01000ECEFE1FB2F20D3400562E01D4BAF27A9F9
:10A02000CA7CFB1802B2F3DF1F21BBD240B9F71F75
:10A03000860AEF342D43C11F0258D7D1DCD3A7CAFB
:10A040005065E5C70460DBF949AB34B884D46F1DB3
:10A05000C80B33B5CCFC2E29000E053545B744ECB2
:10A06000D62AECAAADA735F0FB3767384FEAA2E550
:10A07000294035303A321CC37FB912F2EDC8369F01
:10A080002AEC7935C232E6CC28F8E335BCEDEF1C7A
:10A09000BB3002F3ADC69C3133FF3F49D554492C48
:10A0A000A1E81AB61A3CF12A5E0EDED47FB0CDEAE2
:10A0B00057AF8B591C44E65451D3D0C33A2AB6F556
:10A0C000A71F09AB346A97B5E4F6A7F329DAB2C043
:10A0D0004AF7AEEB2B5539E336F8B8A947BC233F16
:10A0E00091B83EFC53B020BEF2F649D16C5BF8FB50
:10A0F0000109FD400DDAEAE3D2CF13C01A2FE89C24
:10A1000058F515491916B4532242B249D0CCA4C30C
:10A110009E9407BAB43B0610EBBFB735F2BE4BDADC
:10A120001E299A26C99A268CB9CEA94F47F54E38D2
:10A130002B42232902E8A5E9E64DAC3F240B241E5F
:10A14000E7C4F163485CCAC9384FF7482B4F02FC9B
:10A15000BF2D4E5F1CBD9757ECEC559A9EE8196ACF
:10A1600056FD025F81ADFF2ACF2D74B766C09332D2
:10A17000A8CA73B8B85ACA4CCC0A5530C7111926A8
:10A18000274A593ED70E16C93FF5B6EBCAF3B2348B
:10A19000A7C8111BC51CFE93F9253CDFEDEBC723B7
:10A1A000EA53E160376AE52EC9B85705F23943CB67
:10A1B000615CA6012EDFC38CA9B4612166AFBDEF3F
:10A1C0005A24F9B03ECE09E0B25ED0104E006C4D7C
:10A1D000F21201B4EE21A849B875D3A05F9DDF4209
:10A1E0004A5A177FB030C158E502CFCFA5D12A47D0
:10A1F000B9211F07D053ACEEDF5B0C1950423C482D
:10A2000067A5E8EDBD6A9BBFFDB0EF149F323FCB61
:10A210009E24FC63B7E0CC04EFECF3CBF8349AEB6C
:10A22000F34B0A61C41DFB62BF60D5D4E81D4A4DE3
:10A23000DDE9D925954E301BAA557811B54CC9E9F1
:10A240001E386DC1512C5F3D12C57F21EBE9062DF3
:10A25000C0F3BD01D4040BAD2441B032C61F1603B8
:10A26000280B0B38DC9C34F2EFD2CE46B8D4C02F8A
:10A2700049BF3EDCCF21E7AF861CEF4EFFA4C6BF2F
:10A28000405FFA492D6437BBEFCEB0C3CC55AD0C5F
:10A290001C3F0CDEEFF6C5206777E0EF6700F2DECB
:10A2A000F13600BEDF134EB9C4534AC9D1AA23D731
:10A2B000600160B4600940AB1309C3D0F389D92DA4
:10A2C000DA3F5B810BB8A7E0284AF5F6FFBE3CB742
:10A2D000B5F95910BECCC8BDE9033CA904CF283B51
:10A2E000224E57A1B7D58FCB57A647982E063AF9DD
:10A2F000DD0088EDFB2B3BFCB6F9D1EE15FCE41636
:10A30000AAE72AA942CBAC05E0F1F8DBCBA449B11E
:10A3100022F8E6A722DAC3A73BED4AF7B2C6A0159A
:10A32000F324BE3EE73512205B4B150AC596F1E8D3
:10A33000D90A24C2B50BC0B037BDD91CE9F831E544
:10A34000CCB43CBDCAD6B4CDFCC80F1DF801D216A2
:10A35000B7E739BECE104A8EDBBFEC0A651954E26E
:10A3600011021FFD32FE052FC8191342FB06B4D996
:10A37000DC3636B54B143F57DF3CD1AFBED1CBDA1C
:10A380004D34C801104304D248C3B07F02FB2828D3
:10A390004050A0EED1C3FADB20DCA5E22FBFC42ED3
:10A3A00053AE1E501BE7F14391EA04F668BBF9B4C3
:10A3B000CC5C9FF2FA7C14A8D146EB673D10BA4200
:10A3C00023DBB119FAD77F5004DCFAE8C92B09BAAC
:10A3D0002EFBD7F4D10B0666D106F6062AFB9FB4F6
:10A3E00038629FE8FBDEC4A6EE06A0ED190EAE3380
:10A3F000473F1B6B0907D6DABD02CBBAA7D8BBCF44
:10A4000021739CA17D2C59684C0EBAB03A0CADD387
:10A41000D53599C32EE4DBB71749A86346ED0E2363
:10A420000FD2BDFC04FDC51FB1CE1708BAA40B475F
:10A430007FE0573C0CD040ABD63843045E02FAD3E1
:10A440000C27F9152FDF268F1130580A4C170CFDF9
:10A450002E58CC2B04434DE6C1C2BC4BD7CB0317BF
:10A4600042D4ADEAD30128C9D51DE610D4C0C0E856
:10A470003D072AA777BF6202B39D0A5A2100DDB5C6
:10A48000B705C3EBA067EB17B39CEA541105C241B3
:10A49000E2BA280B2E11D49C27A8340CB1575E12B7
:10A4A000CDD9DBD5BEACD49ACB21F55CE20C2FE93B
:10A4B000E8000DFAB4D718C817F23AA71604839F1C
:10A4C000C1B3B61FB3D6CCAFB8B039F70623B0FBD3
:10A4D000C650A5B120EFB9021F0C2B41AD35535426
:10A4E000CB23CE67FD264D61C1D34DB9C7042416D9
:10A4F00024BBC0DC6347CBB7541C0AB5E90F0CE2A0
:10A50000045A7F4B1B19C221FEBEE9D8D262E00972
:10A510000D18CDACB2E3244DF3C0EB0F21E41D3A8E
:10A5200025E423A554C227A7D048FA0F0B56BF60D5
:10A530007FF54710EAC01B38B14F4E556AB29243BF
:10A540009E4A133BC19534EEB43D35E79F0DE1556E
:10A550001D067D3BB7F40FF4F598DABF73A9C5DD8E
:10A5600095ED50C9A8CFE1B20ED198484D0E344EAA
:10A570003613464EEB518A4B04DCE340335AB2BDEE
:10A58000D9DD1C0A86593D5FC8B143EEA418E4D357
:10A59000C8A95BB02B72EEE6ABB26FE8C7AFEB5168
:10A5A00015D70DA7D5E7AF2FDAF1523E67AAC26DD6
:10A5B0008141D51D2C6C955317F02EB8C411106E27
:10A5C0000B6A565BBDB60832C1401B791FC939F50D
:10A5D000E7CA15F5194A4709FE723FEB88E1F19683
:10A5E000A39C6CA358511A7CC9643951F0AE295F01
:10A5F0009F4525A48BCD0F36FE4582E26319D918FD
:10A6000008E0D9D2CA0CB705675F8FBAEF6B5FE677
:10A6100018D361BE44668DAC9454EFB058F7BB1CA0
:10A620000F2943957C16B80F29EB58B20E9FDB7AA1
:10A63000F2439E8AA2990490AFA22F929E97F7FCB4
:10A64000B2341BE72766113AF0F9D39B3A60360E15
:10A6500034364BA2B5C7B8F514458107D040F00A8F
:10A66000CAEBE34828E9D816620FF5A4BE34C6B693
:10A6700013260EC1D2C7D4A60C0561CAD98F3D9945
:10A680000DC00210D6DF0ECFB65D6B3B254B498562
:10A690000E20F918AA2FB7B1E29DEC41A2D44316BF
:10A6A000C32DDA44556AF497FB2D53A4D16CBDC079
:10A6B0007F66EB612760B3FC3B9712543D110BD4CE
:10A6C0006EA4956C4C10BC0169DF12D6ED2BEA9894
:10A6D0005008C434DE0349EC003FF34A59252218E0
:10A6E000EE6F40588EBA01B05D553FB06047541BC5
:10A6F000B6CDF23CE338AC2BA52AA26B15549FBB18
:10A7000021F698B0EB3DB762FFC95F0551CEB76A3D
:10A710002AD1E4BCC5DEF8C11DF82307BD3337C913
:10A720009A23BF0C9FD495063BED974C3E2B1227E6
:10A73000D72D61DEB7B9D23100BD0CD8FE1EB520D1
:10A74000E1D7A5A3DB55559A2CF12CDBFDD4D7DE40
:10A7500000352FC7B400B8DDD3E847FB46C0D50CA1
:10A76000B8593BCB4F42B2B8182943FC37E0EA1145
:10A77000B33E25A21F96224DC62ED34E1D7FD2EF8B
:10A78000D814B44CEEF7A62D0D2FEF16DE620FB3E2
:10A79000E9C1002C3FBE15C73DACDCCFE2F9CBBF11
:10A7A0005C2323D3CA3EBA0D720020D432549E0CCF
:10A7B00020198123C703CD0FF3FB38F934B8339147
:10A7C00021323A091B0840E96B0703C799EA3A8F1F
:10A7D00049F404DCB04431A107EFC61B20FFB831B7
:10A7E000226845413BCA1CCE6317D42206DF279658
:10A7F0003923CB65EDD84EAF183C7CED0EAA03BAD9
:10A800004EE119D4405BB3A8A6EE01DC3907D5357B
:10A81000A14DFFE2D7E4FFECFFE95F9EB3B3B9A21D
:10A8200088CC02B8211B3D5E6593E1A887490D9055
:10A83000838555230AC504E1F62DF831F185D30649
:10A8400003558CCE3742349F58E552B0A9BE6B17E2
:10A850009E360434FB2122623F494874ED4419C4FA
:10A86000211BD825215DC68F2265A6FCEC309E42B7
:10A87000819AECD2E3472B1F353F55C8A1ACBD24CC
:10A880004F1A15EDFE58D894E71F0C1A4ACDD2374F
:10A89000520C12C62B92AEE4629F3FD4F09CAF33B1
:10A8A0000D75E861EA8A54BC4D39C02357A44B1298
:10A8B00030C0601FC4A45C34457DBD5C19E89AD9E2
:10A8C000112B4E4FB07592927F4BD3CD46645DB93C
:10A8D0009FA4D49B574F2BEE34D936CC25A6281EE7
:10A8E0004893B228ADE2B9C63426F1C6CA0FEBC40C
:10A8F0002EF1061185CB2537B5FC65A8DEB7FA33F6
:10A90000373B9D4C61936FB05D1C5FC4376D331650
:10A9100062260F44EC27EDD02A5E0EBA01CC04E08B
:10A92000D01C0247974FF0FD9AC5B6B914BF491124
:10A9300060B4A14E35F7AB24031A47B64E5A3ADD40
:10A940005316FB00D6CEFB0455CEA2AFC16360A662
:10A95000B86474B4AADD00922578ACAA02D505B813
:10A96000A6C529ED53B7A83A34B873C55D1D2BD9D8
:10A97000C461DEE2AD2DF9EEC1C3B1BAE2D1DD2F83
:10A9800042B7B4BAFCA6DCCF2E14CAD8F72319FEFE
:10A99000B4F4A8CDD2C381CFE32AEDFDDBBBE8A29E
:10A9A0003CE1001ABECAFCFC25C414EE11D1E6DF5E
:10A9B00016BD022BAFB1F7336237BF68CE60147497
:10A9C00051B3F564A2D041430ED50D223611C3B365
:10A9D000A2F19B452CBB14BFC8E44DBAD7DE0FC60D
:10A9E000143364335CA317672F2DADD7F2F865D706
:10A9F0003C2BC2E920CD4347EDAF57213B65C14E0B
:10AA0000F59C52142343620CA1A7AF693F364D1841
:10AA100058BEE3AF815F1C3EAED9B00045CB480DB8
:10AA200029C1DB7FFDD39DB5AEB352479343C9180F
:10AA30001FF916C2A6B8243AA6E657D111B2263499
:10AA40001D2E77D8B2C76C0F12E3106820C791A2F1
:10AA500062DC4726C8ADF12BEE3015DF6C4039AC17
:10AA60005A9CDD6AE559E81A2EDA010B53DA4500E3
:10AA7000ECD40F2EB610A5532B4F4E29DC25CFC298
:10AA800026D5129955414AE4BC53DDDE21CB0E4652
:10AA9000603442B80B1CC20CD324101AAC063750D9
:10AAA00045E93EEABA1CC33851A7EA8F0C3FB6C647
:10AAB000BCA2F7F2045C07FEAECD5DA681D41AF805
:10AAC000CB0F4A37B8D0290ED7BACCCD1455D41DE8
:10AAD00065ACF448F9483131EC4AA9F851179F2880
:10AAE000A6A8BEEE9BCD033A2575ACD90B34BE3774
:10AAF00067DBF10AD64D8AFE47BEBF2ABAAB2CFEF1
:10AB0000B60631962E3C55B21317340F42D5B0EA33
:10AB100022FE26F9503F9B226156FE09F04096FA2C
:10AB20002AE41B091AC5E1222EB6CC25DF223CBB44
:10AB3000E3ECEF2020E2D93BAB1649C81CAD02E4A0
:10AB40003721C3EA223644154DB33BD1D414F7154F
:10AB50003BB0190216E3F2C1EFCCAC2C21FDD1F7CA
:10AB60000E41DEBCC81802E8DE35322C4BB93C3849
:10AB7000A2CC0AB5B7E59051F3CD811CBF49364C44
:10AB800031E457C29AC7D1CCE9D12F162463E0250E
:10AB90004A116D3E5EA84A1FDBE964E7B936BBF790
:10ABA0004737610B5D241B515503FED489BAA4308D
:10ABB0006B1D30CAD27D58E8AB0BAE4BCD9FC2E2C5
:10ABC000A92A58A6011E11657F2B4B39F25F04217B
:10ABD000D2283E0D3A40B369B9834AF426A46128CD
:10ABE000353A2D6F35FC51DB9099C239D3C36310D0
:10ABF000129FEF133C43DE13005587D267B45837DA
:10AC0000C9C242C0ABE95A1B3CFED86BBDF764EA2F
:10AC10006AF9EDE5B03B22C8D2B509F58EDCFFFE3E
:10AC2000C9134E53AB1FB7DE3BE93D28092933B4A6
:10AC3000C7A93CA15CB309E63ADE64B53E2F0727FD
:10AC4000652F15B50A474FEC7326E7C1FEE9FDC134
:10AC50000534AA2DE17FF7CDF80E3F5CF65300577F
:10AC6000AF3BB6FE1A280BBFBBCB3B2FA900E3FEC0
:10AC70003F4CF860314DFE4704DEDCDDC5BCD31D22
:10AC8000E3DF5624CD244509E717F8C50B9DE805F9
:10AC9000FC3E64FD2DE7CB45CF430597DE201D0527
:10ACA000C774674C49B53BDE31AF483915F0811B9D
:10ACB0000312E94940E52EE32063F8210D18AD5F4A
:10ACC000353C4E0567D9F1D4A3324825D9E543DB9D
:10ACD000FC5943592B91C82CC2030ABFBF30C2454F
:10ACE000AE2265B295CB95D548433DB953EE39CDEB
:10ACF000F7C77FD2D5C20C48360E6573B42EAA00B2
:10AD0000047908B941192968EFA64A26F307373DA7
:10AD1000ABAB0882153C54FCBA06D6BF1BE8431DFA
:10AD2000F3FCD6B3639331A009FBF457B2E22CB91C
:10AD3000DDD10020C8EBCB14C2EFA847581E3E3827
:10AD4000AE8120544F3A38EE321AEBDE4D1BBFD4A1
:10AD500028B60A4BAADF09BC31E857A9F992CB8F74
:10AD600018C7B6C5E7AA1095DEB6B29B0B40D4AAA9
:10AD70004CB83BDCC556212A9EAC28122066DC0D5F
:10AD80001492235C011293C4E9EB6983FB6A4BFCC8
:10AD900001E323D190CF0FDAEA0540085ED94B34A6
:10ADA0004545000082B9FFFFB11500007BF1FFFFB0
:10ADB000598AFFFFE01C00000D4E0000ECD4FFFF9D
:10ADC0002DC5FFFFB4ECFFFF3F4800004DF4FFFF2F
:10ADD000B113000006C2FFFF5B0EFFFF4EF2FFFF44
:10ADE0002E3B0000392500005B21000018DCFFFF2E
:10ADF0008BE6FFFF6D2BFFFF99A2FFFF4B61000069
:10AE000072910000393D0000D7AAFFFFBCBAFFFFD6
:10AE1000901F0000838EFFFF8BFCFFFFF40B0000F0
:10AE20009975000025A9FFFF57E7FFFF5B3E000073
:10AE30004D23000084FEFFFFF2CCFFFF67A2FFFF5F
:10AE40006D6A0000EBAC00006EDAFFFFD395FFFFE8
:10AE5000BE2C0000FB3C0000C1DDFFFF697F00004D
:10AE6000E4F1FFFF18F0FFFFD91300004B3300009F
:10AE7000B3F7FFFF3A5700008A230000AA630000DF
:10AE80009C1500000E6C0000FFBEFFFFE33D0000BC
:10AE900043DCFFFF7A2E0000761500007B4C00009B
:10AEA000512A0000701200000682FFFF07F9FFFF21
:10AEB000527EFFFF5FABFFFF382C0000C592FFFF03
:10AEC0007EEAFFFFDB1E00004BC5FFFFED5A0000CE
:10AED0008CB2FFFF395F0000AAFEFFFFB0FEFFFF4C
:10AEE00021E5FFFF46AEFFFF3532000038C2FFFF0D
:10AEF000B23100004300000001140000F9520000CC
:10AF00005C3B0000060D0000603600001AF1FFFFF8
:10AF1000F8A4FFFFB2C0FFFFC787FFFF701D00004E
:10AF2000C8EDFFFF5A1F0000232500007BFBFFFF39
:10AF3000B21F0000D6EEFFFFCC410000B1F9FFFFC9
:10AF40001DEFFFFF4AC8FFFFA5830000FB3700008D
:10AF50002520000063150000BF560000F409000022
:10AF6000EADDFFFF6C6B000006B6FFFF99410000B1
:10AF700036F6FFFF8C23000012BEFFFFD9950000BC
:10AF800081E2FFFF0FCBFFFFF12F0000E00E00007A
:10AF9000FCBBFFFFFDBBFFFF8DA8FFFF3360000080
:10AFA0005481FC490936371AE20EF181D3C075C4C9
:10AFB00005AF0713EA4B48EEC981E815D9DE417F9A
:10AFC000EACC13896689531C7E0821C981E5DC7FA0
:10AFD000E8EDCBA3B95E2F088CD351F41B1DE3D150
:10AFE000EBC27614D5C421E3BF48C9BAE93748B0EB
:10AFF000DA46A84591ED0BE9C0171781183CDD8CA6
:10B0000081A65B3E30CFE8A897CF8133F27FD67F11
:10B01000167F8381B32DD52EB9F22AEC7034A4AFFC
:10B020007F3826812D0DCBFDE848BF0DE1CD1340C3
:10B03000CDD92CB8348125237F3EF728E1A7EB2119
:10B040000AE6073F81FA1826E8B31C7FEBDDF1938F
:10B05000C811B8887F4C2744E33CE1D61FFE81FB32
:10B0600053BA2119B82434E698CEA27FF2368FCB9A
:10B0700085B0517FE81E197F2AA3C2BFE0D6B7036F
:10B08000DD731907013A50E5D605972AEFF13CED3B
:10B09000FF08C72F6820D87F853CF6B22E57FACC20
:10B0A0005653DBF67FAF816211077F192E07AF0A77
:10B0B000BF7F07BE819FDA35C3142E2A45C306D849
:10B0C000817F0D92CFB38F697FA301FA21FF61E6E3
:10B0D00003A8FBB7DC6F8137600837F596AA8C7F31
:10B0E0001A107C81CC03944854BF0C68D4E1D9BABF
:10B0F000167FB91C530633FCF3405BFB32C0547F10
:10B100000F2EB4831F4C21C1E5FD29F80721A60AA3
:10B11000F84D8DCF9881D73B407F7FDF498BD64E4E
:10B12000A5F4FB1FFD51E43EA7FB08F6DB4B27E12E
:10B13000BDAEE5FFD81A24D2E937F9E5CFCAC7F981
:10B14000CC4A7F21CD617F69730B35E1D12BBB7B6D
:10B150000A4CA8C6FF8D00D9D48163C88DA82AFBEC
:10B16000E87F811F207F813AE59581D2D6D2597F31
:10B1700040F24135721ED9C9E0AD9C6C28CF329D9A
:10B18000AD28D1F17FDF817F7F1E3BC981FA7F39F6
:10B19000FEDE7F04B4CBA81F67B2CDAC4918140FF4
:10B1A000473211AE375208B7B495B30032AF207FA3
:10B1B0001403F257E2EC8132E026D4E7EFFB4EFCB9
:10B1C00000689BE98B2C3CD5F7D681271581652B30
:10B1D0007F0B7FA53C81E7D179CFFA811AD53BFB64
:10B1E00060EC35F43B61D0E8EDF565997FBC81BF3B
:10B1F000F6D125EB7FF8CDA018C3DCE5DCA8BA6654
:10B200002588D69F94D2022BC3FF098B6168E03E4C
:10B21000ED56D4C23D47833D814EF53981C41218A5
:10B22000DF96F803BDC1090E19E0C7F9F67F47D0D4
:10B23000FE2710B1E2FE00A3EDD5C47FD581F5B0A5
:10B24000B9402BE70C7FD37D17262BC512B9A72752
:10B25000FBD9EF7F26261A461E4BB3B48175A0FC9E
:10B2600007D04BBF143A25BC813DDCEB2E16CFE84E
:10B270007F461A38F681E423E67F77490F7F1E8BDD
:10B280002C8123622BCC1CD9EEE0F9C82D7614CA90
:10B290001ECD4F1F818E1854C13D0E81B80C29312F
:10B2A000E40E81EC2533CB5F38D354AB7FA47FD43D
:10B2B0007F09DB7FEFF71D7FD7B67FAF7F25F002D9
:10B2C000355E3ABEA000FBB9F94348070E33426928
:10B2D0005242C84DD3C6202D81E6C81DB337701E1B
:10B2E0009A05BDE3EA7A10310F13B833377F052191
:10B2F000C4B5811B500A7F167F291B1AEC0856FC27
:10B3000028C67F7FF67F0887C9E2D68123321321C2
:10B310002810CFB73C843B75371AB341E8341FED92
:10B320002D9C09B8AD7F719E7F819D2CCAC75CCBD7
:10B33000E66AC925B2C3363AE4A0018C488C553B75
:10B34000103395EB886723C51CD3EBF89B3D962FF4
:10B350001DA09DC9E6243581070A5D4AFA77FFF0F2
:10B360007FD65430D4FD9C812581420EC1DA3F2F17
:10B3700026509666CA05A7EF71D281827F4716FADA
:10B38000E2C1C14F1AD4B4C0EB7FBB290953EBDE35
:10B390007FD690E4ABB21B9041D9DE8E1A2681ADE8
:10B3A0002347354FEEBA428122BABA33FC2E0CC77E
:10B3B00020E481D9C9268CE1D220E2410F497F2BBC
:10B3C000FD2C1F7FDFDDD07FCF7F6A3A23F9811EFE
:10B3D00018811582CF00FCDA1A2A8143A681141441
:10B3E00027F37AF97FFC33CA6B27FB0B3C844FAD04
:10B3F0004EAFB410BCEF48C03CA2C901165B81310E
:10B400002D4F001427CD18E503DBEAFF3E1BE311A7
:10B4100042583E9E746081ABEAEBC36A6B81148133
:10B42000AEF0FFFF9E040000CBF9FFFF9118000073
:10B430000602000047DCFFFFBDF3FFFF6A0D0000BE
:10B4400004050000211600002B080000A80C0000D5
:10B4500045FFFFFF50010000BDE9FFFFF6F1FFFFD0
:10B460001BFCFFFF7B0800007C140000F4000000C0
:10B470001F0D0000BF0600005D0E00009BF3FFFFE4
:10B48000FA0400006C0300003DFEFFFF8DF6FFFF95
:10B49000570000008016000010EAFFFF8AF2FFFF4D
:10B4A000390E0000C6E2FFFF48060000A0010000C0
:10B4B000FA1E0000FAF4FFFF37F7FFFFC1EAFFFFB3
:10B4C000EAF4FFFF67040000AE020000A9F4FFFFEA
:10B4D0000F0D000097100000D80D00004FE8FFFF8F
:10B4E000F3F5FFFFD0FDFFFFC409000009120000C3
:10B4F000DEF4FFFF990C00001B050000AC0C0000FF
:10B5000097FAFFFF5F120000F7FAFFFF060B00003B
:10B5100055140000F7FCFFFFE110000081F6FFFF6B
:10B52000F8E5FFFF81020000E0E3FFFF50070000A5
:10B53000C8F7FFFFFAE6FFFFCF070000BD020000DB
:10B54000400100005E0B0000750400006103000074
:10B550009EF9FFFF2F0500009F0200006108000018
:10B560000A030000DF020000B60D0000AEEDFFFF91
:10B5700013E9FFFF9F01000051040000B90A000019
:10B580001DEAFFFF9EFFFFFF1F10000037050000B0
:10B59000E2F6FFFFE5000000F40B0000DFFDFFFF17
:10B5A000671200000B0C0000D405000091FEFFFFA5
:10B5B000CFFDFFFF760200005A100000AB03000031
:10B5C000120A0000A9FEFFFFB60F0000690B000081
:10B5D0006FFFFFFFFBE6FFFFCFF9FFFF19E9FFFF5A
:10B5E000F6EEFFFFFFF5FFFF6E0D00004B110000B0
:10B5F0002F080000ACFFFFFF69140000C8EFFFFF39
:10B60000EAFEFFFF70E9FFFF58FBFFFF8D0D000012
:10B6100066F6FFFF83030000CE080000F60B000073
:10B62000E443B3130DEAFD290059F3000103A8CF49
:10B630001E2107BFC8E4F61B5C2617AA1229089E24
:10B640000645F502C6AAF7F11AABE35AEAEDC8D4EB
:10B6500007D408C5B428029EE5D6EACD092E4DD000
:10B66000FD3347212A48EF1BF2CDD4D8900551B1C4
:10B67000D2ED1641EE3B400AF0C22BCFDA123A016E
:10B6800012021BFB38DFFEBDFC002BBCF112CA36D8
:10B69000E54155113CBBE8E504305E81CE3408F548
:10B6A00071DCD7C12CB73A6A2FE5D1E502414602D9
:10B6B000EBCF27315DB4E5CAB41E0EBFD304D84327
:10B6C000BDB02BD1BA6B1F5E02EB58E90299BB0FDC
:10B6D00081DEDAA433CCC93775E1B53507A842FE5F
:10B6E0004F0EDB0CF765BBE4D7CE4EDBB93E5531D0
:10B6F000591EFE2651CFF8CDF8A1C7B4F5EED5FB03
:10B70000D088A0565B49DB0D2D3C0DEB5F215EAB75
:10B71000E92A9EC7C6190CC22F65D6A745D24D335C
:10B72000C8EABE046703A8D2DB7F43A713544ABC10
:10B7300017091DD117BD2F0D2353B9D93945D9D8B4
:10B74000F21C51DE4CA1AC17043BB9E73834C90FE9
:10B75000D0CC2FFB4EECB821AAF9EDA0D490543AEE
:10B760000BBED6ACFD4323101D0BA31FDDFDFD3921
:10B77000F8D9E1DECEA8F756A7BBEB5077E81ADD83
:10B78000B395C316191D2121F52975D3F94BF92D50
:10B79000299142BF9551D2BAAB6E6D5EF907514205
:10B7A00003EE043265AB3F1B213ABEF5E41BFFC23A
:10B7B000A3C9D8D9F1A902EAE505FB613CF2BE0FA5
:10B7C000CAE4037F33A6C33DB1D0B5D30391BA0A0F
:10B7D000DCDDE26562A6350BA2589C10E80EFDB4D4
:10B7E0002CC6E45A32F937D90222ADF3EA5E2BBDFA
:10B7F000EBD813674F01F2FDC4480BC4303909D6AA
:10B80000B0C24A9E47DFB13FBEDCE739415732FD47
:10B810008EE6323D0C28B63DF0231822F7F0951441
:10B82000FEFCBA3006C3FEC8D8A043C4C28C2DDFCC
:10B83000AAE757E4BE4DF22E10FA26BAC5C30B4F45
:10B84000B6C92FF25001EE222E4F4F1D37C30BD633
:10B850001C27B272130BAF3703FA2078B8426996EF
:10B86000974EEF1311B1FABAA20F1511556E35B1FB
:10B87000B5079904978FBBE5669E4DB4A4FDC8C279
:10B88000EAFE0CF05BBDAF264608B9D36D2C59F229
:10B890000DF0FFC4A6CAE20DB681DA28ABAEADD476
:10B8A00033B45548F82B2575EC09EAE359C5301B2C
:10B8B000B8D1E74A190FE84FA813D60148BB4B7F10
:10B8C000194BF406CB15124844DB0A30C330C66D61
:10B8D000F51E40C24C52D707EB3543C8C2002804BE
:10B8E0001D5BFFF81466E65F26FA3537B3F11A40A0
:10B8F00016E6ED0E23FDC5C3DC312832E04F63515F
:10B90000400A35F3220FB9EB3D2F612312CDCAFF58
:10B91000251927B217EE37DE561907FF61C0430C11
:10B9200001AA39B7370129EA42CB09C0C5EB2E0C71
:10B93000C421FBC70AA1A6E020EC0C625BD13E0942
:10B94000ED3FB525A70C5745AFA6B766BA2FE2EE77
:10B9500039310D34FAB3CBF94B1D1610D92708A68F
:10B9600034094E4608D7FDC25704D304240B26F5EC
:10B9700024B51A4FB5E42729A8F118EF1C0226F2C6
:10B98000EC0CD42B29B6BC2ABC2AC6F9D8F72EEA6F
:10B990003665010445FBE5FD3E7FF4C1D9E9B1C23E
:10B9A000DBD2080F18E64661B2E25E186C63220B28
:10B9B000471DABCCDB005D7D03585C21B3DCA73DAC
:10B9C000235F5CD0D8A8B4C36A07A9AAB71B1ADE44
:10B9D00054B5FEFBC0099F6F01CEA32EDC10F958B1
:10B9E0005CE0A819D53ECBD51A54C92A2E09BC0A49
:10B9F0004ED02D5929307F1EB5012DC7CAACD11BA1
:10BA0000211E56C3C6B82456123EE5A8AF1B126BC2
:10BA1000C4A626C150DB5EE9CEA12AE9F6B206250E
:10BA20002346CEDD94C1F30010F1F82336095026E9
:10BA3000E12FD99EA81320D79D34A2BA3814E33B36
:10BA4000F434E1C3D00C18352E05BDD64524C0030F
:10BA5000E8902CF6FEE4FF30D536CE4EADF0003443
:10BA60008195AB9103DF36F406A7F3EE75AF0A9626
:10BA70000B1B25E6CDB6BB6B58DE25CBECDDAEC18E
:10BA80002552ECED4A0767B4A43C41BE2C36E99E32
:10BA900092F0DDCFCF3F4941CF67E70404099BB265
:10BAA000CB2504BCC02AF2D9E510273545523A30DF
:10BAB0000B0912C1A820AA94D3DAC92DFB595BC285
:10BAC00036E5F82433DD52074BC21B3FC5C8CE17FD
:10BAD000BD4E37F2DED0E292E7A829450DAFE7DF91
:10BAE000E4E2D007CA40E00D5BF55CF1F01AAFFD6F
:10BAF0007FFCD7D7E9BB3BB041613EEF3633C7B1DE
:10BB00001DFEEFC3138F0A27AAF21B01E1462DC1C8
:10BB10005B1523D741C214E01BF82BCABAFFB62726
:10BB2000DBBBE692ABFCDDEC0E5B2F4BA109D92A07
:10BB3000F53EDE13F0D3BAC4310FAD14F540BD02AB
:10BB4000D900AF5938FEDBE5D7F71A1143AFCA1653
:10BB5000CC1DC339201D0E24B8BD21A0B307DB3C8A
:10BB6000BF10B8432BDC38EAF71BF7F1D70FDC55D1
:10BB7000CB6B2357386ABD81E30EF34BCEE921FE30
:10BB80004F1945173127D8B102C91509E51EC7BDA0
:10BB9000D8BDC3272222F0A038F0E313DCFE30CA60
:10BBA0003DF52EC312C6BF53BA4751FBE4CF6F5DBC
:10BBB000C2E6C44CBEDAB5D905BB469AB7A9900B0C
:10BBC000A534273C1E6A5C2B40CBB2EECBCF2C1E9B
:10BBD0007FE72E4A94DBBA21C302FF391E004823B7
:10BBE00022EC27E3AEDD9E074B11FBA73F202BE3A2
:10BBF000384427651D29EDB9B0BAD05944FA4A2610
:10BC0000BA1137FA289BF9CB342867AC22D951F402
:10BC1000511F6C32E952423D1C50DEE7B2F6E5415D
:10BC2000A32CA2292FCB2F35B864D146683F579259
:10BC30000E13E09DAC08A51FF5DCDA70E32290A599
:10BC40005A7922C3BB9CD4550900CBD3B40AD83847
:10BC500043E632AEB22A9196ED1C720C25A0F2405A
:10BC6000EE2E463E5F674431F241D77336FBF6DD78
:10BC7000243F301CE419962640CEEE9F2CE8B1BB41
:10BC80004C080C1652E00C2B103D98092D0D28DBAA
:10BC900081E4F71EFA46CDD6AEF1D038D6A62B6099
:10BCA000D921EA0949BBF1C7E1E1BD3670F3193684
:10BCB00000F250E20EAACF5DAFCB710E61154DDAE6
:10BCC000C20DAF0338E5CCDC4CB00F22A703A3FCB8
:10BCD00044DC636B0AE44D5CE224E60C15F73F6735
:10BCE000F19CC3D3F07FFD0E3931119EC55C310646
:10BCF00031D73FD251EED93422F30E4E3DFFD03C26
:10BD0000ABF9F220C2E4EACF586221AC5FC820E66A
:10BD10003BC653E5DDFDFF6FFF3B53FADE9F6B46ED
:10BD2000AE73070BB12703EF1321B8F6AB39C2404E
:10BD30003811BDA929451B09BD3DAF615D20F1F654
:10BD4000A4BADBCC68425B059F7F13173CB225F297
:10BD50002B0BC151EF0507E9BDBECDDAFADE9E0F10
:10BD6000FCC71ADD544FAE15EC26B566F6D2A10419
:10BD700041DDE4CC5024C8AFFC17053EB162C1BE22
:10BD800009AEBC45CC13AFC932C5211D1515345EB3
:10BD90000D20A7A600E443402E1CDBCF4CF740A5A6
:10BDA000EEC0F1C202C74738C41C03FFBF246DFCBC
:10BDB00004EAABB3044B18ACC5E43B0FBB2E9B634A
:10BDC000A2BDF052FDE67FA24C3A5D3C1A38DBB5CD
:10BDD000BDBCD63CF806AA010F694515EAB2362368
:10BDE0001E07E4413DB7C70A26E99F37C61FB16366
:10BDF000BFF6CF6952303053FDFA614002B3526250
:10BE0000AE42E365EEBF504D615DD526C238295183
:10BE1000FB533E38930DD66C3C2EDEC0F70D5E878B
:10BE20003BED61C119C2B196F13E81BDF40FD9312C
:10BE300043B0054C2314D8B1F3B8D8A23FABF71DDB
:10BE4000ADCFD0205517013779CA384329E51F10E7
:10BE50004A3DA59AD89FF0BC8CAC13A1F32BC60821
:10BE6000DE541BB604F8380FF8B0F328061732BCBE
:10BE700097E59A403C09FA2B06DFA8FDEBBFD8EE08
:10BE800090F45018BA4B57D53DACBD50B616B9D347
:10BE9000C22DF616BF52A45C0C48A0FBD7E5AA4CF5
:10BEA00047F5C9A175EFAEDDDA5261330154C550D3
:10BEB0003E55273CC81026E42DD9B25015297A2DBD
:10BEC0004A1C17665B6DEAF7C604F5C7D22250EF2D
:10BED000F52860C16736B5549A64CB9FADEA4761D7
:10BEE0004A064C3A63188CDFFDC10CB254FC3BF996
:10BEF000679C3BC552272E58A5C8A3494749D34242
:10BF00004B3ACD38F9B0FF54AF54A9CB53B0C73832
:10BF1000EC23D6647F19C0EB08C9D80D13150D8C1E
:10BF20000CB1D15FDBE346B3331CE5F93C124FE9BA
:10BF3000D9BC26ACE81BF60E6E8724D25AD7DCDFBC
:10BF4000D7AC454536019DF9F924ED2EB332810574
:10BF50001C5ADD01A1D149CF27119F3CAB011F44E1
:10BF6000434811E4B133B121F83CEFA8CB04624D52
:10BF7000C00D16EBF8DC3916C9CF13A2EEE4EFD0F2
:10BF8000D7A4C24D71BC191206B2E738CC3D194A8C
:10BF9000FE400965E024A35E2EFFCADA2DCAFABE70
:10BFA0002FDA05C53F0636CF27DAB5155FA4F43280
:10BFB00039D34F20B3505829EDDF22FEADD1D255F1
:10BFC000AE5CC8AFA9CBC9FCFBBA54FC583E30B735
:10BFD00064462AC1CD083B0758D72ECF05452547D3
:10BFE000CD42AF5DD17F4E513B59243FB8553258B9
:10BFF000BDF7545743FEBBDAEB44030F1104E6FCD4
:10C00000D2BFE5F6664B43F2B8671A43BAE2E1D90C
:10C01000D638374BBEAEB85531B3DB32C04B0ECA43
:10C02000A649F6A097FB46A953A41D239537FCD03B
:10C030001A5E21A91DCD133204CFC493189B50FF63
:10C04000ADC6C008FBBE3ED7257F0107EAB810E8A1
:10C050003F0CE8593D4DE50FF22639F83C5FB53D00
:10C06000D8A33D038E3699A7C270C4242032C407DA
:10C07000F0EF5212C6D4A125CEAE4D0C88A709020E
:10C08000B1B84B0EBD4AA838B0DEAA004CC6F33595
:10C09000C930DC031231ECF13C2BDE033D25DB58CB
:10C0A00063E154F6F5C245C50B062B224149C1A3F5
:10C0B00038B704E63AC2A9D8FEF729510AC4B4C574
:10C0C000B7C5F91F25BEDFF23B31D3FA44B4513A6C
:10C0D0003714DFCEE96C4359CFFBF4222BB42CBDCF
:10C0E000F1DF99F50B19E3571308463F07CAF11B17
:10C0F000B8FEEB231DE205D931106629F043222456
:10C100005817B4B4DFA6FA9FD115C015EDDDED0BBD
:10C11000BCF202572F810C3ACDD126EDDB11220D56
:10C1200022001029E9D93B0406AA45DF1334DAAF0F
:10C1300003BB60AB984CE748FA53D2F0D0F4326AB4
:10C140001A353E4342095745A2DFF82EDD40212F24
:10C15000AE2DC4D909D64D48B5C1060034AF20B2C2
:10C1600012FA1BE463F45AA1CAA237F60DC1922B4E
:10C17000CE9C1A54D3D5CEC7300FE5C2EA62D30E97
:10C180002B0CC23EAB2E1E53A75E0E1BC4DA11BC95
:10C19000D258C33EFB7FC4C8C0C01F8FC4FC292A2D
:10C1A0006ECE026CE2A705A1CAF7BF07E6BFD51A9B
:10C1B000A23E5C9FDF42612A060D9DE0A1CD0A6888
:10C1C00059A2AC2E16A4E6022651BB2DC93C1A4535
:10C1D000C656D7625B99F223AEB521A5E7ACFB400A
:10C1E0007FFC76EB23C9FD9394EE0CD865293DC204
:10C1F000DEA5F0782ABF4756D04FBDE135D34508BC
:10C20000A6CF22DB4232471EE1BB935CD3D35F65EE
:10C21000C06F05484EB086E1DD4AD7E260373D6722
:10C2200011F648BFCC0B0ABFF506FF4D2142C64AA6
:10C230000BDC52FC1DEE19FC32DB0814D7DA1CE9CA
:10C24000B008B41F48291AF341EA4B49BAC63AC4A8
:10C25000D83102CFFC1D3373F7B915C74FB22BEF9E
:10C260005116CC1A1B21E0383508EEF123EF12E904
:10C27000E90200EAF6CFE110BDF8E842CA220C7FDD
:10C28000BD1ED800BE1CFD3E0D2FE60A00DD13AB1F
:10C29000D6BFED39443BD7EB30082F19F66239325F
:10C2A0000BDAA6022305E052FEAEFF3DF2019CB37D
:10C2B000B0D1204141D04250E21D49EE9D14A09BD7
:10C2C000F3D85724ABD20ABDB04026E0315EEB0F65
:10C2D0004CF9153DE826CAA84399A8FCEA1616BFF2
:10C2E0000BCC29CFC1DB93152E4D4BC22159D30F57
:10C2F00090C882E9FF264494464EF5C797C208CD00
:10C300005ACC5E100ECE2181D82C69FCDEA343D41A
:10C3100010F9E0401519D11D0107B4DCCB1A2740F4
:10C32000BECEE5F7C02304EF0EF2ADE121EDD8CE8D
:10C33000D010443ADBFF66B5C20BE0AD680C8BC38E
:10C34000D01B6D1046FD81EFC5A4FCDA08440F42F6
:10C35000214DE1B40E2DFCFBF3F703E00DBCC4CB83
:10C3600014FDE3441941D7C3A9F5B5ED53B6AE09A1
:10C370009E424824284B18D5B520FDD4B737E5E0B8
:10C380003CECEC21F60C0F281766BF7C0B9BCE0B08
:10C39000FEBEFC63E0B13BFBD5C5F910CEA70D1680
:10C3A000C4BC4EFF2EDCF8C8E9211127002F57FE30
:10C3B00027CF1E1C4B15FF002E9132C0C550A4F391
:10C3C00038B85821B9C64904D4FB39FD1381DA1CA9
:10C3D0004F3732D8BFA343BDECE72AA117BB946304
:10C3E000FE0AB6F7D70639FC20F1E1D301EB0B3595
:10C3F000D2A25E922FF3370B05F7E7983451BCF3C6
:10C400004FCD06246EC5A60ABCBFE9200034074202
:10C41000DC5FA52945930845BE333E250956E12436
:10C4200045F758BA63135E5B59AB405A3427FEF3A5
:10C43000E7EF9671269922B4E2BDE4A3FAA5CC37C2
:10C440005E1E8BA5EE7F0CF744C8D0EC7DEE8B6CA6
:10C45000EEFCB51EC1B315BBD794F167F8A7211A3E
:10C46000BA233DA8D470E651D442CD3459BAEFC9AD
:10C47000AE0D2970EC23941491D2EEB9EF6BC5B0D8
:10C48000C0AC8F04F5347A496A15BA3C143D5AC2DF
:10C490006378CF21BA6601DFA456F3FDC41FBB5AEF
:10C4A000FCF4E7F074BE32000F685FC51FE2FFBE08
:10C4B000311314FA280FAFDE3AB5BBFC578147DEC3
:10C4C000E20E05D3A3BF5530DEBA5B3C100B652DE1
:10C4D000C10EABC420115D9C27D51F055F51DA3119
:10C4E0003B24480BC9036A04E3FAAF31F9B8C79B90
:10C4F000E3F65038644ACA50C40822F0FBB1D019A0
:10C500003C0414F174DC2F4C219D2B0A1A473FE7A1
:10C51000B31D223CE953570D3B4AE00D15C43BD8EF
:10C5200014E5F9B0F0BFAAB0B0C70E5D1F39C0E581
:10C5300040225D27F544BD528CE90A5732AC0BDC32
:10C540001B49E71D173F3EBC7F4A344523135C9DC2
:10C55000D3AAE3E3B4DF1F231833D4C84C0F0384FA
:10C56000F134C5F5D8D89F94FB39C0ECAB03562BFA
:10C57000CC0125B707E697500734771C23FDCDBFC4
:10C5800030F0B05C4CAA3E56B5E3464CAE33D61301
:10C59000BDC6EFACC7424B59534FA5C4C9EEF5FD1C
:10C5A000B7F62C97F166D296260A9A266F4EAFC33D
:10C5B00057CFCF0E1412B015DF563303FB43DD57B0
:10C5C000C72246446497DEA12E59484D3340FCFAF9
:10C5D0001B8DDBC9DA046E69D63137EE6C07AF19F3
:10C5E000F475F41B5B523DAFCECF737FBF93EE105B
:10C5F000E39364C820D70449D8FA5A486A13AC3880
:10C60000ABED8D0D8BAE4EF9FD95086BD1FDD63F90
:10C610009BB7C1A437E7C46A4FC7655FB06C0830E9
:10C62000C134D416FC4E5651A645EECA18D78DB566
:10C6300021CA4EEEA819B4F0952005D5D009D657D9
:10C6400030DF19EADB069BC158EE25AAB5B4E0CB72
:10C65000FB4FC9359E0D1313D725F1F8FBF5C39792
:10C66000A3E5000D0414C7D70481496C1A1C3F23AD
:10C67000E5AFE7F82EDFB475CC0713A127CCEB2D7F
:10C6800030D91A192A6222DEFB9829CED90E13F668
:10C69000DB63E3D8A8D13214D5E4BD8C4CEC5F2C1D
:10C6A0004EFB40508F3BA9053957EB5CA15AAC07B4
:10C6B000373B0BB44B224B45FC71CD3D2809D5E6E9
:10C6C00027D82ABFF954350301112819C139ECC202
:10C6D000C69E12DBBAC322DD7FCB66EC49F9479BCD
:10C6E000313D07B3D3367BBC64ED4144DCACD49719
:10C6F000432A40D620F2E9180D10369DAB613BF27B
:10C7000026CADFD147FB5E374B4F46DB392944E071
:10C71000DFBD50C58F579CABFDE5EF38ECCB0C0D62
:10C7200012F8B6BFC3D0F55C72D232FF1D34CEDB37
:10C73000C93961572FE10767A3BD50E646F24A3178
:10C740004E1A12E31DD0985CAB3051B30A546E54AC
:10C75000AE1DDB43DFE7B6C4D3D62DD0B40BA5A204
:10C76000FA56B426667FC556BC4951AF1510D6158A
:10C77000CF2CB0C50AD2483CF7FF1D381C5835D81D
:10C780002CC814603813B2C3286579AC2BCEA3042F
:10C79000E3DBF24157AEC8A661BEADE9B2CBECF225
:10C7A000D3E19F1646F7F4CB228C4B10CD00B1DDC0
:10C7B00031BA2DACEF1948695D45FECBD5D9B59C92
:10C7C00033BCCF265C5619ECE760B817CB1905507F
:10C7D00002BF3C26FEEA43CF26555DCAAE5FE32486
:10C7E000A4400EAA8FC4BD0B7F3033BA15366C0D32
:10C7F000F8B1B8DF04BFF34236D7E2C80818E9F74A
:10C8000019F721EADC0DC82FF1471199D9CD45DB85
:10C8100035EB41E5344F44D01DC34E2DFDC7EA1121
:10C820005F48F0B832D5E7AED11B50CDAD0CF0F675
:10C830004C1CB8C8CF174C0813BBAA2B40D8F60124
:10C84000DEAA11E902CBFFCD4F06316BDBC15B8164
:10C85000093CC3E125525216F2EDD8A32D06F9E0AA
:10C860002297F8CEDCA1121B30DABAC32E064BFA9F
:10C87000CD49F5FFF83F2839E6C71DF849C6270618
:10C880008E5EC5FDDACBE4C315D7ECFD4D78F5C659
:10C89000B2BFF6FE5F182DD3B857E8EF6333C2314D
:10C8A00043E8CB5FB809F0722524CEF5B746DAC568
:10C8B000C4D7C7C65328087F6D943B241115C429DB
:10C8C000E20E1D49F4970838112EFCC1265727D5D2
:10C8D000509FBE634CDD634DDEE5071CDA07FD2784
:10C8E000F40118C3CC2620CC2711FD4763F2ACFF1E
:10C8F000612F503B1CBC67EA2C2C2DF7D9E209CCE8
:10C90000E8FE1CE9154CA9AA2D6858B90C6211F271
:10C910001D4819FB02D4EE1BBF1909E79828EDE664
:10C920002BB92058CBCF12BDD8F7CB0ABEB22C14EE
:10C9300025DFFCE4DB3AFCCEE7D9FEB9BCA808173A
:10C94000E0C3F790EA14A7F422B6D43004B7330E4C
:10C95000F9D302AA16E4F53C280006DBE981B4DA33
:10C960001514C2CFC02729EDD603A233FFC730CAA2
:10C97000CDCDD018E2D9BD23DE286B04C9C5041E75
:10C980003EC42E242B10D944E2DEFC04BD1928201D
:10C99000F740DC0FCDFDBC35F2B8D10D233441E2B8
:10C9A000F0EF0B0919400606FC1ED0307F10A4BD25
:10C9B000EB4914C6920CFB212CFC21DACA62B4F3B9
:10C9C000C512CB4EF417B8E3DC490B4F3F25293392
:10C9D00063ABD010A3151138BF3DE8BB4FC0ECF4DA
:10C9E0003EFDBE064752A44DE334FEBD89B5915FBE
:10C9F0003B0C1FD045220C0AF8E6FE3C28CD08E08F
:10CA000032AD3A522F9A005B3352AFB5F1FB70D47E
:10CA1000F530B3A4F8F925031AA407C6B2B30ADBAC
:10CA2000D5FA01EBE32507B84FC8F725014042D9F5
:10CA3000C52D4509200C2D555EB590F99E07D9DA14
:10CA400025053D703E42BCF23B30F42D4AD9EDF74E
:10CA5000BCAEF4365227F7984F7FE930AAF9C1E00F
:10CA60000C96E0DB580B2FC0A6303FDCA52999D9E6
:10CA70000C3921081E5911BD313841FABC470F8DC0
:10CA8000BFE7DFD409EE0EB7283F16CCC7D4E83F86
:10CA90006007C4A249D6ECDFA8DB1E5C5311D03B73
:10CAA0003964F1FC0708BED1E30B3C4510509E0CE5
:10CAB000BFF6884CD6482D14A0A33ECE5837EEA71B
:10CAC000B678F4D5403FD0A2FD883C98A204AB8153
:10CAD00055C9DF56BFC915344C5035AF0BBB3FFFAE
:10CAE000FC8C41AD263E93E2E2DBF0E6F5EEC33F7F
:10CAF000708EC1289FA60CE5FCF022E0BF502ECD21
:10CB000007BFACA228E057CA3EB51B4ED7C6A54604
:10CB1000C1314A075B1AB5CE12C0F23819563BE64E
:10CB200008B4DC16B20546274E02DB2B04C0F9B36D
:10CB30001AD6C2114423811D1137CF1BFEB9E74E0F
:10CB4000FDEC24C22B21C0332BFEC2FFAA5721A625
:10CB50005440A224524409AACAD441F00BBA4DFA57
:10CB60009F381CCFCA3DEE27FE1C4D0106F8E33C62
:10CB7000E50DED7E20CD261023BF0FC71049AA0278
:10CB8000F5446DE6004AA3E0B1B8F690DFE540BB9E
:10CB9000F3AB52D65718BBDCE60E06CE2A2E353B39
:10CBA00057B3E9C0E70ED24291AFDA58413063166D
:10CBB000E7B3E0FDCD4B1E2CC3B2C63E50D5235982
:10CBC0009630361CCA367FA9A21D41D0C739FBB5A5
:10CBD00016CA5CBFB134B1C10BEE2B3224B9D2A856
:10CBE00017EACABAD000311CFCEB500091E75D3760
:10CBF000D44BE468013ADD470971EDD3B759A2E798
:10CC0000BE343CF6E2346A46D6E1A95F0D5549E1EF
:10CC10004ABEC3BC31D1605F2A152DF3FDCFE8FBBE
:10CC20004AD0157047E8117FEA1B404A1617EC38C6
:10CC3000F12D1345395131BACDDDE9DD0030A8A31E
:10CC400098AD5A0AC5FEA0F08EB62227C1B2CEF723
:10CC500087B939FB3E56224FC4472CDCAF19D54962
:10CC6000121AB7D430ABE0C6092FA431BD2A9ED624
:10CC7000B7F1FCE9CCCCEAAF31F60EB636F7E3FB00
:10CC8000E2FA42B6ABC3FC0F18B110A2F31CA21E0D
:10CC90002942C4434FABCAD625C10D45E320ABD0D2
:10CCA000BAF4021A0E1A20D4DF31EDC0D5C5CE2158
:10CCB0005CB33B2224FE3D0ED2AE25C513AC18DE7C
:10CCC000DBBC3CE5A5AE1308C2E6AAEDF0C50859E9
:10CCD00081B24ED3BF31C8B3F44DF8D0F5E7C85098
:10CCE0001B51B022A3BC212CC5CBC00C1D5DEF9CF9
:10CCF0003EDDECC3F2CC06C245C917330991405062
:10CD0000F0DA03F3EE58EB0A4A0C2C0EBC0B05EBE1
:10CD1000234A18EE1142BC31110D2F0DC5AC403025
:10CD2000DC224433B4AABB976A65551E25ADD4F8FE
:10CD3000F1124DA222F015057FE3E7BB925A26AB14
:10CD400052E590DF530DE4E05A0435B24722C303A5
:10CD5000F549DF0D537F565BB6F2AAF13361FC6FE4
:10CD60003B3AB615E2E850E5D80110E9E5300F424C
:10CD7000FC72E81B14114DB31CF29C2F12BDE78FFF
:10CD800021418FCA1FC725363652984419F4DD0158
:10CD90003CBE24A5A1E00ED19A5F352155288869B3
:10CDA000A4E9098BC74561032919D5A5D2AE054E63
:10CDB000EF61DC1D04579E06E90DBB9E9C1BEC2712
:10CDC000122DD0A32D3D5AE0CCCD99BD19547AD95E
:10CDD000EBD01BB00F6402C32DB41BBFC87FDA3188
:10CDE000EDB82B35F4DFDD400E60F6B8D5DEFC4E35
:10CDF000AD77FF0BF3471330DDCEBDFDF4F3BF324B
:10CE0000CF58C975D7C5F2F964B54AEE1E14B7C735
:10CE100009DF5F01FD2754B6A2468D2FCF4B8F8EC1
:10CE20004ADBA2CCC7D93BD6F6AD418A2FB28C578C
:10CE3000BD54DB1AC9C7EA223D0C20C32E4728D6B1
:10CE4000B0038A4D332C35E0FF52FDE9B5B5D21D54
:10CE500006F63F7738ABBF51BB163B0213BF54F504
:10CE600030FEE8F7819ABC38E7392E93CE03BBD168
:10CE7000B44EDC0CE91BE5B708FA333425F334155E
:10CE8000A5E70BC8F4252881B60A05E6A39D0CF694
:10CE900026C4CB99A7F203092B70C309304049ABD4
:10CEA000EAD4D2E2DA083224017F50F2F6594E3544
:10CEB000BA24EA1C42C734AA6C4437D30BA5DE203F
:10CEC0005332B1F2066327E616FB4E1A34E19F494E
:10CED000A2224AE86228C0B7BF204A33EC0B235A8B
:10CEE000C71E3C5BE2F1F9D61410CDE44723F82FBE
:10CEF0005223D82CE420E4A2C7373C43F569391704
:10CF00005BDA2895C51A1605DB1201100208FFB27C
:10CF1000F3F108CBA6DCB62B0D79FC3717EA599F45
:10CF2000F32BDD1A19C1B0D70D24D5CF35CB3E3A3E
:10CF3000F55EBF03E7E045F1481921B81EC9301579
:10CF4000D7BBB708560BEEDBE7032640C9C6EF1583
:10CF50005CA8AF27592D0B32E15220CF2532EE6469
:10CF6000CFD32CA9B320D42EE5DEE4B2B820DA2A40
:10CF7000AECDEC35BF7FFE12C8D7A823E2F2ECB8E5
:10CF800001260ED95516D0F3E3ED0E14E9D814A6F8
:10CF90002AC7C1454CDEFE3920C43444D1DD2A0FF6
:10CFA000A2513FC963C9B34E9D58DFFD12F9094034
:10CFB00010AC426014E915BC30A60BDAA3293F1867
:10CFC0002516AFE0B4E96BEACE182BC5B6C76A42A6
:10CFD00099FC2906EF145D1E1F6C5A001EFD347F5C
:10CFE0003247FCEED200E614285E6651D609DD29F0
:10CFF0000625D35231B6304935310905F517C3E955
:10D00000355B0C96F9B1F8F8DCD3E6FA6107D6B3D4
:10D010006D58F5313367B31232694ADF522D9CD710
:10D02000D5564EDE915675104D133A3501F99C10C8
:10D030006BB681E04F5D53C9F22DD427C050C7B6FF
:10D04000FCC0991758BA1ADE64E5AFF3C2302CB2AF
:10D05000CA0235CC21FBBF230E17837B9FE23F0121
:10D06000CD144529DC2F32C6D20857501D7C2EC363
:10D070009FABBBB613CB4AAAC3FFA204BCD12EE61A
:10D0800051DC11E500FBAEAAF4C33911C9CFBFD200
:10D090004633A684EC105A32B6ACBC584D29F84C35
:10D0A000D2860F4D282E23229564F295E0586DE329
:10D0B000B22364FE074FE8B34DF59701E213B703BF
:10D0C000DABCF2E59FD4D8BA2731BFC744F9D854A7
:10D0D0002C4317FDF6F9CFE9DC0B71A13AF8C01724
:10D0E0005145F90D365C56D2CB13245EDED3EB30BE
:10D0F000FA135ABC1135C9FFF92F3EC1C761EFF5CC
:10D10000EDECFABA1A86F61C1BD79DDE81B763A92F
:10D110001041EE40D457E0EC1DFE36FD5B44521C3E
:10D12000B78127BF54FAD4F7CE3049E0F3DD3DAFE5
:10D130003F77B219E7C9C8DC3311D737070711FAAF
:10D140008353BCB4580FD24FE3327737F553FFD334
:10D15000A8C7FC515F441990F8FCFFD2DF00E2B78A
:10D160004CE142E03E1366C5AF37DDA5F993CB2C09
:10D17000DD0E15B3510404CCEE7281B1C71F4F5EB2
:10D18000DE21F22B9AD25239AAFE19445FD1D596EC
:10D190000B17B3BEB668A5205F45AB0ABCEFFB33E7
:10D1A000F664DD0DFBCD9DABFF3F09D522D7D2E163
:10D1B00061451E1B2940A0F2D045486E4509563DE9
:10D1C00020F8A1050EE8E7F1C9C5EAA1F42B0E2B62
:10D1D000DBE6DCFC417F6D379FF15A54D5B6DC6647
:10D1E000D4F861F55FB7B88704B866E9EC08ACBB62
:10D1F000AFC248E1481C2152FC156621C7E1380A3C
:10D20000BAC921A7C53860DE3E4514A1C629A88B3E
:10D21000324FBB515B48ADB047095ECADCCB3D53D2
:10D220000B233ED52527CD560C470E1B0FD52B0EB5
:10D23000FD54F7D430CC26C47AB6C9FFF54632FF88
:10D2400054FF53F310E7F2F9EAC744DE9EC2523AA4
:10D25000A53C601BE24948274E2BEEA9C8BAD05026
:10D2600035B1FD271CF86C51E9B9B7AEC7DAB94D35
:10D27000EC4F3DB71DE04DD6A343FB3F435C19C7C0
:10D28000ABD0E55958CFDE5820E63E53C5037F3278
:10D29000D03714CCF5EB4005114206EE1FB6C4C5DD
:10D2A00048B50981613F4BBAAFD105286C9CC60ACD
:10D2B00026FFD3D052AD3ABFBF057B945F232DC765
:10D2C000033336EFA4198E3F3B37C2BC33E71374E8
:10D2D000604B2A42CCCE043EDFC79B5915B6D5FC25
:10D2E0004F63BF9AAE593A023D2CEAD415B5D03EF1
:10D2F00050F11BFB1936382CBDD80FDBEF6D165AD9
:10D3000053B203B02043E533E5F223E7FAAB450817
:10D3100045A053C1D504AA53BB5C185AB6F9CC2416
:10D3200054B7B3F3990A190C4B19B292F1D004F621
:10D33000DC1231D7E053A90D780D9EEF2E0E38EA9E
:10D340002A2456AE02C001C3A8CCAAD15706AA0E01
:10D35000D703CF2D2AE111A9233A45B6A826F933E0
:10D36000B9DAF82B1EDF2108B71AE098CFBB4DE8D9
:10D37000FF456321D45BEFC8A0BD1581AE23438771
:10D38000E222162D7DA018555B3CC40FB3D8C41201
:10D3900037303B272CE946E85A90165037F39D3634
:10D3A0003C683702281A37E203B6EDE17F07BC3745
:10D3B000A7C9AF5F2626DAC53D0A4F030FC3226A0D
:10D3C00030574AF0EB66CA2CB36261EC35F35E4627
:10D3D000DD5896B820DC12F649281368DA21FD568C
:10D3E000E53111F85F3939BCCCE80D0F59D719F682
:10D3F000281E04DB2803EC9DB6F7ACC009DE6521CE
:10D400005519B12E1E52E7500843E30659C0B5CF57
:10D41000D9E5419B3E1348FE11D12529B856B53BAD
:10D42000052EF92E3433A3AA1F1A0E289C29A6FA1A
:10D4300024B5CB0EB1E381CE9C401AF8EC10AA2D96
:10D440001F4F5CBFD326BEE631C316C5446AD84120
:10D45000DC7255DB51E6ECBA6CCFC450CA1A60C01E
:10D460009862C33E2948CEC4EE00E8F764E61D5A30
:10D470003BD8BC2B46186422B5D1434C44DCE63E75
:10D480003BDD1EE0E3B10120B4E104BE6C5FB1D02E
:10D49000145033BDA4B3FDC04DF611FF2C0F5E98A0
:10D4A0004BB91F3ED444F02033E8A44200B21D4DD6
:10D4B000411DA150D02D7F26DDB1B02D3FBFD4F44A
:10D4C0003CECD7DD4F07FCE1CC02AAF0DFE2C21B47
:10D4D000D556FFB456132D4329D237E5F048F83717
:10D4E0002F214AD0D73EC8BAF6E3E2E500A50C24C6
:10D4F00023922FC2C4AEEEB3F3F4FC66FBC4135BFD
:10D50000B8E52EB859B2BB3446602BDCB0145B5979
:10D51000E3DDE84ED64513CE0A9731E517D9A21FB1
:10D52000EB352CC1375026DEAFBCAE9DD9B713FE0C
:10D5300059EAA5C554ECD85949F5FCFE08C6E0E8FF
:10D54000EE134A9DBF8102AA16CEEACF9A2D53034D
:10D550000C2D5A19F15048D109BE99C0B7C446BD27
:10D56000454E2811990104DB52D70FF4600B9F1D23
:10D5700002B102202E06D43F06100A54C5B88DE928
:10D58000D4406DD7BAAEA7F4CB20EFB9DCCD52565C
:10D59000F87FBB357AD7AF3B2B72D0CBEF6E140F31
:10D5A00024E9B15A1B3F4659C3E11AB24B03E5D9EE
:10D5B000CFD2B13027D61D17350012D9FAFBF6F8B5
:10D5C000B14D4B1F5B33EA416D01281CCEE02FE1CA
:10D5D000050EB71CF24B1DA9C94D474BA709E772B1
:10D5E00033BEF0BEC37F13520F4027AEEDBCB23F37
:10D5F000F4FC42A6FC06042D03604D01103307F82D
:10D6000020B72DD303C45DF1876CD614F4F1E24545
:10D61000B4703E5317C728B6BD02B83B3806AB4CB2
:10D620004C363647CCC504BCCC452C4C161BEDE81B
:10D6300030B816F0EC0FB04D35C7F6ECAE3298B5F9
:10D64000CBEF691DC827DFB410810004C0FDFEE0E8
:10D65000E5D9BA1EEAA4C6CDEDFC20412E925EA605
:10D6600010CDB9118CB0039FC4C2CC12DDEFC451F0
:10D670000F8DBAD2CC1AF90EF2D51E08EACB41A111
:10D6800030041FDEC2F9CF25EAE152F2C7F2CDC95C
:10D6900002ECC6EA1BF7F92AB31234C1AC1E3E20D5
:10D6A0004CB5A31451D6BC5C59818A3E670DB72D89
:10D6B000E0EEDF9CFED4396B83606FD7CB489FE2EE
:10D6C0006429EF582228BEF79C7CD124EEA3D570A4
:10D6D000152A9CBD96AAE90C4BE49C0A0C103966ED
:10D6E0003455301826AC3BBA2F25C41105FE4BAC7F
:10D6F000F9C7815E2E1423C32A8783D724A210C4BE
:10D700008AED48D34B20B0BAA7C15EEC61FBAA0CEE
:10D710002DAD422D3DEBD2F4AA00276E868C256AF2
:10D72000EECD0ABB02C225A0B8B421D6400013D06A
:10D73000F0068BBBCB38EAD18FD3AEEDEA12B1E75E
:10D740003A3C833EDE41E1E6F7B6DB5CDD1DEB49AA
:10D750002A29FBA021CEC6CCCE406AD366E32F9FF8
:10D76000DDBC2516CD1DF6CA700B52D3FB914EE5DC
:10D7700002C4E42D352431F03DE7C278C1FCC0AECF
:10D78000B72B970F9899E710D0104AABE526E8C160
:10D790000EDCDCE80D76C6E7F219E8442AD3813DB9
:10D7A000AD0DF1F57F0205615AE83EC0EF633E2EF4
:10D7B000DD6BEFF25C22AEE6DA54E8CD101A2C4BAA
:10D7C0004637BF472C3051BAB6C9ED9627ED291917
:10D7D000CABE142C45D4F242F164E846B7C3151210
:10D7E000B752C321EB02371C0023092F1428C3BAF8
:10D7F000E82F1E1EB6C6DE8EBB41FDB326714A0061
:10D800001212DA2E25C74ECDD30F4DD857B5C4DD31
:10D81000C5D16456A19F26D6B83606ABACA45F3CF2
:10D8200011B20C37E01425F65AFADFAF74F2E315A3
:10D830007F5017EBF426C35D173B41245E12F7D9E6
:10D84000093A0F1E2923F15D46112DF103FA275DD8
:10D850004A18E0E029C51D20332D20E91DFF52EEB6
:10D8600040441E43EF4C9C7364764C08680CDBCA42
:10D87000B6FFCDE866352C265554EBD436274CD66A
:10D88000B223E8402942A9103C30692AF406AD6E63
:10D8900079E052183A0FF3D40B32E558D93AFE4DDD
:10D8A000403FC83B0649D857E3FB4D1B815BF8D08E
:10D8B000E51355C409C0EF474BEDE020A0291549F9
:10D8C00002DBF1A5ADBAC15EBFB300A147F116D42A
:10D8D0002FD6F0251BBE03BB65009ED8C7211202C0
:10D8E00044F7BE02BCE639CFE4BB1721D65B940FE8
:10D8F0002D51CB15BB3055925F0F52FCD51BC0B6D6
:10D900002E5C7822014E4015444EFDF548DD3E3038
:10D91000B63066180FA965371A2A2846D61BE2DFEB
:10D920001B02B242E1C821748C13C22F1B07E721EE
:10D93000CDE39EA8CF752D4139B508208E1B53111C
:10D940008C4F244AEBB32C50599D124CC2C20A157D
:10D950005D5BB1362D44ECD8BE1EC364FD9D31F92C
:10D9600000E5C0DFBAB6A0F6200D0BF418EDD5E542
:10D970009031C34FE736431515C602ADDAE554B012
:10D980004DF33A46B1ED0A35AC0BCF069453397FCF
:10D99000A7AB9CC00EC3C57210DBC7B536FDF746FA
:10D9A000C4E7C49D270746BF479FCF0A0CA2CEBE3F
:10D9B00041385157F24B4C33F9F31EB7A5D0A205AD
:10D9C0001CAA19331407A9E44BAA1DB7321E24F16F
:10D9D0002C17F4C3080A44FF2EB824B20ABD3EBF78
:10D9E00017282B5310BF3C17DAFB421E47440E0E7C
:10D9F000F0E9A6F233B9093921BEEF170348CF5A2F
:10DA0000FDE7C5DDB7C02C10FD3F4865A0E2E12071
:10DA100033414C6305AEAB35D4E245812437300841
:10DA200044440939DBBA2C1DB625E7E4F79AC76BE5
:10DA3000315AB24BB0DB10EA3D254E39BFD1F4ED7F
:10DA4000C7DD0F16E0EAE7C22A1FC72CDA474408F1
:10DA5000E738B18D09945A5349B1F200CBA1EFB424
:10DA600045DBB9F72CD2E2D0D024E9EECFB6374867
:10DA7000F9A90AFF450CB21603A8D3E50FCEB34DA2
:10DA80004514474019F253437FEB0EE1CDF05FCBD5
:10DA900024C81C52F5E3BE8B3FD44C361F1536D438
:10DAA000494CEF38D25D30094C014A39CCE012B90B
:10DAB0006E53A9FA17E13334A7DD40EEA1FC9C3880
:10DAC00009EA39E0C6419B5B509D404BE643B8E410
:10DAD00096CA985A0ECFFF29F30B49E020BC760A6C
:10DAE000B037D5A600D03B342FE3B22EEF6F610BD9
:10DAF00032F8A6503AAB718118031CCC2E2695380B
:10DB0000A3B46BDAF03EF7C41F02CE1DD4D6E61ED6
:10DB10003ECDDF0D55854A1AF1AAB20BD4D20F0FB4
:10DB2000053CB5A8CA5233B9C1B9C020EEEBF6ED39
:10DB30008DE712D7BB453FC3A621BBA0C4B8E0CE3A
:10DB4000CA06A3E332F4A69134FDF14D4B105DCF2C
:10DB50001B08C29748FE097C432FDD265435072653
:10DB600026DDD653D9F7ED27AF3F1BC53911D0DDE0
:10DB7000B21FE95FCE0EC73FBD9B55432D60B0D1AC
:10DB800035E46CD00BFA6E8CBBFC373DBF3281F4B0
:10DB9000C5E715C7F958CC5B139632A62805C51EF4
:10DBA0002A59E18107EAF8312A44AFE514B328C4C1
:10DBB000F5384B04EC28A64AF81DE70D3DDDF315BA
:10DBC000D5C6050AEAF718EF0DF0E838CDE707BA31
:10DBD000D6B30BB4B83CC82ED32102C5133C34CF06
:10DBE0000D1CFDDED4EA3C50051EEFF01DC4CF1025
:10DBF000A9D8CDC3481CF477B3F434CDBDF0CF031E
:10DC00003BF6CD28F1F017D8FDE31CE40CDBEA0865
:10DC1000221FF0F61FD80B12422DCDF5FF37D1C8C9
:10DC2000D5F8EA28FEFAD32FF6BCFD44AE18ECE591
:10DC3000313AE6E14C4F17D15D1815F316D708A01D
:10DC4000DDE90EB2EF1AD5ACAEBE3AAB15EBF74E2E
:10DC5000E821ED05E8B1082DE5DDDF1D36D22EC641
:10DC60000F53FF05CC233530EC3EC9B2ECEF582002
:10DC70003B813CFC0DE5240DF7D5C8DFFA0CFBFC1D
:10DC800016CAD2D5EC12D4CC4EF5EACBEF27CF167C
:10DC900040D8FDB841C7DBD90EE1FEDB2EE9FF1805
:10DCA00061D0B623B4C5039FF117B8D71CEA365428
:10DCB00008C3F8B193EFD69B441EDEF0B2E73330D1
:10DCC0002CB8BC2DB7299F4CC50ECD40330B1DC2BF
:10DCD0008F27F00923DEA9C6A3D4BFB144B7D094DF
:10DCE000B05F1B0A0CBAF5FAEFB837ACA82F7FD992
:10DCF000C2B9353332D3B597B90624F4E7AA07F48D
:10DD0000F9A6200522BB42196833C826D7577CB430
:10DD1000D02B47C13DEA1D05DA9FBF24D0234464C0
:10DD20001827C700E6B7FFD9D5BE3F1D50B719A5C4
:10DD300041DF441703FEE69E04A821ECD31AB6F98E
:10DD40009F26EE4E510204ECF7BB21D4A6055408E1
:10DD500035C91A4AEA45F4B409AF4D0B430EF8151C
:10DD6000F543F0FADB35E2CACDD13B0B178D3161BB
:10DD70009ABC94DB35E209D50D262E09DC0CF5C2E0
:10DD8000E744DF571DF9FBC34E65C13E81D2A6A90A
:10DD9000A7C1DF1E41FDC72E2EE1DED1A3B5FF2BAB
:10DDA000DF5963F3CEF9B7F55BD175F51BDB9C1139
:10DDB0001B4913D931BF59454A13F64F72EA4381C3
:10DDC000025BD5CBFE2A4B2F12D260C2BF1CA155DD
:10DDD0002C271E74B961D1DEF6603FDDCA3C55FECA
:10DDE0002ED0E4AA55871CB65422BDB914A64E15F0
:10DDF000041937CB451090030D34D2542805D43F75
:10DE0000DD0630F62D07F3E4D8CA4C3751D27A102C
:10DE1000FBF1C6DEB96604921C105BE9DEC0A6F415
:10DE200099361B21BF5BFE300ED0F3FD419C24CB05
:10DE300000EFD7C6E81FFFBFE6D6BBE8F6EB666784
:10DE4000372718C82D08FB98D3DA526D9F6A2E32F7
:10DE5000DAF7CCD9A3863F42E6ACECBF511E42B8FC
:10DE6000A51AD94AE7B8494F5199F781191E0C08EC
:10DE700014CEC3070A12DB50BB061918FD2D480E3D
:10DE8000F9593EFC68CE654650C555EBF4C936DEFF
:10DE9000C6D4A022CF0B334ABCB9B5B86838E4BDAC
:10DEA00052B9B9040CB41940B4242C2DC3E1AA27EB
:10DEB000FCFC2BEC422DD2BC38F1DAD538D4E7404B
:10DEC000BEE64B5997C9465D09F735D8D02F32F4D5
:10DED000A11E3310C2B817A14BFEACAB3C520DFBD8
:10DEE000F040082EE8423848119C1EBA3459BA3125
:10DEF0004722C04CF94A7FE23FBDCFA726C813E5B1
:10DF00002FCB29CCB932BAB617BCCAC86720D750B4
:10DF10004BC13FE92BD522D8414151AD3BE8052407
:10DF2000B8E1CDAB3EC2B63DDF2C3359042705ED39
:10DF3000E50408D82EE49E3F16C8F2CD2E12D5DB9C
:10DF40009C0EF63CD1DFE6DD391C5759270AE7A4C1
:10DF500012F50867184EC13F0634E4F4DE1E917FC7
:10DF600016BBC3DBF721D231ACE9904B24FA260B68
:10DF7000C348560C546FB94FE5D51DB60C1F73A39B
:10DF8000CBCD2CF5AB5DE5BBEAE3FDFDB811710629
:10DF900016C4C2FC02C7BE2A14F6C7D6DDEB39137D
:10DFA000DAE927037FE0E52A3EFA3C3ADB017B3CD5
:10DFB000E5DA3234193828245640BAFE32AFB3CBF2
:10DFC00027082F2135F5F8E00226C72FD947E3139C
:10DFD000093DE9F51F15B127232D6409652819F1BD
:10DFE00073DBFC11C1ECE3FE3E41B7D911B3BD10A8
:10DFF000B4D341C8284CF84324CB3E4A3E1A47AF1D
:10E00000363415511ADDF3C745351EEC29D2DD4CE7
:10E010002DF4431C3D11C31B00382B0BCDADE56E19
:10E02000ED51F62DE941E1C504043341BE2E28B07F
:10E03000B2C502C11F04F429B31EE6EB2F27D12A73
:10E04000FE25E80712D7D4D70B29292C4729D4B7A6
:10E05000490EEC3BC31E0CFC1A4BD5D5C67FDDF533
:10E060002721181C4029EBF9263021365230BAF30B
:10E07000A92BFDBFE904075727D3EC0BDDCE3E6487
:10E0800038F0BCCEE9CE2A31D7CBE13DD2ED2E0718
:10E09000F752DCB7DCCFF0E52431C334C217B91A2C
:10E0A000FF562D2D955B4CCF340BD1E32A9A33F2DA
:10E0B000FC46447E623CBE789A145AE4B458D6C5F5
:10E0C000C964A965C21EB43B127D4A5D2C07447A1F
:10E0D0000B170E6ED03C3101E93C464AFB57261B1C
:10E0E000676A4DEF7D751350BD464D5D5CC02E4394
:10E0F0004C3FC920D51F59FC757FF9E75E17D3FA4D
:10E1000059D6D44EFB3DCC2C236FBEA51919B7BDF3
:10E110007C983EF1AD4949A04E3AB615FF295F14EF
:10E1200024F6F048482824F8F12D533AE51BCA3B61
:10E13000E5C04918682648EA7FEDE959C5E84EB3BD
:10E14000DEE6E14CEE1ED9135658C0E7FAF7B84D9B
:10E1500026F2C73616792E2EC655F3CEB7F503FB39
:10E160002605F9C30AAA1B2F1D56CCF1A8F2E0EB35
:10E1700001F9F59D4C04442C5A3DEE60360227C14E
:10E18000FFFADFC64317062EF324DABE31EC4FEF59
:10E19000DBB6EFCABF0C0DCCA1273F411AEB07CC71
:10E1A000B675C2AE0A3D1918CA0B574A763E7F3083
:10E1B0005E61060C38116EA95FCF35CAF96B1DD8A8
:10E1C0003F6562B8C130FD081FA841C29B9C550D38
:10E1D000389E3E2E14C7E6C0DF991E24B2DFFACB6C
:10E1E00039D6573CEC0C56C421F0EDEC5C62C3B45C
:10E1F0004D0333C4A7C4AE22D60FB63A29EEE111BF
:10E200001C3B582CD254323C4816B7F0595347A106
:10E21000DB2FB9DBCCF5D9D9F32EDC3EBB1D01B920
:10E22000C528F2D6D8C32DFCCAC92EF72FE803564D
:10E23000260DFB571DCF000804599E0D36E94216E6
:10E240000237FFE844D0F3D92E073B3409C3FA4321
:10E2500013CBEC81F91BF5EC1AAE09ABDB9AC8F6CF
:10E26000641C16DDEEBF2CB8A1F8B6CD6399D1B011
:10E27000C6A41905F0F32F4349E36B4F3AB3A3202B
:10E28000DF4CB42B9BDFC1F3402DB425BFF42D1B15
:10E29000BB02BB484BDBB12D0B2012320F4813EEF3
:10E2A00079F202DC7FF063D81B016B4E0D28080069
:10E2B0002B012B3034DE1954FF40432CD5C060466F
:10E2C000C1CA43063C19E16B4E61AFFB1FA3DA4A9A
:10E2D0006AFAACF97332092162E64CD8B631EFEE36
:10E2E00060F84B0EF76CCDDADFF14E0EC527F77BE9
:10E2F00052EDA25BEFAC51C759D3AF1834E66410AE
:10E30000334179563474EF126316FCF906062BAFCD
:10E310001DF5DB2E0324E20849C838E6FBA220D411
:10E32000303C1D99FB47FAAB3507A3536DE516CD7D
:10E33000B6F3D5D64C02D940CAB2C8DFECABE5DFA4
:10E340003BD22E17288DD1DBEC3EB2DD5FADE1274D
:10E350003742B9CA9B2019A5A25C50EF582C3EE267
:10E36000CE9048074FFF96EA0F16EE1A20ABE660F4
:10E37000E5602C2B46C93710D92BCAA9CF3F4BAF2C
:10E380009CB2E320CD3CA5B5BE2B4EC60A1805C3F2
:10E39000421E7447F4D6317FA8442128549A47E49A
:10E3A000210D3CE6F70C9C02DBF8FFE703F803FDC8
:10E3B000DD0A2830AD4C2962CCB557291E28F275EC
:10E3C000BBECC43A443252BBF4C01CBA1DC643076E
:10E3D0001AD871A2188B1CB8B825FCE75707322D44
:10E3E00047A6BE5FC6070560325F30511F1C24B8C8
:10E3F00058CA376DEC07B134A731C34D662C0929D3
:10E400004DC20EC2B4493F19B00CEC92B1E8B3F65C
:10E41000482F406ED4650F1745764121727FBA2F81
:10E42000E0AD0399D12FE2B1C30409365820D10BD6
:10E43000F3170C4B25C817D18119EBB9FF37D51A43
:10E44000CAB5B03217ED42BCE800B3463D2A54DFEE
:10E4500023E4F527CAF90F0DF2282BD9EB2F163834
:10E4600024F741E43AE0D0E84DD1FF09C7D742098B
:10E47000C1F1A6D2320DAAB7BDEBD429062920DFFF
:10E480000A3EA83BD5172C460526CCF9424A0CCFAC
:10E490003DAFEE2259FADF22F8CDC21AADEC23D1FE
:10E4A00024FA1B22AF423D2C213641E2231150F7C2
:10E4B000AAB8B1A74CF4DD9E4E03D73D9E0A1A3888
:10E4C000D15B2A08ABE0491BF9E025C903F70649EF
:10E4D0001862981957030508303DC819CBEF3BD493
:10E4E0001A2A55F0313957BB1211F56724533B19DD
:10E4F000432E13D1DD12D4983DFC5762FC2211A1AA
:10E50000F248443B2F7D5562257FCD3B6539225330
:10E51000D85A56E62D3D50B13ACCD3F6C23C5A2ECD
:10E52000B2E6D765C2EF3B315D02F7312B1BB6F087
:10E530007FC545E0476429EC8EF8DCDF87D2D3D273
:10E54000EDE02F2029E00F963D0C2DA9AC48B0FB43
:10E550008415E7F30BB21FE0CF742392AE453BEC7A
:10E560001A70F7E0A00148B2BAC2E9C7F60AE4A6F9
:10E5700009AE1F13E1A2172C13DF4C5411590B02E3
:10E58000E1F34CB6C3F19E8257EA66A036A8BAB151
:10E59000CBEFCECFE60BD9C9D815CAD1D4B6123439
:10E5A0003705E2CB05CAF1EFF5E61AD37FD5E5DDF5
:10E5B0001A2D2AFB014F1A20A92A6B5030EBFAFBC7
:10E5C000481FE54FE027EB1220FB4F3FE53FDC07FC
:10E5D00036ACD33E17CA0CB4154B51C9F839C8ED47
:10E5E000D64504AEB85F35E145D11CD5065035F2AD
:10E5F000F842F0C6E21F58C4DAE3271EF8EED8FF4F
:10E600001F03F928003BDB57D7FE333E0FDA2764A0
:10E6100016284DA616DD40ED40D4FA003E39FAB971
:10E62000C6E4A5DAD3FEB030DD3A06C5CDB5E43098
:10E6300022BFEA3345F7C01A1E3E3015FA4FAB66CB
:10E64000DC2131A1FD1040521A20CEB8B64425205D
:10E65000B4FF3EDABDA9FD2039A356FF590919DEE2
:10E660003A1E3210B2D529195033DBF3E6AFEBC7AF
:10E6700013140DC3CAE7D23BC62BE6183911EE308E
:10E68000424248D6F0A681BB10E1250BCBD9CCFF86
:10E69000EF19F7B9EF3DDAD058EB13CD05FBC615EE
:10E6A0006D39F5E5E14E2667DDC6A3C63508D457BA
:10E6B0005B9F4E2138BA47CACD60B13946F6B1C921
:10E6C000EF2239A544A30E4052EBAA26DE58F85794
:10E6D000C3CFC3E3B6C2124B402B64F349F8DF0843
:10E6E00055C3F5AED9CC29FCAEBDDB18D2E0B2B92A
:10E6F000CB373B280ADE0E1807CB44F0B5A8C27F03
:10E70000AFB0581C0FC231740854D028E646F2D777
:10E710005118CDE5E0DF2DFD1EF3299F314521EF96
:10E720006504FAB506DC2B27C50EDCCFC6A6DFBC18
:10E730002FDEF72ABDFE255ABA662DCE314B123593
:10E740003CF85E4AF650B28CC339FD55E0F5E31251
:10E75000BE250A119CE9DDDDD7F3F1DE41CAD3B64F
:10E76000AFF8931FA781F3F4306F0A9D4958BC1D81
:10E77000094F27CF00D018656EFFA5F8D0DD0A013C
:10E780000EAC1FEFBF551A40D10DF40126B9F8CEDB
:10E790004CBED314F6472CEEB930350FBFB9EE306E
:10E7A000F35095269BDB307533EC5BFC0F40BE0CC1
:10E7B000500623C8EA3D08117F392C511FB43D2F64
:10E7C000BF530DAC95C3B7363DDBAAA6D4EBAE283C
:10E7D0001ED1123CC2B5E4CA30B439B9D1EEAE078D
:10E7E000A88E512F05343435A8F7ACC0BEE7C3C49A
:10E7F000A6E0E9AF462A8DBC48F6BC0ACF90531D6F
:10E8000000EFC5076388ED56304398D815D3E65E10
:10E81000BCC2B988C12817529A86BEEE9F1103FF69
:10E82000E1C0E1CD08B14E069900E56B1A35B3AAF7
:10E830001DEDC7212E22B6E565F3B40B33D8C9040C
:10E840004134D446BAF6AA15CB232638FCDA900018
:10E85000A8CD27B5420E04E8E027326AA12F03AD08
:10E860001344E3AE1D3B02125917BED7E70FE10672
:10E870005666CFBA5DDC2B4B50F659FA1BECF047CD
:10E88000BD2E9442AD1D9B329B41133F44E1FD825E
:10E8900030DEBF453E1B65CFD31B7FF51F8AD4A456
:10E8A000D85836CDB1B54F5CC0AA2CFBCAA93C0ADA
:10E8B000275017A6CCB2E653C0110526DB1DB13A8E
:10E8C000E6A8A6FCA9E9B628A8D4362AA7E2132E02
:10E8D000D2F7A9CAF6E0E2F13E6D32ACA59B5963CE
:10E8E0001BFDDEBD04F56206124E531F3861B92AC6
:10E8F000EC39ABF1C91B39494CDFA7E914075CAF10
:10E900001C16542E24294B2D36A5EC811D1843D8F6
:10E910001930121247C5A7E1E6F251F9FF3CA16098
:10E92000A4E1B5CEE52408FAED574BFEA31B3EB992
:10E93000AA56BBC764CFF90141CE9AE2E321D423A2
:10E94000E547F72E18AC3FE6815A0C1B19141AD66E
:10E950000C22172F38E2C6A5121EB7F81CABE435FF
:10E96000E2BB01A03642E33F52D0C10BDEB2DBC7AF
:10E970003D27B3DCCD0EA2A72E0F30A824B7D1D8E7
:10E98000393BDB5142089A1A389B90B001EC1515BF
:10E990002F09B6AFED4FF3BB89340FF624D4CCDC8E
:10E9A0004A2935671A40EDD44024D5E113B9191925
:10E9B000F90D43D7D1E8B6207FCAE8B72ACE1E2D7D
:10E9C000B4205D095FF4A52E0CAA1A9CE64402C18E
:10E9D000A9F7DF28CDDC0E060C070019C308C83CD8
:10E9E000AD1CBF3D2F11F0C054A2B5A9EBE43DDE34
:10E9F0002A3DE640DFAC23F0F7F5E501DAAAD7CCF3
:10EA0000B88A002D1996F7CF4311AA6741B5DB0BE1
:10EA1000E4CAF9B2149BC007CFFFD91B19065B0DDE
:10EA200001B24773E6D3A3FFD14DB8D6269CBF20D1
:10EA30000FEF1B2C3F14132E32BBDAB9B898815854
:10EA4000D9B7F8D7593926FD320944A509B6BE3BD6
:10EA50008D036FBCCCFDBBFBB88737EF07FCBB0C4D
:10EA6000161333E10F28E6EDC4C8DA0EAED1DBB1E0
:10EA7000A8144EFDBA3DA53FBF94F6963323CAA015
:10EA80000E4F1ACF0B1C4C4732C59E5E3642D70B39
:10EA9000C00C42E62209D14C0595293CC24315E73A
:10EAA000B9C204FA2EC0AEAEC85C305AFA29ECB234
:10EAB000515EEDE42714FFCEDC9248D712FEA0D0C1
:10EAC000D11305E3D409B0373CDBC2BDE235CC97A6
:10EAD000BF14E77FEA22DE9497452047371D2D05B6
:10EAE000584B9BC41DDCFCAE2144F8B19ACD393A99
:10EAF0002F324618153521CA3513479CDA004DDCF4
:10EB0000CBDBB81FE3AA45D2190D28C3B502070A0B
:10EB10002EF0FACEBFDB5677323C4CDE28F0B81828
:10EB2000CF0F061548EEF6FAACF008C5D0AE0530AA
:10EB30002EBD534CF34DC044022456021BFCFB0374
:10EB4000354D282222427F12FBB330D953DC0333E8
:10EB500044573E1DDA64BAB305F503B73A30CC2505
:10EB6000F7244A482FE84864C0E2C6E5370050C69B
:10EB7000F9173FC12CBEF6431ACFB7E4E6B53DC640
:10EB8000E11EE2DE35C7BACDF7F0E6290BD3113C22
:10EB9000B9CDDCBFE6E1A12AE90032C72DFAF72999
:10EBA0005FA3F279DA24445E2016B212DAF424F27A
:10EBB0007FD536FE22EFEE540A3822BBA234CB209A
:10EBC000430FD028242329031CCDCC30F621DD4F60
:10EBD0009BC7B4C75720B5E1B9B1D9C7A7B852DEB2
:10EBE000B4121842F2D8F35124164FB297C805EC6C
:10EBF000EF440EB6B952E60944DD0FD8B187D0D63E
:10EC0000B5B207FB1E5DCF192CF6284EFD3A202F1A
:10EC1000F723FBEC285C960906269D20EA54E722A0
:10EC20004A46EF3B45ED4A1ED23F23A73C65F2D250
:10EC300005CE29310EEDD7D119E1A9E0AAD0CDEC4E
:10EC4000331CB1BBEA39AE1B232F1622E62055C375
:10EC5000D32B07BE11B2B8E0E2E626A1DBCFEDB6BA
:10EC600008063C2BFD9CB115CC4C07D9CEBAD0E39D
:10EC70000A6039E8B0FD17C7FD7F2A1EF5060104BA
:10EC800013253F27BEACB1F0064656CA352AA6F872
:10EC9000FDC01619EA40D1E3AD4838CB25B1181CA8
:10ECA000CC5D3DED2F314AEA2B1F070D2C2802DEEB
:10ECB0001E4F37E9401CE8C3E1BA13F5D315DBB3A7
:10ECC000E53F2EB08108F1B3E2346AA44300FAAD07
:10ECD00006084215CC1927AC4CCE15F7A6D6D3FAA8
:10ECE0005FF61C050D06D7CFDDF7400DD94EFED9D6
:10ECF0006CB6AD16CF301EBBE05E24C2D029B70083
:10ED0000581CE6E9AF4234F811541DACBABDBAA0A4
:10ED10005DCAE3CC27C23FE02FD0AFC3FD2E54D74E
:10ED2000C43744F85F55EE7FE9073C42FEE640F405
:10ED30006FE632CAFE0C66D543FB373226D2CAC90B
:10ED4000F2CD34F1FC1B53BA60D3C74B355FC80317
:10ED500050CECC0B04CA513AE417EB533D463FD991
:10ED60006AC846DA2B68146AE6253ADACA29260701
:10ED7000F0B9172945D43FEB08BBC80F56F8AA3F96
:10ED8000C10956492A310B121BE9C83B1BB1004D82
:10ED9000E7E23219FC4EF4120A4B2F5C465305276A
:10EDA000F49240B91241FA162505253304A1F4DB8B
:10EDB000934242E94E55DFCB37C4E9A3CA14B823C6
:10EDC00006A035F4BFB4B91FAAE1B3B7342A3EA1F7
:10EDD000E8E5F2F10469F7CC81B5B493B11929568D
:10EDE000D704AB594F38542DE1E2F341FF400824DA
:10EDF00034FB32B74C032DBC05BADEBE8FB1E93906
:10EE0000B9B3F3A656F485A8AE04C3B2231404C163
:10EE1000122AA30E0BE3D2340C5BE3C7BF05FD0639
:10EE20000814BF211CC013C4DBEECFF9B2BDD55806
:10EE3000CC63E0E7309FC64F112DE3312FCC74A097
:10EE40006D0858C71BE94117C4591F411A0A2143CD
:10EE50000BDD7FE4A5EF170613093CA3F99E4D4F88
:10EE600000E2C2DFE337D3EB983B08B0BD3060E58A
:10EE7000D8C7A4BAB993A3AE864607D5205737EDB5
:10EE8000411FAB426B5E0A0CE0D2E546E2610E52D6
:10EE900012FB342716A556C1072494BCDC54612606
:10EEA000E80F0326BABF0517CBEAEAAEE2C72B4943
:10EEB000CF39344726B04135DE1FDCFCF7ED243472
:10EEC000F8E42145E61CB7A82A17FE1EBAC5405330
:10EED000024781C13BF011420A28BE23BE08E7F772
:10EEE000C243F92EB2A5022CB81CCCE8C50F24D819
:10EEF000B8D3B0BB0DAF021F6136C101EA0B0C3CA9
:10EF0000D01FE4C4D45435E9D8C81AF5030CE1D1B4
:10EF1000FEBE17C901C4DA1AD4571015D5182FD55B
:10EF2000AB0EF8CD1E1D6F144B1B09D2A7F6F53999
:10EF300008DBB3ECAFFEC733F0C05FF2E92E1CA9CB
:10EF4000A445FD243539600EBA02A23537BEF7E676
:10EF5000F72ED5B71D8DD3D91B2520F60861E1E624
:10EF60002866561ACE1BD8E3D432BF22E859F015D2
:10EF70001C34A31A52B6B1EC361D9F4550FF0BD579
:10EF8000DB362AB82A42EAF28F0821A73458EED29B
:10EF9000BEFBC629E9F6F148CA4F7F3CE9572CC8A9
:10EFA0005D9F13279D462348B1ACD64FA0941E11F8
:10EFB00017A13C3EEA34AFA69130FDD59AF8D4B003
:10EFC00006FABCF808951BE0AAA227D831DCC2DEFD
:10EFD0009E29BE143B22E8F4B4FE11CDDCDDDA201C
:10EFE00005A484ACCDE8F5B5B1FCD05620D8E7181F
:10EFF000AD3D5CB0F9C76A0145FFC4D2DC4BF73CBC
:10F00000E444DC33E81A36A9630943FBE1A0F48148
:10F0100004D538C1211F45F501CA2D1CAF24ADCD43
:10F02000D7022E2317DFD9BB27B6BC064631C5064B
:10F03000FF00F11BEC15A0D902FC56350D1559B592
:10F04000CAF6C4DDD70D01E9236B53F425222E4AFD
:10F05000AF25BE21C7E5CC370409C5AFACDEC7017B
:10F06000FECF3CFE7F01F4E943431A42BD39DA4D3D
:10F070006216B1D7E40FDB33F67937A325CE213101
:10F0800015C100A9F7F842ECB5AF47240873DD02BB
:10F09000E3092314F42DA017215734D4BEEFF81D33
:10F0A000D72A025B8D24CC3AB64C0F17F67F4BBBA8
:10F0B0001677B9890BC824A928031BC8EF39FAB3FE
:10F0C000FCB993C1263D150E15D53CC7DA48EC3E78
:10F0D00033CF53BF3B3D1C13DE109CE1CA0320AE6F
:10F0E000C85D084F2E08E5CC2247E3E5C46012D383
:10F0F000CA21A334D49B5C8D105196F1487EF6F260
:10F1000052E3F20BDF21C7852C121C27674CF71B3B
:10F110004DFC43258A2C3F24BB17B728F1591B10FF
:10F12000E22C1D7387FB44BE2BE9D2BFE6D5A0D7E6
:10F13000464E2AF7BFDC1755B2B941FF4DCC61F2FC
:10F14000D8BBD22C4B42FE17D135D8A90B0A95A9B2
:10F150000F0E53E6F22FEB16630EAB6749081C48FF
:10F16000046287D63F0BC44BF9D01181505651F938
:10F1700075ECC21B21DF45C12B6CD430E868D3305D
:10F18000594BDD2EBCE59733C7DBCC1153E2ABBE48
:10F190003BAEFE29AD4BE1BDE847EFB6A6DB4A55D5
:10F1A000E063BA7F3E02F7B4F7AC5E4DD718BEA05D
:10F1B0002FE10934CDDBAC5A61042D6837E92DE32A
:10F1C000AF38C35A21DFB9F35A62E59FB6724D4496
:10F1D00054411BD113CD56DDF5EDB26E42CEBBCFFF
:10F1E0004942520DC290B82960ECCFE92739FEAEF2
:10F1F000ABD79C2D3DF25FD16CE72C1A9D58FB3AA2
:10F2000032510166F128A4119F1D1897102EA539BF
:10F21000D6C227E7DF3643C93F45D6CA070FAFD767
:10F220001D74C53B4173AA529BD720B131E0F5D183
:10F230003925A406C46A6066B1FA4ECBA6E3CF3680
:10F24000C460C39FF04AD79786F7A242A34EEAED67
:10F250000BF3CCCD9743CAE23FDEA8166B9549F07D
:10F260005CFE0B2CEC3A31B2B7C0B1EBE02F0909D0
:10F270007246DEC54EE834BE2E049A24F9FFD481CE
:10F28000E25FE70582110AF14CE0223D3B151925AA
:10F29000DBF0210B07501B0530043D073C1CB15F20
:10F2A0004221B852EAEC32D53F0107F8C1E462D2FC
:10F2B000B21900BF23B64135F6D44C118409D8F9F0
:10F2C0003453E3D68922CE2A8129B2CD0BE6FCC97C
:10F2D0005A2F0C0A2A3ACDF4C104D411B5384E384D
:10F2E00012FCCBCC3C0D2F39ACBDDCB2EA710DB4B5
:10F2F00048C22406EE15E70DD5BB99B8E0B5CCA001
:10F30000BE154D330F5326D934211BE1273FB3BF20
:10F31000F3C30A14E7FACB10AA1CC19CD307182127
:10F32000D3353DF7492E7F4E46A5BBE0F3C7144EBB
:10F330007312B20A1D3CEA772F623CA8E73DC2FB7C
:10F34000EB5932B7482628631467250BF8BDE65100
:10F35000DB220BE0D0BA0B45DE46CDC91A3645FCA0
:10F360004CED58B6FF552069050776D14730B87186
:10F37000989FA79BDB590DE7AAB311A80D62313600
:10F38000AAB8B49946540F49DD51D1E661FF4EE960
:10F39000F0A6DC342EF43AE1EE33D63204C2C133A7
:10F3A000B55DFA13BDB7A9E3C50D9AD9AAE92654EC
:10F3B000E8D4E544EB4F28C4D4FDAEABE20E6E17A3
:10F3C0002714B096CD51DB6309536735C4347FC829
:10F3D00066B311B8C9DD54FBD4F8D6B93C3AE6BEE1
:10F3E000DACE5CEE54E7F3D0520619E8A96A249EFF
:10F3F0004161AFF43306C3BAD653EB20E8CF99D2BC
:10F40000C5F152FE88FA0A0DE5DC3921F0115EFAE9
:10F410004341EC2A5FE1A9CD0E50B62ED8626BD3E2
:10F42000FB0AEBBBEC41A3DDA91040442D43D5DF23
:10F43000A4B8032BC9BC36D79C0E39D61470512DF5
:10F44000C7A62401F1E250407FD7E62EA39BA82354
:10F45000BD335E50503A1B4C14FECE63F920F3EAE4
:10F460001EF6E279112F4FE51A482BFF00D7D9B4C9
:10F47000F2E741B2552EB961C746300FCFCBF3F456
:10F48000C6C4EC1C3B985F4A191DBF27BCADA6C47F
:10F4900062CAE108DF50A7EC25FABC33122E002A1D
:10F4A000440B5D3548F1ADA4B2D6AE98CAFBD9DDA8
:10F4B000B533A09EA1FEC38A6ECBE03949C9D242C2
:10F4C000FB8D4DE90C69C2DD84C44736B182F73447
:10F4D00057592524B32F0C2FB3821D1A9B1DE4D737
:10F4E00005BDAB28D7A80581D32FF6180AB4382953
:10F4F00057024EE45949C5513AC3EF9793F4EAE6EF
:10F50000C245AF88F0C814D1E216B74AB23812D556
:10F510009BA825EE344B172A27A6D0EBE0743F9C1E
:10F5200013B82C1596FA3C37FC149A2A9E2F05CB5B
:10F53000A4B1F90B1A172C2D3A12DDEACDF7B22B34
:10F5400053F759CF371F37EDDF13451DEDF2E04973
:10F55000246435D13E45A9F9F30F4EF12EAB34C4E6
:10F56000ABC856384CA7AEAAF4DBDCB496E67FF8FD
:10F5700030356500B3A53ED5CD4DE818ACFA181767
:10F58000CFABD8D631C8F94E4B09CC4839A8C836CC
:10F5900050D02C27F82805495BD133E6C8EB497ACF
:10F5A00033DAE82620113628529C44E223042BB992
:10F5B000A6F7FCFC31AFD2F2CBBB0DEAC71C44C8A6
:10F5C00031141201502501C1E74DE0D135B822D9DF
:10F5D00050D59CFFACFF429BDDD428FF40D72ECBFB
:10F5E000F1C63F9F1AD7D3CD23E6FB252127474CF1
:10F5F000A67FFD0909FDE7B332E51836C6A44D2400
:10F6000013C6C8C40CB526B1132B4EBD0FF1FAF2C8
:10F61000FDFD48F1D4FF0E3030D0E4CDB90AE0F65C
:10F6200022250000D7230000610B0000983800005D
:10F630005E6F0000C12FFFFFED0F0000FACFFFFF4C
:10F64000BD800000EE2A0000684900004AB4FFFFB8
:10F65000BFEBFFFF78A5FFFF301A0000C1A3FFFF3B
:10F6600023A30000B76EFFFF94200000299DFFFF39
:10F670007A440000A51F00000C21000012E2FFFFE9
:10F6800007C6FFFF7B4E0000F5560000EC0C0000A3
:10F690008A040000F87EFFFFC41100007ECFFFFF48
:10F6A000B85B0000F786FFFFB7E7FFFF6DFDFFFFC8
:10F6B0005F350000418CFFFFB8A20000100B000076
:10F6C0005BF7FFFF065F00007906000083E5FFFFA0
:10F6D000F4570000D3480000FEC2FFFF4F55000062
:10F6E0002E710000FA7FFFFF142100000661FFFF6A
:10F6F000772F00007FDFFFFF2A3E00002DC9FFFFAC
:10F70000DB8DFFFFC5C9FFFF02340000CA71FFFF98
:10F7100030EEFFFF3F0E00006A3800001F95FFFF2C
:10F720006EC400008137000053B400002ECEFFFFEE
:10F73000CEC2FEFF90ABFFFF7A200000E1F4FFFF96
:10F740002C110000111200006A54000082390000E0
:10F75000FB4B00007C9400005A8A0000D8A8FFFFF1
:10F7600045070000C5E2FFFFCE1B00001C42FFFF63
:10F7700056D6FFFF9BC5FEFF89A2FFFF9994FFFFAE
:10F78000FA3A00004A0FFFFFD41400002E6DFFFF6D
:10F79000FD4400006610FFFF558C0000B99FFFFF7D
:10F7A000232A0000C8DEFFFFA1200000E98E000030
:10F7B000CE16000081100000EEA00000F45E0000F4
:10F7C000E87400005C4000006DD2FFFFA9EFFFFF6E
:10F7D000A12E0000AF2A00004B1EFFFF06AF000065
:10F7E000E2D8FFFF43360000B7FBFFFF32B900004D
:10F7F0006FEEFFFFEEE7FFFFECEAFFFFB7C0FFFF92
:10F8000024FBFFFF76780000169AFFFF7FFFFFFFC3
:10F810002AE1FFFFEA990000EFCDFFFF1534000059
:10F82000F1813BF63BDE81B70681D0197F152A3E78
:10F83000297F401981A37F16F92531D9EE15E415EA
:10F840003460059DDCA061FF29810BA5164BBC44EB
:10F8500081D4B0DF080191D8811808207FE831E811
:10F86000D5B3EE49641B6C443641E4C7811723E1EC
:10F87000DACF1698487FAE69F37F810E7F7FE4E888
:10F880000E13F4F5381BD2F11D06E65A1281181D2D
:10F89000607F18395081810311E821BB6108038121
:10F8A00081C7F54D1F61C35326ACB968464B226D25
:10F8B0002C1A007FC9FB382B877F40D17F44EDEFA6
:10F8C00027F942B67F92F781B4A2917FE58164DC8B
:10F8D000044D716CA6F0CB368F053222B86A2A7FB0
:10F8E0007FE021297F81D1D88181E1372B7F7FC2C1
:10F8F000287EDB818142015E8C6029159C1F7F7709
:10F90000EFFE9BF81781C9EEF8DAE35DBE1D7606BF
:10F9100024D23DC06A793D81E2817DBB0B32CE1F8E
:10F920002144447F79E24A7FF9B552D6FA27E3D0E1
:10F9300002EFDB97650B96E9BA1FBB8141E3581BC9
:10F94000B81F7004DC6F06F630C0D487EA3D25BCD2
:10F950002E251E4481370D44E8D3EBC27106B2C890
:10F96000E0F04BE954D7E5F6C1DAA91AAF21F6B8B1
:10F970009A7FF592A5B0F230E5C9E9C00E6ACA6B6C
:10F980005D4E94D42DA6411535FDF7C60D48D857C8
:10F99000A784463E04C5DEC5C52E1D020CDA352BF4
:10F9A0002EE67F75BA7F111481D75DB71529E60061
:10F9B0009659EDE0BB81E03A7F12DFC6DD817F81A1
:10F9C00059EB4BE5ED7F81F7814000967FD17F3683
:10F9D0004684679CC4BDC008B8F9507FBA9328FE1E
:10F9E000FB918F496D3CCF811C095E8C91CDDD81EF
:10F9F00010BE810B60BF7F087B6C1615755AE56ED3
:10FA0000F881C20768574C0BFA81601A7DF60181B4
:10FA1000BCFAB89CEFD1DCD6881C673981C8001AC3
:10FA20004C38B7B74A2D824730B4337FBC6F7F6DF7
:10FA30004529810C24435F419BE1813E2CB1DA6072
:10FA4000E8F2E73E546AB4CDF91D736AF4ECE9813B
:10FA50001781E881637FFDAA73418145BF81812EB3
:10FA60001BFD3763C60C7FFF06C18D444ECB3403AC
:10FA70004ABB45E70FD8B302A1C7EB7F8FE1F02A5D
:10FA800081AE3581E96ED58181F71C7F30C242B7E6
:10FA900081AF8181F2E9DE0F4AD6FB811BFD4EFE6C
:10FAA0009EADEB18C520F2E21626E71C4E00C37F80
:10FAB000295B3EA5F184686FB82D1C1942AEF3F79F
:10FAC00081EF2381BFFFC3C59E285762EB07A5DDE9
:10FAD0006832936D70B359F30AF3D9637DBEE4C203
:10FAE00038B77FC6DA3353B6945011F655FDAA1DC8
:10FAF000306D296EA40711030CC346C03588604ED3
:10FB0000D13E9B24814CB2DAEFBA7286A2321A58E7
:10FB100059F514ECB55625EB2ED681A74AEF81D5C1
:10FB2000DBC69F693EB02B5C1743ECB7C021783928
:10FB30008B432D63D3B4FD18558D5DD2508E981331
:10FB4000DC5D8135968E0F5BC8667F15C10AD708CC
:10FB50008A32C90AC0CC4FADA581BEBBB26487DC76
:10FB60003C8170FB5CAAC6E228166F812B3C44E006
:10FB7000AA20F58CDDE82DC412FC353E4FAE8586FB
:10FB80003043813597D27FD8BE287FB08160813BDA
:10FB900056EE02525E5F472B61CDB361412ADC44D1
:10FBA0009645CEC8EDAA2DFF614B7FBA557FF8B5BB
:10FBB0008143C3E16626C57F2BFEA6692E8C062FE6
:10FBC000AA140E566074BFFE84264AA3F026B729F5
:10FBD0006BFF7F9E2B52A07F1FC1F33552C72A00B7
:10FBE000D34A747FD90AADD5B10F7F936C9687E75E
:10FBF000819007DDB8DCBF9601F7CBCF457E5791EA
:10FC0000A0EF82FEF1279ABAAA4D86A3B11E353025
:10FC1000660E06E67FEA44E981C111675081B8C6E5
:10FC2000962576397F0419FBCAEBF6D8AFE7F214B4
:10FC30007DB10F44DDFF3E62A1D81F9461C5C9A10B
:10FC4000827F7A4B6D79AFBD1F5EEA84D242EC6D44
:10FC5000DCDE791D0E48818188B7541F16E1C3DEB2
:10FC6000EE7E5C2E6BD4CC12DCB92C7E316223F29A
:10FC700043F14B8843A5977F7F8FEAB02174717F52
:10FC8000440A76CA11A2E345DCA36AF8DE56C930FD
:10FC90008F99305B3BD9DCBF28F42FB6AE71E314EB
:10FCA0004509000036220000FCE3FFFFDAF1FFFF08
:10FCB00015E9FFFF95DCFFFFD92A0000A3E4FFFF51
:10FCC0007826000021350000E2E8FFFF94E3FFFF03
:10FCD000A7EFFFFF4EE7FFFFCDE8FFFF55E4FFFF73
:10FCE0003AFDFFFF2CD7FFFF0326000025E1FFFFB1
:10FCF000F41800001E330000D7D4FFFFA3DEFFFF7F
:10FD00009200000074D4FFFF8603000044E9FFFF67
:10FD100066E6FFFF5C27000012E9FFFFB914000050
:10FD200034EAFFFF8BE3FFFF9AE7FFFF3B1E000073
:10FD300068E8FFFFC6000000083500005C1C0000FA
:10FD400014130000EE230000B704000090E4FFFF4E
:10FD5000DDE0FFFF0F23000044E0FFFFE6080000A6
:10FD6000AA09000083230000B8DEFFFF7A390000F3
:10FD700099130000D9EEFFFFBD2700000D0B000016
:10FD8000FEF4FFFFA5FCFFFFE61D000029ECFFFFCE
:10FD9000F1F4FFFFE7010000172300000AECFFFF6A
:10FDA000D6EAFFFF1710000021F4FFFFCBE0FFFFB2
:10FDB0001ECAFFFF881000009AE4FFFF0927000019
:10FDC000461B00006E2B0000A5F8FFFF9E060000FA
:10FDD000B4F3FFFFF60600008EE6FFFF7C24000070
:10FDE000ABE6FFFFBFDDFFFF02300000151600008D
:10FDF00065D9FFFF24D2FFFF8BE7FFFFC6D9FFFFC6
:10FE00001F0C000037CFFFFF1D220000DBE4FFFFC7
:10FE1000BC090000F5F1FFFFF3D9FFFF56CCFFFF4F
:10FE2000592000001D2900007B1D000078260000DD
:10FE3000D4DBFFFF9B180000EFFCFFFF3325000021
:10FE40007C2E0000BC2A000040F2FFFFA8D0FFFF7C
:10FE500002DCFFFF5626000046D2FFFF3D250000D2
:10FE600088F2FFFF350F0000BE0600001A140000E4
:10FE70004DECFFFFC6140000951C0000E0250000BB
:10FE800087FBFFFF122E000008D8FFFF442C000064
:10FE90002513000064FEFFFF77E3FFFF0A1E00004A
:10FEA00091E3B6CCD92020F7D1E709CC0D03251674
:10FEB0008123D2F5A842060E23409FF91AD01EA82E
:10FEC0000206CE01A627E8D014E0F01834D5065F6C
:10FED000DCDFAE4FF73D49D954BC3EAD38B821AB5D
:10FEE000A5C48DF9480A44D25407739850222601BC
:10FEF000D1E1E4DDF4EA1EC7320A2B22CA0A231A32
:10FF000053A9309259CF1E30C61708D2CE1F0AE22D
:10FF1000D3E614FA21EF4FF939B715272810354FDA
:10FF2000762268B1D08CEDA1CCC63CB4205030F91B
:10FF30008D30BE7418B0C537F52AD477D8E8241FA1
:10FF400056DADCA00DD696D712A2FA2AD42047CBD7
:10FF5000F3C2D7D3D8EDF3C1895C302A3DF9653AB5
:10FF60003DBF0E2F719647AF2EEF5C4A14D3EE4182
:10FF70003A5095189F1554F07FC8742F4929C151E4
:10FF8000BB2B5AE55E1CA5A3D4CFA0B936B602FFA1
:10FF9000EF52885CA76C86E20542B19493E5BB6B97
:10FFA000E0ECBC60F4039321E20D1064C4485702F6
:10FFB000F69CF49B84CE42570FA2F9B06FD213CBBC
:10FFC0003EA0DE2936D260B362157D0DB64C73C0FB
:10FFD0009FC494A6625F4214C118F36CD6BEF84861
:10FFE000FEC59758FF68723966C1523FBA57C3FCC5
:10FFF000B77C08E326BC15CF219C5DAA3BECD1CD94
:020000040803EF
:10000000A30251CBD7CB1F240E7F40F036F79C01C3
:100010004166C0B5146A385DC936E02EC59F546C80
:1000200008FA0BD63911DFDCB919FEFAE9C3DC1185
:10003000A515A5EEFFB9A7DF0CFCB75CD844F3D03B
:10004000442CD1CA8881160C23F6FC10FDE71DC094
:10005000FDFCBACB165C318B5FDB8A29C9E52BAB83
:10006000D701879C41E319A8BAEA0DE944E78EFA63
:100070000720CDFE50231CCA4822ADE1084529D9EE
:10008000FA27B6E309D6DD19C20AFEC7D20CD90E8B
:10009000D29C4659C341E7FBB886EA1EE62F1E0EE6
:1000A000D653A144FF8803BCF2FCC28D659540F88D
:1000B000D992FC41B7EE53DDCB076D4E3FCAC9085C
:1000C000A9272CC22614FBF26BC8A59E45F9D95C62
:1000D000A008B0CFCDF7E4FDD812AFE0EBD434E404
:1000E000AC0F146A4DF8B00692FE99FBA0D8EA3422
:1000F000F3D3CAECC0F0CFDD3844E3445533F1A963
:10010000C5EF18DFFAB845F2D1150D1B5B1C6EAABE
:10011000F2FBCF27A08EC42C53DE5581E70092B0AE
:100120003D4E94054369E75FF5FEA64651602D2ECE
:10013000E92615D0D03DF3BA6F12BD0D76D8BEFDBD
:1001400057506EDF035FDEA9E232C763333229DB2B
:10015000025E2128FCFB0F59EFEFC87FE9CD05694E
:10016000EF14EEFD0206D5FB07361F5DF4E9F1C47E
:10017000E1EAD3E568E91F19045B3F22E90C4BDD96
:10018000BCD8349434A7EB2EED5C5BC423BA0602D2
:10019000E41D44233D214DCA1458FB234DC11B329D
:1001A0000B3BC2AF518BAE1DD5A951DEB308FFAAE0
:1001B000FCD2168D4BD06D09E9D4B627D94E3D70CF
:1001C0002F68C03D2DD8C8594BA8EE035AC3113D26
:1001D000D7F0C10D38E4A8DE81475ECB52DC40C0C9
:1001E0003B6BFA195150DFE03CDE15A9C9D6A224B9
:1001F000F3F5C0ABE42D5208ED95BFDB2ECD0643E1
:100200000ADAE5C02EBBA513D52BB859DAB761675A
:10021000E1D7C43EE5319B05BA9A0F14B65847BBE7
:10022000B1512DE5DE54B3F433CC1725CF33B0F103
:1002300021F0C664A911CAF4B93EC45940F1CBAF4C
:100240001CD715F5C5F3940F27CF2909EE14131603
:10025000C21CE1A21E09E4A0D63BBA1DDE3BFC2F66
:10026000C7A5202B54B2AD815711D553F11506FB0C
:10027000BCE2BD12B9DB5F43481A105DAE47DB0735
:10028000121A3ECF393E2AA0D086D00ACCBBD5E088
:1002900036A942E9D45201C84E06CBAFC1A64AF4F2
:1002A000F2EB3C560801DBF2D30C5253F63C565E9F
:1002B0000D7FFCC521D7FD421D56B2F2B6F4B75AE8
:1002C000BB97F4E67B59C565D5D29452FF1CF85B09
:1002D0001AC13A584A6D11BD3F1BEF527745423360
:1002E00056A8152D68E1316EF6EEBAE10B1C1FEA37
:1002F0001DDE470D2F3A133EBDF23FC5173F501D7F
:100300001AEA3C6065022200AA2F58AADD2969A5D5
:1003100018F3CCA1BC54E80B091428F72D9ACD1082
:1003200030E9ECEAFBDEF3D9351FFF13EB3A53104B
:100330001A5A570BCB122FBECDDCFD1FE654CE7FD1
:10034000A60C2BE32B203C02F9D5D1383A0CF5B69C
:1003500020365C47E2C1BB19DFF97B2DE64A4FE945
:100360003D06F41B0B16B25CDDE9FFE692FF20E1CF
:1003700006BF22209ADE07D5322E13D71CFF163473
:1003800002E7092AEB1FDD1917DF39C1F2D1D9E4E1
:1003900029CBE8F9CD1306DC1E46F41A41F4EE2E03
:1003A000FCCBC0DCC82E00DFBC7D317DFA98360B5B
:1003B000CED0D6154A37FC09236247BC112A6C37C8
:1003C0008EBEE4E66EFE00FAB900271D663ED20737
:1003D000BE320432731C095D335596F0C007A6EB9C
:1003E000609AEA0F7F535C3B08E15FCFDCD64A049A
:1003F000E0A8152E20C76DC338CC5AF05E0B29F546
:10040000CFDCBA431638339EFBC6AF33743651CABD
:100410000F07BB1854EE17E5375CE2094DEE6CE9A7
:10042000F8FE4929E33AAB01C761527436FF023145
:10043000D34D27621D200CC5D8E8350B2CEC642069
:1004400035E7CE482829125BFC05CD43FDDD464645
:1004500043EEF7033B16713AE54DD16B45AF1C7582
:10046000D2030FD531ECC7F8662C41C9D7AA5D5429
:10047000E0DB23043DF5F9FBF35F3933350FF85327
:100480002DB3335844E5CE5C13FB26C8B4FF772B5D
:10049000D1F7C3DE1CD4CA9C9E1CFA6DEA31D77F0B
:1004A000A0E4AA1DEB2C4DC7E11EB7B50724A71D7C
:1004B000D9C7ABF9BBC9B39C17E503AB921DA9DE45
:1004C00024F8FEF3BDF0B0142A12B119CAD6F8C64A
:1004D0000128CB61E0E216E42AF9E5F1ED883B372B
:1004E000445699D4E939BAD8FFFEA61695DA0B26F8
:1004F0002281D91AE8AE0A1D12ABE4C4F313FBF251
:1005000038050AC6ED0594E1A82735D41D25E8CEA7
:100510001C2A1408ECE7E5A0E89402EAE34120CDA8
:100520002F5C2C2422DFED0C7F39FE56D7CC2B2DEF
:10053000AB3664A446D10640A5BDE0E7E10D141733
:10054000C40602B075E221B332F14FEAD8CEA72338
:100550000D42FD5C43911B301BDBCA2B9D4436DBF7
:1005600033D1609554B119BBA5C0C2EFF327CEF4C7
:100570003E3EAE171847D1CF1333C9BD0D453CF1F0
:100580006ACBD4D358EAB1E02AC5B45641BA24D2D2
:10059000934CB23422EDB1C019BD4AB4A24AE3E291
:1005A0003DF6060C081FF8072200F0C776FCCF398D
:1005B0007DF55F580F624C2D004AB2DAC33392F7D3
:1005C000D3F65D130E7C03C017B97F6A1070DB850C
:1005D000921C08D7DEC7093D40C80D54C2F232D77D
:1005E000E13314CF3D3356C049EEA44324EC5422EA
:1005F0004F9BD101361F45439659E447F21596A605
:100600004753B36C2E11625C35CD2DEEE6FE7BCEEA
:10061000575A402306210C752B6DCC051B37694EAC
:100620000203174F09E535ECD5254D0129E1105A94
:10063000D65FCBDE48DC2CEB14BA26CB38CBC3CD4F
:1006400009FA1F1CE4E6C436FFEE4C38EC341AD924
:10065000E02007B1030708D3FFF451FADFD71545AF
:1006600002B4EE275C3F521B287FF259E5BE0E23F1
:100670003E3E2CFF0524DF63C446D8EBA623351E7F
:1006800040FD2D13206645FEEBD50CFDD01D3B191A
:100690002CC3B7E1C70EC3F6E0F33ACCDC08441331
:1006A000F64E1C05F6FC16AEC504B9CA0B4BF6DABD
:1006B00057FFFF280E21D8B51DBE190A033A504135
:1006C00027F741573E14262FE81BF1299D81D4F4CA
:1006D0002C04DDE2CBDA24EFF329CC151A27C3BFB3
:1006E000D6FAE52FD549D0F30AC20BD1F5C9381E89
:1006F000D01214E6EE39C42EBCDDFD58C8B20FFE90
:100700008CDDC24928EAD702D30FDDFD080A30C7C5
:100710000BBE32E7C336BB22C2B6C863B50A15A406
:10072000163DFEFA21EBFF16C9AB1451EE71172FDF
:10073000C1E0D52CD5CAF0CEEA5612093E18C23413
:10074000F6FCE0C00BE3D6CAEA090342B6F409F5A9
:10075000BEE9E1E0DBCB57F0C0DAFB22313BFE56CD
:10076000ECFA0C26594FEA40DDEA33D4C5B20DE667
:10077000D7103542E714237F455EE5583A3DDD3713
:100780003DD43BF2E10619440D2E112314F56930D6
:1007900025E9C6E90EDBC6E81B3E0896DC58332483
:1007A000A6B84F6752F69CF0A5976674F340582799
:1007B000210FABF5A1255318F6B19797E44EC7F278
:1007C0005D95D1A164646BAFA1DE9E2BE75EB7ADF2
:1007D00041B21C9640AC0699F7C55CFF45C3BB22ED
:1007E000B2D5E699B7A1AAB5DE4BCB5916B098CED3
:1007F000ADCCCCEBE9DA71ED1A5FE29A43E0C10CC3
:10080000811863323A3DEA1B201D4E8C6BE978500B
:10081000D1ACC464CF11C8F70729F224A0D547345E
:100820000021A2B84140341E2747D995403A15A867
:100830004C95D6A65927B1104837DB1CAAC690089C
:100840000A151FDE2CD681CB1443E636EBB0B54F2C
:10085000A9FF25FA0318B41642C8CE32118B1CE644
:1008600043C902312620FED9E292C13E30A9A82A0E
:100870003338728F30539CC642D2A498FEF2C8E936
:10088000E2DCC9BBF5BC9C11B74C28130C3C5335BA
:10089000991314AE0A27708D48C31EC3FC0EC8D925
:1008A000D533A553C48A49BC5DCDDBF87FA14F3752
:1008B000090D2B7E0347986444C947F3EAC36219C4
:1008C000E118C5CE9F39B3C1A0EA1EA2D4F66FA627
:1008D0009DABACABDD31E4380D6813F3136D292A01
:1008E000696153A38A5549F1A31793EDF3C5927B30
:1008F0003EED05EE641FEC2DBCE88F0367D00EAF14
:100900007116DEA69A54FA34DB65AB38611D582F98
:100910005A9C86B35EA30DD9EA3E161174E503DE38
:10092000F70128EEA5D6D557B3EF1A9DBB13379F15
:10093000D8E7AD48B4E2B243077357DAE3E4B8341A
:10094000204013F14C43A5F70328CE08050F20B72C
:1009500037E50AF6D358460152CE27FD813236F0EC
:1009600094C6CD2C1ADA63EF4326372A32C4AC93EF
:100970000170EAB0C1CC3E57C93B2E0F4296FBF73F
:100980001BFDA5CAD332D948E03FDF4DB7E225C4ED
:1009900053BC49AF325CFB513FFE0122E4B77C4AB5
:1009A000F2E790DE1C72C1B15C11A904BACA82A53B
:1009B000F35213AD6B98C88B86932C6B5FFF1AC7ED
:1009C000A06B7458BDD3EC0B4E05C503F71CAEB03D
:1009D000AFEDD66274AFC0BAAD7004991F92A59CFA
:1009E000AFB9B36A5DD06AFBE0C7278C73512A4B5D
:1009F0008702A428FE0E19816F9525D6EE4E466C0F
:100A0000C91FA0A19E892A14C5225E59E34C241E49
:100A1000774A8E3F0F142245264569C7D9E4C9603D
:100A20009BE6B332E54A569FA9CB2DE01B35EDF08E
:100A3000CF1D9E35D98712BA1046B1012CD84393E9
:100A4000A3C127A3AA27F1C4D4133E1AC6F28EF776
:100A50002FC916B9CFA609C4D6311A343CBED60860
:100A60003F0325D30BBA2CBAD7C2C02FB2C546401C
:100A70003A1F39CDE1B61F22428E8CC1BAFB56BA5D
:100A8000D540C6DDC109AA81A61DD9070F1A402E7F
:100A9000BAEE1EB7A4BC31B811EAEC10B4F5BE1919
:100AA000D65CCBEC7F4CEF25F3EFF9BBB0B63D1C29
:100AB0002BC82C60E7C4BE7EEC2AADCBCD0637DB5D
:100AC0003234C9352BF1E62DD8FF21E5A3E50BC95A
:100AD00014EFC9CEFC39B306EFE9C1A3C43947BC52
:100AE0002611E2C84DCA31D82FCEFFD3D70EE1135D
:100AF000F8104CB6503CD4EE34F717F13AC23A40F5
:100B0000E7FDC98EC5A6A8AD0434DF1FE702D046B5
:100B1000521551DEF5E9C6D9DCC6A001B0B860C8EF
:100B2000ADFACBC49F3A39E014FAFAB2A1CBD1D5D1
:100B3000FE9941BFFDF4DAC40B40B54C33033D1EB2
:100B4000D80E57CBC29CF50AD0F7FB0661F46FF5BF
:100B500048C49C27C3B05BC42A4AC02F20FDDBE0F9
:100B6000C8062EDA23C9A0B913EF03630917FACE1A
:100B7000196CCE3A31AD3765A28C2C5034D40DD6D9
:100B8000507F3705F1E3DAA6671BF5A4BEFA29D03A
:100B9000524DD5C62ED8534B1FFF35F83E2FFB4A7A
:100BA000A839AE1D39F01B3F03F654C545420C2051
:100BB000B000CC6712D6DF353EACEBCA17D5561065
:100BC000E399DFD5F1283AB42C8B19639AA6FCC1BE
:100BD0001E9794BFA736A8BC9565E0B85858CE4C70
:100BE000C5C95E022CDFC03EB6E73E9986EDD3A5AF
:100BF0004B3E013C72A19A47ECA0A33897EAA2C6EB
:100C000002CD39CB9455D6E3018157B8034D4ACB79
:100C1000A6D29206A1DE199511D8E2EB0FBBBF4810
:100C2000876234E80D4DFC8A42553C3876BC19A4E5
:100C30006E201D26164DFA2130B8656F4462514969
:100C400099E6850C0D5DB8DF7FED180E6622DC3E5F
:100C5000DF2CD8571FDBA00F9F5D55F8185E40535F
:100C600005AD0F23981A0EA3AA8AAB653663C11E81
:100C7000064E2091DA094E2AF26D33FDC479B33A5B
:100C80001E0C94E83B47C3439A2CC26D0438AC1445
:100C9000F5ABA24CFF1234E3D7305CD38D4CA10AE4
:100CA0005426EF74D6454BC7C1B5519DC1F95A19A9
:100CB000B8992A1A2923AEBF1AC5F29974C743D42A
:100CC000342DC5BFFCB0C6A63CC611D72726020CE2
:100CD0000C57AB34F0BCB74161FF7010D455C0BDA8
:100CE00064C930DD2CD924CEAB2DC37FF731B6AD2E
:100CF000C0BF42AA470AF7DB43324FA922FD340D99
:100D0000051DE3F4EDA1F34A12195BAB32222CABC3
:100D1000A6F49E38075352C6117728C2643525ECD5
:100D2000F4DC3C02B7B15A3E24F71913E31A51B56B
:100D3000122BDC116D2336C8FD10CC75FCD9C220F6
:100D4000FADE30D12E15125CD438CF20E7B9D41E8C
:100D5000E02A943A526BCE44FE52ACB62A50AC997B
:100D6000B6FC3712B3214E1906314B54E8140E3538
:100D70004F52485131EBDCF950E6AAFDAF89CBEC7C
:100D80000504CFD1FA13E80FC725E20ED934FF28A6
:100D9000FF1E5513F0E405FAE056BB5174E1DD8106
:100DA0001AF2B8C6D8554A57C61F0D4C234802F050
:100DB0002658EDB0DEEA0419EE24046DABAE063819
:100DC0006045D85630D3E2C3CA2A1ADAE11DB37699
:100DD00052BC233C3A662E3D3C5581592F1E3D277F
:100DE000BAAD0B3FF144D22CB8020E23BB42C84728
:100DF000F139D62044CFCD5FDDB905364BE89CE70D
:100E0000CB0C320FFCF30B03FA50D44007D63DCD88
:100E1000C928D965DD07A1E7E9BEE0FF21983CBC00
:100E2000A348DDECB79E4292AE957108A33FD46D06
:100E30000531B6FA4F9A7FA4E6651B7C7B13BE94FE
:100E4000E4CE9989B02F90FCE7C2E3DAF9D373B40A
:100E50007FB1EC5467E098F35FF5C5DB2776B20607
:100E60009E065E53B9480FA0D5BB5B2B10372B23D2
:100E70002322EA3952B4E217134BDABE492D495CFA
:100E80001E1325D2FC5A51EF76F45CDE88CEC16584
:100E90004A15FCB518A886D4AED3134A42D0389B65
:100EA0002126B002412A0F2BCE189FC9F364A5E377
:100EB000AE28FADEADC556535D5B4DEBD6FA2D0478
:100EC000F203D7FBDFF60D40A108C60AE5F7D713FA
:100ED0008F7293045DF9C0383AB8E9BF173744CD33
:100EE0003CD785EE794EA7F4408127C95AD74F6683
:100EF000ED945E02050F38B33F5B92F49F3AB35115
:100F00000B47378183695142222F09F3C014EACB82
:100F100074593DDD39F85214D4DBF2EFFAA3B72B44
:100F2000239C9822C5AF5E315FBFED2198256CB13F
:100F3000A0CBE5B24C23F961F700034E996BF25553
:100F400016BB4616F7A639C1F1E8F0F333CAD8410B
:100F5000A7DA543D11B5CFF9777592BF8D9614621B
:100F60005B031B3A4336811EFF2E224E7EFDDB02C1
:100F70009AB2EF645221FC595DBF3BEE260BBAE3F7
:100F8000D130BF2614E49CA40E64CAAFFA0863CC27
:100F9000E3F142F421DB58B7F0143DBD82DC6C91E3
:100FA0000567240B481BA1CF39B87FD200DB41BFB6
:100FB000004D59642131E35F8BDA07F2E139900388
:100FC000B8324ED8E6E80F3EC7F1661021C85C0A79
:100FD000F5D16DB6DBCB2143CDECCA76BC43B65A16
:100FE000765B495DED5BD766040FC6FAD99AE926B0
:100FF000531DA41CD1305DCB2157D63DC0250F1504
:101000001DF33758F1A506125CC7D0053C0D02430D
:101010004539F367FC93256DEB7121E6572DA14D02
:101020003E38152E02F82D651F51361AE81E1A1784
:10103000CDFCFD2903C7F945F149F7EB0221D5D3D2
:10104000314A23B623DF00D22536CF5E0C43B5D715
:101050000914452FEAEA40072FFF55F353DB61E6F9
:101060003E3DED26662B1823D0D9DDF54D2B0C39EE
:10107000965F4AFE4B124172487F481C65F52E6E02
:10108000FF4237CB34F9D3C8DF70324CB84A6135F0
:10109000E4371A331FC17444E6723A0BE6143E1566
:1010A00004E5D611EC0435EA3C4FBCBAE6C809BEEB
:1010B0000CBFECE6C0DA2AADDA34FD34FAF248218E
:1010C000D0CABDDBF2F7B72B282BB00A180D0ACE19
:1010D000C7ECBD3026F347C4EBFAF626F70E161F11
:1010E00017013AF1BED308DC3AEF0EF04FE60D14CB
:1010F000FD39EADE4389ACD5CFE80FEE232A15CAC5
:10110000E531F33F16C48A10220127BFF81281F19E
:10111000B10DBCC3DCCD3B3F38AB2867C20FCF203D
:10112000174F3B1649EF1A3B0E45F85B42C8D4E413
:10113000FAB9E4C7FAD9431145FB1A23DE4C124130
:10114000B5C9D843B2F031DBFBA3A8044F05A9CB46
:10115000C839810E1BADE44D1A21596F0BC01069BF
:10116000911961BDC7D29A4ACD12590A0678640511
:101170002FB8E527F9D328C7566F03D9C30FE1026B
:101180001B5E3010D70FC040E74E11FEA454D53A75
:10119000E4B94D3E261B63F95C062B9A45F4CA4A16
:1011A00009422DAFAC54D439D144DA0E3E46F52B6A
:1011B000A1E8C03ECBF1F1B9DAC2370DEA0EF3DA9D
:1011C00051E535202E23BE123350223F8BA0A23A88
:1011D000E825EE670BF135F7F540B425A2D2DAED3C
:1011E000332C08064717A832BF335898E1C256235C
:1011F00018FB2C1BFA1DC5EA45DEDF622911D55309
:101200003613AE0111ABC92F3C6D172E12BEED5433
:10121000CBF41794EDCA22A720A5C47FF7C4E8C673
:10122000D3C9F0F3D9E14F48E6122EF4E5371AC7D7
:10123000091727C835D62AF31258C913EEBFFF4D38
:10124000EFF34FFF0FDFCCD0C4934D51EB12384971
:1012500039551261D311EBEC9E1F58C3035CE9268C
:10126000E8F9BB4CF162F00DAF5E3B59E90B607FD2
:10127000C1E8E4B8A647EA36B1D858D01C08232BF9
:1012800090595C2F106C2AC5B34217B25A44D4E16E
:10129000AA0DC1A8C4D6BB4A324AC740ECF8CF5603
:1012A000A0D0B9B611BA51C0BDCEE3BDE70EB609A4
:1012B000D634085EAEF01DF6381AB0E210D84BBB3B
:1012C0004898C02F0B18B44371EB0E8DEDCA2F4117
:1012D000B71B4F23251022AC51B59C8E91B2B3E9B8
:1012E000BD0E02C20F255A0928F30925C6D73FCFE4
:1012F000295824D9E1F942DA4565F2CE681BF4DCBD
:101300006440CE1C0E48C80E2F1136FD5B15CCE193
:10131000F12E16BBCB7F250492CBC8F736AC66DA2C
:101320002AFDA441BFEF061CB2B0B8B396270F4107
:10133000980992AF0B0D2B2FCC615862E240994374
:1013400039D0E78DFCC1024DD946D8AA0EFEA34183
:101350009CDBCED08CCE3713FBF420DC3FE0D9569B
:1013600021C39BF96020FDD25ABFBBE37F884DAA01
:10137000D72156D758C13501F60603E8D11C4EA92E
:101380004EE7298D0320159A15EDE8E33F2AF2B1C7
:10139000070A284711D8FEFBD2402B58B0FC61FE4B
:1013A000E3CDAA2636234CDA9327FAAB1AB6C31C30
:1013B00013ABA81A88E7AF2C604F14C098C348E05D
:1013C000D83CC3F795D8A3D2D347B23A11CFD6456C
:1013D0001BCC18540D14A9F245AC81400F013BE819
:1013E00031EDC2C6BFC4F8FC0F1EFB1015341D162C
:1013F00001257A17CB52BEBCF159A12E27F76B0EEF
:10140000362AC29A012B0F37B42DE5D1D11FB0BDBA
:10141000E33B5E5EEB4AB026F0B1C349DD2421EE2A
:1014200029D44E5AC0530F4DAC08BBE3537E9C5990
:10143000F248F05C0C0A7F34F20716D826EF2FE250
:101440004F5FE7C927B9291AA31CE358F5576CC1A8
:101450002CA1C5885044DB1839E611C64000B35DA5
:101460003624250047D25CFCC43DE766D5CB6F0728
:101470002687AB7DF902F651A55757655605251607
:1014800006DF9F54D1036B9A30A9EC29790DDAE578
:1014900034442ACA78BE026A9D45C93A031A1BAF72
:1014A000BA473B2412BE38F1E234EC01BB4B42A8F0
:1014B000F110A82CA5AE480F0CE7FF061D4AC30C7F
:1014C000EACFBC1125D613B03B4AE345374ABBE30C
:1014D000FAB34E7FDEE85CE8E056279E12D5FDDECB
:1014E0007EBF9CD12DCD2E48DA1D2FD51036ADE311
:1014F000D9CD2F621A50A6B3D7EB03401DCCD1CD66
:1015000040DA54B3B4FABC13C703F8E44C655BB5D6
:101510000FFC4FFDE20F1D019BABC822EECFA212C4
:10152000FD1BC7C20A09EA69390639441CAA719B26
:1015300054F0C944B641DA2BB2CC9DE8AE1CA65398
:10154000B034AC7FED0330C2278EE5B6C216200E54
:10155000D5E8A8F8B91739D393C608FCB718A3D4AF
:1015600012A0CFB396522998973CF5D40935F407C9
:10157000703CE0CAA523469F3BA3A8E5BDFA694895
:10158000443F932E3E27EDBEB1F20AE1EAD8B8BD42
:1015900054C020DD480B2265C80E91ED58D41312BB
:1015A000C2A207384D7C1D0C36C61A33241F895E33
:1015B0000675823CA0180054E2A0A244E455FF291D
:1015C00051DB8AE8C216159726FE21D0D7CB4EA94B
:1015D0006F4228BB67F0E732126A8FA85CD543B030
:1015E0003D66BC2567095E13B04736DFB1D08A443B
:1015F000D1C125F79F11FA2D56777662C4DAADA4D2
:1016000037ABA5A1CFEAD13CAFED93FA5A2BE4203A
:10161000B2F33C3851212DA4176E7F08235A693E3E
:10162000D10DB4D9D5FF0D5B13020BE90ADFA92F49
:1016300081169624EEDBDDC71C0DC83F9DBD2A1325
:101640003803F4D5B722A13B2424FCCAD9BEE42038
:101650008B5C1E5EDBF0EA225433BB2094E010E981
:101660002A4FC0B12D8CE8B3ADC1CCE71FAE1B44EF
:101670003F6240331D10E6A60131F9CD2B9B352C7E
:1016800026052D0BEC19DD29176E19F62404E61D2D
:101690001BF83008BAE251E49E0CE1F29E0C4C2B90
:1016A000F7BA34C4A5034BE7E949E1AE2F2925F881
:1016B000C92A1BDAFE4D67EBF83E0C2EE9A8F3D2DF
:1016C00063D87F250921FA3FDADAB6EC3343F2EA30
:1016D000E9672AE21B1038FC1B44BF65C2C2204FD9
:1016E000EEE503287FE121A10E24BB57D691436A82
:1016F0002C104BB9454DA90D0DD40D1C21FBEFB895
:1017000009EF8D9D1600F1C7CCF2FE59E035FA15B0
:10171000DCEA390B435A3EAEDD4050F3B919BE172F
:10172000F2D11E6290C6ECADE8D7D6FCF4460D515E
:1017300007EF402636160CC2D21A41B234C79A05BA
:1017400026CAECF2DBF821F9E7BB5E44C21A26197F
:10175000FD2C1FCD37FA2433AEB0A836150CB60ACF
:10176000401D7FE7F64052F622CBA5D5CD1514A635
:10177000F78CE3FD0947440B20EBDFD2B836D5CE1A
:10178000BE4C2C0CB4161BCB27A3DF1F20D202BEED
:101790003D11EA53DBF61CEE1010141CDED016408F
:1017A000E927C7A9E112071550FED9B604BA970B6D
:1017B0001DB129FFCD26DC0DED0E1D22F58EC108D1
:1017C00020FBF40694A5E3D7ED14CCF3ECE7D8277F
:1017D000FFC3FBE83208120FEFEF1CCF2C1C0CEB01
:1017E000C140833000EF33B5DEAFD436B471E4CA04
:1017F000673512DEF8FBACB77F5709D528DBD0C0C0
:10180000E3EFE41A3FE3EAB3B254AA4E09C0151756
:10181000C2BE21D6B0066C3EEDEBCB5B4BFA147624
:1018200062370DF43AB9D70B4567A417242965C66A
:10183000F5E510661242AEFF6E6260BC91132D5347
:1018400015B2593013DD54D2AEC34B15B0CBBB50DB
:10185000909E1ECBBA020AFEAAAB4DB16105F77F7E
:1018600032D31A53C1A7C5EC6053BEA335DC649FC5
:101870001708EF6F11E0D934B22AD5471C5A3AEA5B
:101880003EDA2DB722161909C958CB2058574CEE0D
:101890001BFAC3EA55CFB09CA1D2AC5CEA4FA21EA2
:1018A000B5D8272805F2DBF3D2C625BC3E10B01808
:1018B000D2653EC735F79CD82609DB452D302A2A4C
:1018C000351FD0614BA2BD1A03F3B73657C4B5F725
:1018D000EE0B5C29691DD8ED36B42F0307D745629E
:1018E000E3B8EA1FEA07070DF022866E0CF3E73033
:1018F000A0205425CB68FDECE43E54CD55F30E3EBC
:101900003072390609116FEE62E87FD2E5D5FA2808
:101910000567132CBEE5CFE9FE5BF1293910C7C579
:10192000F746B3CC072DDD1D07CAD84A07DAD93FE1
:101930002C10BC17D1DDE3472638ED2E1A222AE5FC
:101940008F49C4B928BC0420EE0E1F1DC544E8CA47
:1019500010F950C3DA0BC82B11DA415603F8B54E13
:10196000E459CDCD6A0AA51C4237D30DF705EDC762
:10197000FBD6FA60F25619569F2D137F3819B137EE
:10198000DAD01C9F1F45F1F5F1A4C145BD3519F70B
:10199000E32CC0ACBED8E2C2333B372E1BA2ECC155
:1019A000C8AA2253E0F2B324230D19C1ECECBDE721
:1019B00016C710664EB42560FC0E4325F6F9E88A7A
:1019C000CD0FEE3AE91DA6E59DC84FB5070AFD9279
:1019D0001A9CF23D090614F02AD1A15F21FCD05BCC
:1019E000071E2E5D27348D0C0CC1F44DC806D82E71
:1019F000093B342118341B47B41A20272A7F01746D
:101A0000F9FD1D00D5F09641EDF1322BEADAEEDC5E
:101A1000E90D13C8ACD8EC240BFBC73D4ECD4435C3
:101A200022352072EFEB440026E1345551CA1FECF9
:101A300008494005E674FC23CCF152DC3F470BB566
:101A4000F83504F630F017B62F2E171F3ADAA636FF
:101A500017E12E96DF5623F5F6BD7B2B1D1DCDCC51
:101A60001BFC4037E430EBEFF71B9F4DC1B84DE650
:101A7000DEFDD129F7F2004F81BE291E87CD210F4F
:101A80004EF4396F06C2E306159CD737BE1DE3CE70
:101A9000FC1AD0351B20C82E3941AB1B3F62EEF635
:101AA000DBE0F634BB362FE98DE7D5FE7FBCF10ACB
:101AB0003A2BB0669EA4A5CF5017EE101B46EDA49E
:101AC000FEEBD52DB14EE4CA5E6CD5D22208B50628
:101AD000DEE7CFD7C2D10F0330D5C5E1FEAC4BF264
:101AE0000DBA0CD6E8F91BED5B2E44B3E5FD054DB0
:101AF000BEDFD8D6F0F51D0D3E2D48443601E9EA8B
:101B00009CEF81F8040CEDE8AB73F4DEC622E07BB9
:101B100035E200C4EE2ABC1108BC3EE78D0EFC067F
:101B20008CE31301CCD9DCF1CBBB1BBFC7C3ECC525
:101B30003ED8F1B24BA2080811FEEAF138356B33FA
:101B40003CE6A2B6BD51FE040157DD0DCCD7062000
:101B5000453721B90FFEF5CC3AD221AAA2EA3E249C
:101B6000810211B42F48BE0412F859CBE731D13CA1
:101B7000AAF0EBCA02AE07F63B04E9045F4712FF86
:101B80001937D3F9574908D8DEF312C093ECF34163
:101B900055F4C0A9BDB5F948F9040D39E7445CE72F
:101BA0008C8B904CC0B876BBC110AD02CB35712B7D
:101BB00013EED4E0E8EAB3BDBE5951EB179F4C22B7
:101BC0004D6D315ECA81CA206735C5B253559A5DE5
:101BD0002BD2D0F0AF08CFB9244F354FFAA7C29F10
:101BE00015E7B8D352ADAECF9EB2DC48ED06AE16C7
:101BF00095015CC0E64245605900E2F49C0D8C5BA7
:101C000000AFC7F40D6B17D22DEBFC9902D8AF08CB
:101C100045D7FFDABFAD9E186406BD7DCC35971D54
:101C20003AD53C43D5096652D849D145FCE68CAB40
:101C30002120B9FFBE01D314A75CAFDB0808676A97
:101C4000A96E55B9D84194BDED4AFFAA403E9F13F5
:101C5000AE7CA251AD1468A9BC5BE704FA3D816378
:101C6000FF1792B45C5765D4283C7F60A208CC442F
:101C7000132A47F12A54E35637A328C42E70F4439D
:101C8000601696E8C7F09F4A9DCE0BC917524631A1
:101C9000B62B77BDCB0BCE0EA0CBA61DF1552412D3
:101CA00005BAC3E2E5E338A86D53B7EBB1E3D8EA70
:101CB0009518B7C70A48FD503F70F5CC4D41EDE689
:101CC000269B8F9FF701B0DDB321F104D2F7021DEF
:101CD000AA3BFFBB8B66AE4C9E90EA47A932F72C1D
:101CE000D2309594DC09D6BC95F438C71BAA13AB47
:101CF000E3CBAEFCCB5B4C8A5809C64EDEDC41DF41
:101D0000F85018E14DB9618140A7DB29BB99CB059B
:101D1000A30F3E32D9F1DA0AE8549096C6AA03BE60
:101D2000BF0301B9CFC24020D32AC1BD09003DE1A4
:101D3000DD2DB0EF0EEDF55E191CC25AF3CE18DEA4
:101D4000F4F3BDCBA8F72FCE0153C5070DB6A525DB
:101D500010F804CEC941CC4B3EDDCD31F4A531AEF7
:101D6000E3221DB70EA3D1D8D3F734B9260731D853
:101D7000DA0548B1C41EBBA32EE71B0E7FE456E371
:101D80000C341511C3D4D8B341ED24D9B723BC18F2
:101D9000A80EB8F7F14040F70D02DCFCA207341999
:101DA000D6C69A0ECBA9680C3FFC13F62F48EA2042
:101DB00032CCFFCE570D60C53F260D081E65812E23
:101DC000A020B7F309386E8AAC04E0A53A3472114A
:101DD000FBE7122333CAE8DF09294F1454F9CA3448
:101DE000702CE249EE550A161D33F132A401074367
:101DF00047B7F137BBF92B9C24FC32F416F59DBD97
:101E0000000B501E22F80A72DD45DB9F14191DA13C
:101E10003F29A54E24A69EFF222A372ED9EDFB6628
:101E2000F160D851064D4130221C051E3E35CEAC26
:101E30005408F2ABD5F2B5BCFDA301A8C735E16BE0
:101E40009D065AF6BA15D9A0A5BD4C08C4E8D4C859
:101E500062328D9D4CB2C8F8C9ABC5B79122CCA0F7
:101E6000C051FFDAC650F0BEC300E6DE515A9A8672
:101E700010DD998C1D25BF50C8ECEAFBDFDA3C4928
:101E8000B0E0B111325E1109F781D9EF6B0AAA2ACD
:101E9000CDE2C3A86AF8F5004B6AF1E049CA9F0792
:101EA0005C085A2B95350290A3C347C4251DA9E1B0
:101EB000DEF419E712F0658C6A58E323D3D3F503F7
:101EC0004CF96652ABBBFDAAFC6829B142B11C01BA
:101ED0008E70C10F915DDAC0AD8BB0F481BD406DE5
:101EE000DA3E29191BAF8DBBE2D13927C92695C02F
:101EF000649BA7B1F8B6512953C61BA1D2CF49A301
:101F0000E2E8DCA6E1BC1358981A8D6E27B9BC4AEA
:101F1000ADD727D94272DB364420C77448E44EEF70
:101F2000BBC9FCA525F82004019DE6572BB9690122
:101F3000EF465E5B302DB8D2A8E0D4DBDC483DA193
:101F400006168A0A5EB17FB40AE65E0C904A3F6BC1
:101F5000B526DADF1A3D526136150CED419FB911F5
:101F60006F6CE9A4DDE1BF60C08D99EEC2E7B1EE10
:101F700035544F6DF267B74CB22754A313C5D83907
:101F8000F05B9DFEF159C7AB8E0056E2AEF334A470
:101F900074EDC6ED4310BC21AF92DBF7E3241D2C9A
:101FA00056EB0BA3CFB7D33C2B31236AEFBBBA2F31
:101FB0001CD64BB0F18BFA53178D312ED85CB83F3D
:101FC000A0E1AB6E4685C5170E234AD838532E7450
:101FD000ED9ED7699C9DE21AE88F400F3C37B955BA
:101FE000D13148A11613ECC8FF5AB9D94E7D5D3CDA
:101FF000005AA537AFD365E5F9297F9242E75B39EF
:10200000A618D47EC34E4C07CB9544A90A9A18E271
:10201000FA20FD0598B14D3DA70B374B364CCFC884
:102020002865EE5B2344EC1AEB34D3EDF361E12A2F
:1020300006E6C4CC46F03105322100575C454DCE52
:10204000E022FD1B7FF104FE3744DE2AFE4737F411
:1020500032165210DB5CC24A17402045E545EC19A8
:10206000FBD5E42C2E3645CC63F61C424F2B301D9D
:102070004F401EC91A27F3222911D2FA17ED315009
:1020800010E9CC4042401E29D4455A4013E149C6CC
:10209000612A223E4E63F60C1DDF7117CC6405C128
:1020A0008EB1FAAD225CF5A2D6DDB8365E4A06578F
:1020B000D7342DA1D0F7653923011BA1089FC2A5F4
:1020C00055011740B32055D3CD523C1568A6B7A58E
:1020D000ED25E5D73BE161F34ECDD4FA1433362F2D
:1020E000C42EAB0D183DE2FCEFFF094A7A4FAA4C13
:1020F000BFD11EBE2405859EECE031A4C91AE3F8C9
:102100009AAE18B30C5D178166733B05ACC7CC9EC5
:10211000443F62F3E32CA83A48AB5AD8DF28CF10EB
:10212000B1AC47700C3FF97F420286A44C403F009F
:1021300029524ADDC70CB3200B69022A41F9DCBEE3
:10214000DD38E6CE5F38390217D5170B4A4FF2E477
:102150001E2E622A62642E1E4A1DFE617149C6F45B
:10216000B7E4D1432970053F2D5B76D8BB24E09AB4
:10217000DF302DF1E8BF3EC364FCCA10D45225E025
:10218000EE02491F296F4915043BEF4EB563D55741
:1021900089FAC7299ADDF7EE255AE4F2095C64133F
:1021A000EDBCB7D3F4CB1AD1DF08642D35B43FC1F1
:1021B00009563651271FD5E71E4D0A1E55303BF0F4
:1021C0001B0D3D2D4DDC44A4983ABF44144F2DD433
:1021D000D6FAC3C1302AF121A0A6ED5F61BE111E5F
:1021E0002008FE25DDCE40D25800BAEBC8CD34F32E
:1021F00042ACD6151127DBEB8117FEEB9B55240D66
:10220000A0B2545751C4B3363585F00407DBD64924
:102210003E2AE9260BB62BD9C0FE72CCC846F36B1A
:10222000E2A395491A322FDFEEE5ADB7C016D1F023
:10223000E0F7F21F18214E2EB8BD13AC23260F5520
:10224000B37138BBB2DBE0311E4E3314A3DA9F3CCE
:1022500069B9E3F0ED0E8BB7DF40454B4C19F15BEC
:10226000C6213C1FBC31FB032B15CD05F11820F80E
:102270001DC33532EADB312CE0274ABADFD351E007
:1022800013F3623AFB1D36FA2F2AA032E949561998
:1022900015811D47B50AFA43FD08D72416CDBAF3B8
:1022A00052294598E1B7CEE60D8D0E44FAA4F0D63A
:1022B000FC2F33E1D924F3E9B50DD5A8E616291D85
:1022C0002447E90F05E415DC45FECBE005AA282DDF
:1022D00040DFEBB90412E849B24981D7BBC9D7AA9C
:1022E00021D2FF0F17DD1931E42519E8F606E1C008
:1022F000D02A9D0EEBBDF9D3D59F10E1D3C0ECB031
:102300002CA3070F504CEFBD0EBFCF06D72CA6A3B2
:1023100032AED1ABDDBC962A193FD02AB9230FA724
:102320001CD1F49747206F0DA9A5EC25B634F2B760
:10233000FFA28E73F8A96F1371A5DD3CEB81A36139
:102340007E9DD058F6401FD36969B0F007186F63BF
:10235000E197E46E23FF073A9957D7E5267BDDF72F
:10236000D2FB485496031EB333393926B1BD34B27B
:1023700046512EBF344279E1CC0D4F4771FEF02D0E
:10238000283549D0CE04EA9B9EAE90ACD24ED6936F
:1023900029ABD25DC6FC9223313B1C16A396CD130C
:1023A00081A775B2BF17B8ADFEDDCEF80B200AD6F7
:1023B000B6A8A53BC40DF7C916EFEEE48EF9E19E71
:1023C000EAB8B1BCD4A9CAC8FDC2035F49BA9DFF2F
:1023D0000BF40F562D551ADBDEC3D03EF0C0B21BF6
:1023E000BA1D40AEE6D90B3939265664352690D54C
:1023F00040CCBD4AC0B5DCCECEA4BAD7F051B93579
:1024000024CCE623C7A8E413CC49550BC432A34E11
:102410002FA7E31A2F4BB801CE94C0FDF1FEBACB23
:10242000EFE3AF171132B4C104103BA3250936FF07
:10243000A142BE8124DE09FBC48BD4D2CD42989147
:10244000604332DA2F4C37F88CAEF6344172A8B8BC
:10245000F3E1F260B4D318365D6BD9FC36AAF4947C
:10246000DCCC20DF171CCDE4221803522CC8AFCEE1
:102470006F1F654E4E9B48415C6B9DDD0814C64640
:10248000FE6708271C0FBB6829B5B7D6F920290AB3
:10249000E56BC7FB0A1B16051763F2D677B2F3A3E9
:1024A000F3A461C5DB2CD320B419F4E90C3D17B8B3
:1024B000DFB7F6380DEC0722BCE3E215E014D93C97
:1024C000E6FCA510B24412009FDB084E1601F6B8D8
:1024D00053C850F91242AD240EB72C2E4D7F59151A
:1024E000F5CA90611EBEF5A9AB9FE12927EBF8471D
:1024F0002AAF55B7DC48D512AD35D40BAAD91EF397
:102500001355D2DBE4F4E4FD51C516F24C051AE094
:10251000DAE022D82500FCCED6C41EF35CF234CD1E
:10252000565DF99C1359220BC0B1374C31D220BFF4
:102530000FEF6D0A22FADBE0C20CF8C3131E0E1572
:10254000BA3629E638C61C37C7EC3FDB674500B60C
:102550002FE1B6480845F33F1842150338A8E13D7E
:1025600048122316FECC123A6237D31D1360DB2AC1
:10257000061F201EC1D8F7452DFE5A1E1CCEC031A5
:102580007F5DC3431CE53556D5EECA1024D143FE0A
:10259000F4C909192C44D24BFBE63037EAEDDA696D
:1025A000EBE2224B60ECD1BCCEF6EB595B63E62C40
:1025B000FA4763CEB0D71404F82CE91F1CD8CF0C0F
:1025C0002104FEF009C311ABC608DC66ED034B3DE8
:1025D000F54556F5D74F06EC15B75A65DE434C3333
:1025E0001B0FEBEBED4B3439C7E61817FAB7C53CB8
:1025F000331D11D2CD33623604DDDC7FB8BFC7E8AE
:10260000DB06A2234837FAA5D6BA46AAEDD90ECBE7
:1026100019FD230D462B2559EE1DB95BC3F029CAC0
:102620006DE7E1FD8D2F3A5C350579274637ECD310
:10263000151D3110E50AF2E723EBE6B50CD4ED3BAE
:102640002CA4E3C556ED7FBAE4C8E0DE34C456AF2F
:10265000C1324C05D2EA8BC72D292364EEF5244CF8
:10266000153BCA3E36E9FFBDAF4CABEAFBE1C4D037
:1026700021EED967BA201B513C380EE7E8D5121479
:102680001A301DF05FC708F109E228A6DF03F6CE75
:10269000EDDDA0DA4525160450EF4528FEE5125E73
:1026A000F31D2EB0E512F9594311B944DB6BDC2759
:1026B000ABA9D1E35FD213E7B29D3581FEF9B2BF7A
:1026C0003A58EE1C01A05DD1914DF930F21D2B203E
:1026D000C1523C92AF48ABCD3F9DB89553FFC6DF8A
:1026E000C0DBA4B9061A451E1ECA1010ADE525BBF5
:1026F000ACC02ADD9EF19CAF5D97CE34132ECECEBA
:10270000F5DC522DB5AB9754A8361C9B2153F3CF63
:102710004750AEADE42010EF45E28BBA365E512251
:102720005F98815C60C69F8669A0CDDBCD1609A14C
:1027300005F2F4C84AF0FC33ABF4B51724EFB8E95E
:10274000A5870613B0A7B8BDDE5DEED7E70740D07A
:10275000C6FCCABBAB9D510E181C531243F3E26872
:10276000A84FD24930DB0B4ADF5B19C7ABEF39D139
:10277000668EC1D340FB509707ACE834E45FB824C1
:102780002352CAD9B8546552D0671808C9503D4D74
:10279000C5D9C75B6FA61CEB9434B63115B59DC087
:1027A000D521B539A3ACFA3467F54723E2FB2C00F9
:1027B000C0D5E2222EA7F9C845E3525DDA3DCAC76B
:1027C000D04CE612532EB24552161FB25BF536DBE3
:1027D00009A9E576B71836D899F704ACE2B9FDC572
:1027E00001B71D034B420B5EE2E73140FA02D649C6
:1027F000D84D6A3D303FBD40D820E3D02B37D7B805
:102800005E9F23E8D894365AC42BE414F4A7D81E4C
:10281000A8EBACE3BE5C1BF30ACF6A250C1BB27FAE
:10282000E54E39F6E84633D85D510AFC0ED0032F49
:102830005917D31BF0200A60A6309B2867CD18A239
:1028400043CCB03ED734938CC4BEE6721BC1164C49
:1028500034A5E84544DC8D92373C20B311502A5B07
:102860000B51290892A574D6F644AEB90B38ACAC1E
:10287000A82844E775F625C1DE4538D11EB86D5746
:10288000A7612D6B6F6E2ED1D0F71DD73ADB35F9CE
:10289000BF6233E7A2B7CE1081223BA556EBC62C10
:1028A00030EE27CFD0B611B0D454F12B31C2099DF0
:1028B0006316B16D8CF1BFC7E437E5C350CB08B3E5
:1028C00043DCB842B0AFD9EF19DD1C8AEE0E8DFEA5
:1028D000244EA657F267589F5F0D1C8EBE9FE8CE10
:1028E000BA0084B8EFC60FEDE1EE47DA507F4F0033
:1028F00035D569FECD519B4A4D71E5C265B6A9B784
:10290000F005A8F6A5B5C32FD593D933D6F6FF5851
:1029100017861DEA8A1FE26AA8BEABA4B78B1C5FAC
:10292000DBE1D9134B2B9208D34D34F460D520252D
:10293000080E460C5A3BBBA911BD254CF3F0F06CB8
:10294000CF23ABD0286726C5D1234A6E1BA0A22770
:1029500005EEB84714A11743288B9876F1E7D3D535
:102960001D57BA37B0C82D04B6E492936350C7AD73
:10297000323910A5A88195ABEBAAEA045143E30FC5
:10298000215A412E88B6E2A7271837FC0D710FE9AE
:1029900011D75639DC4BD6025F0A59D9FCDF55F501
:1029A0000E342CED07FED3A5264CB52A26CE290BD6
:1029B00044CDFE1F2E0900200FFEAB1E1CCC9FFF36
:1029C0003812D3B811BED038E003F429ECBA465619
:1029D000CD36ACD8D258F6CB4EF2F13FCEA537A0CB
:1029E000BF15E92210BC40FF843CDACE3E0A0DEC54
:1029F0003DC05E2F29EBFEFE573EE0F9120232D2B7
:102A0000D2E841FC16BCD845C121A420117FE1A623
:102A1000AD6BC3C9FB773792F79D1AEE262552DEC0
:102A2000A7440E06395708DB1C6E344D160A1CF6F7
:102A3000ED65AE69DDFE40CBD1BC9AAF240AAF296B
:102A4000A3051819EC530DF006AFD2215B3E06A189
:102A500022F067DA09E0A0BCCB303569F85112F5F5
:102A60000CF72D0017FC41B4110F15DD30D41AD826
:102A70001BB6F8B11ACC2F1E8140E4CBB06FE61222
:102A8000E8EC11EAA448115AB862619A0926382480
:102A900096C2F3353B131E431ED3E8FED0BF273248
:102AA00019E167381AA6C2F7F4446DE17F04ADC995
:102AB000A10CD3F6F5D8FB85FC1892A962D4F79146
:102AC0003732F1B75114DCBCD383CCFBFED6FBF814
:102AD0005D910525D84AA65C6443B50A99B3C1281F
:102AE000C9EE477444F06A5A205F2B8E459823CC78
:102AF000CB3DA39B1FBE3EA8AA2784ED23F9D84552
:102B0000D1F1F21A0F171DAA9E5AA128B301F0A7FE
:102B1000AE35036EC8B08D1365E9629D6EF65088C0
:102B20001C69894FF8193A30B7530C585E902C3114
:102B300050DAFF17BE1776D717A6329861C8920DE4
:102B40006BCC019934A71EEF64AFF0EED2FF99EF82
:102B50002C5B65044733A239F48FA542539EA10C28
:102B6000EE3D2BF149F364EF8B5F0323A995A9ABED
:102B7000DCF35D12BF59301E7941EA1A6307C43590
:102B80002B4A3A50673EDFA1D3577F23DEDF907395
:102B90004E64EB013ED0C5DA5C481FD9ADF45A6BE8
:102BA000DEE9F474192490ADAB6BF22EDAED12E984
:102BB000607E6EBA0B79049CD35774642AA15913B2
:102BC00017E70425C40B3DB0810DE05D1CEC451BEF
:102BD0003CF09DA90A62AAC154A206312407AABDED
:102BE0003D452C37D26A5A48D3BCC164A0F0C70017
:102BF000ACB9E2A7BB2B4548AE434A6515252D0865
:102C0000955C9104B2221D230D64F3F128E3CF50AB
:102C1000D2F2D8EDA22EE10B4C4536CA4942A9CDDD
:102C200033568F1D49EF14E2411144CD01F25CCFC0
:102C3000BFCE62A66CC8B325D44A21BAC3B304D2AE
:102C400036C5A5A651C9C3A1000E62B403D1F87F51
:102C50000513F716BC9AAABD4641ED0C2EB51A2EE7
:102C600025D1E81C48B61AFA0B0F12090F2A3110A9
:102C700059FB4208F7ED2E2A071B9FC8CB51213282
:102C8000E14E1ED94E1E3A113156C1F8C7D707C3BF
:102C90002D36CEC9C3F055335731EFE504210FC4AB
:102CA00010DBAB3F1CC7B35D4B2DEC590E02C53298
:102CB000FB77CE653F50F7C0519767D8FF37135069
:102CC000593AE052B5B8B0D2225DF174EDD59936DB
:102CD000C72813D989133CDDA290CE34D45E99FB6A
:102CE0000612381031129ECC9F54A1EBF7DC00EB9A
:102CF0004535FB44166CF3759FF5F62A21090E4FF6
:102D000045CEC906B9BAF6E72D167CC4EBC828F63D
:102D1000DAA6E3F704B3440AF99B04EC56B1157F35
:102D20003905A1D6ACA45C3DC8F2E099E2052FC1FB
:102D3000FEBC71F0F64BBD87C8F1920530EC3763ED
:102D4000BDF6D05EC613ED2CED063CC1ED28CAD20F
:102D5000C1A3B4BC8109B44AABDB513267F01FFC9C
:102D60003443B6D4365A95BF27026BE356A6C3C187
:102D70009748C132E001031F1BD7FCBF2CD5DBDC19
:102D80001300CC31A8282AA54AE900B2A414B1D571
:102D9000488C9EF3FAC8B306DDE14A26D25F1E973F
:102DA000305ACBE35E256A31CC48B11904F1EE0507
:102DB00049A8CF456C968A718F433EE04575AC3A81
:102DC000DA495C048248DCA5EAD6E9B5348B41EAED
:102DD000AAF9EA24CCB216FF4FA53E406810DE0ED9
:102DE00098CF3B5DD00DDBAE89295E468C0C4A1A2C
:102DF000D381CDE6BE16DFC9BE9CE2C11D55F125CB
:102E0000B059D62B3076CCE353E7C526BAD22F1A69
:102E1000E21459515F24C8EBD9E4D4F30D0E1A45DE
:102E20001F194237D4C849CFE10A08FAD89E2F614A
:102E3000149F931CA24F532F2FFA6C4A7F9FB0E030
:102E400060A9464A1659B9CEEDCF0716953DA0C5E3
:102E500071FCE86E9FF4E0B905EEB3CE47484C1B19
:102E6000FD4BAB490FE41F389CF4FFFA921FD85575
:102E700065081CA2CAEBC462D14D51BE4E0ED90BDF
:102E8000058EF4D1EE36DE9726DD64E6D9DF5C1DD3
:102E9000EE7D9CF29140C0CA29C9EAE2F9171DBA39
:102EA000A926C9E8FCADF54DA214B0C0B8D4DE1512
:102EB00017F7E8E9E7B1C3A20B4DCF01F1EC2FE71B
:102EC000D222A9A7D53289F1CB43DB2CF14FB01B1D
:102ED000E0FADF26FEB1DB4A140E1C219D21EAFC3C
:102EE00008960816838646633AA94781FA523467E2
:102EF000C7D421EF12DE010527C42DEA0BCBD1B9CF
:102F0000F4BA47F4A5A1AF9492EA17E10B1828E3AD
:102F1000981306322ED455FA02A9E16AF82DC30A95
:102F200089B5F20E24F711F30DCB4FB3441A231DCC
:102F3000CC2C2AF381B4C764120B07E3C508374DC4
:102F4000CDE9BAFB0CE9C6D5F65705ECE4DAED524B
:102F5000AC399FE32D101EF1C400D8F0AA41FD3713
:102F60000E05F93637DB49E8D2C7F1D2E40D132953
:102F70000101B516EB2BF733B05924F8B4F6450D23
:102F8000C6F40C01C9984BA2E5D3D90AAFC52814E1
:102F900043E72C01F4210B4F29BCA1CB341DB8070A
:102FA000BD29D91DA00AEFE427E31AD90001D812E0
:102FB0003810E028622FCA12C92B3FF5301207EEF5
:102FC000B3DC2522403E1545F1D008002FD604CBB6
:102FD000419A19F728EAE1B2B5FBB7240C1DC50ADE
:102FE000204A1BCC29DC21EF4847DB20AD303B1DBC
:102FF000F1C799BD81214245F6272F120BBD99E9F2
:10300000D1BAFDD7F047CDD1179DD73B54980C14BA
:10301000FC12D6C554B69D26DE4B1BA90DCDFBCEAA
:10302000EDE40B1ACEDBFA1C19CCC922B6EACC3679
:10303000442CDD90BEBFC630D0FD4FA64321F9E73A
:10304000D1B9C40621EA2633E5CEF33831A31339CA
:10305000F604F4812BFE34F2D7B6EC01D6E434DC6E
:10306000395606FDE04FC057BA0DA219EB34E98B73
:10307000F6EAF5F51D013CC10EE0D118A2A99F2C7E
:10308000254212C6C912F3E8E5D51217AAF1EAC61D
:10309000092BE2CF0EFA442333E5FCACCAD4E2D1CB
:1030A000F2CCD3C19BF49E50642E129027F9473086
:1030B0003C2B5CEA407B16C70FD4C63E0DF62B4571
:1030C000870F2D814FA6B518FC510039DCE02AAAE4
:1030D000E67DE053EC065B56B00F5EAC1E10CA0FE7
:1030E0005B3D5A3DDC57C12EA3A306339F95114982
:1030F0000037FC2E4159B1B5A65587C2B5DFDEC3F6
:103100001D445616FF923C0002C4F636D99743B0D0
:1031100002F6F11533C4CB21D0AD4EFF90603DC314
:103120001B2B128167C400B43D0E0DE0DA9443B945
:10313000CC38F3DFDB9E0647D241F5E9E725E42CE6
:10314000C34E10F3BED8AB225251DE2B69480E1786
:10315000D1050B3421121A2F5865301C2F812716E8
:10316000FADCA3A611AF3BA1DDF6DBBEDBE7B1BB0A
:10317000E54B519F133A9BC2FC2F193FD6B64FEA3D
:1031800000D30DB60DF091A1CAFCC6FBA45BF306FB
:103190009B466C2702263AE8B49BDE00133858AFF2
:1031A000220C37D0DF0C882509116823FD6EFA1731
:1031B000E9D8EB0904693BD2049C29DB0DCF90E0F0
:1031C0001BE0C821FD3759C3BDBF45BBEC22471BDF
:1031D0000D96E881DCCC98CDEDF0F3F1E002A5CDC1
:1031E000A55C1FE70252D941FB69BDCC02384DE80E
:1031F0003ECCF325A9D55B5531C23A109440A8D9ED
:103200000EDBB9114B070BBE46A246D0F8AAD2304E
:10321000CCB4C0C4588DFF0A301B08EBB80AEFE9E4
:10322000DC28E74EF8F336236631115A273222F3B1
:103230001EC61EB445CDE7FFD79B1B08E6BD9A020C
:10324000C7E9D80CE5307FDFE8E3E7F15F69C6E561
:10325000B5E0E5D82ACB17A8B0F067E807D72B353B
:10326000C61EE9CDF2CB19E36C2EA7E0D502C4C08F
:10327000CADFE2AACCD2FB0B2D3D6BCFAF34902737
:10328000CE2B48571D450E73183A2D3522E6091BE3
:10329000DB16F3C52527CB47CDCD24E9140B1E7BC8
:1032A000D3001C5452541F6B0EAFE02D1B590A4E15
:1032B00023B623600E134E5EC4B7FEC4B80118F5E2
:1032C000BEB901C51E21D011C617EF24ED4EF6E59B
:1032D0003DA2EFD0150107B45BE7FDEC0FE7BC1092
:1032E0006BEFF25CE3EADD261E3347BBF044EB4FA5
:1032F0003BED2D276D320BD7DFE4AD493B4C8513F9
:103300008811699F3744CA9911EE5A367F222634B4
:10331000B4CE6162445609EF23AE1FD755FCD96A7B
:1033200078ED4139A52C22C95DE4F1EC6663335C8C
:10333000190CD9C87FD96B1DAC973DDBD8D4A8FA3E
:10334000C64931E84C141FDDCA276A40DC2FEA8DDC
:10335000B6F3380CC6A5F4AFCEC903C55D75C1FB85
:1033600053EEFDAEDCFEA637FCF9C6322DA9014AAC
:1033700052ADD35010346542DC115EF2B6DE26E861
:10338000D5C9BC9BF42C0CA2AE0B61C8E032F00D89
:1033900069F9CCB7FF97AAB84B3ACBC3FFF0F5CA8F
:1033A0000ACEDF31D91A1D0B0F0AD7CC104CD1E74A
:1033B00012D0E82621524F25C5CAAEDE3552E92487
:1033C000E0ADA7ACE6D34617A2F0302C03B93853D2
:1033D000A540EBC8F2B32EB506DD08ED30E6FDD210
:1033E0004EB761CD42DDD11A4BCC2326D744275DA1
:1033F0002CBB03C2EE5C1156CB423AEA0506E0B79D
:10340000FC026C0A0348E69F7FB8F3EC33B422C495
:10341000FFF430DAC29C3A517334AC4BD5311B17F0
:103420005144D146DA36C208D2225823DB2205267F
:1034300022E8CE2AF9B25DA497C6FCDEE7A548399A
:103440003D0FF5CCC92D15E716132227222DBE10EE
:10345000D2B82BDFF19EFF2C2E2942BED0039B5504
:10346000E1ECDC08D910265BF7FE25D48C2D3A540C
:10347000DC06050C0CDFECA7C30CE2F5381C20BB06
:10348000D81ADEE6B109F53BDF3CC5C2C9EE2C8B8C
:103490001BF2B72DE13881FB3724E411F6CF4760EA
:1034A000150C31CAF701DD2A50DC25095F563DE3D2
:1034B000B940D149F7A5FECAC91EDA00EBC23CCC1F
:1034C000C8DED8010D2F1BF12FF9CA60253EEC375D
:1034D000F6D80F4953F5133E56EAD05107B5D842F6
:1034E000044DEA2E19DEE7CABE14E6DBC3C011E5BF
:1034F000DD34DD2DC2E60DAC725B622D2034E202BC
:10350000220DCCF7B399D1401D29441ACEC5E9CD7F
:10351000C0B02ED108019EB15312C13E81FC0C00F7
:1035200016E8F8271651BF11E3D04BEC211FF25AD1
:103530001A63D7D2C2E84149DA875ED207F6EB4B6D
:103540000BEF5BD5F84962C5E2F2167F21FB0E99BD
:103550002EEBE3F71927C1EAAB2333414E09A9BE8D
:1035600024143CE4B9D220F3D470214AC2ED1EF8F1
:10357000CDD3FCEE1D1C6DF5E31DFC09D903F9DE6E
:10358000151F39FA15C42EAB6DDF1FCBD0B5F9FA74
:10359000E7A4C33E359EC2FFDDFBF29FA1FFD71912
:1035A000384F312D5037C9010B0F6C6BADE01BA8A4
:1035B000B6FABAC1743CC58D9C765E92073899CC38
:1035C000F91A2B3B4759CD06AD35F279B9DA239973
:1035D0008DC9F8DC45FD86AC27E15EA8CE9FEAA840
:1035E000B3F72AC4D62345102F6236EFCAAA9C3AF5
:1035F000EFA6CD4B7DBC59AC9EE5A5FC1BD0E9C127
:103600005BF85F8D988581F6642412B3249DCDE02C
:10361000EC1D4FB9BA9DBAEA634298E3625B152488
:10362000010BA3EF29C8EB3775DB0432EBCDB2A653
:103630003BBEB800B7E930E703D3090D11122305EB
:10364000C218014CD66907F94F135946C5CDDA2285
:1036500011AEF707F21648E8EB5C7D42DA4B1C77B7
:103660001A19C669320F8D06153836B58B045B37CB
:1036700012811C18274B2A213CEE2FCD2253F936FC
:103680003320EBE7B2344C3B30F45C1644CF0CB142
:10369000B540315AF0E6B2222F8E472DD3BA9A6A3E
:1036A00028D2BAE8282DEE4A13608B48ACB60D023A
:1036B000E2E6394588949DB45E20A2110F0E1905EB
:1036C000E4DC04CCFC06052A085A2720F813A730AE
:1036D0004DF110DDE1DC2E3C33F4A4C5A7E75331F6
:1036E00007839F49514D1FE15D9B7FD252CD1CEA5C
:1036F000D115211CD7A9F1E5C0D2A43130DC43BCDF
:10370000DC17460FA5B5FAAD347CF71AF24441CA6E
:10371000C8E15EDC220CC13BD0A5B1D0C15133ED74
:103720001B190E0D0C99BCBD1919DE3D49933FD7ED
:10373000D00DF234A764E10EEEB34346E555B3393C
:10374000701EC7BD556BF281E604656E989CB33A56
:10375000A5F6C8D536AE2816FFFE25A8B61071DA34
:103760001F4A03BFFA1D3266B4719E49AD4DDD3369
:103770000F2CCBF9A5B61B2357A2C4B72E83D8D8DC
:103780001112334B4FA00A2BFAD853DA0ADEAA09DA
:103790001EC66704BAE7B70B5BA09B93D192B31A1E
:1037A000C9BEF0D40D32376D7F25A723CFF7AF3ACE
:1037B0005AB6D4C782F492624738FCF69FFCBF84A5
:1037C000FE2442A42CC6E5094642D04EDCDCA60409
:1037D000885F1E1AED42F065365AC9A1E5B1E2E6EE
:1037E000BF24E1DEC199E3ADFE3E24C4273AB724ED
:1037F000540505FEF848BF06D5FFEA1CDAAECED266
:10380000F858A08C4D2E22D3F42FB54CDCDF15DBFD
:10381000E61CCFFF452D40D2E745DEBEBFD840D5E0
:103820001752BEC4CEF40EB52A1D5056E407D92156
:10383000FA31E1BB46F1C6F9E0F85C411D14A74935
:103840004C253DF918E8181DF6E3562D4CDDE20F26
:10385000F328F23DEEF54F3737F67F4100C3E51B05
:103860000DD6C6D64A1235260E04E84E3409D54880
:103870004A25B64EF72C0745F7321FE4DF2EFED15E
:103880004044BEFBBE2C301FFD4057F302C7CD2C79
:10389000B2D900E0044009FF2AC1CDE52DC1F1D223
:1038A000C56BBDFF2946C9B92443369CE8F7220100
:1038B000B39F41A9C092CDBFC4C281CCD2CEFB9BE5
:1038C00059E43CBB2B44FCEFDD52B3582247C1AA5C
:1038D000E84AD7BBE5054D02F15EF7CA221AFD9111
:1038E00014B1345553CE4E44C4221148BD6225D97B
:1038F00055E5271EE534FFFD63E7C6F2C2C0D12AB5
:103900000DE9C9140921BCC35B23F5451011263408
:10391000134FF34101161BCA0898FA9ADD65D94680
:10392000B41BBA571616C4010614FCB37FD806ECB4
:103930004512E6D0ADCCDBFDDDDA4C1434C5772D75
:10394000A34E231022B93FA84AD0A99B37A861C82B
:10395000BD07CBA17B86E1C26269D6C9308412F46F
:10396000A69140030A17EC8142958EFF77DC032174
:10397000EE0BE475E468609D2A21EAE917F4191654
:10398000FAF60F3FD98E2609B31148AF0F2CEC077A
:103990003050641C8D6FEBBA47ACD91538082B2614
:1039A00019F0BBFDFF0F1570F5149E7FF36CE2015B
:1039B000026EA53F2136260528CE322112B10EF126
:1039C0001AFCD65E6431F1D3C6C1D4F648F3A8D64A
:1039D000F7B4F120B810CC0A0ED2DB470F17D72F5F
:1039E000BE992A1423571EE4130ECEE3FD0440A80B
:1039F000C7AFB48BEBA53BF213F442CF40035CCAD4
:103A00001D9F1EFEB35AD4345307EABB464430D43C
:103A10002AA6D0ECAFC010B022C545AB2FEAF720E4
:103A2000323A37A79BBDC2A259B8C4AC555BA75167
:103A3000A5E62532930401466125FABBCB017F41FF
:103A4000CA42BD963AC64A4106A4BF55DDF367ABEC
:103A50006FE35E4778EAE6EED5F938C575BEB4B2D5
:103A600045BAD71721FE6220CAD6DD48D006374CAA
:103A7000F846690E4BABDF8D6FD11B1E5ED1E15C4A
:103A80000DBA05480144548E4AF09CCEC94DC5611B
:103A9000FFAFD760ABFA36E9B6D52D09C947DEDFEF
:103AA00020EB2360AF1B7469C9CA9708FD9ED05CE8
:103AB000DA6744360BD6256142F768E6A0D6D6759C
:103AC000CCD9EF1BE71A4253683A4D455E1855E6CC
:103AD0003AEC6EE1A97FF7A90C9FA64626FB7C0075
:103AE0003E2C2B9715F3943261012306F7D8EFC8CB
:103AF000C5D94BCAD2E5AFFED0D85352EE28B4F8A0
:103B0000240BC4CD2A38D1D9F9F3B96A1B0A284647
:103B10009A075FCE23540E61CCB31F9D3A2EC31A71
:103B2000482F45D9C9EAC5D900544C29C65DE9F4E6
:103B300063FED600A626F3BF191FD2BD32DCE434E3
:103B40008872281AF9B6F9F405A848C3E3A81A52EE
:103B500016ACCA8BCE4F9EBC23041D5216BE87489E
:103B60004C537F46ECEF401ABF369CD2B0BA622C61
:103B70004A2CF3B3213D6C28E9184DC3DF5395F966
:103B80004ADA3511006AE3235E93F6A1E4C0C00669
:103B9000AB5D3C2743A488E408D500F9E3C9FCC920
:103BA000962FF4E116CDE1014CF02BDC57273402BF
:103BB000EE0924C826BF561703A7C7DDDCB7D3CF4D
:103BC000F8C7B43A06FA1DEEE1D4D33465E3D60D56
:103BD000811FBA10018AE199D4C503D5DC0D25BE39
:103BE00035FFFE29C51FE82E5A1C1223AD2C4B575A
:103BF0002B3C9BE546E482139C3774130EAEC3FD49
:103C0000C75955042A3FDB194DF046D0CAFFA14CD5
:103C10001A12D0C92BC82F42EE09D2F9DBE13029A4
:103C200040F02B2DD03E02B7C6F26C40133809BCD1
:103C3000DFEBFCDE0C0ED20C8F1E4EFB453107E68F
:103C4000CA7D084B1F5A57C4F2B7C13FFC651BF130
:103C50001CCBD00738E7CE02BFEA1903D649A52806
:103C6000E230F5E5375405FF370D023ADA1D3FCE55
:103C700048851536A5B81EF3A4FF6CF98123B51845
:103C8000D74255EF563EFB66DD1CDAF4152118E3EA
:103C9000D20CC123E1B9151FD459C8CA05EBB0E055
:103CA00091C5ACCA00302938EA5005506700BC20E5
:103CB0001F0520DE5132E497BFC9C34A26AFAC4C82
:103CC0002AACC802A3CBC4C45222230BD41DA9E33F
:103CD00036444A3721302AB5E946B63E0B9EED07F9
:103CE000071F034FC240DBD205D3453624BFE1A7EF
:103CF000E82E06AF26C443635D53C9B122D2E1F278
:103D0000040BFDD50BBE9A3F84FA0727FD7F613374
:103D10001761F96108E8D9F940D15BC2E2F522FCEC
:103D2000EFCA46B7D72913AF3C0643A8ADABC6E3ED
:103D300008D75B880801FDF1FAAFC638314BF301B3
:103D4000DCD4080419DC3D24EE07E4F4CEE1270AB4
:103D50005135D7D2F8BE371BC7163FE839B863BB19
:103D60004B257FBC1FD3DC5365F4BCFF515FF509C5
:103D7000CAE3E756AFF243C7AEDD49BB4703BE9F78
:103D800016224323330B2B20EC1623F2090E2ACAEA
:103D900015BED6999AA8E003AB550CBB59BDDB27DD
:103DA000C3581ABD284909264244A9E6116C3A9F16
:103DB000E69AADBCE5EBB8B99DD3FD916ED0B2CF1C
:103DC000E9D45BCB04DB37EC56A281AD0CAFAF116D
:103DD000E024B4E7152CFA64EB0FE7D791AF0C3B66
:103DE00064CEB4FA10B5969AB68F975AD442E96069
:103DF0002EFE8579A25222D7169CA7335337A51DD4
:103E00009C55C917940348BEB812B7AE99518F821A
:103E10001B301845CEFFA6EE3886AAE92A30AD0B36
:103E20005104C82A202A13C33FED4D46E2360D4502
:103E30000544BAD2FA33C1C499EEB48A27FED39EA0
:103E4000CCCAFC29EABBB0C2A3D84D0ABAD6E41941
:103E5000573F48AFC6160DBDF3E0A63E4941EEE020
:103E6000FE1D4A01CC3D3F24E1F85BF9B75C4F23CE
:103E70003893B7E62A172B6AA7DE170CF0EAAA4197
:103E8000661010F40C162936B93010FBD60E7F27B9
:103E9000F32FE5F6D92711C4D359FC0AE86618D8E0
:103EA000B9D935D8D6F93BF64036EBB0FDCB1AADD3
:103EB000D7BCE6029B3FB6FBDA3CCD0AFCDCC4393A
:103EC0001BEE840D16EA2F10CD259B0A1F1725A681
:103ED0009EF222FB250F06669BDDBDBAB92710F3C3
:103EE0000349DFA0810C55B8F00FC63DE9CE0BC6E3
:103EF000D5C30FD9F3FBFEA522C410C9E0ACE00185
:103F0000F103ED4F06EB0E1EB448C9302C17C9DA89
:103F1000C11BE3BF239333FFF3F1BA4ABE20E1B7DD
:103F2000D19AA45B06AD1B9C4F676DE714B9F6EF01
:103F30004189C6CD33DBAC9EF2718D6B0AC76E9A98
:103F4000A1449FB5154E0DD425CEE4A918D2721602
:103F500027ED2B1681102AA2571117071FE9655E5E
:103F600043B5B6377004B0FDDE3229F50D5155DB8F
:103F700067B613B412E237546A1791CFA95A6CF49A
:103F80005214F82F964FDED3916830F824DDAA5CE6
:103F9000D1FAC4F44EA4C3C3CF065D06A93555B308
:103FA000A107F60D974D39A8D6DFBE940D23263B09
:103FB000BF3336C129231EDAEFB240B1DABA155F3A
:103FC000E92B3E0CF9B42D333EC01DDAF5A3DCE835
:103FD0002717572340CC19F4B7DA07E43A698D273D
:103FE000BDFE092814F69A203B3D8E550E160CC6D0
:103FF000FA9106C9E516181B8BA21C11D0B5905278
:10400000AFD84C523845152FE981CD2FAD303797B9
:10401000B18C0D1D55B3F7EA2FF12F3828091A2757
:10402000BF3363464EE962A79EE8E9CDB75ADBEE9F
:10403000816B06EAD792FA4F3A6830B50022416A9E
:10404000046F3FB834AF08C2C62B35394D593A2EEC
:10405000E659150CB95596E44F36ECDAD89EF76060
:10406000F04419E238B1899E422712B190652C5371
:104070004561D6B53903393CC59BE806EB401A6863
:104080003A6A05CFAEFCD2E545532F429892408D57
:10409000395CC1CDF2EB489FCF4D5D4431171848D4
:1040A000C2BCC76EE0290F5E950FBC5476410ADD95
:1040B000A1E0D04B430F23B7C21DE824EF2C273CCF
:1040C00007E224D0BD4F4FC01FAB59EB14ADB8C4AD
:1040D00064D8D03A024981D7DB3AD7D707F54F41A8
:1040E000F2D42020D8F9C0E4513ACA2138FD311762
:1040F000BE23CC66D15F1DFDC9BD3DDAC152FF6450
:104100001BFF18D3C3C5E3B1BCC0192521B149B702
:104110003FC02429D1231FBEAA4D5E0C093919C8FE
:104120001FC81B4334E230DF9742EDB33FC61D1D6D
:10413000A6F05F4010DC25FFDD912413D84DA3F6D7
:10414000FAF7045A3E584EAFBA1F53541AEDEB1902
:10415000EFC32E58F6DBC5E5033ADAFA63081569B2
:10416000C70D022D403B077D506A9A181A367038E9
:104170000F2243FCCFFE3369EF6EF5B3B63EB6FEB9
:10418000FDEDDDCBAD18540C5EA9F8D4F1CD643A49
:104190002C02E9811038E9371FC8C1D30AE5B17292
:1041A000985C1BE055EB3FEEFD0641F34DFED8C495
:1041B00047F56F470D19D418D7AFDFAA1448AAD313
:1041C000B0E7E4FA3935C0D3F2B4B210193ECFBA31
:1041D000DEC0AD480CFEBE0FD82B7F2DBD2541465D
:1041E000D314DECAF225E4FD11F70153BCE045F318
:1041F000DFCB314B3B1649CDCD20E516C8FD02364D
:10420000F113E2E13152E769B5DF351856BFEC032F
:10421000ED36C9BA1BCF0869E1D42111E3CCD12313
:104220001ED62F14813CDF0BDADC22DFD2D32ADB4F
:1042300015DBD7C90F5638FC999523C24D17F66286
:10424000040F1B3EEBDE162EF6F6E7F60B3AEEEF0A
:1042500028DF3ADD48E40EC6940E2DFB0027BD335F
:10426000D03337113D3EE3F2F5F394EDF53DC9C28D
:10427000B9D905EB99C62DCCB5200D30A2D5AD0D21
:10428000AFF6174137C13C0442D0CAB4EDE2FCC4DA
:104290000B3318F82D0606FA505A170BE7F7BB1226
:1042A000E6FD5E21D34CFD194F8BD71808EDF04C7D
:1042B0004B64403D091C9D16B253593768CBCC2B3B
:1042C000C9CCFD1C0453FE385BD9B807F8F9D8D225
:1042D0004C18EBD2ACD30664C1730EC9EB72F12358
:1042E000BE11D8DBEAB59B9B1FC2031F6581AE4C94
:1042F000F5143B89E22C5752CF580F6697F89D086A
:10430000A417F6400CF528D211CCF63CD7C43530B2
:1043100006EA49B80E324BA758FAF2085CA7C39FC9
:1043200031FA1CDEE5BB429DD3264A39E1F435D192
:104330003EF60AE9E71139A7C8DFFE150B31FE3555
:10434000B905FF465ACBFA102D26170CF05FF3C1C2
:1043500001F9EADA57FE02FC81205E31B5E92BCD86
:104360002CE3F812BBD01C05F2EF8C6500F3DD4F97
:10437000C41A232701C81600E82D7AF85198B9D13C
:10438000A30910F6EEDFF123342F0A04CD3FABAAC8
:104390002F36BF24C9ECEDF7E6F3CC432EFFA5DEA4
:1043A000EBEAB9C0A82EDF5967FDB521F6F229F670
:1043B00000FABAD03A0D01F0C1CF01205724180FEE
:1043C000F7320106045B511A1F45F6252F1B4741A2
:1043D000D8340BFAF0BF2A1C0015D023067F86C004
:1043E000022447F1C2780ED85D55ED18B60CBAF824
:1043F000E5F62EEF2FE72CE6D1C4E926F1F72726C4
:10440000CF2AA354253506D8D8BCBB11D83AB185DC
:104410001218C6A1C79195D94163CDF0EF0F0429B9
:1044200016C22ACF31A30D2501142D86B70F05CD55
:104430002795FBB336B9C2CBE4F3E23BE6B43C3597
:104440001821C3FFE130043FDF08ED0149C9602BAB
:1044500032C1F5ECAF5169D7B2F4E1ADBECDEC811C
:10446000A921CD1406EC43F3EEE723D75D34CEBB90
:10447000BB00F52F0A2CA3B1CAE6BD0040B6D6B7E3
:104480000CE9D545FC29B75BA0C1AFD5D51B48B811
:10449000B3DF4BA45C5B410513C137B31A09F8566F
:1044A000E3683C129EC930CF33E722A8EBC063D744
:1044B000B108EFE3BA08D831E2D8D4CCC07388276A
:1044C000CBC808ED27067A03B21A5E2657F5B0224C
:1044D0005A614696BFDE21E3D4E6386AFD061E1B0C
:1044E000081DAB4B464826D96A0ACF5A1E089E8142
:1044F0009AA63BBBA7030B5EB85E1FF560589E688B
:10450000574B353C2F5D11DF63CDDB4539C84F3C40
:10451000BAF3C2E0A212C52CD4D41BF6FEA5E1F07A
:104520002B4CD6FEED03D77410542AB1A815BD311B
:10453000E224FA20F4A3B0FD7CCA3EADF5D3F8170F
:10454000F2DB02EB17A9F61FE32AC1071DF80C6E78
:10455000A3F4DE5B1B12CCD72AD597CBFE0AEAACBC
:1045600027EC260F4AF92B37279028971BB2D09FAC
:10457000C3352CDB533600B8275682C007095D1EB1
:10458000BFBA560189F7A099F35FF92EA43BD41264
:10459000ADB205EE3ED503F5F9A959408116E50DFA
:1045A000230653D80537DD97D8D640354D4E44B74E
:1045B000FE1CE3C1AD2145DDBBB7FF05BA59402262
:1045C000ADDBEC530F137F324712D1B7AC44EE2A68
:1045D000A9131926EA2B25C7AE0249E0D214D20846
:1045E0006A1FF4EEBFF6BEF9D21D425A18083F0505
:1045F000CBB1A9FEA63C322391AD52B5EBAB17CCA3
:1046000024F7B95FCFE3EB526D160F9A31CEE71D59
:1046100030E60C0E3AD7F455584AB8E744C3971A17
:1046200068F93904022326AC4114C5035E25F01550
:10463000EEA058463129F9F81A0358C4D20AABF74C
:10464000DD51FF37BF77494CAFEF4DE63B530EAA24
:1046500061FD23A10797CE1B3BE730F244F2B9D3AB
:10466000C6E51CEDABE9B6CBABFE1BD4DC1430D8F1
:10467000EC3809EF3A2E424A3B9B57A8A2ABC5EB58
:10468000D5AF22D26236337F39242F3C5200ADC4DD
:1046900044D5CED72C002AD8DB7D2210A4F64C12AC
:1046A000BE0FFB211A41E3DCB9FDD8F7C9C71714C7
:1046B00006F60F0730EBC0345AF6EE322F445FDBBC
:1046C000E5F500269F0A814A263D09FCD0E0E7EC8B
:1046D0002648D528E32C2DE9FBBACA0EB7EA2E0DE1
:1046E00030A9073B40F23BEAB6C14FD51C2CDAEFAC
:1046F000DC000EDD4040D53FFDF8FBFEEDC3EFD101
:10470000061BCEF40614BD021F0E0E0CDE131FFC9A
:10471000244339274D3843D9E8EBF61C8DD318B420
:10472000C7D808AC5F0147F92C9D94A5FF20430B27
:1047300021BBC6C0B035F2B62D6DB5CDCD22C4C9F2
:10474000C221F0B72B1918EC60EDB2062DF130CD77
:10475000B92BAE4410E4154EECC450E2D5E5662703
:1047600024F5DB5173D638CE03E64E29EA9DFEC808
:104770003C31373002510713E363F2B973E453E37A
:104780003CD35488A91D2B17FE51C3506502A7CCFA
:10479000A37F3EF9384272ACB5AD9A30CD2ABE1433
:1047A000EC4FB638FCFCC2663140C837DEBBE05483
:1047B00029081938A4B91F6A59DED5DA3C18C2EFA6
:1047C00023D13021F61613C91444BCD8AC58931821
:1047D000213091DD29225B3FC216080ADC20719F3F
:1047E000C12303FE419010AC369129DEEC0DF0D9C7
:1047F0004222E7EEEF12A0993467AEA7CBCC480A6D
:1048000061472DD202D9BAE4141C3B5423FC57E271
:10481000F2EFD8DBB2CF3D14E281CE91B200C6A454
:10482000520CB045CDEC3F74F471B6E9C36A38D58B
:10483000E6D703562A1E115B488108E651E030A0F6
:1048400050A8BDF4F2BFC2DCA1B5F7DFEDB53C6600
:10485000E2D32C4C352B50A8ACB4DA90D225A03F33
:104860007311EBA8F01BDFFA4B97D227656F43F962
:104870006003DB2CC6A6B25C1128EDFA080B5129A7
:104880001EC72E25E8AF158DB459A4D371B1669813
:104890000BCE52A296B54456A86AD2B35AE44752F8
:1048A0001537CAE9C941096E0B3BC9CB0B353054EA
:1048B000299CAC93F7B3FE50E966CFCD5313F7397B
:1048C00096C35EE401304B35B6CB02549625B73221
:1048D000E8BDDC59E1DB6FDE744E27B33CC11DA39C
:1048E000A61AE9EF1C517D608126033561407645AB
:1048F00049DE1AC1FBE7B18628296D3A1E1A789A5B
:10490000AE064CE929C2ECE73855069EDFB7AC0F7E
:10491000BDCFE7C29FFEABABAC9AA183F7041A21CF
:10492000343CADDCC6A51018323D1C228AF645FA8F
:10493000D9AA000F66F90B3F2E7899CC39AD2AE839
:10494000D5E45A0DC60838EEF91BE4BDB84C214039
:104950009F52CF07D23100A5E99ECBDA85FD2ED537
:10496000750728D9DD1C3658FB0149A1D447562AC2
:10497000D513C5E081E7890B1B1865E024DE3E15E1
:104980004267ED1136153332CCC3DF3BA04ECDBEAE
:10499000CD00443FB46406CC90851F59B432153223
:1049A00046FE0230193F06B25488E97322B0762FD2
:1049B000CDC6FC29ED55CA55BC2F9FDAB7B3064AC0
:1049C000F933905E045CE60B360E0BDB05B7A9D914
:1049D000B862EAF7D80CC146D5CE3E0F085EF35553
:1049E00019CF007F653D4DC3C654D4053BE24C440E
:1049F000D61F00C3E7C84B2420B597C03165081700
:104A0000D33828A81AD9B1FBC56DC759B527A268F4
:104A100095A660E6B577F2ABA5A91FFCF4116C6B07
:104A2000D6A61E81E343CBC2A6B1CDD3EE33E72495
:104A30000039B0363F131ED241DB94272E3160C4BB
:104A4000440EEFEE0FFC052E612A0FBB71C6ABF1D1
:104A500010D6AB0AC34C7C14CDF5FAC81323FA3533
:104A600024588A6503C9C144D93C40E5ADC4D11678
:104A70000CC32043D8DDD00BE047C9C9CA03BD032E
:104A8000E25AD4F822B01A5DD06849D006BE0BC2F3
:104A9000AC3340C60A525EEDB1E6AF48C157C7021B
:104AA000DED71B3CEC3C492CF7752C497B46160C99
:104AB000E043455D19C50A223B3C205AEB233EF8F2
:104AC0002FE3F9419F0551E3FB03183F9A2E31680C
:104AD000E06C13470CF66C350711030FF23E3E01F4
:104AE000E8CB55107FD9133D60194C301DEA57387B
:104AF0000F0322EB4953B93CF0F11F050F27426A1F
:104B0000DFC53941FAD3DF2F420D2D10312D1907A2
:104B10005A1C6915E764211F17245D6A3DC10236DE
:104B2000212B21BBE3491CC2D9CDF139E81CD302AA
:104B3000E3AE13A9FE4FF5E2653B4C4FA724C59A9F
:104B40001124012DC9ACBD252D3257D3065340D4B5
:104B5000C3471521F832D412DEA5B7D7F7BDCCE193
:104B6000D70956DE3105D060A3991EB504DE541274
:104B70005C10C4C4C7CFD6AC4A08202349AB2D1A59
:104B8000142DC69DD3A208B6035B1B51A645EF1298
:104B9000F649591593FAECE5D8D6810209342BABC6
:104BA000CDB26E53CAF93A0D4BB36810020C265BB6
:104BB000E5F756E11314F0394918D41AD0AFBABC4E
:104BC000EA08B8BF25DCCFD60BB1B8ED3CE2F5550D
:104BD0004F02ED1C321B5ED2BD45E7B6F137D0FA6D
:104BE000A13331C9BC43CDE43E5E5BAD4B0B29BE66
:104BF000EC530A656F0FB681CCAF207013142EBD35
:104C0000F4ED08653FEE18EC01A404D8B06100553E
:104C10005B1ABF20C6459F45A355FB1FA401114148
:104C2000E74FF1674A2CFE0C0CA63CC3C3E1683B7E
:104C30004CCF1B6DEBDE1CB74CF3273955EB4342D1
:104C4000460DC2C93F16BE6FFD347A37B0C1C313DB
:104C500038D204B33307BA1AA941427F7C31AFD6A8
:104C6000B9F7FA11441907F1E0090ADABE1EF10991
:104C7000B95AD49A110F4E0FE562AE75422EE1D3A8
:104C80008EB7BE5043BD620F37C6BFBB522E4A27F8
:104C900069EE530227A49BC4241B4E31A99A2A0E05
:104CA000E328D54A18294EA6244047C153E8CDB57C
:104CB000CE1A5FB0E3DA472232C326A6B2BCCDFFDC
:104CC000160028D5401D392BFE043A0CDE4AC91DBA
:104CD00048511742A1434BFECAC858C39BCEDCB80B
:104CE0009F0536FAA2551608A41F07DBE2190F54D8
:104CF000022ED9AFEE413D3E4FCF25C67FE4AB3803
:104D0000535144CACC12D44FE72AEF511427089EBE
:104D10002AC0A137C8592DCA1F99E34C69BC56C097
:104D200042BCDABC5D4544B77D222C680DE4E44109
:104D30009F2DB0211669A2BCFB19697F5D9B7893FA
:104D40008D01EFC2C4D8A08814A92BA75DA819C3F0
:104D5000ADD55AC6CD6862C317E28CDF29890D6FC5
:104D6000F6B2680A0EBB0A49329824B95566292260
:104D70004F52DFC85A95BA6A25B254355ED8A84753
:104D80001DB7F7BC767539BDFA4B54A542BEDC2A77
:104D90006AB266925584A4FF143FD78A36AFE54DB8
:104DA000C10B6AB79709F7C2D346B438633FD14CF9
:104DB00046BD39D4A89D58BFEA18104050BE2940BE
:104DC000F538BCFE4281D96590B514F36526688D2F
:104DD0009FB3FD22749EE523B3E0E0CF4506A437E0
:104DE000199C199DAE55134B2916B4D8152920B21C
:104DF000C9D432E759D64569B9C94B4BAF4808FA0F
:104E0000F950FD63DA9EADD116C1C688613BBC483E
:104E1000A41D2B5541054BD1CE8CC84DB3C9D52A05
:104E2000A4EA27DF01DD13FBD614E7A028A0C1F612
:104E3000051BDBDCC4FBF110E406B92642DB1518C8
:104E4000E5E63B270EED073C42CAE8CED5F7E9D4AC
:104E5000EBD20714E04D170D0D0CA2B1BE1E0CB322
:104E600011BEF6266226E9E3FF01E8171F14F613C8
:104E70007F23FAC33A5EF23E6C2EC4D94E36D90473
:104E800042E1C3BDD51FB3239813C34AA6B91CF78B
:104E9000F13D21CFC058BC95E4093EF422C90FDC96
:104EA00064BA0D04F969E43A19AC25EECC17D35E67
:104EB000050AF2FCEAD224DE14F9F7EE5F18312479
:104EC000DBB0473E143DE44281D7B8012559C08A82
:104ED000E2BE15FB674335221CF7254DF103AF45B4
:104EE000B8C529CA104BEE47E545BC6C2448C2B48E
:104EF000AD09A6DB58374458C7BF3367C82248C539
:104F00001026E53061F14A58D3EF34DFF8E4131A84
:104F1000D3F910E80CA4DA6BE5CA06EBD158BD4E04
:104F20005CC04FF5B757D6353503D9AD1F2FFDDF20
:104F3000E3444357B8DD4AECC2A3CE52AE4C2CCE6C
:104F4000A5EF0144E51815B232F059DA371FC35402
:104F5000B6C225AD611FD1D4AD30C8F52AF9943958
:104F6000A84808FF2C73D52B54FCC526E641D9E18F
:104F700055491E7FBB613B5E57D825AE11F1EE4A05
:104F80001DDC352469D85B18B0F53CF74DB2BBF297
:104F90002DB9934AEF94DD06EE1DC7D751F5C537FD
:104FA000427466AEBE1C1A92F6FFE0A556B9B06E0A
:104FB000BDB1164FE7EBC135E7AF7933384365CD67
:104FC000D4B6EBDAC70D5FA1C2F33FCF4013AF03F6
:104FD000964DE9F0250D6EECEA21ED64193F537B07
:104FE0006CAA51B64E0421619EA38272CAFC165B64
:104FF0005150F8B09BB1D84F9E1406BC20A2154565
:10500000F92E7F533A0BD23EF072E8CD2915209F3E
:105010003ED31229416D2F4FA46464E8A131C69D8F
:1050200094DFC61D2A37E3C28CB7C0CF1DE510033D
:105030002FB291F0F3A630E2CB4D0F53FAC2290FF5
:1050400037AD2844BBECDBC6B8520008F9B9B3D879
:105050009821DB5F3D4A11204B07C547D7E1BB34A0
:10506000B9BB06D513A2C6A8F0BB2028D9DDB2EC87
:10507000084334EB0120A03A9E092CFECDD6202B0C
:10508000E8AF1DC9EF81DC95E217D801CADC123008
:105090001D236002B4DA2CD435DD3E0B281D08EA4E
:1050A00023D497B236CEC11528B2D7D4A7B1CFD466
:1050B000F0C83DD9FEE8EEE3123950CE1A813D1119
:1050C000E0E5D9F63E1EB927125AC8FFFADB28FFE1
:1050D000D8C3B2F50095A9FF21BD873C204EAB583F
:1050E00049E8641B42054B90E5CB066A9ED94739D7
:1050F000402BF150A0EB39A9128AF5ACFC19C5EF91
:105100005CD05C38D3F9435709D7080B0087F6E821
:10511000E041E9060FC7D0BECED9A32F4741F754CF
:10512000A46316FAB6F925C4FFEFFBD16C20CECFED
:10513000382AF65C24D7B8361CFF191F36E804F16C
:105140004953EC0DC2FEB807F4B33648241703A642
:1051500047E13F39FE4941D81E4AC8096B0623661C
:10516000C6B5813E14AC6464D6C4BB30B3A5D60EBC
:10517000E4391DC9D049A02E22E019E1E2F6DBE3B3
:105180000A3526C9B8F25A5245D2FAA34CBFF108E3
:10519000034150DFFDB245D1CC5F52D5FBF1215523
:1051A0000D4B2164B416B632771BB3C60B585D6243
:1051B000E04E6454B465AECF9C28EA24C1A33D20E0
:1051C000B82FBF43451BF5450A35F206B0F0E9DCC0
:1051D00068FE19CF2AD1BB1393AD88BA5F9C230810
:1051E0003111D829815CD3AF659E0C572BFEC36B60
:1051F0004A4EE049038D48EF49B3979ED44C673837
:10520000015D9A0A4FD4514149999EAE7B3AE01410
:105210000E9B9F256E1A9C63AADFC9FCD2D13C224B
:10522000B159EA3C3AF5D7ABB25DF7591520DC44E9
:10523000C4EA09C151110892D616436038FCF1FB4B
:105240002FC12307C90D12B24C18332B3DB4EDDC2E
:10525000BA28E94AB5CDAA3D605CFE286835B23B64
:10526000CC9A510C30E604A348A4FFB4D7CB252D2B
:105270004A27074376DBC4C7AB72032130D9BBB0E2
:10528000CA90B5B50A81EFD4C0B7D6164BB218652F
:105290004AD214365DCDF4A93AC16E73F4D2F64702
:1052A000B500571B5EDF247F25B53AD8EAA2B19F2F
:1052B0009713EBEFD523FC585CED12989BCD4D0373
:1052C0001AB50E4331D304843FBDDBCAAA5521E48D
:1052D000B1E9C9CE2FB5ECF71E5DD21F0BFB17B598
:1052E0004B17920B09CCEA5BFCCBD1D90D8B203844
:1052F0006807D3FAB65704425E981B14C33A3AF7CC
:10530000A9E735A54BD4C704D0505600D68C92DE01
:10531000573618DCC83E583C08E6B90D3CF7F2CECB
:1053200012C0C7CAA4E9441ECED7FD38E2F3A58156
:105330001DDEA8ABB8E9F006332D2CBCC8F0F15245
:10534000CFCB0DB2B1DEFD1D2A1DC9B44BC5A528BA
:10535000AEC61C0DEECE0902FD129CDF220DE6E466
:10536000D4090CDF254B35E4D8FB259DE455A1502D
:10537000021FA73DD73D20FBBDADD0E9B888C911BC
:105380002BBBDA52CABACE09C11ADF215F1AFDAAB5
:105390009454A7CEF11DC71843D10AE4DD3335EF8D
:1053A000D8C88CC2CDE50F04E4BFCF44EA480BB1A6
:1053B000B5B4CECEBCED2DBDDEFFBDFFF71C6285C2
:1053C0005B1115F4C3ED97F36823E004FF9E2C7581
:1053D000FF23C5A8B547FB463E3A1CE0B9CF502F86
:1053E00009DFDEA4CC0A0C51E3D52AF1670539EABE
:1053F000644218DC5A43E5EAF0DBBA1AFADC39EF0A
:10540000F41DC74DD61BBCBBA8CADA029F02AA3046
:10541000B2392B5FC77FD6DD9D200A2E06F340A44C
:105420005011075BE8690BBD43CC1109B668A8A20F
:10543000F5209F580CD9A2EB9CDD07896419AB02BB
:105440008858AC509C2B44EE5495167F6310F1CADB
:10545000A7F8A205CEEAF5A8FB95C75B68D9A229F3
:105460001A12C544E1C540C143DE33583312060267
:1054700004C6D7622958821719EB2061FDE6581A35
:10548000F51969CCEF61E4EAA5ADE199590603DAB3
:10549000F13839D18769132104B64BCEBCEDDBE17D
:1054A0004DCF46398E05D62FC9ACC731FDB4AEFD00
:1054B000F35BB405D355034CBD9E333E0E0494E517
:1054C000AA2C14EF460E11962833EEEDEB431EEF97
:1054D000269B12A25AB1DC459409E534614EE422C0
:1054E000F8224B33E74A3BA039124941CF23DCA5D0
:1054F0002715EF1DCFBC7F0A88123CB4CFDA931575
:10550000203CB0525436509804E9C11EDC0C3208DD
:10551000DAD598F00D12E256B9FC238E4621DB4015
:105520002BD645345027AC11501709F031DBA705B5
:10553000523F50BFC820EEB3D5B9A60F71E2250F78
:1055400047C1D9FADB4D9C81B03F28A9C1B87891F9
:10555000E34209914834C8AEDBD18AAEAED09E1486
:10556000C9BDEA432855293C69FAF258B21260DAFB
:10557000CC27995ECB5E776D1E6AC84451492D05D4
:105580001CC731425843EF32D9D72EB6E822E9C9B9
:105590003B4E0C5F4B10F1B0411CE269E10F5FD252
:1055A0009F3FB557C22AEE44263B3CF012D7D6B6F1
:1055B000B20C2A47D9041BA9E5FFCCF3094F2133CC
:1055C000AD69320CA53D5BCA52F8EEC52F4144E7E8
:1055D000459855F0BC08BB3FFA22D32B153BCEDCD7
:1055E000FEC07F3907BEDBE1FD1DCAF878862101C8
:1055F000269634DC4400D0C922EC3715D015F33799
:10560000D2A2BACDE24422D544B955F101C5D8E4BD
:10561000DBB0CDFF9DB9E74D46F6DC0DFBFC501726
:10562000D2E70D79A23D34D24DAD032BEA3CFAD935
:10563000FA584ADEEA1341F08E81A3CC58E6D20E26
:105640001E6517540B21672DEB0EC8EC4516AC9A5E
:105650002A1C1501F5AABB070139733E4809C02A67
:10566000AB0E58F6FC24B9C5D828A2368532301CBA
:10567000E2BBCD17D459CA3F9DBDF5E40938AAC491
:1056800091250B1149DFE7D628ECB6CA0EC0CD1420
:10569000F6ADF9355E1DAA69B82D4B8E0ACEE3F63C
:1056A000130ED9E4A303E0BB06DAE508242AF8DFE9
:1056B0002F04EF532D67C506E1B30CFEDCEEB341BA
:1056C000ABD54AFE485A5FF83612173C4CD6FB1B46
:1056D000321A1110E2C91752D220FB31677F074CF2
:1056E00016CF4A4C592FC4D5F2DDA2DECDC931E622
:1056F000009201BD020922CE89193F182407EA064B
:105700001806FDDFF50BF7C42DC02E25FFDCE0C029
:10571000471293E4D9D4A74EE53DFD34005FAF2096
:10572000E7DBD91FDDE004EE28DC5BE9D5D8ECD05F
:105730004B3526D344FBE5BDF4C6DFFD0C6EA6EE6B
:10574000FFF2C51BFA3E52F6E7E234FD4604E7CF0E
:10575000D7242D3C061C153595EA7F3E37B5BAE6B1
:105760000A3949433FF5F626E6C7B40BC8100A1EAE
:10577000DFA72A34000FC4CFB8F5542EB90DB038C6
:105780003A62C757CFD5F020E2A0F8161CF6E7D052
:105790002C1ECA172C2AAAF42E392B4B0C39F029AF
:1057A0004DE92BA2E723621FD7D232D4AABC100541
:1057B000E3BE1DCEAB28AF3FF8EFFB05C7C3C43235
:1057C0001213581DE3252ED3603A250247C3EFFC80
:1057D000FF27F863B1E6F83374CE134397F625EA52
:1057E0004A514FCD481367D31A460DE55FB7C545FB
:1057F000EAF32B1D68502ECB56453E4050EB7F47B9
:105800000205D0C0E7BDC710B766E2EFCB1634473C
:10581000C109D9BA270D1EC0FF9808DFB8004F4351
:10582000383E13F03964183E25A5A40FFF44284CD8
:10583000BDEB6E17AE103DBA79925F7FC7E5CE70B3
:10584000A996B46D346C47400950F1DEC8A3BED9A7
:10585000F754274640CAE2095C5E0D4CD2CE35D9DA
:1058600091DF9356E3DE156F43F7A306E6CD05BC43
:10587000EF252BF8B61625BFC731BDC4DA52A605F1
:10588000EADFA35D6B2C1F5ED24B332CF1BA3211D1
:105890007DFFFFA8B7CF0ABB12B46ABAB23CD3955A
:1058A0004BE3F3EDC9CB12A338EF159B0889AFB5D5
:1058B000031847A8E91D08CEECE92FCDB72C3C65AD
:1058C000B3DA05F1162CF1E8D6FB45BF701540D4CC
:1058D0006A17094531B3D193DA396CA8E840BC0B9B
:1058E000B02BF4240F7F02F06A2DCFF70FD19E5A10
:1058F000F7A3544DD2234B1BBF92FED1E7D327CB46
:1059000061CFE5E82BFF13151DC903F204AD839C9D
:10591000F1CAC90E3CB2CF1D1F28ECBD26D5A29CF2
:10592000D61FD407BA779822E3811D1BF2E028998D
:105930001A57EC162BE304CA400181F843E4A2EFA6
:10594000E059E0E5D35E031FD9DAC1F7FB9110A45B
:1059500067AAE0D12111A435BC6EAE5CA2FCB933BC
:10596000454230E2321E1FE939DD478CE1246106F1
:10597000C8C3BBC5FF4B3D9C45BB08199368342E7B
:105980005740D22528F6ECDEF9EE11361FAC411354
:1059900025FC10B0C026FDFC232FA959B264C1E438
:1059A00032FD01B4136B1B26D6140ADF5F4C1B2497
:1059B000E8C0710A0CE9D205706924451C16E4326E
:1059C000390CDD03322E6556EF4352F3E9F0007FC8
:1059D0005759D83EC7054834160B1C434644266524
:1059E000F84122695322BBE6454C595324E4DE2C8E
:1059F00039550E1F363249E854F607B769FE6B4237
:105A00001E1FB82A200C4BF1DB7B4E223957083E73
:105A1000C2F4092FDD30333EC966497F5501780451
:105A2000232B1F603241D0A952CA572FB4E7B91CAB
:105A3000562ED00BD7C025F90722C36A5BB5EB59A8
:105A4000F9C7D05DC2EDEB3FD60E4E62F4B21097AF
:105A5000DA3FD9160B3E080221592E3D1EE4D5BD72
:105A600027A9BAFC27E9B97FBB2FD4EE37ADF3B92C
:105A70006B9CB0AE173A2726F102FFE8BF3C381DF9
:105A8000C09A15B2BDEECFB3CA28CDB2E5CE189AF2
:105A9000C3D7E3F19C2E1154F3E95BFD00FB8DEDC0
:105AA000B286AF50C2C328F0525CC58AD2E4AA2B9A
:105AB0005C2DA1262D6864810FCE1F5164A0E69B4A
:105AC0003AB71697B81CFF67468DCFF5B91ED20AB4
:105AD000AC1DAB9E6CFEB32714A64A5C06FD52912A
:105AE00015C25BEDA9F210F828DCC563A7D54D1AE5
:105AF000AE620F69E81C34FA45EA8A03E69B56D287
:105B000039A898B54624CB29EBE6461DA9C4F6442E
:105B1000394A4A1C9DEF510FD293BDAEBB5922D1D9
:105B200014CDD7FB4B1E3305FFE0D306B6C9C5F035
:105B300018DC3D2AE5F9CC0A0634C6E418AFC6D70E
:105B400017A2489181E6131C2D1FAA2435CCD8DE5C
:105B5000F0CB12BBB5FD573913BFAC9A1DB404A9E5
:105B6000B03694341BA94C99FCD6DED04844FFECE7
:105B70000E3AE7270B0BB8E70511EA2E58BE09428B
:105B80004618FDE0EE3195F3C6510DC62128074FAA
:105B9000A83FD44423421040391232A9C6CA23CBAD
:105BA000F8964354D3FB1603E9AFE54D4957E21984
:105BB00047012B13C92437151BD749DFC61AC7F273
:105BC000C001BF5EF92D13449CB9E603F6171BDE36
:105BD000E83439BDD4EFFD43B1FF7FE20EE5DF21AC
:105BE00013F5F8F4014F48C1FEFB3DDBD6C8E622B1
:105BF000FBAAEE1CEA2A381E0D2B172AC5C1C74C7A
:105C00001D4CDF2C26D656336EC14B2B3D161BB0D8
:105C1000221B2DE1CC34B31358F2CBC42CD20DF897
:105C200032752AE68145EDDAACF90B2A31D5E0135D
:105C300030352DBBFDD8B9943B6C44E52B97A104BE
:105C400023C0EF2301E227121D53CD2ABB56F4BB1C
:105C50006DE347B24AFA682CC70D510B350B356C12
:105C60000EF3D6AFE839080C5FC1FDBA1D1814D386
:105C7000C1CA01055FEE6FB7F59FD8DBB8B00EAAB9
:105C8000F8200C5347E24839D8382D8816E1FFFC3C
:105C9000E6940ABF36B2A711C22AEB224645DB10B2
:105CA0001EFFD1F5EC4B55462A715015FA48FC54AD
:105CB0003F4646CA19A8F7D340571243AE0356C50C
:105CC00028CF03055745C94E4B3BA622C51B35BB04
:105CD00035F6B5282CD1F843F800B3D53530C7D206
:105CE0003106F2B7C8E7A312289E150424C18B63BE
:105CF0001612093C59F743F1E0E5441316EA3EF762
:105D00006CC64EB1D7EB1DE9D23AE745E5FCD40E9F
:105D10003545DACE0EFF3408A99E4B07810104F603
:105D2000F45DB98E1AC108EBE8FDFDED9A009B8188
:105D300045FF41C494EBB02FD362D500B7E616E718
:105D4000F9289F3FE4E2E32F401016E37DEC291E83
:105D5000F8321AE4FA2BC84232CB47E39FB101BFB5
:105D6000395787F62322B275AE4501A422E32AC42F
:105D7000E7161F01B6B2348A203A2DDD5C88F39312
:105D8000F51B6C4AA6370323144423E5F9DDE5E54A
:105D9000116FD14408496B5005129A483C14EF3FEB
:105DA0005407A063BACFCF02EB023806D525336083
:105DB000D81340EA7FD706B0E405AFF5FCD6E4EB94
:105DC000290FE4E7EB65520A29221C0AE62AB715D7
:105DD000DDE55F56C4AF2C040303FA1F552FC4F74B
:105DE0000CE3BFC447D50DB3AD33BE71FA28C21260
:105DF000C1371CD90BEB5C5B3CDC17F356F7C3CF08
:105E00001316E800DA38E9EE1BEC3516D0D42C175F
:105E10004A3CDB4715B0E728371C09E27DDC3EBE73
:105E2000ED13D1BE5D69461BFEC71AFFC44FEFE8F4
:105E300002E4BEA8CBEFDBE5BDE1F1BE2FAA485FCF
:105E4000C1B8C849FBCFA341E8492C0C5E5731B813
:105E5000EE0D8941013D3E0FBE1139F9D306F13BEC
:105E60000F16E1DA1D5941A92ADC051EDCFBB2C27E
:105E700030E1CD0B10A319B915B74D336DC108D55D
:105E8000E2A345DC2C4F25E3339EA8A44F8193E089
:105E9000E2F7C3D4CA04E0FE4F1604B25DCE9D5FA4
:105EA0003C38A32A913620B71ADF40154B0934E855
:105EB0000E3FEB0BE1D8F91B379A153852DA855DA6
:105EC000EEC108561C1D4648B23BD7C12D59AD1F27
:105ED000D30BA43AF2E92AD8B92063E5EFF5F5F639
:105EE0002F50640BAAB514E7F5EDA85ECB3C27FF55
:105EF0001805CF140536F3F5FDFC339AAB1238E7DD
:105F000037EFC11636083E1CCFF3CAB1AB37B49693
:105F10001ECBD7F2D3AF417F340CE20DB719A33CAF
:105F200004FCC884D6639B203740EB34E61EA3CE26
:105F3000D34BA2F9E5A0AD14434FB26EAF4B07E5CA
:105F4000AC05D82A8EB415F5186083F69ACCCC65CA
:105F5000F2112F28DC6CD05B7F17A6E9249426AEC3
:105F6000C32FEB1168A8C5F98DF59A3FD087EEA332
:105F7000A17EF445B6E9EAC26678AC9C66D4594F76
:105F8000DC092412E68A4A90D73E4DBE46E658C147
:105F90002BD83B45A651E52E97B34C16B25EC5AD46
:105FA000D001285CD05CD92B5CB0C5202ADCACDAEF
:105FB00049F0C4FF17BD04FDCD1C244B0EDDF4A336
:105FC000C8DDD2F344DD1B9F17B724C82C07B439B2
:105FD000861C1C1E4F0C5DD5472A186B2D5B45F7A0
:105FE000F804F0E10215D30011E1EEF6563825DE93
:105FF000E2B565D0557F67634115B7D5CD64FB1118
:10600000BCCB1EEF123903E83CDE33F3333DBF0F48
:106010009F21F34C05E838CED12439B04ACA5EDD61
:106020003EB6ED090E26E6704AC8572B81FFABC479
:10603000C52DEDB63C47343146C3B1DD3DA4040C5B
:106040001708A8C95E39BBE53253F3A1A6202FF685
:106050003659A02EA46105A1FB6146CFF5E0A0C191
:10606000A8BD0AA7E4020393461331ADC5ADE42BE6
:1060700022A81E4F53EF1C07BDF76126E0E7C6F9C3
:10608000C5FF04F8CF0F489E001F57DB5B58EFC8D1
:1060900026AB212B202A393C1B1327ED50C70B20A0
:1060A000CE011EF3EFF8235196CD93DB0147D115B6
:1060B0000DED261703E6E2B217C0D9CEC2492AFD7C
:1060C00004DDD112C0BF8A553C14C4A70AFC9BF75B
:1060D00020E1BE1BFFF8325ACC1199F3EFB1E3E88F
:1060E00006F000168A8102A0BD05EDAE371040E52E
:1060F00041C0D3331FA88F2DF8EED4DE32FFB81B7A
:106100000AA621FBAC05290A9AD72FBD9933A44AC8
:10611000B3DFF3EBFBA5B0BA07EAE8F6F541CFCC65
:1061200063F7F5A9A11BD5101D9AEFBAEE7C2BB52C
:106130001319039BD9E8464742ABC5F9CCD05D9A09
:10614000AFD5486B94F4ECFE77B59DBA5610ADA070
:10615000A629BBE424414C45B8D163A181D4AAE36C
:1061600044A5A7B6255B99DEC8354839A5C854743F
:10617000E9CCE3FAF5442FC0420E17A9C642A4E4C5
:10618000E8D6F92607EC0120AC322443AEFA477674
:10619000AAD311F3E2F16C8CA076D6DF3370A2089B
:1061A000A7F691E710E1370C6D48F6F517AB9C5850
:1061B0001E923500625C6AD216176E29127FFE01AC
:1061C000F2CDD394BAF1EA1ECD8F5EEAFD56A8BA9D
:1061D0002520580F00BBC1E5FAD212A25A2E413F2A
:1061E0001F5F5663F11B3AF0F6DC725BC65093CB2F
:1061F000E9044672E2103A2AA63310BC4CFCF207BE
:106200000921EDC6EBF49F8EB34753B14A52D1FE3C
:106210004610A2C1EB408FB576F6B5349FA3B90204
:1062200026EB04BFF1D0B5E0411030F0733EA1245D
:10623000D1ECC070D40124B5C8F2E6462110462046
:10624000A92CB1E5E566B017EB1BE648B93228F991
:10625000281D342E3AADFC0AC7FAF1605D01046ACC
:10626000561F0CEAFF02FE07B6CBADFF9FB0575199
:106270000B110215522EEEEECA3E372FB77F024B9E
:106280002AB7DB4D34E0E4B5E23FD6B20139E46031
:10629000E4BDE2DBCF2DFF21291216BD193A1EA95C
:1062A0001818B2A550E2EBE7DB83B0D9B42EEAA40C
:1062B00038D23733A6FBD7EA14AA6E453A31C14A21
:1062C0005781040EB72CC736B59E0DC54D3BAEC0E9
:1062D0002EE6013BC1121A3D4DBBA13CB75FD44035
:1062E000012FBA996A08F76192CD0164ECE7C042C8
:1062F0002278ECC1876A9882CA5AFA1F3F5DC81992
:1063000046313D07620B3B9E54C71F9A6ED308E08F
:10631000F20C46B365009876787008B3A35BC01B97
:10632000904136FC49F54EE939F0F10239FF454B11
:10633000FFE442400F22AC6905E5C6F6C8D24132FF
:10634000DDFAF71838C919D62046121D7FD7C02CA0
:10635000E0502DE61E49F312443E2AC3403E376DFD
:1063600001B5034136E63F4CDADFCCA5113975CFD4
:10637000440E12BC2E2FDFDA281DB023D57743320E
:10638000E04D2F07E3309427BA2AEE54EE061E2C78
:10639000AD0308C7F6CF71160B01F1DE0CC8396DDD
:1063A0003FF1FED1B7C84A9F21ED59E4394FB84BB0
:1063B0002EEDC7051ED806D200CB112E0DDFA0FA98
:1063C000B95FC6230B1146E4153B2D7851222BA350
:1063D000371AC525F8B2AB3C00D12B4849F0B8407C
:1063E000FA124B6513661B1B21B7C0D6F4F6C7F033
:1063F000FE811434DAD64DF0DBBB4D39F44F96A351
:1064000050D0BDF9FB0732011C95D20AE21C1BC219
:10641000090E87340C9D811B0F1E46AD48F6CBAE8E
:106420002ADB295534EFC3D0E8FBD20E06F1E6E6AD
:1064300000383AC02F440E3DF120DF33B1D3F1FBD9
:10644000AAEA51E7463BE6B51EC0612CE353380685
:1064500026F77FFC0633E4EBF5DF38440058284587
:10646000CC2FE653D4FCC0CE0F0BC4073C18180445
:10647000CAF3EC0C920056111A142D01BAC9113648
:106480000ED0CB154CE956C43CF12DC11306F801D2
:106490001A23321CC1F12CB0403235073CBDDDE47B
:1064A000B426DE09F2361A06A8C98A5326030DC39C
:1064B00039570A3E9EADABC043C698060D055A81BA
:1064C000214E0047EA04ECE35959A49D29F84126DE
:1064D000CC339207FD06A9C16D9731F024E876F719
:1064E000E5ECFBDC34BDD59A481792D931F72AC1C7
:1064F000452C441F63EBE1DB521A1E2B57E10216B9
:106500002B2CE282D6C49DD904BD9F1E92B80E6981
:10651000DE1006D7302911FBA7B4B94ED4F92B0AE7
:10652000456492ABA850B948EEDCD78EF425242FF1
:106530000A978ABBC4CB6EF84D29BF9C376CAD3827
:106540005427C9024EDD99609D1972BFC66651C9B4
:106550000EB2A141120238217A356B8C38BA166519
:10656000F054BAF9BA077C9201E501DC2B8E1911BF
:10657000E7952C666B3D6EC489BA48E812A618CA26
:106580007BA86CC1EE90BE5FE09F6DEC38CB744A87
:106590007FCA33A68E59B0DB415868B6D8092BD4D0
:1065A000AD06D936CE50FE0279635225BEB4E24B19
:1065B00020DF56DBDD0BFD143261A4BE97E097F0BF
:1065C000FDE3BF70670822F715F2B8230AFB635D8D
:1065D000413A6230F4673A24F917EDB56CAB38CA2A
:1065E0004781D712A02163E65235F133BADEDEC10E
:1065F0002F35B148F21BF4F75345A195B49C3836BA
:10660000B982AB56CA43374A093A4E49C901041503
:1066100011A2F66EBCD06B38185625DD1232C2F7C7
:10662000CD1DADABA5BDE3602A2E691A03409A9C2F
:106630004D96F11FE72C15FEAFF5C6DC5930A93D8C
:10664000E60A2071D729A781F9503EE7ABD9E018B7
:106650004BD523DEE371C41C23E8E66BE3EF1A4558
:10666000C8DC2058C6E113A4E65D5B0C5202D5F8E5
:1066700094B84309D82112EBD0243AF637D0BB475F
:10668000303D06CA441ADCC9F21750ED26CD3A0A4D
:106690005451B0CD19DCDE29F3AEEC659B1CAEC3C2
:1066A000F71399A1C5D0447748B023F6B2DB323452
:1066B00095BFB226CDD1DC2C5D063D63546AD3E68E
:1066C00000174FC4DCD4DCC563C008F9D72D294CB2
:1066D000E639B1C904B37FBCD947F2BCB8E406D1EE
:1066E00027A1C4CB0ECF2CF83B0DCE17D10F33FC16
:1066F000D676141B7524B33FD5DA52E504AD404E6F
:1067000037E241D794564BDF4BD1CF721A3CED6D37
:10671000DDB468EE734204C8B404A9AAE8BAE9C7B4
:10672000C42919DAC23E1D47BD0A3BA7FAEFF2049D
:10673000DA0F0E3CC207D6D2C9612103A9151CA0ED
:1067400046D7EC06FC3F22282C4B2AFFBC2405FC34
:106750002FCA1E62EAE01F046DDFA1B21EE6F2B985
:106760000696A05CE83360AAC128F9BA60EA0EB5C3
:10677000DE14FFCD08E90052E4A3B6AEF5D6D75536
:10678000F3812BACA2B5B64D233E4359A848E03760
:10679000F1B4322E12BE1B0714E6D766C0DBE6C08A
:1067A0000BC7FA0007101B162128CB25BCC31A16ED
:1067B0009F1908072CD4C1E563C8EB1807D51198B9
:1067C00019D33EDC130DD8F13CDD000AEEB5BD3E19
:1067D00003EFE342E2542E3D06EFACB7A281D7CDE2
:1067E0001B349AD136A02CD2F5C850C1051730D72A
:1067F00023EB34AE3341E79D091E9131EFBE20D724
:106800003CB7E48FF6E2ABD906E3E71BC324EF0203
:1068100011D8081DFC194FEAF7ADE2DEF834E23278
:106820001A26345E06E3F84698B0F3A5BD9BD2471E
:106830008B5A2A8CE013C901C3F844D9A6C4E56475
:10684000A9172368DF13CFBE9E8AFDDEC0AF8C9EE2
:10685000D318B820C5E8962EC7BF62C83CF582E1C0
:106860003E262566F592B3EB01E7055F57C3B19C61
:106870005DE50477C681A86CC13F7603ACACC1CEA0
:10688000715EA15E49C64762E26439C10AFBD5D791
:10689000E14B5B3917A3D9021B1BA269F3F429BE94
:1068A0000C9BFD35E7DFFD81EBB3C7E807C7BC43B1
:1068B000E8F2ABE49A0D3BB8F3A9CD10D1D30611A1
:1068C000EA4C3BE714A23CF6A623DCCFC8542E4585
:1068D00007DED3D1BDDFC2DDABB55625325517C7B4
:1068E000583D081BEF0EA519115B0D3C1DD24455F8
:1068F00025521CFC4D25C22411224A5441140D2A54
:106900000143F502B0D3F7CB1E09C7432B16B4B130
:10691000FE38D6DF193E4DD795D33B3316B38BDA0D
:1069200014D43AFA982956BE1DDD323F4EE7FEDDFB
:10693000E3CA16D54C4F0F1AC994D702DBD3DF5DDB
:10694000BC6126DE07404730EBF85CC0A3C7F818EF
:10695000610306DAFAD39FF4810C3EDCBF1015EA1E
:106960002937AB225C140CCFC54D812512CEBBE775
:10697000B72BDE22AC214ACDD7C7D3BB2DFD931454
:106980009BE9CD4BE5031923FAAA4D3C4D94CDA7C5
:10699000EAD1F7E5E511C0D2256139DDE0BDADF5FD
:1069A00000410755CB52690FCAE20F32FAE9524053
:1069B00032C83DF9C3B54C520A06EC4611DF40C05F
:1069C000681DDC4A3EEAE53D430C4815ED01ACAAE2
:1069D000C8DDC45BB936E44AF30BB6C0EE12A92D8C
:1069E000D6B133DC54C1D8CED945C663E5D6F1174C
:1069F0001CB635DE4A522245D825D6CCCFC612DA8F
:106A0000AF0E0F39587FA1B4B1470D705B0832CB80
:106A1000C9DB740A2FE5C59E54EB77C93BFD65F8C9
:106A2000D42A92DE56D13DBD21E03A095E4E58B0DF
:106A3000873679C7F38853C4FF81E1EA13CEBA1AC7
:106A4000AF91169F21CFDF2F2B4CC397142C86DAE2
:106A5000BD69481D0703431516BB22C7ED88C59BBA
:106A6000E3D0A74EC3956D5DBC94419BC0E354F445
:106A7000D5E81B13CFF846A91D29C9E5519E40F35F
:106A8000FEC6251BEB0644FF63F54EC4C6D2246147
:106A900066FEA608996B3104EC38360602E1492AF5
:106AA000FFF65E81C73D28465BB10126F7CBF116A4
:106AB000E24AE1D69143C768C15EB4121AC4240108
:106AC000510BB1668353D90B06E7B7D923C6197C9E
:106AD0003600B5F9ECD14897092FBAABA7F3B4EF5C
:106AE000335B8DDF23EDEAE5CA9E3C6259E94E2D0A
:106AF000C9E98BEB54772171E6E5BCD62D5EE57ACA
:106B0000247B76505702DA8A6373710CB1B2B700F6
:106B1000385D027F01F811575CD2625EF61DF9AC58
:106B2000BFFEFEF3F7470F26ECB8A3C112B5060966
:106B300033DC00EE36C91D404D410141B8BCC613DF
:106B40002BB148EADFD6C40616F1A0D6BE28BB3664
:106B5000B7CAB1E7C84634C0123428070AC212FACD
:106B6000E62E81251F09E6B024A42EF0ECD31F2FBA
:106B7000D8F628E8F92BC8DA0B19A80E15C84BE28D
:106B800050B5B5BBE4F9CA272202F942E823E7135E
:106B9000C4FA49D9CB4425D723FEEEA50E2E33E700
:106BA00046D90441A102E321D4D22A2C19D64ED3CE
:106BB000483D57D01DFC4502B5D201D2EC17C72481
:106BC000F544BF3C3AFA3EB8CC9AD82BE909FDAF60
:106BD000D0DA1CDB4012B4FADF3430C7E21D17E90B
:106BE0000EF5CD10ED023B33B02D9A05810D16CA7E
:106BF000BFF5B5E30BE86304BECB02470B130F01EF
:106C00000FEDF1E0F516154A4CC84527D5C54A31B8
:106C100028C0041006C8C2E9B24E3E1031FFC7E0DA
:106C2000A03534D2A16CD20AA8C9E70E0F11E6F341
:106C3000DDD201611FDE1B034721004F3D5645BEDB
:106C40000724672AE0C2D412E549CE14D5BDD6F197
:106C5000DC3CD259C4454C170A1B424F10F8F6E5EC
:106C60004527CBDF3EF6EB00E2E34828C4B97FFBC3
:106C70003F202D020F70EDF83937FB4E516DD9537F
:106C8000D60FF6A403C1BEE8B5006716D02052ECBB
:106C9000CDE002EDE466E59F15EF743CA6D63BED32
:106CA000EF95BFFF6AD244D267C8119C191D21D04D
:106CB00026353AEA34EF31C34E1F034D2EEB430B1A
:106CC0005F4E1381BB99D90FE037AEE73A57CF0536
:106CD00039EE425903F528B24F499E1606E404A343
:106CE000DEF147132AE2E402D1BC7131174AA72B27
:106CF000EB3E175148CE9EF8110151AB62A354BF31
:106D0000E7B6E0EEB69DD6DEBCDEE1ECEA78B4266E
:106D1000CA6B68583BFF7A264B48CF1AD1EA5BD240
:106D2000A82BFE11FB5F05931EA333C29241472798
:106D3000AAD05B00301CCC1EEE22B212F181D6E14B
:106D4000605AF1FD13B55ABC3EECE21B0A456606DB
:106D5000B4CFCAA497C559F13B5A539D01F1D10351
:106D60004B42B8E7AA41D3A78127E2AEDA10D6F4A6
:106D70009082D2550B24DD09E21965D246D8C04B6A
:106D80004C7FDB381EEC40B3D7F909210F2805D022
:106D9000EADFFDE08B49484133054E14751515EFC8
:106DA0007734AF400F03C1C836CB6145CF24FBE336
:106DB000071B5046BE3C11AA00B5BFD1C136B5D4A1
:106DC0009E28DE0DC43A56D4C6E1210FF556FFA227
:106DD0000DDD440E0611D412C91AD354FBBCAB3CD2
:106DE0005EFABC12E2F0F03216428A34B3EDD2CD34
:106DF00034AE85DF1ED13D338125230B8C20A025A9
:106E00000E2EA826B91A55E9F818341005C6331203
:106E1000BAB3C3C55288AFC9F82F46451A51AC1151
:106E200096071ADDEEFF347F3A50EB33D04FCBF4A8
:106E3000C5110BF89FA83AC1DCCDA50FFE6108B4BF
:106E4000E0CF673EC4FDA528133C4257BBBAFAC544
:106E5000C19019C065F1374FFA08100B3F46143343
:106E600046A200D96DD33DA8A801D8382998E2E2FE
:106E7000040ACFA7EE64C8AE4B240DF0123F0F41B9
:106E8000DDCD2823F51ACC3CE8E39F5D899837B126
:106E900002E6FEB2D6AB0A074116E4CE4DE04B2324
:106EA0000D9138BBB6A84AEED8FDAD34F6B4E83043
:106EB000ACC0048C4B4A2A254950591C9CD7F7BDBD
:106EC00015B765F660232014D53EC8BF19CD81AE35
:106ED000311B09070FC3C7D62B5792103ABEF2E3F6
:106EE000F0670EB4D265420D551C67AE634BABE242
:106EF000742BFDD3A6940AF3D930074A5E73C8BB3E
:106F00000F531CE7F71049EF9AA2C7C559F6E43FA3
:106F10003809BD2F9D4D6A6849C4A0D349D404AD3A
:106F2000FC4516573B3C4B34C041180CEAD806BE12
:106F30001DE2052954425AB2DDE805DCB4F0ED0348
:106F4000ADE8E7FFDE2201DAC61BAFECE6F9BE16BC
:106F50004F4CF241EB2007F3B5EB7DB3DD48143C19
:106F600049F7F82DED65DCF10EF5B627982FD00C1A
:106F70001EFE1A01A25C2DB5ACFA2A391BBE2E39B1
:106F8000AC1345D542EED97F650413D4BBFAF7168E
:106F9000B7F0E3B70995EC4CF624C85F393DEB4DEB
:106FA000E5AA12CCAAC2C64D3BBABBCC50D50C55F3
:106FB000FBB3A03D0D002A6131344036541012530A
:106FC0003E39EF3DC2360B169D773919D9FCDA49A7
:106FD0001F3FD455187F42C74ADCA0F65B431E54BE
:106FE000216D00F232962F02C39EBF2E27CA4A4A55
:106FF00011BFF6A3CC47BAB3AD5D03DC1AD71E317F
:1070000000D3A670C1F8C1DFC6F3E42FAF21D608C4
:10701000404B77C9F2DE176E54C54DADCF57E6E54C
:10702000F51C1CCEF1A7B31DE3E2050CEC8D2E245C
:10703000FFD52F392A33D019B1123AEB32C7CCD44D
:10704000153B2A2E03F42CEEE308FCAE4EEE51283D
:10705000112234CC1EB00F12E0E5AA9408170F1AC3
:10706000F10B40CA9D52DFE52BD31EEF2217052EF0
:10707000B596C835D0F24ACAA82141E581EFC2E3EE
:10708000EAE1FDF347FCB5524CC9DBFBC90243D230
:1070900006E32ADFC5FD2752C925F9284135AE3A56
:1070A00004DEC1B455221435C63EE8C7E3C7D5DABD
:1070B000D434033D3CFFF318550BC61CB6D7DC3067
:1070C00050AFD5E2B900C134D250971EEDAC195182
:1070D000E2DFB1CDC2BF40EDE119F3E4F20051C1EE
:1070E000ADE5C93026E6ECE013E53919B933BAD37A
:1070F000342AC2BB2427CECD630BBB374C000A2EEB
:10710000F8F109B929D517C081F3DEE1361534A7A6
:10711000CB29124BC0D7CAFFD0E90626D4C05F05E1
:107120004C48C43319EBA05FAF2BCD1FCA46DFE23A
:10713000E66E01DBBA2EC448CDD1790856AE9E5218
:107140001A1F39EA68300CEABDD865B2E1BDD9D85A
:1071500077A4E62269DC1DE656DB62180179FB198B
:107160001BE7A9DDDD3FD0540F4339B8CA060287BB
:1071700025C110E4C8F7E634362024661413BC1C7D
:10718000D633C309CBF603131EFCCCF01BD0126719
:107190004A133D3729DC532911E21E81BD3F5A0FA6
:1071A00081C632B9E08EE13738B7E3D6FBD2A4E925
:1071B0009656563FAB49F4C05919AA35F68EDC3BBA
:1071C000F743583A26ED10213D4151FD9F46E10518
:1071D000EF49FFBDF64DC068D761AEE607E01CF58C
:1071E000AE1595C6BD5AE30C05F7D64B33E8C44D32
:1071F0002947B797BA0B11EA2802A6A51D3EE84712
:10720000B9F4E8BDE4D1E2B1AE4EE7F21DED4DB107
:107210004102CA25133028D623EB5A36666030C7A0
:10722000B1E7A109D5BA54DFCEF2D5F82801B2B33F
:1072300003C8F0D3CFE013E60304EF02BE3AFE0F1B
:10724000F1F807EBBE0306EFE50D36B05349174ED4
:107250001C0F186D04FC464ACEF6E42623E851F2D2
:1072600048F04CFEF018D435FA18D007DE0FCD7F69
:1072700004DE0115DA07B5E0250D2BF94BD113EB30
:107280001C3AF55DFDC5F411F3F1EEF81AD31DBDFE
:10729000F325C7C5A5D80E2C29F1EF2EFA30DB4314
:1072A000D162240DC7D438F50AFDECF8E5EF35D3EB
:1072B000E725D449413B2A21372A3EB71BE23E3B12
:1072C000F0145A160047FD21ABBC29D13DD5F30877
:1072D00029D44860E4A8BFB0AFBA7FD40D1C421EC9
:1072E000AB39002335DA513FB319913C35C2433BEA
:1072F0000BDCA72D5222E3F9B3F92CD815531C0649
:10730000E6281B47344A0E31F99735B6EC1ACEB74A
:1073100012211BBAFFB01FF9CD5415B03C272ECB5C
:107320002E6559C8E2A6FBC4C34E2733A5D3065029
:10733000B065BACB231D11D8D6019B230FAA2C0709
:10734000AFBF5938B49B8F47B8D2FE96FD24662F45
:10735000E8C6F5E54F71B917C3AC25457F00401F5E
:107360006C9BA9CAF0974108A932ED2A8F1F20EB28
:107370004FE3B77A20A2029D322A3CD6FDE7ABCC80
:1073800041440E996123FDF8B66610FA4C0E98D868
:107390004DEF9B6022932829426116D2124C62F075
:1073A00025333B18002C23D0046E481DECEC2FD560
:1073B00042CB150307F135230CEE1CDD25599D6CDE
:1073C0008810D104061936D198FC392945023E248B
:1073D0000CD63A0FECAA9D48830D06304C1FF3489B
:1073E0000A2EEB43DE1804E434E6906C89F8324D43
:1073F000F4EBC40FD3EA334C8FC23834C90813EC12
:10740000D7F11BDFF3CE31561CEDC414F7DFD8BA29
:10741000E5FE34F1E5819A05C83D10BF7AE6E6073E
:10742000E849B8FBD0F94806F9443F066223C1E2B7
:10743000364D31EE22BAF8F4AFB41C0ABE3D2943F2
:10744000ADC01D18C607F835B22450F611FA0E412A
:10745000FDBC06BC353D4009B5E1AE1C0010BC4486
:10746000E50F3D1746E30EBE2CF9C9ABC43F666479
:10747000CE9C2F4C170FF8011A152D09F117AD0EE0
:10748000E902C43BDE41E0060812CFC2FC1C2E46D6
:1074900027CE40240F3232FFE2B33C32D6EB367FA8
:1074A000B1F93B903FC22ECED8BE64BD683EE246E5
:1074B000651CE4A559DD89213EF21B7BA939F3D671
:1074C0003E4057C26BAB5EDFB6C48D3D5A0D012501
:1074D000BFD1B3423B0B5468A7E688A4E8949EB999
:1074E000652FAF28EBF73E0613C541C2935D1D061D
:1074F000CF4FF79651B9D80B97F87F9ACBA9F0D612
:10750000730B5D3EE3AA3894D7EB431ADFE4E46BD8
:1075100065B71D9DD6B2C041275D8443AD52384644
:107520009D55B2F90E5F1E3D07BCDD4B6EEF050E9B
:107530001249C736BDD0FBF3020E1233D1271AF021
:10754000F4E4E31203D81927DE245E4812CE13FDBB
:10755000EBFDC5D9EAFDB8E8CD320C3F25B6D7F72B
:10756000D813E010404E031014D41EF6D72627E59A
:10757000D6D030EBCA0146ED3EFA0ADE04052E49AC
:10758000D3F747BBC9DFDCFCA7DAD0052534F343CA
:1075900001C935E4F335EFF34781DCBFE83F23EE63
:1075A00046B664F20C6AA8A5EF0550CAA51E695B31
:1075B00015ABB17EDBA5B1D93ED60836C7B9C91D1A
:1075C000352CB14E64C6DB62199DD3CD390DCABCD2
:1075D000DAE603C8F70220F23C61EBCFDF3AA96C90
:1075E0007FF82C5A6418188AFD50A3FFAF9562AD3E
:1075F000456E33180A005B0447510D51609C4534B9
:1076000038B4EEE37009B5CD88279068C75E32A61E
:107610002551ACF348B4900A3BFE60554BFFC1C402
:107620005BCB1C03AB26DCCD4B0933091108EC2BDB
:10763000213FB6076241C3B4B1E507DA56BB220465
:10764000AB3B0DE6EA04E7E116EF130DB723320377
:10765000DEC6FE9E50C3B8FF0238173F106A81D8BD
:1076600027DBEDD2D460B64302708347D3E6C0D5A2
:10767000B3A0C934B3C4F4C1951828FC0F01A0E726
:10768000C30BF721DF31764244F24AAAEAA79C9E57
:1076900012D10F2DD4B5D40BFEED23FD5410C1052E
:1076A000F9E20EABCFFB0929EA04C1E237EF0BB2D6
:1076B00004D1C0FECE01BFD90DE7BCCE0BE508C793
:1076C000F6CAE29EE110C1D81C2BBEE2D3EFD21E57
:1076D00008230F4FDF0FF5298B2E81C5C4A701FCAE
:1076E000F9AAB5D110A8DCE9C5EFD9C8DFBEFE44C0
:1076F000E3C0CAD5ACF9F71DCD01B31E50DFC719E1
:10770000CCD9D3ACEA91F68CC614B20AFE0FAE40C7
:10771000D634E40A26B80B01ECBF3A5BDBC1DD0EC0
:1077200035A4C4D3E61CC55202252BB05038AAB6E6
:10773000B94B14427FCF44DA54CA14A1D5CCBCFF54
:107740003DAEE2FF5E87DC16CAA7AD3BFC1EFD2204
:107750000A02552717D664B6C66300E71D580A44C7
:10776000F63E45BEAAC76AA92F5FAF3B33D1F4AD41
:10777000142DCF3B9D44019AB1532F0AEB40E420D6
:10778000373BD9584DEB5E43505D2C1E49E51DB388
:10779000B944A562CE4625F5FEB0D5A8E654C2068A
:1077A000CD12E67FCBE94ED93BDE1C02532E08F00A
:1077B0005674DB53F2DE29F33A0D3359E97819E7B1
:1077C0005C20104DF1552C1DD505DFC0EC1EB5ED2C
:1077D000FB221CFCE4440E28D5E30CF3DFD1D7498F
:1077E00041D6186E5952F577B1302E0ABA545FA0BF
:1077F000012A2DBB35E7670EE4DAF410AC615CC4F6
:107800000C51CBFD300FD8BD3ADF61372409157C10
:10781000212CD337C900DFDE3F34C84143E3470E94
:1078200000C8D89AA5EBB4B6C49CE1D094A3CEC648
:107830001689EED6D0C9DD05F72E1422141091C397
:10784000E82223DD115117D1FE963D943AABECEBC3
:10785000DD2D9E2CFCE3BF0C923740163616FE0B36
:10786000CD3BF23284DFF5ABEADC905FDE50C99CA1
:10787000A4FBE75A19A0E71CA9AFAC87EF13BFF828
:10788000B7D0BF284B0F0EC081DC35CEE124E19D7F
:10789000A8BDF90D220300D90FA2AA45FD181F109B
:1078A0008F39A117204BCCE21346D34E5F17CFDEA2
:1078B0001E46143528ECB23ACE4F9D36D0E434BE85
:1078C000E8BA0D44B8E581F0D84C02B50CF11F1FA1
:1078D000E8E7B801364456F9163C081DFBDF39CC01
:1078E00031B3FCB7E80A31214ACDBDFEFC0C760568
:1078F00002EEB4D2022DC9472941AA321211D2098F
:10790000CD930215D2089832A40612B2F7FF0F0CDD
:10791000D8FD493BF7EBDC03D8F2F460D7D34A0C2F
:10792000486C4AEE004F6D0F1738E0650909B9F54C
:10793000122CE23307625E10F1CAEC1C66B0F71439
:10794000354B362AFCA2CC1BC92C261E54FAA42285
:107950004D5021B2F76228C05B58B03C7F21FBF14B
:10796000B4EBE1B3632DDA08FE4265D70039281A7B
:1079700055741D506504B8743C2FA450C2090AE820
:107980008BC61D1A21C3F8F9DE4028B75FCAE43B55
:10799000B5C81E671356D846DDD15ACB903B142884
:1079A000D7B226DB44E32B1010B412E62528030CD3
:1079B00029BD450F04090005CBB9250EC0EF03FB17
:1079C000C519D52D1F404CC2D809D3C2F609522B78
:1079D000EC03103C1EEAE3E216097113FB01DCF72D
:1079E0000422D918E6341D00E17FE3E2BAEFCB3E72
:1079F000D7072D59C1EC3010D9C939E9B6CFC1D755
:107A0000E74F3420C93A4CFB491711382B8ED4B2BA
:107A1000344702FA0EC7A4F1DB0CCDCF1FFBDA030B
:107A2000DD36A9B3CF7C181A8A6900F5DC35FC4B2A
:107A300037478E479C325FF4F3B3EAB6D3DC0326B4
:107A40009B0F2C4B19BAAB3025EE46391D5FF92040
:107A5000401F1DA822515F7B3F45027F2CB89BCA67
:107A60000509EFD8FC3E5CB75C439ABA037746231E
:107A70001A54041B2CF911E4E8D3E07A9303B2788A
:107A8000DFB51296BC4A17D5AF394807A2DE246786
:107A90002D11CAC9C863FB5A07DE5C45E33C399225
:107AA000361706D0421FCBFD034A2AA87B89BC8C1F
:107AB000B38D6F5E0AB152510B6246D918D4396743
:107AC000EBFAB4D739F8F02E3F258E961F05E30A5E
:107AD000FB45ADC32054225A6DBD98F448205F2F5A
:107AE000D4F7FCF6F3AC129F2086147FA76B148D9D
:107AF00074E33B54C4531870F8BAE1ABFCC7A33E1F
:107B000070C9C8554EB7024758C0F8D1DDCD8311B2
:107B1000A38B8D6E5A91C3DDF9F39EB84BF5607758
:107B2000EFBBCFC6A91C4FE8AAF2FFEE4D9B76D95A
:107B3000E1F35B06DBB1A8F90C0619D6E636C51FE2
:107B4000A11BC551D5F4DA1CE2EEE817CF10AA9FAD
:107B50004043BF1462EB52079B2D0F4AB03E11A960
:107B60005D3CAFD701CE72CBAD65AF52E7B13CB64D
:107B7000A7AC1720D7D716A919104BB2AD09B8C6B4
:107B80003047EF18E1AF2B141534DAD72B65109975
:107B9000D2345081CC050E9A3F071E4875395016D5
:107BA00046EDD0853DB318E8FE14BD45F4A192031F
:107BB00057E10650A1430F1B7F7B201647D75B0D73
:107BC000B8209258B7E5D7D90F57A2C06C4923F413
:107BD0004B4124B1420C3314BD4DA29AD9E43FE08D
:107BE000B82115D49DD9D353F3F1CF2219D1B8655B
:107BF000C42F30022F17AB826FC3130FF0B228C708
:107C0000AF2CE2D740C94ED85541C7FEFDF2141E35
:107C100047DB9534EB725043C02A12B3D848B8FD05
:107C20003CAB0FE0DA3ECE54C61816F906F8CA0C83
:107C3000E955322110F500A238C44A52E637FD81D9
:107C4000E7E13DC3B5B29EECC130D8D3103E2DB9AB
:107C5000E72CE3C3DC5314FDEB21A110690CC1AF89
:107C60008DEBBFE0EA2364031E4B530C0795B1ACC8
:107C700094D54AA93C7AB5CCDD294E474BB2D31DE9
:107C80001DC95295CDEDAC4CE5EFFDF12DE93B6EF4
:107C900039F6CFE4CA482F904CD2E335F232B5180A
:107CA0001EB142DBCBBF2DC25397252D52F753CBCC
:107CB00038AD745FBEB108B64B643306BF10EF2613
:107CC0001421E5C8DA223B04EF51DA2C1F341FB728
:107CD000F9CCEAD247A8CEEBB03AC901CCE1CB242B
:107CE000810C251C959CF03D0A25BFB9AF0FAF1B39
:107CF000B020CF3A9B33EEF41C1BCF84E623D92C63
:107D00002CA73D6117334645CBC5AFE11C21CF9071
:107D10000DD7AC38C71F02B6214BCE3E096F3439A0
:107D20002F3A493114FFCC3B0A4A15D30CF9DD1325
:107D3000163F465A3ACDCB2424E13A3AFE1A4BC1BB
:107D4000F1F93D26395525003123421225DC0E1A62
:107D500062E105E72ADA2101C1405F200F36FEE724
:107D6000E6C82C0514011D26EE220906E2C82BAF39
:107D70001BE8296CE6167F4DF8D8651043EBF20B33
:107D8000613D3722EEE828320ED73904DCC9D7111D
:107D90002227412EF8EA0CD9EAD657EE59111E0CCB
:107DA00096DD06EDE60E2DF5F9F4D932031BA91B7D
:107DB000D3B6DF0DFB1D962A1CC8E237D9DB44F190
:107DC0000BAD1F030903E2DF0C468C0828F600F810
:107DD00009F05F5CF7B7DBD9F8203524E7D1EE393D
:107DE000E7E581A83336CFB7723754DB39BF4ADBBA
:107DF00035C00FE93CBE082330F91CBCE02ECF5241
:107E00004BB73AEA124143BE1850EFCCBF0F05E81A
:107E1000E5D0E8B3EC0A4F21FDCBE52F2005D8F9DA
:107E2000811834D54F1C1E722C7BFA15BAF8B8A8ED
:107E300098B05D24D135C95204092419C0FC3923F6
:107E40002C133632E60BA2062F60E6C416E8374A3A
:107E50009E271E3D18FBDCC60003BF99CFA738182C
:107E60006C29CE0913F4C41B5B1E0AB51B52B64025
:107E70002BFE26013EDFDD10EC05B61AFCD610C045
:107E80006058C217A720D11D10D5E949E2FD9F0512
:107E9000E3101CDED4F461195891FBE32511EE28A0
:107EA00069EAFFFF69470000E055FFFF201201006B
:107EB000B2A20100827CFEFF83A70000E70201005E
:107EC000AA4FFEFF9350FFFF4ABFFEFFD443FEFFC1
:107ED00063230200C48600006342FEFF0E32FFFFF0
:107EE000DC9900002355FFFF9ED4000019AB000071
:107EF00051F7FFFF5089FFFF9EAD0000A60B020067
:107F0000FFC500004511000031F00100CDDCFEFF8F
:107F100059C6FFFF4479FFFFB56AFFFFA82A00009A
:107F20002F94FFFF7F000000E190FEFF5F3CFDFF0C
:107F300096AD0000CB1EFFFFD31C00001B23FFFFEC
:107F400089CAFFFFCCA10000D9730000C28CFEFFDC
:107F50003D32000058D80000548AFFFF443300002F
:107F6000EE83FFFF3C5700009FAA0000BBA1FFFF6C
:107F70002EFFFEFF8411000023B1FFFFC525FFFF88
:107F8000E67000001A4E0000080A0100456FFFFF6E
:107F90003CA30100FB2E0100E937FFFF3144010043
:107FA000BE7300001A570000DA6BFFFF7387FDFFF6
:107FB000AD4700006B12FEFF34F9FFFFA9ADFFFFD4
:107FC000389D0100A9FAFFFF36E3010003F9FFFF26
:107FD0008D7000001294FEFFD627FFFF6C87FFFF15
:107FE000B629010017CF000021A7FFFF9687FFFFEA
:107FF000DD1401007FFEFFFFF6220000FDD2FFFF2F
:108000001C1C01005318FFFF1E29FFFF70C2FFFF59
:1080100018D1FFFFD930010096020000875B0000F5
:10802000D654010065CB00001D8400008A270100A2
:10803000353400006D40000097BE0000DCB7FFFF44
:10804000B706FFFFE064000039C7FFFFB636000047
:10805000B9150000953C0000A4D90000B21CFFFF38
:1080600066490000647B00001AF1000024DAFEFF7C
:108070008C89000060690000AF230000C698FFFFF4
:1080800030F3FEFFB7490000AB2D0000456BFFFF4A
:10809000B102000079F6FFFFEA1B0200671600003C
:1080A000988C0100D6FCFFFF1B5F00006144FFFFBE
:1080B0001A3100006434FFFF95040000D0820000F4
:1080C0000DCBFFFFD13000009DF2FFFFF60D010048
:1080D000A6B2FFFF1958000032CCFFFF484EFFFF49
:1080E00016E0FFFFADCFFFFF2F7800006B0300000D
:1080F0006922000099030000BA81FFFF6C5E000056
:10810000B8D5FCFF2A7D0000F094FFFF4A0EFFFF68
:10811000F93CFFFFD0C9FFFFDE54000022500000F1
:10812000AE78FFFFFF7DFFFF7D4CFFFF0D240100B8
:1081300026CE00007F9DFFFF588DFFFF372E0000E9
:108140001682000064AE01001FD5000040560000FA
:10815000B83C0000E591FFFF8C3300002B6000006D
:108160008CFEFFFF9BCFFFFF4BF6FEFF8BD9FFFF7F
:10817000E68F00009EAD0000F53BFCFFCE780000CE
:108180000DC1000043A00000D49BFFFFE5BFFFFF2F
:10819000AB37FFFFE0C6FFFF565FFFFFE07900004F
:1081A0002C1F0000C8BE0000FA45FFFF5CDFFFFF88
:1081B000BF5D020088C30000F6B7FFFF9FAAFFFF64
:1081C000291E00001BB3FEFFAC210000F52EFFFFAF
:1081D0001C550000B8FBFFFFEF2CFFFF36360000F8
:1081E0001D1E0000D63C000098480100E20401007A
:1081F000620D00008EB200004C83FFFF9D700000F6
:10820000F171FFFF70CD00002D55000082A2FFFF2D
:10821000BC60FFFFFE27000073C100005D6B000023
:10822000BB0B0000A96AFFFF217DFFFF8A830000CE
:1082300051000100DD32FFFF7C640000FD01000001
:10824000FA44FFFF8D20000086F3FFFF6437FFFF35
:10825000393E0000A513000010D3FFFF1C7A000078
:10826000AC6D020058ECFFFF8E56FEFF109302002B
:1082700061170000187BFEFFC3E3FFFFFD96FFFFC1
:1082800016F7FFFF9A9E000078ABFFFF17810000F2
:108290000C8F0000CB09FEFFE6280000C5EBFFFFB6
:1082A0008181FDB7E24C5847C4A9B53D5ED7AB4CC0
:1082B0006B0F5469E98B06D143951DE61D79150FA7
:1082C000417FC8C9CE130C787F4C51071470817E52
:1082D000D3A4F6447FDDAF0B72F924587FB14D81F2
:1082E0007F8C4E2D2FE44781E181ADBD3EE8B6E4A1
:1082F000390A032B08A15F328117496272DBDBD692
:10830000B4169D3F7F4EAF0BB8544EFC41EB811825
:1083100081A6768CD7B88181E5B0418199B56E1C74
:10832000B796BABE1612E7AB818FA0F8E0CB3A1D24
:1083300071EA37E2DE7F6515240C2E285ACD9F8125
:108340009D7134704B247D339F4741CDBAF18186B6
:1083500054C96175259ADA6ED634E1ED48FA81A5E3
:10836000DEB0D715E081818A28F4D2907F7A46FA70
:108370007FB637A68AF6C64340B2DB88DA9535EF7A
:10838000F6D97F812A8147B4B38D5956F99BF930CC
:10839000029E41F7005BE6C4437F87F3D3E5CD69D6
:1083A000A0DE7FF881C37F757936AE90C0B8F11931
:1083B0008C716FA375EA85816EAD0FC11FA8391C42
:1083C000524FA0FB027FF2D21A7F0F632453500456
:1083D000504AE081291A507F7FE97A3EC2085A3E0E
:1083E000F27FD3CDBE0D076BF681394F8C370AA3D0
:1083F000A183359FC57C8181F33E693E16477FFB93
:1084000018814E947CBE26BAFF5CE97C8EC82A2B6C
:10841000BF187F6A3E5B63CE3A7F3535C171E27E1D
:108420001AC800C8322E5B2C69AF81FFB06C372DA3
:108430007EEA0F814BFBCFA5D17F0B7F097FDEC189
:10844000F881913CC720DAD77F687F7FE3BCAD3EDF
:1084500041E8E38F1830CEEA491A5629246FFBFD14
:1084600033D97FC1D573CBCDA8C1F375117F8132CC
:1084700026B3CE31DF3B7BB7CFE93F82519181C933
:10848000018F83A1905C2B54CDDBA5D9811404E32B
:108490002F967FCC8171E39EDEB1AF7D7181C316D3
:1084A00095A9E4123F67C432FC89D30A478A4D7903
:1084B0006FC578CA81C23D4B26DF8F947FC8CCD967
:1084C0008155AB35A8F3CE11FED312AB4AF35FF75B
:1084D000C11C3B5A167FE0498E7F6E81F24A8B5554
:1084E000B5DDD6217F1ABAC89CA8818B6FB865B359
:1084F0002D72BEE92260AC3087F77F50123945EE0D
:108500005C7B001DC441922AFFDF7FD097F23E2999
:10851000CF7F4381818157CC0C4A05EE7F81C5B660
:108520002181D81EBE2B777FA5EDBA8181E5811709
:1085300067404155CA1335BAF914E5CE269393AB7B
:10854000F231339C81567F7BF57F9D91485D6F951D
:108550007F5B9FA2DAB836A581712124C0CBD4817C
:10856000B90CAA4DE14C9C67248CB4BA64AA26A627
:108570008281FE457FBEF5B381B116596AA446D803
:108580002C788871E6D335357FA74AFEC5FBF80DF8
:10859000DA3F2EA9BCAEC9E654581D8AD5EC8143FA
:1085A000FCA68E30CCA9202844A32E814DFA0CB411
:1085B000C031DDFF30DFFA4D83B400052A8AA97F80
:1085C00068D91FEE81103D540FAFB0B6C31C8A812D
:1085D00005D25C727B5610CA0B4D01A20A4D2822AF
:1085E000777355C6C3537F0ED58A187F81199BA810
:1085F00081765D2684C4AAAC19734003CD0B34E8A0
:108600005FC7BB1F8BDFF7C4BE013AB7A78AFA7FEB
:10861000C8A74D33F405D990D2F1E9B39C67B2A94C
:1086200003594F02D2F48196A249DB05BD237A4F4C
:10863000697F0B407F890A69C8480407A02FA47589
:1086400062D37F2888DF02B9D2C0997C4B8188D958
:10865000D98D4FA1D715D3AC347DDE6139A67E719B
:10866000309DBD13292F1EA869A83519D25DD0B938
:1086700019E0518129455B51AEEFCF5681C10919EF
:1086800054F9FC3412D781B42E67CD5BB2BBAC8BEE
:10869000E3408923182A222E81BA210706DFA3DBB3
:1086A00071FD007FFFD4FD235A7FF8BE7FFB7FBEA4
:1086B000FEEB007F00000083E9FEFBFEFED0FEFE25
:1086C0000002788165007FFE5C037F63F8FAFE7F1D
:1086D000FB7F01FC016E1C5352FEFFFFE6817FFE13
:1086E00000FCFF81016055FBABFEF2FE007FE378EA
:1086F000FFFBFCFDA1FDB1DDFEFAFEFFBEFC00FFAD
:1087000047017FFEFF7F7B7F967F00FF0069FF2F81
:1087100058FFFEFFFEFCC7FBFF647F4EFF72F9FFB0
:10872000A9FE30007F7FE86900B8CCF5007F8FF8A4
:1087300001FD7FFB00FFFFFF81F8FFD3FEFCFF730D
:108740007F3CFF7FFEFEFCD9FD05B5F87FFBFD6D8C
:10875000587E01FF81FE7FFBFB7F7F017381FFFD60
:108760007F7FCD007F0000CAFF81770071FF00008E
:1087700000617F00007F41FC007F7F7F03FD68FF79
:10878000F6D0FE8B9464FE81FDFD817FFF7FFF7F2D
:108790007FF97B8F749981FB00FF2100FF680881BE
:1087A0006C3767DF60047BA915DD1A5CA08FA2FC23
:1087B000BD87078EB7816BD8FCC181314A81818228
:1087C00071A91105B71C44A88200D4117F707CDD0B
:1087D00057EEE2256D897F730E2D02F70852BA5EBF
:1087E00098E500FBC0EDAA06355F946EB0A6FFB019
:1087F0001C75578B743FAD187F7F8DD06452A5D107
:10880000A85F19B5225F88A099474B07816C8BF947
:10881000219BB99F68E21DEB7F925C25D0DD355628
:10882000D99FFEFB035C3E3A3B8137180EAB8B1F92
:10883000D790717217A38D01C7128123724E647392
:1088400034BDE8C9287FF83524026150ADAFE97F17
:108850007977C00B1981027FDE832DD0D43B8486CB
:108860009BD87CF159BDB87583EFB26DD90300F682
:108870002C3FD55DBE50B65D39D8A8370DF25A8170
:108880004DDF646DA4A675457CE30CB59E6B7F1827
:1088900040B8321F189E05E2DF2A8743425CCC6A4B
:1088A0004CB8E294B75DC3D07FD34219B7409C81E6
:1088B000CCBD7F5D869C7D39214D1583CEDDBC31DD
:1088C0008DA17F329F5FDF4736C0207FFA81E4842D
:1088D000CFC97F6C3B15A2A244B6AB0CA0CF352B01
:1088E000461D2BEEDBB25868C6886A5A952C482B79
:1088F0002A4B7F816F92363F07E1F398337F5D12F9
:108900007F72E04A2B1E814E4C34FEF6E07F866279
:10891000FB40198F8A140509EC4466268DDBD114BF
:10892000B09BA87CD5DD9B5727921E98B9D5857F33
:108930003345FFF2F500F4DCDA0658C07B92D89399
:10894000585313A5708C2A81967D58D3AAE9435CAD
:10895000EC812E81DB84CA430BD4407F7F8E587418
:10896000DB90AF811E711F7F1A562A7FAF343A7F8A
:10897000F1187509AE1C7F7FEDCBE730E11F4D216B
:1089800086363513E289CB5A18A5E3EC321E1EB2A7
:10899000C1D033C4A70D211F81D2813E7F8BF92D19
:1089A0000E0928FD9B654032B88F81AEE839B03C96
:1089B000817F2217AEE7427681237B7F1E08731EDC
:1089C000291B640473F2037FBDA3F914E8C4CA5BD6
:1089D000620A2BF9E0260C380F748150EFB2C3BD48
:1089E0000665673C1EAEE02AF2C32E0FBBD80DA46D
:1089F0001F749090538159F9AF2821620EEDDF7FEB
:108A00002F730F7FA4E93FC8E4D52E7D8D74CAF97A
:108A1000F7B93A1E22AD7E309F70E0CAD22A207F7D
:108A200081598D7FCC1DBCAA82E05FE7963041A0C2
:108A3000A640D05E86927FBA1B7F7AACC3BA81FC17
:108A4000E6E26869F6181D0CE3F909C7AF515359FE
:108A5000CEFD7F34F551D88B9332DCE79E19BAA650
:108A6000301CD0290204E8E7D6FA2D8D2E0A51B326
:108A7000572E5B20CDDD2DE40A7A31DEEF44EE4C3B
:108A80007F81AD817F6D2F4F4C81AE0BD2D4F1C071
:108A90009B73757F307FD381F85DED88CDB18A5BA4
:108AA000B47AB8B71481547F16F6AE4DB8814E4EE5
:108AB000E6AA55A33F567FC8357F63A868656B61FA
:108AC0001A3B02EC360BED9B3D7792E4B8676AB037
:108AD000812A15E4B8D8AD8EA8565C347FC71069DA
:108AE000C82281C0287F7748818E89883E0B817F8C
:108AF0008B81A03A81AD6118D6CDEA8181882A6444
:108B0000CD7A77ECD7029DA67FAD957FC6BA3F0F91
:108B1000D716F084F6C8A99722929AB7E7527FFF3A
:108B20006AAC7FF9F433B5A9A942294C8645B10254
:108B3000819316EFD42CB481DCF3A22D7F1766ED60
:108B4000AF5C410A5E9A51FE5C5E5BAC9FE253A84B
:108B5000A8DEE2E6015BE114455E9CE66BEF28DFF0
:108B60008405655C34A4F0557F67811095D40F109F
:108B70008F4A9FAB84F5B9E9A0935F9DE07F0CEC31
:108B8000E06D4A919B3810D1400CD4D86E24ECF99A
:108B90009A7FD59522EA411B973AF87FE7E9E318D7
:108BA00007E5FFFF79FFFFFFFCFEFFFF41E6FFFF48
:108BB0006CFFFFFF980600008AFFFFFF42F8FFFFEF
:108BC0008AF5FFFF3BE6FFFFA6FFFFFF6B090000F2
:108BD000CEE7FFFFD4FFFFFF61ECFFFF1D090000A0
:108BE00036FFFFFF92020000AFFFFFFFDBE6FFFF53
:108BF0006AFFFFFF77FFFFFF51FFFFFF2C210000FF
:108C0000DE020000A9FFFFFFB0FFFFFF8EFFFFFFA6
:108C1000F2FFFFFF8F040000E5FFFFFFF0FEFFFF04
:108C2000E1FFFFFF2AFEFFFF7DE8FFFFE8120000E3
:108C3000D2EEFFFFCCFFFFFFF3E7FFFF74FFFFFF64
:108C400042EDFFFFB8FDFFFF69E7FFFF8AEFFFFF7F
:108C5000FFFEFFFF12FFFFFFD2FFFFFF17E5FFFF41
:108C600015FFFFFF16E7FFFFF5FEFFFFBAFFFFFF4F
:108C7000C0FEFFFFDFF3FFFF85F9FFFF7CEDFFFF85
:108C80005BEFFFFF82FFFFFF19FFFFFFE7FFFFFF23
:108C9000B8030000D7150000A9E5FFFF34FEFFFF71
:108CA00020FFFFFF8EFFFFFF21FFFFFFEF140000FB
:108CB000ECFEFFFFCBEEFFFF45F4FFFF86FFFFFF5B
:108CC000D6080000D2FFFFFF8503000067FFFFFF0B
:108CD000F4FEFFFF35E9FFFF1D030000BEEBFFFFC1
:108CE000BFFFFFFF7DFFFFFFDDFEFFFFE8FFFFFF90
:108CF000D010000094FFFFFF2D0D00005E05000066
:108D0000DCFFFFFF81FFFFFFBEFFFFFFC1FFFFFF93
:108D10007F090000A0FEFFFF6EFFFFFFE1FFFFFFE6
:108D2000A3F0FFFFB5FEFFFF75E6FFFF1CFFFFFF8F
:108D3000F2FEFFFF74E7FFFFC5E6FFFF6CE7FFFFF2
:108D4000B40E00000AE8FFFF39FFFFFF11FFFFFF2D
:108D500048FEFFFF50EBFFFF40FFFFFFE6F8FFFF7D
:108D6000B9EBFFFFB3FFFFFFA0FFFFFFEBFFFFFF2C
:108D7000D0FFFFFFE5FFFFFF600600009FFFFFFF42
:108D8000D5FFFFFF58EDFFFF11E9FFFF9BEEFFFF4F
:108D9000D8FFFFFFFCEBFFFF6BFFFFFF68FFFFFF4C
:108DA0003E0C000082FFFFFF9AF4FFFF1BFFFFFF56
:108DB000D8F1FFFF90E9FFFF14030000D5E8FFFFA3
:108DC0009CFFFFFFF90900000F08000000FFFFFFF4
:108DD000B4FFFFFF0BE6FFFFB910000060FFFFFFCD
:108DE0000E030000B9FFFFFF77E5FFFF83FFFFFFE2
:108DF0007DFFFFFFC2FEFFFFDAFFFFFF93FFFFFFD4
:108E00008C17000034FEFFFF2FFFFFFFC803000098
:108E100073FFFFFF27FFFFFF82FFFFFF43E7FFFF17
:108E20005FE7FFFF97F2FFFF97FFFFFFB6E5FFFF4A
:108E300092FFFFFF3DFFFFFFC3FFFFFF480500005C
:108E4000E2FFFFFF7A020000E00A000037FFFFFFA9
:108E5000C9E5FFFFC6FEFFFF6CFFFFFF81E9FFFFD3
:108E600064EEFFFF71E5FFFF3BFFFFFF7FFFFFFFAA
:108E7000B019000077FFFFFF93EBFFFF8AFFFFFFB2
:108E80006BFFFFFFF0E5FFFFD7E6FFFF74FEFFFF7C
:108E900027EBFFFF1E15000093FFFFFF17FFFFFFEB
:108EA000B1EEFFFF2CE6FFFFD70600002BFFFFFF10
:108EB00046E8FFFFDCFFFFFFC3FFFFFFBA0600002D
:108EC000C4FFFFFF350E0000E3E5FFFF36FFFFFFA5
:108ED000D4E6FFFFC0FFFFFF3CFFFFFF31FFFFFFB6
:108EE000B5FFFFFFDDECFFFFC0E7FFFFF4FEFFFF74
:108EF00004FFFFFFD5E6FFFF4DF4FFFF0AFFFFFF72
:108F00006AFFFFFF8AE5FFFF69E5FFFF77E4FFFFE8
:108F1000C0FDFFFF98FFFFFF9CEBFFFFC2FDFFFFBF
:108F20007BFFFFFFF9050000A7FFFFFF62110000B4
:108F30008712000076EEFFFFE1FFFFFFA81300009D
:108F4000F4FFFFFFE4FFFFFF3718000018EEFFFFFC
:108F50005EFFFFFF19ECFFFFA9FFFFFF7BE3FFFFB1
:108F60004CE6FFFFAFFFFFFF40ECFFFFD70D000017
:108F7000F7EDFFFFF30A0000931900009CFEFFFFCE
:108F8000B6FFFFFFE2FEFFFF16F8FFFF07FFFFFF40
:108F9000ECFFFFFFA7EEFFFF62FBFFFF07140000DF
:108FA00052DFDC1AD2CBFEB50628EEFDF526B01F47
:108FB00010DCE030E53326091CD838E211B500E2B8
:108FC000222ADEADF810F50020B3CB1BDCCDE8077C
:108FD00023F3F8F445EFEA310706F62703B62B1B17
:108FE000FB3B488108F5D010F9E1F8EBDFBFFB2C23
:108FF00007D82F0DF7C7E323E7BEDECFEDF8012733
:10900000F60BD6151B100CAF13D2DE3A31C918DCA3
:10901000D3401A14BBD6B6FFDED4D61AF12322D31E
:1090200008E50D38E8AFBECBE423C8DFD5E7FFD2B3
:10903000B5E7302AF4211ECC2002240E20CA1917CD
:1090400001DB07582CFA031EF81EF9D2BA270E11BD
:10905000BAD72E0DDF2D55F5E0F4162819A7312AC1
:10906000191008FCAEEBE7FFC211F323BAC9DA0E00
:10907000C4F715C51308DDE60B4BC44A094ECE46AE
:10908000DB1A1A483AD631D6D9EEF2EC263C1D91BD
:10909000F025D014F9E0D1D74051D6DA0EFA3037A6
:1090A000D1E2FD14E833E1C9C01FD6F0F4C7BE6CAD
:1090B000BAE3E2EB32FE3C47E235C9E2085814DF7E
:1090C000C1E32EFF14E60A27F7E41BF7F3F2CA2EDA
:1090D00009D9E9D61BE5B729E549FFD5D631F0C551
:1090E0000BFA05592DC0EF2C323201D74DD4EB21AC
:1090F0001DFFD6CB12E9F5444B0FF1FCE0DEEAADE3
:10910000F8F5C743F6C817AF0ED718CE07B8ECCF9F
:109110003208C3D31059EE40EFB8E4E801EB3D2329
:1091200018C80C38B6B8DB1CD3171300113C234009
:109130003BDBBA1C1EEED73FDFFA4CCAE53AAA2346
:10914000CFE2F7D7EB32D1FF000A08EE25BFA4F03B
:10915000F5BAE9CAD200A4F7D6EBD338ECCFE1E5F3
:109160007FF50DD2CA30F817F119BEF3F6F941FFB9
:10917000DDD2CC2429D0D21605B2B38D344ED10124
:10918000C4FC28B506C4E6A547F1ECAF2AE11117E7
:109190003EE8A351E664FB9D1BF714C73A11FEDCC1
:1091A00027EDD4F4DEC63E3ED5E7CFFCC8258C279C
:1091B000495D233E37353E3C26092826E8AB1BE1B6
:1091C0004D48E329C1D4DCC4F9F30003F6EE457938
:1091D00036852507F3B1F9AE02C5BFA81F012EE6FB
:1091E000BB1DD60E49C3CE2B6D2E46241688EB9B95
:1091F000C1E427DD0F05EAD156BC1948D83404DC98
:109200001EB50EEC2C5AD8261E91FBC4D12507C6DC
:109210005BBFFB18F103E5A41CCA960FCCB3FE1E7E
:1092200034DFA9F5070321B91DE4DE1C472CCE3F2E
:10923000B2073D480BEB4012AC2112F7F9FEC326F2
:109240001FF92F0B05BDF13B110015BDA9DC0B2843
:1092500014BF620A21C97FB640F71A0BF10DE6D59B
:10926000E14CC72BCEC9B237C815DD055B07D1234A
:1092700014F724DC0F8DFACDB66ABF0A43120CFB3B
:10928000D014F41B49F843C5D5242EC1D8D4B687D1
:1092900090F6BF93BD03EAE0F1354929D594E00982
:1092A00015DAFDE1031A28E42B18DBCB17E817DDEC
:1092B000240DEEF119D5F4034ED6E032ECCFDFF7F2
:1092C000E5020D24231BD1E206ECACF0CFE90DA89A
:1092D000FD2FF2EFCDED4BE704380F221251390488
:1092E000151CFA00FA34E6D32C03FEF8D82B02083A
:1092F0001329D71C38DA181B12ECF403CF171328E4
:109300000FD7221D1FDF31FEC6F0FBF1E6F8CC0BB4
:10931000E400F0E4070914272BFAFA1021D4F5260B
:10932000EE12192FF0EDD84BF3B2DB0EE3E0D6E3EB
:10933000041BC0E32B2200FBF7D7E4EE0DE5DB09AD
:1093400022EB04020916EFF9F5D23BE928010FF9E7
:10935000EE291C2C81F4CBF92BAEE8F1D209E1F90E
:10936000F4D9E2F9DB1C30DD200518DEEED5DFF1A3
:109370002111EC0CF1E4F93600FCF8DEF0FC33EEE0
:10938000E8B9FE31EF40D2D8FDD4CEF0DC20190B85
:1093900006FB39140D1F9EE4D8E10F1B142005E1D4
:1093A000FF22C937EBFDC62308F5FF522535026FB2
:1093B000EBF3223505CF49D7154ADC0A34BCDAD0A5
:1093C0002634F72B684831EDEDE3F35040EACF3C0B
:1093D0000C9DBDDC3FDB0BFA4318CA0DC2F31A1D0E
:1093E000CF206776471517B9F0E81A0FE4EC46F777
:1093F000EE4CFBDFBFF0C3FE3826F1E801F316C5E3
:1094000019BC0DBCFD63EDE6DCA208E9DCCEED0382
:109410003736CF0DFFA25724DDC9D615C034FDDC89
:109420002D098C3DF6EAC7C4C0E84E091166287FB5
:1094300003F24413FED1CA34EED525D2475ABDD328
:10944000115CDB312F0E3A02DD990436E9BE25D1DD
:109450001E39331F15FDCCE1304B2C03DBF7CDC09B
:10946000630BFB2D65F82A0BD2B6F15C4300E104D7
:10947000EE3FF9D8480D2D2239D9CAE305E443BDA2
:10948000E8114232FCA308DDED14EEB0F9CFBDDAED
:10949000103EC7722EDE7C4943021EE509E55B944F
:1094A000FDDBD2BD13B4E9CFD43DEA1638BAF5F2EC
:1094B00010E3E1B1132B300B412B35D916CEFA3422
:1094C0003616343FC1D7DF0AFEB0B5ECEEED45E00D
:1094D0003A1056EA0D311D06CB283827B23E02F865
:1094E00042F1E4F6E90114E12608BBC42002ADDF35
:1094F0004B1CC81522E1EA142B06BCEEE01A2BE443
:10950000F43B0216DBFF40D31A13F4F2D1F6290D17
:10951000E2CB181115C4F928FF14F74A2A1EF4E803
:10952000C7DF27D14F3DBD6BC4C1F3E6F1BABC27FD
:109530004B1AD10B1702F83B413942FC1C14C5D41D
:10954000E9D913B830C5D31A3B0A20312AC3E74AF8
:109550000314DBC5811235E74B9A42EC40262A15ED
:10956000340714E340E4D92BE50FCF0FC442EC1FBE
:109570001A32AEF9FC4BFB5021E00C0FF9C354F04A
:10958000BC1A0DA8E938F1DEBF199DE52921D93FA4
:10959000BE3224963BFCE8E7E045ACEBC20320F981
:1095A000F3212A0F10E418C0139C30A38AF4F85357
:1095B000BF2DC3562913462335C7B64A26F647FCA6
:1095C0001A22ABD8904DBDDFF8FCDCDF14D7C251B6
:1095D000BA020241CE301BE63130C047F9B8D6534B
:1095E000D413428AEED4C8EB2DB03740482718C1B7
:1095F00060FB1B0AC41C3D17D6D3CC39511F1DBCC0
:10960000AD3032EFC515A416BFBE0A182181DEF2B7
:10961000EB3AACE60424AB38282719CAC9BFF7C116
:10962000563649462AC944A5325918D93D284CEE28
:1096300041FFF7474017B9AC10CCF73BCF2FAD0037
:1096400001D9FCD72FE10AB4FDEBC94732E3D5239A
:10965000A40E3C3D184C56C21B55E4CDDCF5D4DBC2
:109660006553041A034E55C9D9151B4BDFD340CDA2
:10967000F12A6811CDC44B170BD8D04CF4C0F85563
:109680009F1EDFF1C92904E12E0641B0FC24DF4909
:10969000FE12D925182214A90B2E4A0D349D421B07
:1096A000DB44CC3DEBD242CEAFCE3C1E83ADDE10D0
:1096B0001BB7211E4F00CD07E3F3271B362E22AD2B
:1096C000B80721FF0D144006D624089DF3BDC1E55F
:1096D00023D9273BAD90C81ED5402E3F06D9210384
:1096E0001FC8F3D718DECB0340EE304124D847C95A
:1096F0002B2700E6FD312412EA1B05D1CB67B642C9
:10970000DF56EB41FFC10715F3D1D3E1AC1DE0C13A
:109710000428BF0A552ED7CC27DD29EBC9B8D3F5CD
:10972000BBC44B37E9F3FEDEEF400E1A15163EB30D
:1097300009EC1CF006D6D626B8D63EE337BE24F890
:10974000B5FEDEDCB9E413B9F6F92630C7D1D6E6AA
:10975000AC48EE3BCC06F810C0B7F0D1CEC93F61A3
:10976000FAEBED15C14C30B53945C40E462FBD1589
:109770003813DB083AC8AE2CF9BDD6F5CFFF113946
:10978000E4D8DBB43509EE3DD8332A843DB0C6DFDA
:10979000F4CAA6BCDA51B1B62D13B9BE29810AE8C4
:1097A0005BD52425BBCD51F521B637638139B7236D
:1097B000351E1B6E400F47B92426B548BD1A450B10
:1097C000BEB915B821240225012E4C342657D744A2
:1097D000FC252E46E4EAE5383ED33FBEF825CCE52D
:1097E00005F6001FE0B63C5737C002B9BF9FD4DC76
:1097F000C2A8F83B434298D914DCE7CCA6ED255922
:10980000CD2DFE0EFB5AE700E7C83C25E5AD01D89B
:10981000502F16D80209A158B6A625B8EAA821EFFC
:109820001209FBCBA91936BEBA239CDA0B47F7CA3B
:10983000E4FBF5B902F416F70061EDCAB43AEB05A2
:109840000124CE14BD9BFF1DFAB1CDECEFF1E597DD
:109850000F940E3FB6F20545D155B9F629C948F126
:1098600016372119F3B24CEEFC22AB3B0536E3CFA1
:10987000104D4B52364938A8BC26294BCA2B912390
:10988000E3E8DA2E190FD82B31B110BF020FCC1834
:10989000AC33BD222905A7A304984426E80012FD95
:1098A00021EA34DF17CF301127F5D6FF241A27CE4F
:1098B000230300F6111522D325D20BCF1054E7371E
:1098C000E6EDF407CDB318B02D579723F33D2402EE
:1098D000F5520826D9F7110D540707510953F1F92C
:1098E000FC1D3136C7352C474EB847D4C34A08E172
:1098F000FEBAEBDD140413A11B41001038F806C9B1
:1099000088DF432F20D916240B150FE63EE1D8241B
:10991000AC32F2271BE22D28D564F11E1FF9EA2292
:10992000EB4B4E3E27DDCFD42830213EC3B7CCE7EA
:10993000D913D237E6C712EF42BDEBADE80213E50B
:10994000C3FC23CB24E74BE849DC4D38072EEEF06F
:10995000F5FA0447A5B4F8D2C4CE1033EA7F43DD4C
:109960000DAEEA3244362A44F7ADFBECC0051AC30B
:1099700014C7BF47041AF92133C606A931E7E9A87D
:10998000FBB1E0400FD64702EC46015F1446F549B3
:109990001C3F3CE802D8E31DE820FEE3CBEE392D66
:1099A000C7EE1AA02FF0EFCDEE1AD2D7543725B359
:1099B000E4E4169826EC1CA365D62E16E3C328FF14
:1099C0000DDCCF7FF2D1DCBAA7E8E428C50827C9AF
:1099D000CDEB08E5FC173D161D120A24F02CF3E729
:1099E000EDDEEDF90DEECDFFD3D59C09E30BF91EAD
:1099F0000517FB1B2DC9FE0A30EFFE3C132A2E2152
:109A00000301E8D7DDAE2D0EC0283237FD0B07214C
:109A100097FC3DF32AE2DD27F43A3F24091DCAE70B
:109A2000F82A25CFFB1B27430E2DE2FA028E32F4D3
:109A300064399F0D34F9DAFA1C18C3C233FA07AA45
:109A400045DC00B1C600D7153DDA273333080F4C8B
:109A5000F0140BE8E7E5C3F6FBA3F2C8F12F1D0BEA
:109A600004A801200F201408FFF5F047FED512D8F6
:109A70000BC7A007DA29E5F8EF9D561B052B0E3A18
:109A8000FC10F0256A4CFDC8100AC6DB04F027E57F
:109A9000DE2B2719F1068A0B29DBB02E16F2D72808
:109AA000E10BC6EF51071C4C4104B810FD252906F7
:109AB00054FB424C4AD51A90D5CBF9DB4C4C3810AC
:109AC00051E409D81EF65BEEE12F105FA03A124474
:109AD000F4B5D5B081FE2CC33DCD4F3646B2B2A60B
:109AE000A732DAE9C2564E95E9EECFF5A96410D651
:109AF0005C09F9542A15F00D10CDDED43EDFB4E137
:109B0000E7C1E349161044E136F11FFADD5FC6DB19
:109B1000EDC1DFFEADF402BCEC0E32E6B3F90E1D72
:109B200047F2F8110557633C50FB01EBCB4A101D7F
:109B30009148C7B0D6F9A01B86010C9B324F0D315E
:109B4000455DDCDF53D1EF0C1711BAB32F460E1B66
:109B50004A31D7C7E8E015B7E5EBEA35C0CDEC36BA
:109B6000F1F747BFE6044607282EAA1F4806D31C74
:109B700074412CF3D6F323F9C34328DDCEF464C13A
:109B800026253722037DD2FFCBE8EC4A0102FC27D1
:109B9000E3D4DCEECD084534A9AD312A2C16E70517
:109BA000E935E8460FFE38ED37250B1907011E2D64
:109BB000D7D0BA3BE2C8F85CE20D04F4D8C001CFBC
:109BC000C3F8EE8F042B0D2717EB0A1D2EBCD914FA
:109BD0002122982CD7CE39D418BC3506A2A9BD4174
:109BE00037FEE5CEE5474B1C1337BECF2CEE2E01DA
:109BF00008DDEDDE06CBAEE7C6F52CD7051B2F033F
:109C0000180DF003232A0BEEE22A6F5DC420C4EC8A
:109C1000D015FFF9D7BEED1AC8DFF1C0B7E418C2FE
:109C20004619C92D44FBBD24407FF50EE6563A98EF
:109C3000C6CFFAFCC9D4D716DBA317200033223CC9
:109C40003AECFE4C2BC90007D764B73D2A1736CA39
:109C50003ED1333015120105FF060D1107F83859B2
:109C6000CF60A6AFB446EF1C3EAAFC221ED4D000A3
:109C70001E03FEFBA50E0524F5FA4B4CC90FE53972
:109C8000D7F9F5F930CB3B470AD9C31C023239FD6D
:109C9000F4C92B3D3BE51ED5BE4A3D26281B2A2F85
:109CA000D51136EE3A04CB2FD5D30DE0BBCA1BF04D
:109CB00031FD2F88BAEBBDEF5ED425FADBF33A060F
:109CC00018E6DA6DA0FA0DB312EEA3F9C7F3C6C613
:109CD000D724BF273EC7FF03E916F4D55526C33363
:109CE0002E3C1A2300DAE3FDF7D0FE2027E4F5F638
:109CF000500BE0CC14D83E18F037033807A8B4CD89
:109D0000B0BF6517E4E7C5EFBC4206F3406550EC11
:109D10009D492818260EA70E0FFDEF1ECBDA05AAC7
:109D2000331143DD24F9441324A7FEEC2BE8EC1E89
:109D3000F2F1A5C5FE160C067F2A2FED3CF9FB13A8
:109D4000280CF70A25E608282B06DFD52DB8EF5298
:109D500003D92BE2C8F9E6DE06EECAE59959E4F725
:109D6000FED6DCD2C0EA07C9BD0A29A9184212C62C
:109D7000F1001A0ACEDF3E4129E7FFE1E21A302165
:109D800020FBD3AD06D301180FDEA8BFD91BCC0230
:109D9000B3342D89B8C1CD31FBD8E92932062C1551
:109DA000BE2AB5CE5B2308F020B24581C3E990D42A
:109DB000B33040F9BEDB4A9DC7FD05A74F2BB9E87C
:109DC00026B2D442E4E7AF979DA4F0C3CA4056122E
:109DD000C738E92612D4DD1987E10B46B3DE22E24B
:109DE0003CEDDD1928BCBF41B505301CF300E0E4B3
:109DF000403EEE340ACAC41F2DF0B7B95F0CCDB592
:109E00000CDB2AEF34D277FBF7E6DFE3D84A11C642
:109E1000C1F89E1026223408456F2A4B0117A83539
:109E2000252316B69D40FE78F0C020F5454744B086
:109E3000F83CD6B04919112A0F26B71048E51C384E
:109E4000C40FCBECEBD8464F62AA96DFFB59EBBEB2
:109E5000158417568940D0F9E6149EE23B4D253013
:109E6000ADA5A8300E2EF9BB061259C90DE63B1F51
:109E70003CD6BB0EF6E394D7E0D3F3B1D7D8B1D834
:109E8000F23C0224950D2D4BEB12D3C6CBD72B52AF
:109E90008AD52CBBC5B4F4CC380BCF49E6F8E5091C
:109EA0002C4F1AF918C80AE8B52B111AD705B20CAD
:109EB000F636FD4D242B10C8051A18BB16FE0CD221
:109EC000C2302FC19DFEBEE514B5649D13D3DB32B5
:109ED000E12150E41D3FD303DB3DAC01C1C7BE3FD0
:109EE00024CF3BAAD7AF42D0C5451B1F3F001DC1A1
:109EF000031D3708C70FF559F2E8C9E8F853E8140D
:109F0000CEDBF5165036EE20DEF248E511CE4A06DD
:109F10009A0E18D1BE25FB332FE48AC3C3E31ADCA3
:109F20001A4147C503D83DE9470012D5E81EFEC5D2
:109F3000CFA41427EF20B54A263A170B15C92D4890
:109F4000381A172633352EC0381DCFCFD1EFB9BD03
:109F5000C21633E9E2075A06330FCA43FF9031B9FC
:109F60001335811FE8C815C901F621ECD2FFE8E2DC
:109F700007C1F9DACAC23CDDD91B2E43B5059CDC0A
:109F8000F4B71A37FC09B8241ADFCE99102F19C27A
:109F9000DCF2DCC2FB26B0C1D839290605FA284517
:109FA000D35930F94EBC1CC44D04CDE2DCC3400192
:109FB0004BD2F625B22E542DC3CFDDE2DBE3A20E49
:109FC000280BFB3012E6EC00DFFAEF17D6D444A7DB
:109FD000CAF2AA43D0285FCF263A2F023FD312E21B
:109FE000004BEC5225434ED52C1319F6B341EAE849
:109FF000E73FCA4E563B06ED36FDC310F4E849363E
:10A0000000A04AE1C806B308210F3D1ECD2921BE9C
:10A01000A2DAC746062CBBDE2FFBAD57B826BDF62D
:10A020004DC516FA4D78DC49C3A805433B0F143AD9
:10A03000CFA9C10A0816F5DE74EEFC11C0C0B6EF58
:10A040000E4FEE4921EFC2B6A959FFCD24000F3CB7
:10A0500034EDFD33390C04F85BF60F0F202DF215AB
:10A060003A2CEDC2161ECC17EB00E2E89B08E20A80
:10A0700015EB0AC04FCE08F0D24B3EC2E8CB21ED23
:10A0800027B64C3F1E2EF4DBBB05B3F4DE04272BB2
:10A09000C1B2D6B8AA1094DCBA1A2BB6F38DB77F2A
:10A0A000B71243562601BA42C135CAD2A0BEA00794
:10A0B0004E450363AF2BBDDDD74B5B420740543F9A
:10A0C0000EDED10CC630F0CD54054781339F23DA24
:10A0D000F258460C5016E73AB9B9FA46F0D6B5131D
:10A0E000F2C3AEE3E52119B86D1F2A4325AA2E3726
:10A0F000E74144302AC9D6ECBAB74D515037B6DBE8
:10A10000EAB7E0EE38174941CD2CB5FF0AC2E09F0F
:10A110003C1923AEE3D0F7E9B7C837B9D4F31E5AD8
:10A12000513C4C1F0C0F23D208CDEFC5E73B0D006F
:10A130003E23670ABAA1BAECDCED014242F7282FB0
:10A14000DD96B03FF9B136BA01BC0ACFE0E81CC6D3
:10A15000B7E3BBE3FF254BC838F5BA29B2D4EEBF4D
:10A16000DD04A61A08BFFC205FC5EBE4E521D22C74
:10A1700097090A2820B8D8F00E5B4CE7FF0A06DEE4
:10A180000D3C49BEF90AA5394BE0D8243736DAD060
:10A19000D94AE1EFAEF705E520D4ABD54039CDE69D
:10A1A0001C4DBE4F18EB2F13F8B7C803E3E1B409F9
:10A1B000CB41D73BEF9A25490319E10E03EB031579
:10A1C00016EB1422ED201B5731BBF92B682EC6EC81
:10A1D0000BC5B6C922B31118C6C539DCA5E2261CC9
:10A1E000DAF71F8D001ECFC9B0E507DB3FFBE6D1D4
:10A1F00013D1DD07ECE69C18F30C41D1C81E1C12EC
:10A2000081E6DD1A034E9E2846FB53E2F1DBF0C7E0
:10A21000E216C827CDB76CEAD7C621B8D9DAF7EA73
:10A22000F8C3050ECCED05A2293A0A1C32E9E6B5C1
:10A23000D53D3F3A17C9CB33FDF5FFEB2AF634F78E
:10A2400001F72A4AFAF2C3C41B3B99E6121A12BD5F
:10A25000D7BD274608432A07BB5DFFF42899ABE02A
:10A26000FC47C1D8BB1C2F3C44E3FC3900371EF42B
:10A27000262625C62CB4B607345BFE35BF2815C28A
:10A28000F90115B59E292F1632CAB926FDF4FBAE89
:10A29000F61704F7F1F31C290D33EDC1F6EF08F1C1
:10A2A000083500F71EC2F72E313DE62FADDE201433
:10A2B000CFC9D1B023DB27054DC8EFF551CE3438D7
:10A2C000ED37E2E119EB282BEBAEBA0ADFCF34E22F
:10A2D0001BF9E7D1D1DF9DDBAA18422CD2F726BFAC
:10A2E000CEF0DB3EE12437CB150C13DFD511EEE4C5
:10A2F0002F21C31E154CFC42DAD22609A2CADAD598
:10A3000081E6F09A19B65ADDA158DF15042FCBD09B
:10A31000F3365031BAC4DC38E93FA0DE18F31FEE43
:10A320001C44C51020BD3600ECB7FA4EE0D921E63A
:10A33000DE3A18C7D331F90BD72BEFA9C51B59B893
:10A34000F51032C32CECC3E1EC0254392223F71F81
:10A350000CA7372D9A42C21C1EC53D11EF09C0DA69
:10A36000D647F738DB1943072052D41F20F10F07D7
:10A37000E8F9EFF9267EB7F9CADA7CF12A3B37E92A
:10A38000E5003DE6083B20552E4115F01F0BBA7C39
:10A39000B33C3AFE0827CFCE12DE27ECD8230D0CB3
:10A3A000F237B5F5CCEE30B2EF0ACFDBFC1CC65667
:10A3B000EB104447EC210F03D152120B15FB233B4A
:10A3C000CC10D7D0EBEF9A0F4634372650F6E5DCA9
:10A3D00029DAA70702E9FC21FCE6C1CEFA28BA2453
:10A3E000D3E033EECAFC0037E4FEFA4634B5D619A2
:10A3F000EDF1DAC9584851F1D93F45D5D415D4D03B
:10A40000D90B0181F44EAB0E24DAF2B6DE2BE1BD9E
:10A41000A639D60EC500371A3698D8FBD5101AEED5
:10A420003715C423A0271DF5D11DAD3FD2150C272C
:10A43000D6221FC8D9EC22B6CC1018E509EAD24BB7
:10A4400019C7AF4009E7DB31B8EB15099BCB53CFF8
:10A450001003D4EED6EE3221EC6BBDECA8D7FD058F
:10A4600054BB23BFA836BBEDA8ACFAE8F8D029F658
:10A4700012C6D604E0CA0B8D0525B217F3BB24DE45
:10A4800018E5CFB4403AF0E538E5F5084FB549BED8
:10A4900014D9B0FC4CF11DF04955D7E3D8AC03CD2D
:10A4A00032E0E8B32FFE50DDF5EDF01FDCDF2C00CD
:10A4B00062CBFA8A3365EC1972D43254D6FD044269
:10A4C000D916B6D5B0220A32E6FDB5A60732301944
:10A4D0005C3F41D2C0FFDDF51ECF0BB7B07F62F00D
:10A4E000A9E0A9E147DA21F625CCB4D14947E7E84C
:10A4F000CAE6DDA6F42D30C93B0BE4CFB34100E43E
:10A50000DB49DC7511FE5649190145290042F2AFBD
:10A51000CF4231FA380BCE0B2BABC043ED56F8D5FA
:10A52000AA3CBD13BB20054A1C400D24269C5A0D95
:10A530001F4D15B314AEEDC1254C2A709B4C0D9FD9
:10A54000F00A00C6ED26592225394511342B17266D
:10A550000932D504A928212BF2A23CBBF9A142D192
:10A560003014E5EEB633AABE44B13747DFBF28B892
:10A5700064E909C0053AAED9380DDB8C19BC3850F6
:10A580000B1A0F34F60A28ABDFB9ACC4CFEDA53AED
:10A59000560E0506B0C39C3B02CEBF1419D848E442
:10A5A000D2CA240F4B190E1C1CC3F4FEA94621432A
:10A5B00003D3EB1D3DCEC6BBAF2CD039F133CCE37A
:10A5C000372F903D3BB23A270B3F22D45603DE167D
:10A5D000F12E02391CCBD0CBEEF6443C18EAAA1C73
:10A5E00006B83112D8EBE325C70BAB34EA81E7C4D8
:10A5F00035D4003B9EBBD346E6DDF7D5EACE2DEC45
:10A60000BFDEC9D8345113AFBCDB052B18D6080206
:10A610002BCBBF1BFFEED04646DC32F8E6B50C056F
:10A6200043FAF92E309D00E60CFAF1180A3AE7F6E3
:10A6300050433BD347CF1830E80E1702372B34274F
:10A64000CFC83B0ABCFFC2E1DBFED0C7DF19CAB3EB
:10A650009989E1350A2C30E8F34D150391B8D646B7
:10A6600027DCB4FB1538FD2CD2390F0CC404F0CB19
:10A670001C2C34071C1849F9FD262C2C94B6A82A4A
:10A68000FF3CCCE0FDC90B34E4BF24C909B12FD491
:10A69000CD2A0ED0E2CE02D13402351AF0D4B4D095
:10A6A000DAF8D661BFD004DF4D1729EF1ACE304754
:10A6B0002E3FF0DEDAE033BEA1D527E6444DE2E9D5
:10A6C0003000DAE3A61604CDF7CF43BA1602EF47FF
:10A6D000A7901638EFBC4FD4163AE81AC0AEA9B707
:10A6E0003FE508EE303AB0A9FAE6E63725354229CB
:10A6F000F9C7C336FDB3BD5AD7471A2EC512079EF8
:10A70000B5188DFBDB599E29D18FB813ABE0CAE495
:10A7100029351DD3F9D92EF50D1914A03DE9DA42DA
:10A720000AC2D40126E239C9B81BEB9CECE3B4DFC2
:10A7300004BD5A1FB0F6C7011F0FD05D2DFB28497D
:10A740000F9DBF5A45DC3D5017F5F3DDF552C6F2BB
:10A75000D5D7D41DF91910C9FA16BBFC22ABD3D436
:10A76000F25734F1ED4A06DFF62281422748C32D25
:10A77000E3CD2DDAC521C100C870F14BC205340B01
:10A78000D0E0CC109D1EFDBC3C331EDFF412D2A8DD
:10A7900090D430EBF0C9DDE10C30CED2293FC313A9
:10A7A00009D32937F9422E2ED4BDBDFEAD28F212B1
:10A7B000F8FFA12DCC361762F2F20DDFECFF27DA9D
:10A7C00027F0CAA197D11B0416DC52BC3417C2591A
:10A7D000BA3FB2E5BE31BFDEB7E12938EBA7D9F405
:10A7E000E2DC20F6EA1FC202063BC5BC2D261E2570
:10A7F0001D1BFF2F9BDBA02EFC19FEE4DC48092B60
:10A800008E45ECE4382ADBEFC7ABFFE4E9FB481FD9
:10A810005000E7F2DC1E3040FEF2B80D33B7D3181B
:10A820005541C9120BCDD9ECC01F93B613E5B3EE59
:10A8300007D352F3DAE125B4B0060193E034050DF5
:10A84000C428E56342B9E538F3ADCEF5CF14498DA0
:10A8500017011DEDEDF50415E2132C2CF80A4B3C05
:10A86000DD4FB8F6811F2B2C22F323A36126024E65
:10A87000393C18D4DF9F5C09F35AFEFDC6C9E523B5
:10A88000A95126A01544FA7D4A43663BE425E6DF3C
:10A89000C30BCBC644C009C9F43C24D313D2EA0687
:10A8A000C111B4A91415E232E6C005B3C303E8B17F
:10A8B0002F0442A3EC0BFF4663EB502862082F2BBA
:10A8C0003C03150BD1000FC1FAC911C2AE3915D422
:10A8D00013750445D144B24AD5F41FF6271E212032
:10A8E000E5161201232F07C826C7AFE43ADB25D0AF
:10A8F000CB0B48F2F9E243AB43EA0AC7DAEE1C0B92
:10A90000EAB8F23EB9D77210203DFECEA8D5F8D9EC
:10A91000F7D10A18EEE20717EA48E037401F230094
:10A920001D2735BE5EFE142F1223B7531AFAD5D950
:10A930004315AA361A4840DC07E4D210B31A38F699
:10A940000AEDE2E4221B28E3F420C707581E050C99
:10A950002C090734D6CA12290010E6A92652FA3566
:10A96000DFB49F1FB6ABD4F9DAECEEC31140B4C527
:10A97000CF21C242D862BBD80FF352AC19BBEF4A09
:10A980001CEBF3C6F018E4B99F34D2EB06A83107EC
:10A9900019AE32E3FB3A34CEF51BF50A4D10167FA3
:10A9A000FD1E3862DE461E14CFCE25FE38AD332F95
:10A9B000E9D2C929BE2B31DC02BFEDEA19D2C7D0DA
:10A9C000F729F00616B6E9553AE253815EE22FDE2A
:10A9D000D1BFFDDDC432183DBB3D2DBAEE30BFD82E
:10A9E0004CF5478EDEC217EB56F7F7EA1EA3CAEB0B
:10A9F00032C8EBECBED6914200E831543652B6FB79
:10AA00009EBBD76E1AEBD8BAD4D4E64E3B93C5D7CB
:10AA1000EBCE20CA033421B23620820AC935D4E9EC
:10AA2000DF43DB2849C6E6B9093241DC1E397BB079
:10AA3000BA034A1AF504C00DE4EA43C626EE0F4FE6
:10AA4000C9E5F7D52B36B2B32211D71097EDB75C15
:10AA5000338A1E1EBC3068E1F63DF3A24024DEF5C9
:10AA6000FA34DA22273A301DECC0FFD03F22462FBD
:10AA700028DE44DC34EF4C1DB3FCE7D4FE19BFE8FC
:10AA800003A130151AFF41063D4AC2D0184B3EAA19
:10AA90009D2FCD1B4CC147BBFF17F5B2EA33C13A1E
:10AAA000F8F7FF511CCBC3F103C5032E9ACFB12891
:10AAB0003F0ADA4D22C736F206CFF0F9EB05DEE5A4
:10AAC00014CFCA1E163A12C307F2151A24D3F0285F
:10AAD00044B00AD006E617FFEECA2030D6B1F4C162
:10AAE000D619C5FE32EF1EED16C114BF36D11CDAE1
:10AAF0002BCD3C1FE401E1132DCEEF1A43E6F70105
:10AB0000B2DCC5191843FF1AE2D6E71926D5350776
:10AB100019DAC84318D5EA3015FDCAFBE8FFF8F288
:10AB200003E59BF4D8070E033B3CF834D301E01D4A
:10AB300018F45FE427D60D31BE201C2136152732CC
:10AB4000C225D54E24D9EA06DD38E3D0F200DAF387
:10AB5000B5BF2BE5F50B01FDF502C5FB4CED032060
:10AB6000E126D943151CFA1F1FCA1FBD13D6090FB2
:10AB7000D52A07140607DFE70465C116FA0B160C81
:10AB8000F647F5F2BE0D3612F7252E27120A25C01C
:10AB9000810F270148F22ED20ADBECF6F80AF4F214
:10ABA000C6C0DBA4F8EB422EE3D0F0E503FF33028E
:10ABB0001A240606BEDBD5CC19ED13EEC2DA47BC6B
:10ABC000E6E4D914F6FDD022F33088FBF12705D551
:10ABD0001F5BD2BA4CC5CA3912F6F201F0D2DF3D82
:10ABE000DD021954022FEFFF2810A112560EE7F5CF
:10ABF000410EE81EE3CCB7ED00CF2CDD30E90D0BA4
:10AC0000023F20F34398520CD62FA00B3DF927F1B9
:10AC1000FBA7183408C7CD2D232B13FEF9FFB93D30
:10AC20002B0B52F99FDFF84629BCFFF2EF98CDF2CB
:10AC3000DFCE0BE7E224EED4792CCA23BDFC14242A
:10AC4000410324B5D63DE12AEC0C453D46270D5382
:10AC500024C06322E5CEE7C20AB5F5FC31C1D309B1
:10AC6000FC9132DC01FE043CD340D7F400E1CDCCB2
:10AC700033A9BAC2C5132BB8DA9D0BD6F5C2103A68
:10AC800032BDDECDC94C26E93B360F2403D6107FFA
:10AC90000DD200BF0EBAD3C9ECC913270F5FB3AAF8
:10ACA000EC0AC455AAC9B8E8C1D41C16CF61174E26
:10ACB000377F17550F0BC6B3AC4501E6ECD3BD3754
:10ACC000975016EAA6FA1FB7E431D18558BAF7E1D2
:10ACD00021BAF5E43C4103A7CD3AE0A8D9E79BAE01
:10ACE00005332BF70B2BDA2F56B926D3D73D34B1CA
:10ACF000BACA39EED90A06CFFD130E56A5F2C6FE22
:10AD0000CC2BA104FD06A2D7ED0836D502CD4BF120
:10AD1000C928072CE4372622DA0FDA1530FBDFBA10
:10AD2000D5F1B8412691D4D5ACFF2B350CDD14E517
:10AD30003127E9520EEEB2C3B6F805DECD2BEE7226
:10AD4000EBAEB852F5C423CDF4A9B5BAE30016CFE3
:10AD5000E2A4A45AC2C20B390F7AA4CC4CEA14F371
:10AD6000E74E3413BDEBD513C5FD1E825B184FD7DC
:10AD70000B04F2DB30C4E4084071AF20B22F87A887
:10AD800033DA054291B7C51D183BC5F42200F2FF26
:10AD9000FF3537A60B122DC12E26351EEB10C7E945
:10ADA0005EE43B072FC6BC0CCB10DC251D3D96F99D
:10ADB000F0104718F7E9380BFF1013298C27D743F9
:10ADC000EF2FDC1709CBD640DED22FA715012211B9
:10ADD000D993F0CB120E30D5CF1DEDBF13FCAE943E
:10ADE00025F068BA081A9F42410726BFF892BE09AB
:10ADF000F8F41F151DC4234328EE48171B9CEC4D87
:10AE0000C94407F40B7533F60DA4E7022A26F2FCB9
:10AE100067BE382041B0DBEB4724F6F80E044C68DF
:10AE2000DDF1F23621BE244FCCB308D52E14344EBA
:10AE3000C5F45210E41AE31FB4FBD1FD1F0F0A52F0
:10AE4000F9F8D440ADAB43D6B2E5C4B5C7A2F2B968
:10AE5000C5B4EC39D53852FCBB278939331230AE32
:10AE60006475CC23A100D651E88197F92DFFFCDA57
:10AE7000332EF5B1A91F1ED5E80FFA62314DB7DCAC
:10AE8000CD3B2DFAFC204073572801AC243BBB245A
:10AE90004DF4D94D01815C0121CB30CDE5931A25CC
:10AEA00058F417F9112529B8F70B43F52AC2EC0D10
:10AEB00006C0B54906D64EDE2501EDC3AAF9C03855
:10AEC00008C2E6F11B0B3322AD100AA74CB213F2F5
:10AED000E8AC3BD355C6C036E0DA2F36C396E0BDAA
:10AEE000B3DA6110D80C020A00FD183538232BBFE5
:10AEF0001FDE5B2F9C3FAF5ED54FFC20EB1FF9C0E0
:10AF0000E3C8A513403A0CD02CBBEE00BFF83A2C96
:10AF1000D70D4B27F6112AC1EBE025FFACB8324123
:10AF200000D721E8C632BE8FDC2E7FFBCFADF42CDC
:10AF300012EDD1ED37FC0B09284EF4E6EE5A3449F8
:10AF40002C0A22C853C5D31D29822429223833EA6A
:10AF500036E64007324BE1F4AF17A116C4D12DEE0F
:10AF600020E33A2B0605DED9582CDD6C623D291A08
:10AF7000BB203DDA1CBCEAE6EBD20F62AC33344AAC
:10AF80009E671AC6BABBBB31D7A668C7E346B106EF
:10AF900067F730B2EC9357F85BFC0129CDEB07D98A
:10AFA000DEDEEF272F070E413304E3FEDD2FD6242C
:10AFB00002251DE6DA0ADACBD531FD0B05FFD527D0
:10AFC000E93EA3F639DAFF3EDAEE4E0D2A22EEF71D
:10AFD000F2E0D6C3AFCDC607DEF4ECF90ED014B85C
:10AFE000BC36212CED10BECBED3B05F43F830200B7
:10AFF00029BE2145AC2AC0DB34BF370E30F43C12E9
:10B00000A0FCFDC63621140B4CC306DAC20F21CEBC
:10B0100017C349F6E326E5F3DEDDC1A10A8113EC8F
:10B0200012F111F831B5F4E32DF119C0550D3CB909
:10B03000DBCEDB0C47D7334CC5D508E4F316011D36
:10B04000A52128E2E8100DE041C3D025F2001993B4
:10B0500012DAE22CD40E4CC6EE2E032ABC163DEEBC
:10B06000D11924EC1D37100DC034B5251336DDED94
:10B07000BBDB43D4480B251038F1C21DD8FE8D0030
:10B0800057D8CDD3D736D10A251048F4E0C615B726
:10B09000F62CC5BB05BCFFB9BD3EECC61FD3ADBF8A
:10B0A0000A12E0C7EE12B7B895932522BDD8ACFFBF
:10B0B00050001C0B021E3904E996B6F7205D1935C5
:10B0C000E0409B14BDE0EEBB1E36CCD32807C4F095
:10B0D000E039BD2AFEAF45990008B1154311002B98
:10B0E000F31FE51AEB1DF028FFDD101D2FC727A564
:10B0F000293DBA38C00A3BD0B3CAE6BBE421EBAE67
:10B10000B2DFFA1EE90DE0ECC38110D902B8E027E6
:10B110000BF10EF5E9E6BD15F5FD58C5AF39430055
:10B12000D6DB2AFD2ED0A51FF9091AC82FEC5F2AFD
:10B13000B831FFC92D1A4A42033EDDED04BDBDA65C
:10B140000211EC2E3C3802F128B9FFEAB8521A017C
:10B1500030D10525C9105522B907D321EDBE2A9B50
:10B1600056E50C243728F8D3D6B0EE3955E13BFD2F
:10B1700021B94D380D09CCECBF10F5421907A12CAF
:10B180000D3E4C30DC1B2EC4FBC0E9C7C8FC1FB011
:10B19000C305A1E541B059F8E9FF3331D89437F739
:10B1A0000F28BB1DD41BE3DB0520E4CBCAC916C5A1
:10B1B000BD12CDAD18350623161FF7F6C7EAE11507
:10B1C000F0F83E4124D499D7F3CEF695CCECC30FDA
:10B1D0002CF14CF3B5C2311AC00AFFECF405EC0DAA
:10B1E000CB27F839CCB73E20FC2D122FB5EAB6D9C3
:10B1F000D2D1E01602D6FDB4CFECC5C522FBD6D322
:10B20000DE1E0AE5DD08B602C1CBCDEA3A25ECF731
:10B210002924CE2E2F14B7391EDBFE1D00E5BFD426
:10B220001427CE1B019FFCEE0AEA0A390637F3B554
:10B230001327430FF61CFC0EF1F6CE26CCD934D2E0
:10B24000FEE6C7E1E11AFFE5183AD30204D2B816C8
:10B25000EB040629CA16D7C4EF24C8DEEA484BF52A
:10B26000120040361F42D2C11843EF1B2FDBDCBD5A
:10B27000250BC6110D1AB9D7D2C9F7F40C16C0BCEC
:10B280004CC7052E09DC3A030006810DCFAFDADF8B
:10B29000AAC520E71E3804E9E7DF1D3EF6E7A61140
:10B2A000E310E7311B1310E2C3DAEC0AE3C6F02720
:10B2B000FE46EA33E811E616FA241EFDE5F6E3FA47
:10B2C000D0DBC2FE0300EE3DDAEB1EBEF61FDF341C
:10B2D00001C913EEDC06F4CB1B2A33D4CAF625DDF4
:10B2E000DF28D90CF10C14C830EBDDDFCF0C1616BB
:10B2F0000B1B0500BD1B0A35CC0C1300032E1321BC
:10B300001ACED9EDD6EFE6D8D9E532EFE91BF73CF6
:10B310000E2208FF1CF9F5CCF2EF2FEE1AD3CC2B3E
:10B32000BF1EF4FB1527360BD6FBE2EDD3E914D78D
:10B3300025E1191FFDF51DCF81E3D9D4D90F212CAB
:10B3400007C90D32FE0CE229EFD11A1C03022BF8BB
:10B3500007E50AD0FF0620380CEAC9353614F51483
:10B360003AF60C39E4DF0B15D6C1B4421EDDE30416
:10B37000C32527FF1534EEDE0EE4E8462A23F53612
:10B38000E4F81C1523FED3E30FFB253BE21D10C59B
:10B39000E80025D7FF13E812FCEC072CF0171CD7A8
:10B3A00023C01E20FC07EAEF25E0DDC16ACF63BDA4
:10B3B0000AFAABBBDDBA01B8F22F625E2060D54459
:10B3C000B0DC3BB8396367FFBCFCD1272D54E51ACC
:10B3D00055BE0DEF1D4414014C4B494D09D4C73ED9
:10B3E000AE1D36C3491066C0F1BECEF1129FC850E3
:10B3F000FEEAEDC83E2A5ECEB8E2FFA9AAB9CB3874
:10B400003AFE13D50CB7D8601B29F64D2C3A2425EB
:10B41000184F2115054B0BA70B3B3101623D03E78C
:10B4200003DC2F217E4F99B0CA65EF2038E506F97D
:10B430004335CEFAFD364CC68159D7BCEE07FD5CCC
:10B44000FAB4D549A61C3FE7D34AE924CFD4501516
:10B45000B9562545F7EBD445E1EBFF261A2A252FEF
:10B46000E732DC33610CB1F014C1EEFFD04DEB16C6
:10B47000CCD93EC3E3FF3B3BB0E83740F64C6A2FE4
:10B4800009093B6E2A3305FD3F13F9F53E23238955
:10B4900040D8E7DA43E6C8C8CCFCED4739E35409A5
:10B4A000490AE5584D4C22F52C08E0C6A44F086423
:10B4B0002847E0F9D3D653E78513C7A3CF084E1624
:10B4C0003733DDE0C0D00F3D71ACFA3F2CC64FF5ED
:10B4D000A8A8E04D4E34CBC936BB13AFBC26AEC2D4
:10B4E000225BB2F013BB36E6F435F85CE223D1DE22
:10B4F00026E9AEBE900193F2DAF7DBA8286FDC0DE7
:10B5000095D487B4C40B05FAAACEC4503CA233BB71
:10B5100009EED45C3F27DB1AECA5B3CD10EDF1A703
:10B5200061A142FFDCAB39C36753D2E5BA5671B7AC
:10B53000C5357FC016ABD542900B06C85617CC6EEA
:10B5400029AF4F4C5E42F9DBF11F32C03FB8FDA07E
:10B5500048AEDFC5CAAA04F715F83760FB0443F408
:10B56000E05F16C1B02D6143C58AA646C2DBC64363
:10B57000E4182002F0EED12E9C4B322830F613F264
:10B5800083D35209A822C070CBD03C5D352DC9C2EF
:10B590009313043EDED6D6C1BAF475A9011A4C8ABB
:10B5A000BA3FEDF0FE22C8C8CCAACB914A59674BEE
:10B5B000DEC029B9173F47B5BD5C46B6EF185B61E1
:10B5C00056193BEDFA5F58350BEFE131AC6046336D
:10B5D000DB70EAAA1520C7239EAAD9A4BE00425D4B
:10B5E000C02837C8F1F461253C6306B0C446ADEC11
:10B5F00019F727DC0C3335B3D1C645B290B9DDB0AD
:10B60000C61776E7AEDC7FB228255219C414B142C2
:10B610002240B2CECF2AA343E0DACE5E57D2BE1C80
:10B62000B8B41FEC3256B2F211AB96194634241856
:10B63000B0BAEDBB5F2643F4AEF1C8CFB0D236EB63
:10B64000C7600BB19E2BCC40292CF253021D0B3A44
:10B650006200C44C2EA410BDA2E7E534DA3AB1155D
:10B6600007DA43D5FE66CED0BF112FD01A1AF220CA
:10B67000B5EAF6C498B9381055F33DBD1010FF284F
:10B68000B3E11D45D1EA2C111359EFE050F7A9346D
:10B6900009B032B9FE84384FF2C6ABAFD003F742DF
:10B6A00025473066E7402DDBE1B42C29A8EDC20424
:10B6B000453CB95C3DC5EF53CDDB23D526C208F828
:10B6C000D1CBA8D69856AC65F7292BC8FA2FCD5206
:10B6D00016DF03EA10CAACA204B4F6CBFC010BF2ED
:10B6E000CA19E90229D6EBEE3B07E0D2D4C4D3EA6B
:10B6F00037D40FFB812D1208F844150AE7E5C3C1C2
:10B7000000F811A6F53103ED01FCE7DAC8F71AA33A
:10B71000C3C011DA0FFED00CD9F40709BEE20EFE49
:10B7200068E90F3FEB13DFD3BADE54FABBF11CCE4E
:10B7300000CC3BB8D8CA36F8EDEACF41F12744FE39
:10B74000D12A14FAE7B0C00BEDB5F6D728FC6E2469
:10B75000ECEF18E53336650A0C70FAF812E524426E
:10B76000CDE4F4ADE2E4344B310DD6FB14EF4DD211
:10B770000AF848E2E1B428E14A0B26F9BB0EAA1701
:10B7800000281F11CF21F13106C92D1DCFB8C5B634
:10B79000D9D3A9F9F994C4240F205834F49C24195E
:10B7A000ED1028EDE1B8C0BFC21F371D49C6E3EB5D
:10B7B000E83921FED90DF53A341ED9C01EA4140C67
:10B7C000BFFDDE64DEE0C0CADC411AD0C0BCC9DE09
:10B7D0000801CFC4AF819AD1AFCDB01ED1E0283DD2
:10B7E000391FFA19300134DAD1280BE8EE34DA1BAC
:10B7F000E448B90C22C31D2FFDB000EAE73EEC1867
:10B80000F10CEDCD21B86738E10CDDEECED918C6CC
:10B810000F3AE1C20ED111CD192FAC38B622EDC6C8
:10B82000F4DCFACBE4F02947E5FF2CE108E6532CE1
:10B83000275AC1E2BA39010978C3EBFEC2C221110D
:10B84000E2BC06D716E5FCC1D2CFF1E355E0AC2649
:10B850003AEEECD118CCDF3931E9E1DBCBD5F9FF99
:10B860000CDFFB1EBFE217D13A1F70D2DF27F9E7CA
:10B870003FF9E9F3FB42E506C91365D02AB7DBDBE4
:10B88000CEE1082E0C2D46640DD62FEB2BA32A17E4
:10B890004121D7B58ECA188CED25FC4C1337DFEF4C
:10B8A000C7E3E6DDD410DF04CBC325F7F932BB1FB5
:10B8B00053D034EFC1FB3E4DF922BBDD491502E9FF
:10B8C000CE09132EBC03061618BFA6FCE308D0D57C
:10B8D000C34C18B307FAF228C721E62E1E05BEA9ED
:10B8E000CF40B12CD62AA820F1D04025DC39300831
:10B8F000ED081E31EBB9C30443CDF7F8E513CFC013
:10B90000AF412D18FBC63900E406EE333ADA0211D6
:10B91000D61A06D3E63000FB1C5AB22A2606301D82
:10B92000482003E30CD159533B12C3F4CFE8941BD6
:10B93000DAF59C24E6DA2429123F0921E2CF00C679
:10B940000DF8F31446C302F2F8D40017E1F2F8F44C
:10B95000D6CEE714812DE50DE5E6C0D10D361F0DDD
:10B9600048B2C74CC4EAF034BF20FDEE0AD228C961
:10B970002FA8BB1CD63CF9FDC3FB56C8001BEC40EE
:10B98000D3C6E2D83D2937E8DFC2D6FCC097152BD5
:10B99000D7CCFBBA213FACEDC69D010C03EDCD0326
:10B9A000A8C322C1ADE9C4B1D105E8EAAAD4E9A28D
:10B9B0002BEE1FF5B8B70DF0272FD111D9AEF0C778
:10B9C000CE3C2507A0F1DBABBD15E3E6F104F01F8B
:10B9D000D4B00A481802D3ECAB1406CFEE260B30D5
:10B9E000C14922E929F5174DB3FF16BF2F10D72EF5
:10B9F000FC25BFBD46F84AE0192C193C2DE60F493D
:10BA000016F900D3D25AD4F33CDBD4D5E4C5FA06F8
:10BA1000A74733E9FC2136042A34DE334B142EB811
:10BA2000DC4FDE12C9F55044BAC2AA62DFDE00D292
:10BA300017071AFFC3EDEA13F5BE3ADDD6F3365306
:10BA4000ADEFCD250EC9CC444BFC04F1BFC6BDB350
:10BA500001EDDBFFC32911C7B82CA1E43052F31864
:10BA6000E905CAEB27AE0C3617D0C6EEC61C11B2DC
:10BA70000FF9D7D1FE1FCDB7062CD6F44722F8D345
:10BA8000F836F518C31A5412FCDC08D22F813E4553
:10BA9000A02802259D11D718CEC3BBEC04D0A4FA70
:10BAA000BD0A17C327BA20261132EE0DE02D2E183D
:10BAB000F8F12CA4EC2128E52035F7083023CDC37C
:10BAC000F108496DFE040D25D6FCE30CFAF1D68F82
:10BAD0003F23EB2425170B30EF171729BF0926DA70
:10BAE000E4E0EFF7151616FE04F8F82DECECCD0F98
:10BAF00004F70F15F925F2F2E3DAE0EFBFD60DE413
:10BB0000E210EDDC1A8BF83C024A282115140420BF
:10BB1000A30BE108FEDC0501E131FA3F10AA123463
:10BB200001E4E21CEA051712D4D2A11D2EACF611D5
:10BB300027F7E80B25E7E90E0D2E0A112CE038AAAD
:10BB4000F0341FAC040627DD0EEC22312DC5D6E300
:10BB500033F4D616E22A1DD8EFC2EBF1E733F2F048
:10BB60001000E11918FA29C9003B3B0A0BE4E1E394
:10BB700014DBD803F4291825128106CF3E0507E807
:10BB80004743D81EE9100625CB09E00D1ADBD8364D
:10BB9000F628FBC10D29AB00E4E2FF0B2502F702FA
:10BBA00031CFBA5211D2BB57B817F7422DF19D4988
:10BBB000C5F4DB5646AB42C8132DF6EE5F431CA915
:10BBC0004B2DD3CBEA4FECDD191238E838BA1F728F
:10BBD00024DCF2AA41A4032F05DDE83D14312C4EEC
:10BBE000BADBCEB251D9F929692426EBBFC9263672
:10BBF0003BC02D2BE147EEADE0AC41250EE44C23DC
:10BC0000EBE1CB5AFB6AAC6F0EFDF030A5EAE8C45D
:10BC1000EEE9C9C7F840CD5714D9FFD0A9C63E7583
:10BC200002FDF34BEDC52CA6C63FD2003B014237C7
:10BC3000EDDA3EC750D9F5DCA7BB562EF2CCF2D3D5
:10BC4000C6EF2B54C233B8FDA1ED33CFCC6606D876
:10BC500006EBA13D7FCFFBD2295C9D189D2AB5350F
:10BC6000154AF7F3EA310C39241A38A60BF735F5E3
:10BC7000B3CF25F508C9E9C1121DFCFF20038F03CE
:10BC8000B2C2495EB713CE521D5631C52834B10E2B
:10BC9000F1C986EEFCF4F3D7DAF730FCE01BC5DE21
:10BCA000CC18CA3037322205F5FA284D452B0F241F
:10BCB000DF44EF01F8D8124038F7D2FBE5F330004B
:10BCC000D50F14D21A3A1823D7AED67F0FC5223F0C
:10BCD000C353D3ED093107F71B2DFFE1DF0411E852
:10BCE000C7D6EBF70525FDC6B70836EF33682762E0
:10BCF000ECD8C6C71905C2490DD7ECC800E8F0C595
:10BD0000F8CD20DDE541512E33041614FA42E3F557
:10BD10004238B1113E0CD1C1DAE42835E4060859A5
:10BD2000D7D9E9EE34251538C2FAF3D7DE34F6ED6B
:10BD3000D8F8482D35DC22F6CA05C6E73806D9EB17
:10BD4000EBFE2CEC00EE2107D1E1DC31FBE8E11148
:10BD500006DAE4BA4CCC2CBF35F9E71A3013E1FA15
:10BD6000163CE52105D0F4CE155532F22D21DD2FFC
:10BD70003729FCE0E8EF4115CBDA4A0ABF18DE1597
:10BD8000C038E210F4FBF7FD19C95641F71414EF5F
:10BD900040003359492B3800CECA2B47F61866BFEE
:10BDA0005DD4CD1CE8DBD42811F4FE3405F3ACDC03
:10BDB000190F1242DAC0460A2DD5F72BFECD38D91D
:10BDC000FEEDFE021FB728D41208E7F60EE427574F
:10BDD000C320FB43E0E9F0E71ADF2136CAAAF0D31B
:10BDE000E223D21D34F6D706321739FBD32D3EBFDE
:10BDF000E5B3C409F7BF20313ADBDECEEDD1032C29
:10BE0000BE12B5E5FA45350AE8A02158F38339AEEC
:10BE1000B4383201E22F0521BB26B3DEC4CCED07D6
:10BE200044433508EEDEDFB9F718F4E03BD812E8FA
:10BE3000F748C6D4D4B016E2EA0532E9F114217409
:10BE4000C90FCF3611064E200012124414D0F1AAA9
:10BE5000C821FBD8C01FD0F1BE2D813138AC25B62A
:10BE6000302E26E9BD2218C7B7CF0A37E4B819BE6D
:10BE7000E2204E240B93C0DE2F069C4C02F6E70D09
:10BE80004710BEF1C0F445A10F2EDB0E3AE0DCAC4A
:10BE900007E8F7D5C3DA2E021646E135E0B3B2AFB4
:10BEA00039E764F6D74AC9AE21065B5AB2D903C551
:10BEB000410D1B2423403AECF7B01A52E9F21EC49C
:10BEC000DCE0DE09AEA7A01C140E309D1FBB12F2F1
:10BED000442ECE2903B134A6FC44B3B2DED7210DE3
:10BEE000E1091125178FE6041855F81B46F638FCB2
:10BEF00054523EBF51E2E045D7D85A2C4206400981
:10BF0000985FBF2A3C1BCDA4CF35EB564EA245E12E
:10BF1000A2444E334D42390A0026C88156F6A4C6C3
:10BF2000F0BB9C48A92AE7B053C7BBC1B0030EFFC2
:10BF300030C31BDDB411EEF1AC1A12AD9AC82C2738
:10BF4000F49FC7375530A2F2A0A8A3D398C41831E4
:10BF5000A6C9D4B61A4C1047340913DEC4A0D34383
:10BF6000E11404C934D70E2FC699E39E4701E6DDDC
:10BF7000DD3F144728D4B18CDC68081C0010B3AB3B
:10BF8000B015341A53E6215DB2511BFABFA3BA199A
:10BF90003354BD0251A5B7FAF15DBDF04B30A8C2D4
:10BFA000FEFED82AC10CAB421CEAA608FB2167FDA5
:10BFB000D3A71EAF2FF8DDA8B236CA43391A18E945
:10BFC000F503C39A1A04CF66E24EDA19B84C05FAA3
:10BFD00011D607F203D30FAF44A7BE17F30852538D
:10BFE000CC59F9A101504DC6D3C848CBEB53F9E168
:10BFF0002E56EF03BAFA193532F6F0D634D305BA15
:10C0000073282DC2EC73AFD2ACC83CBEF63910C950
:10C01000214FCC9E54E4BDCDAEBDA550CFAE3E5613
:10C020005A06F5C624D01133D1E8FA3E47CF77DA65
:10C03000B0E226CCF5CA071FC93D2D16E5A9019D22
:10C04000F139D2D91426B1F022219F3827F4634563
:10C05000E7B24DF12AD7D6F252E2ACF545C6D3C5C8
:10C06000FFE8E6AE1FCEF34611E325DC3BAACE0F78
:10C0700032BC4F36FCCD4515E7AEA43BC1E32F7F64
:10C080003C3DD04628F1A042D0C923CC6157FB8D5E
:10C0900037D837EA7C06C66BDFEF3430AE27E7359A
:10C0A000FC451D4B091AF427EF20ECEE1DF010BCE7
:10C0B000BBE50818D20543F9DBF0CEF7AD07C7C0E2
:10C0C000204816FF57DD7F31D33E0A5142DE2F074D
:10C0D000051D0AFE0A19560E10B8380CA6EF1C19D9
:10C0E0001701E504E142F52916F2CE1F14254A0393
:10C0F000CEE6C902FA19230D28CFEFE40ACC05C118
:10C1000005D1E1BED8D6F1E0F619001B27FB1B4C88
:10C11000CC1BDA29FFFEF6FB252539300D07DD2D76
:10C12000CBD82BE8E73939E22D1E0227461BE81948
:10C13000C2C539C2DBC4EF1A3424D4F9CAD9244B9E
:10C14000F005F508D6422F304DDCE8C896210B4F9C
:10C15000C535FC004F26C7D013E70E4EE113E7F8B4
:10C160001832A2FF49F5EA18F11805D029150FFD7C
:10C1700013E4F3083DD90D293A0D275CD1D40A54B4
:10C18000BA4011F6B52B0B5734D313E145DB162B10
:10C1900037BB5D1347C5F7FF061ED1E9D75102E251
:10C1A0001FCEF4E228D1FC18D1D2E14825491BF179
:10C1B00038140555DF3901F59CBF14B5CAEDBCB381
:10C1C0004FD5F5AA152B91A6F64D5D2627023E17F1
:10C1D00060CC4F2D02E233AA3DF42DF5D7B7B6BEA1
:10C1E0003EE20E23238FE3C5FD3F6D23DDCD3144B9
:10C1F000FEE834B1713DFFFDC0DCDE04FD2F3BF1F4
:10C20000C718B3C1DD1CF0BA4B88F4DB4DADDD1CA3
:10C21000E0C63A332E0A502A4AD6CA2FD0D712FB8C
:10C2200031A7F9C33610A7A91F23D8F82EF007515C
:10C23000CC584FFFACD237BDE842FFCC47CBE569C5
:10C240000CCA3E5E48CD2D12346411B00304ABE23B
:10C2500006BCE81DFCD81242D965810B0D41D9C33B
:10C260000F7D42BD8C3D4C14CB04F3DE31FF34A86E
:10C270001DD62AC3FB00DB1430F8B37024D8A741C5
:10C28000D5EE2DF72937DCE011F20D05F1D8B7F224
:10C29000A9F6A819320030C3C03B2CBC268CDD1B8C
:10C2A000F11F3A7FC959DA0F04BF3E0BD4FA14D0FC
:10C2B0003721F41CE8F82D18D145F942FE1FD4DED1
:10C2C00005E2D2D4EBD821FE2C1A200202D8372D59
:10C2D00033D5C4C5D614FFDC01D1CA1FEBAD12C6DD
:10C2E000C14AEDB3E1D8C802F70CEBB311EF0C264D
:10C2F00010CCC9E4AD13A6EEF24CFCBB5914E21409
:10C30000A90835E8F810D5CD2913D1EAC51EB7F232
:10C31000302FBF0ED942C4FFD116DACEF7FA295F0B
:10C3200052F7ED2EEE0BB6EA1A60D8041CFE2C1361
:10C330002F1419CF32372EFDDB13B7F7DBE92F2689
:10C340002626DBEBBFD2F937F923BEDFC5320BA9B6
:10C3500012B7B9BCA42C2B3630210D3306ACD6E174
:10C36000DD73D1F9D320D9591DA3EA190BD135CBEF
:10C37000A6C5143F21DFE51AE94C072C2CD3341253
:10C38000EA51262208CAFEF835C650CD230B0B0011
:10C39000FDB3CBE3FBB33AF40A07F510E22B4323DA
:10C3A0002042F81F30053B210FBE4726B2FDE15465
:10C3B0002FD08CD5F32935B0284247F627F0160840
:10C3C000CCF6DCFC45D7E6E4D2D848DB5F22D522A8
:10C3D000BC00A8F9B7C74A06BD0FCC43E09311399A
:10C3E000B0E8A8BA1C1809E3D24E3B42D68DFAAD8C
:10C3F000FBFBED1781BC3ED6F92CB84ECBCEC63731
:10C40000233BB1CEB44DC6831FA3D4C4D613D6CD1F
:10C41000FCF4FECE46FA1CDEC2FDFE94B00CC3D97D
:10C42000DB112DF9DADAF9A3D3F8260CC1D5D1DA6C
:10C4300094B4D2CEB7DCC4DAC2240525CB10F3669F
:10C4400097B5E1F616F424E8F3E2DCA928CB010D58
:10C45000A19AB8DC15AA12F3F37418EDF100E70CF9
:10C460002D3528D9DAB1C2C636E20396313B1A24FB
:10C47000FC37EA1C27DEDBB926E7D169FE37BEB3FD
:10C48000251E4B2517DA122C20DF582A26BF11E271
:10C490000E0AE390B41B65094CCEB9ECA0C9B4D325
:10C4A000D1D418D9F5F903E93A4BF8F4B45B30A9C3
:10C4B0000AF715ABE1E429C20B122A14EC3AE02C7E
:10C4C00019E44302E3F6D5B6A74619FFA912BBA0AB
:10C4D000E7CEFAD7F3CF1EFF24CAF3EBF465F64696
:10C4E000023EE0160B0210C2001FBDDEF2DC3F3739
:10C4F000E6EFB4E8E42502B74423DC012AF4D1E0F6
:10C50000F6EE343E17E7C3200854E1D30351001878
:10C51000F83F09392DEA34FA2F2055C23731C311BB
:10C52000444AE7BE092AF0B9FC09BFDDB0EF9CB26E
:10C530003D4915D6FC3BC431C44A2CF4B51DDE067A
:10C54000FE48CE14C40CF80DE17F1A0913C04064F4
:10C550004E1134CCFDE2F6CE30C04A41EC29E54E16
:10C56000F7C254D74EF1CCDF110B5CA2BB390DBB27
:10C5700059A98EBDE60335DE43BCB82CDA0AF412A5
:10C58000DF11F62EC7B4EC0350CCF4C6D02DEA1060
:10C590008BD94DBDF6E7A0F221B0FAE248FFCA01FF
:10C5A00041D1CC42D60A47EECAEACBE3CA50E255A3
:10C5B00009D72B14EC3543FAECE1DFC630433C1FBE
:10C5C000B1E0BF9EE1C3E948550508ADCBD842486C
:10C5D00033A4DE07E0180123DC3AFDCBF1AA8AE997
:10C5E000E0C9DBC224A8ECCD2C202F1F1319DFDCFF
:10C5F000D9E7E2C0ED403BE51037C909BFD9E731C3
:10C600002810B8F9140BB0CA27A65D5E08FEC80052
:10C61000C404CB3F1036CFC8191FFB880E1B3C6CDF
:10C620002DC3FAF8F0C906AB35F353330E72D0CDF3
:10C63000EED6632C15586215A506FBD5DD0A1F1032
:10C6400089EB3F3F1D211BA2F4300312D53C280982
:10C6500000CE44DB25CC29C5C6560108101234296A
:10C6600030F7EFEECF28052050BEA4A9001023FC20
:10C670000A12CCD5EC8911E5D62D815624E7D016C7
:10C6800034A91BC2E8B8F9EAC3A52ECCE6F7FBC86B
:10C69000E81432E852B830E543410FEEF5132AE6CC
:10C6A000110BC00AF4C731ED05D21E21DD2716217A
:10C6B000DEE706DC171928E2D51A05FF2EE6DCFBBB
:10C6C000D0EE15FAF0F419280DE3BCD62113E212CE
:10C6D00041E3DDD82EF6F52AD62CFEF4F3FB17182D
:10C6E000E31B2EFB0005DA3216E32028DA25F210D0
:10C6F000ED301907F41C14EE00E4FBF51B2FF00BD2
:10C7000017EA01DDFC013832281BDAD1212D09CAD4
:10C710000BE51EC80E00EB12D8DBF9202FD40BED71
:10C72000F624FDEABC17E123F7C5EBEF181ECB0E8C
:10C73000331F05F1E8070A007FD0E819212D0EC24A
:10C740002910E6E41ECBDFCD0303E5231CEB2DCF40
:10C75000F9D30E1FE6D6CBCE04270DF6DD09B8FAC5
:10C76000C30B25FE20DF1717232D06E6052DD71254
:10C77000EAFBD4150F07D8DC28E048BE1FF92B329E
:10C78000DB290BF6DD0BDCDA1103D5D900C9E21089
:10C79000B0201ADC08F9DCFFF11BFC0EE014E92ED6
:10C7A00012EBDB28EAEBD02628EADE07D627B80F03
:10C7B000CCFF244B0FF836B935E7D9C9BA2AE6C6FB
:10C7C000BECDBA00EBEEEBD267E548E2C4E2FD0D68
:10C7D000D1CB2227E8DD0B26DB3C261B07F4B6D5A0
:10C7E000CA1C36D427C7DCEE212C341AFBD423FC18
:10C7F000CC0F2220EF03BF30E5EC3E22005B051199
:10C800001B11D3D0CF1FCABB1730DB38DEC50BF1ED
:10C81000F7D001291E233DE2F52906EA2AF4D9AA18
:10C82000E130C4F7E6F0AEBC1E051C0DFEFA5B0F4E
:10C830001FF7EB25C7D5FB1D121E1EACD90FCD224D
:10C84000D7E3D16A29F4D2BDDFFD00E9E90E2881E2
:10C8500020F9FC0218181D0C20F71BE6C12B20DF65
:10C86000261FC20514D9C61843E6DFD218F4DEFD30
:10C87000C1035E1EF8DF2CF11E59FA26B8CFC3D9CA
:10C880002B4EE30910EFEF5D1C143D360EE425BB83
:10C890009B06E9B2D201150D38E5D1F7EBD032078E
:10C8A000A7F5048CD50AE7F82BE4EC07493545A930
:10C8B000C4B53818D73A34C24C3C42FEDF1722EDDB
:10C8C0003AFED660192F9AF2F6C9C6D91C10F7E7BE
:10C8D0000B0B44BCEAF7D30D1CE33FBE10E6F6D5C4
:10C8E000D315B80107DBF632CCE9D6C2FF29C4CD97
:10C8F000DB042B40C839E0000ED21F3316D1CC2701
:10C90000E6E92EF00A8667103B51093310191FB46F
:10C9100031DD59A8F62C3B19E72AE9F45E2F03BD57
:10C92000D70013F7E00CAFB93C9ADC121FEF12B43A
:10C9300012FAE9F2C3003AE1530F311839E7410C1A
:10C9400001DA31FC2BD037BCE5E022C63633C1DA40
:10C9500020572FC3B801CBF52ED1FDBDDD45AD3B32
:10C960000BFD35C043EB0D09B6640B1305D402BBB8
:10C97000FD40D6CA2203C919441817E246E959D620
:10C98000E02D0FBA4D12C9B50AE8CBB80AB1347F11
:10C99000C6FAE8EFFBDD1EDA09B9EB22CF22F17A05
:10C9A0009905F4A41ABDFFD401F4DFBC21DDF21F08
:10C9B0002F0ECEBE2D0132F20D17D8E629DAE5D8BA
:10C9C000E9E3DA7111220F0CF908B0E51ED1309CB1
:10C9D000E11C1027F738E2E621D3DC0CEAEB58F82B
:10C9E0003D1EE62B1C1247DE59D202E434F31F2908
:10C9F000DB1917F15D103DD408271C21B1532430F9
:10CA00000EEF03F8E6811203AB27F4CE04E42423EF
:10CA1000C3E034122C32D0D0FEEDDE20FDEE03D682
:10CA200004E064EBB336C60511DDE41934082DD3F8
:10CA30000546D70EED29D1DBFC1ED60720161AE0DD
:10CA4000231ACDE7EBE429FD32581D212DBAF74D0D
:10CA5000202FFE148F0CF7F8FFDD1ECBE141D3062B
:10CA60002BA8D830353810B3E8EBDBEEC01ADF184E
:10CA70000AF7ABD5D3490727F0BCEDF13831F526DD
:10CA80003CCCF40C43E50623F3F8D7E80DF0302E48
:10CA9000FE0E41DE2BF0EDF1EFF1290234EDDF2740
:10CAA000D0BB0EAA41FA14CCDC36E669ACF0954F47
:10CAB0002BE3192EEDF6304D3EB817A50F9213302B
:10CAC000003B1947E1CCF6D72DB4FEB8A7DBD7DE83
:10CAD00031EAD82042ECD0F5A1273FDDC257E8D596
:10CAE000CE49C93E27264244DCF402D5FC2419A6CF
:10CAF000F3D925BDCB355512BA08DB2D2224DD052F
:10CB0000293EB512B8CF2346CEF6F9FD2442D48291
:10CB10004544DFFD0A3BE5060C0346B3B5DBA8122E
:10CB200058D82DFAE4C1B2DB2BCE41903DAF6365FE
:10CB3000D7E3F2DC0425D3AD61E18DD51DF72C815F
:10CB4000C285E2133D38491A3011F5B8DE5FE0DCEA
:10CB5000250D2DF73E0B96EECD49FAE4D7BDF6BD77
:10CB600038D9EBD516FF207CD626976A28BD090454
:10CB70002710F7E5F63692FFBF3A0C95B5E3A8B952
:10CB80001EEFBA2182454D00C028FE1039851F3F97
:10CB9000ED118DF2C4CDB125C937F3D935FAF7C2FD
:10CBA0001AEABA5120E037CE3AF441A6E7F0521A19
:10CBB000B341CBC3D8B03D3DCFF02647452CBC5642
:10CBC00029B8F1CE12ECCA08102A1B25F05719E239
:10CBD00023391B29B0DAD9E6091CF9CF520C46DA01
:10CBE0000E26AAF1F521DE04F6D87F1735D71638C0
:10CBF00002FD342C3D1527ECBF3C1000C33818064D
:10CC0000A72EDF05476B0F532A21C947B41C15E334
:10CC1000D2D351FFC0DF471D340A245AE744D62837
:10CC20005640BAF0FA1C4E0224E513C92742DDA58E
:10CC3000D82C091CD03A0703A552142FC0D7CF1205
:10CC4000F2581FD759051910F6F7302C2127E601A5
:10CC5000CBB3FDBCF3B81E370C245441EC40B6E016
:10CC60005DE03CDEC2D32A0EED0BA2FCD6C3C41D90
:10CC7000FB0262E1E8D06CCC01DE1561562409BFED
:10CC8000BAC21EDB29D836A41B20D03A121BD320EF
:10CC90008BDD60B4F9D006CADA4ECB030510F65F1F
:10CCA0001F193231BD23202FB9925AB421DFB0337E
:10CCB0002EDFFC15DF1AFF4AC3C6AC23281B25E56F
:10CCC000A21606A5C9380AFA1D0F40B7CE52CA49A6
:10CCD000E6900D2CD5E5BAE2E930B7EB8AAC2D64CD
:10CCE000E301F785FBEFCE45120D3045E338EBEC61
:10CCF000F80B11C4CBE2EAD6F91F3AC136E4C33BC4
:10CD0000B5BDAFDCD16BB9BF13C7C132C12E0A1597
:10CD1000DE5110E631D74138D3DC2EB8C0CE242BFB
:10CD20001CEE9825CCD0F5C7D87FEB3D45FA24D032
:10CD300007B732352947D856F20E270157D6F9E9F9
:10CD4000ADAFC4EAE91C463EEA26DFBEA931559DD7
:10CD500020FB0644A2E612B64F1192231FDA0331DC
:10CD6000C555BC16ADFBE13F3602CE4E34C9471463
:10CD7000A9D575DEA934103147350B0FF4AF9FB23A
:10CD8000F66E3E32144B3E40422C52EEABD44D98E0
:10CD9000CC1DBB374F2C40463504D528DD35C4CEDD
:10CDA0003333380EF026341EE61532F5C0F7B107DE
:10CDB000F917390EFED42EF0F92EE01A1BFDCF190B
:10CDC00034DC21EAFA0BACF5F31301EA25E9C720BC
:10CDD000F9F7CC2213F220FA1ED7D8C8C0E92525CE
:10CDE00037D3F407250EDF1750CF012C1A0FF6F3B7
:10CDF000EDCFF8CEF4E1ECE5D5F8FEDEE9F9DC2183
:10CE0000DE0CD9050317230F1ADF1BCC30E90ED334
:10CE1000100BD02CDA12E3310A164A27342DE535EF
:10CE2000D6020FCE40E205B61DDDE345181B14EC1B
:10CE3000521E4A0F012E11CA81140955D4C52B0761
:10CE4000F1DA331DF70EFBE109EBFCCCFB331E3BA3
:10CE5000EF282CDAF011FDF30A00FA172D03E10A8E
:10CE600029EBD3120B06F0B32DC7E54B053310E6C3
:10CE7000EF08EC24D20DF833DD0BC4FEDE0E1AD41D
:10CE8000F8F0E21FD6E9DFEE1905EBFE08DE03211C
:10CE9000F0FCBF5CE5CBDAC5040F01190CDFE31829
:10CEA000E2E4F5CDFAF932F0F8FC03F6FF1EBED449
:10CEB00031F3D11241E5F509283C1FDBBA00EE0938
:10CEC000F7F0F7D11CFEA500C716CBB223D1310A6B
:10CED000F3CE29CD25F60FCDE01FDD2DFCF7C1BE29
:10CEE00040D5310A072424E3FF12CA3D05E816EDB8
:10CEF000F21D21F333F7452A12F2F60141E415ED54
:10CF0000BE1401DDF1D01256D3CD1DF1F8B4BC3AF8
:10CF1000A1F00F252B35ECD029C222FDE015F157E9
:10CF2000E511EB18E1C9B91300F6F2FB201706165C
:10CF300038E5F8161FF1CBD3230F05FFD5FDAFE879
:10CF4000FBC115E44222FB3F1C2FDEFCCDE7F2E8DB
:10CF5000EAE36526C6C7812830D4F0C4C1260BDBBE
:10CF600029AAB7EFCDEBC9F3EA3532EBBC1D3CDAA9
:10CF7000F91797D638D23303EFF6DAB1ED1DDD4558
:10CF80002F16DFE2F9A5FE05C2E9ECB6F11AC42AB4
:10CF9000D6FC312AEDEC13C0282611EF3E100D0D02
:10CFA0006144AE6250C40D218A21E0112302C7FD05
:10CFB0000AEFBB690DE2C0DC9415E138EC3EBFFA24
:10CFC000344FE7E3010DD1F8292E3BBD2ACC1709D8
:10CFD0005AD2EDCE2909E120D916C3F9E2EAD39756
:10CFE00025EFE1E9C8D0D5E34135C6F12231C6E6E7
:10CFF0001C34C6DBCC21F3E5012A33F556EDB0CC69
:10D00000B443BDEE36D6981D04DC270DE9C3E41BFE
:10D01000DD30E5FADD2D0C0842DF0D065AC719E4B4
:10D02000232FC310C9955FB31023C8C2B8EACF2B12
:10D03000A3073E470CB8151CD3DABF0A4BEAA74535
:10D04000FCE4BFEAF4FC2D0A201B81D9A1BF309B70
:10D050009DB734075CF22C241E103136E3AAF4F09D
:10D0600044FFFA4108D93DC35BC1AB3139D718FF42
:10D070009DEA52DFE022DA26E42CD727DC3CE3F2FB
:10D0800028E1EC921441BBC3F910F7DF22C3D7A902
:10D09000EF0C311856292535F0F80FACF38E46EE1B
:10D0A0003CF9004DF6CF04B32ACB3EAB23CE3CD5A2
:10D0B000E10CDC6A2B394121CC3238C10FD82BF37B
:10D0C0001F1BF00DDEE9BB231DDB2016F421180821
:10D0D000E0DAF9DD0B1BF7F904BFB842D8D4B03B56
:10D0E00007E1231310B91BE6E3CA31C6BAC8FC2511
:10D0F000CB01DA0A46EE170AFB0CD508B5012C4C19
:10D10000CFE303CFD021C1CA33DDBFE9F32333E23C
:10D110004129314A5531100208BB2E0523CA2A295C
:10D12000C6D7F93E23F533FC26173708D41E15C39E
:10D13000D44025C811CF022BD51252D6C4D4D80C56
:10D14000420529E7E10FF9E03BED52D6B920F0D7CF
:10D15000F5E0DDFC0A2BECD1BE3E1B28053E2AF58E
:10D16000DF54C13381DD3A10F627B5FD27C12B0E00
:10D17000192D3E2309E641F0C8382831BC20C0FBF8
:10D18000D8D0C2C5FE8FEFFF11BED8F62FC3CDD2C7
:10D19000E70900F60814E71F06DA44B5E5DE1D03CB
:10D1A0005ADCF3D4214012D81834E5FB81061CE583
:10D1B000E4FFDB1A08E943A0FA2123C1EBA5F83EFE
:10D1C00009DCFCF320BDB7135F2303AB2E02DAE7C3
:10D1D000000F40CE20C11EE2C12DF7D105BCCE19F3
:10D1E0003CF1E28DEBB1150F2129EC411FCC2C1441
:10D1F00010BE51352ACD310FFB23DAD4D5D117F229
:10D200002123C98212320DA6FE28DFEE34BCF4279A
:10D21000CABB123725B2DB0A2105BBED0BC1EEDF1D
:10D2200018D8E114B922B1FFC9F917E6F94FE2EABB
:10D230000700FAFAEEDBDB2AD7DDBAC608F91338A5
:10D24000B2A7222E27D03A12BCEEC2E6B9BCC9B8AA
:10D25000FACD4F25E4DC40D0225EDCE52BDE2DDB71
:10D26000E4F6DED49D04FF20FFD7142FBFD4CAB943
:10D270003C10461CE0DE523CF13E872831FBDA27A9
:10D28000B4C8D2E841F6C81DD9EF2609EBE82EAEA6
:10D29000F918C81522B8DA1641FECEF31DF233B5DF
:10D2A000BE1E31E40F1DBCA910D6CCC57FECEAE14F
:10D2B000D71ED593F221E72A081244214426C74EEF
:10D2C000FB4505412325D3BD90353EEE4EE51CE6DA
:10D2D000F052F73BFA5DE246221FFAC724463FFDB3
:10D2E00023B9B06502DD22D703FEEA3903DC401E14
:10D2F0001FCDFF4850453AD4CD0532E7273A2F09D4
:10D300004CF7DED3F49643F6E65AD517CB4A40DD08
:10D310009E30EEB3D5EAF9E8E03AEEC20892D04288
:10D320001DDED8C91406E8F233BC4551E192325BE8
:10D33000D3DE9DEFDF38DFF32441C941E3FAD81A89
:10D340002F02EB1AC551C1375BDC3F0223D2FF30FD
:10D350004EC9EAF200DDBAC7E9A8F2DE13DCDFCA83
:10D36000FD9941B224391E0B1BF72F230F12F9BE72
:10D37000F020E8E9072DE257111F0BFC14540C13A1
:10D38000D9D7FC4A5F4EE9A8DFBFAC3ADA1A07FFEB
:10D3900040BD28CC1AFEC9C7F1FDE64DDFCAD9133E
:10D3A00027C9C9C5C3DAE0CEA4251B39FAB4E7DC26
:10D3B0001CF622E90DD2123FDD22E830302F3DF578
:10D3C00022DE4EE4A628BF0907C4EAF1E7C7071F1B
:10D3D000F511DCC319B3FF0B8823B413E5F422B9AC
:10D3E000C7F4E3162D36AFACFF0DFF08F6EF07B715
:10D3F0003CEBDCE734EF072B0F27F2E60225F60FB4
:10D40000C048F3F3D9E922ACF124C8F6130FD31CBA
:10D41000ACC619DDDC11C3203465DF73F9CAD098BE
:10D4200052E004CCBCE1BB1004EA043B13E5270B3B
:10D4300004142DF91BDA18BC1641E9321DE2DFBADB
:10D44000D8B1F6B210C12419F940DEDF20E4C8F1EA
:10D450001609ECC89CDF81E22FE3C9E9FA074316FD
:10D4600030A9BCD0D947F8EF1E2EFF06A929CBAEB4
:10D47000EDC3362E0233013505ED41DB4020D804E3
:10D48000F131FB00D9F410D409C8230640A0E32DE4
:10D49000EE210AC204449DDBCE18F80432D3206288
:10D4A000C8FF052103C0DFF7DF1722F016DEC9FD34
:10D4B0001A0300CE1813CAD901B1EF271407CC0202
:10D4C000C8BF3A52FCE4CBCBBFEBF233E602BE81DD
:10D4D00010370D31F3F65AC7F323DFF3DF643DF362
:10D4E00020EC0B353D41321A0FDF32EC19DB093DE0
:10D4F00028FACBC624F4E3381C31B403FFFCC70779
:10D50000DDF7401421935B18B22B3243DADC2DFC9B
:10D51000A62630F301E7253BF337F6293AD00FD2A0
:10D52000EAE90FCAF233BF1AF2C5E12A07C0CC1FDD
:10D5300019E9E5D3C74C0416FF062EBEF1C144CC51
:10D540000EF922D3D416D2D4E0DA293F4DAFE8EB5E
:10D5500026F1C13B891841062ECC3201FD2046D66A
:10D560005ED00233F214E715DB2F1BA9ECE1F1C505
:10D570003E08EA3607E10341C2BD4CBD37D31C1457
:10D580000EF1F79C0115C0BC05CA99DF361D0E1EB1
:10D59000A606EE5344CF99EDC9F534C2DA4006D75A
:10D5A000CB0617CA0DDB0736D2E1D2ED39C92BA75E
:10D5B0002AABD3A8FEE41E36F808F62A42201CDE69
:10D5C000E6C9C50D1528E43AE6EC81022C20F215D7
:10D5D000D419E924CD24E3424D2B40DFD728C1C71D
:10D5E0001E11F1233B274623AD232C361924112489
:10D5F000F3DEE0D92FEF11EE17FBBB2BBBE6E2FD0C
:10D60000E0E33DCBD51B24CB221B26EDBE0BC3D8BC
:10D61000DA2CC9C31220F81517151444DE95EAFD5B
:10D62000F334FBF817FAE3F60D03F327E12F19B0F3
:10D63000C921DC39E35416F8F704DCEACDD63ADE2A
:10D64000E9E0CAADD4462F17D9C5FCC8E227D41FDC
:10D650002C302822C6142A3AEDE8EFD20322E4093E
:10D66000FE1AC432F300ED06D3CAFDFB1BBC251C19
:10D670003D2AF11F1BC427D8F294550B1F0FDCCD98
:10D680002440251B49091B33E947D53311E13031CB
:10D690009F0FE69B070DE93319BFC5F9080B2D470E
:10D6A0008AF725E4EB201D1AE2E418EFDF38330691
:10D6B00001B7E0960B5AF1E32CE2A8100DE8D4BDB7
:10D6C000D7DE0E310A331FC4FACB11D936FDD399F8
:10D6D00004C5C5F90E1E3AF3E12403FBFE57F8D743
:10D6E000E21AEEE5FCD5478B2AE905F50712CCE8EE
:10D6F00016E20E35C10B4DC9F83F0439F9E9D639A8
:10D7000043BCD03A1A9BB035F80C12BD6FCD234FF5
:10D71000D2122D07463D2543F1FFA34B16A83DC568
:10D72000281F5EB1053ED71837E0AB64E4A0E41AC9
:10D73000016ECDE5DE38C322270C04E828F3BDF7DF
:10D74000B8D82DFCE8FF3D074CBFD433F7120E7953
:10D7500020233BD5B4251C3D3BF5C6DA1312F91442
:10D7600029C90EF5C3FACD81CD4E32B900DDE501F0
:10D77000C8C2F6CEF9302414C29E333EF42F3C3C8E
:10D78000BA053FE746F436CDB2D1BB3F44DAC43BDD
:10D790003519D7BB25D498293EF82AE6EA133C323E
:10D7A000F115122302100445D1340C2FED3803F586
:10D7B000AC452F57CFCE4C02F8BB2944E9DC401CC6
:10D7C000B72C08EE12D91FCDEEF812FFDCCA0523E4
:10D7D000BDAB0634280ADFDEEDDB3805BFFACA2F01
:10D7E000F5B14724C22A2D2344279A34DB56BF4A79
:10D7F00045FA46FE95DFDED9DDB818B9574247CF66
:10D800002944E007D4C811AC38D8B94EB8ED14E9B2
:10D8100014C0C6D1DB4D3BB928DDDB18EF16E5FEA1
:10D82000DDF1F02CEBCA23C0FD1A1307E6DB47E25B
:10D83000B9D50FB5393804D5A3C9BFDF30D9D72F33
:10D840003EFCECE63D21BAE52D2CFE21A7E1C126E8
:10D850004515F0F3EDD35ED9C2FD39D0323A300729
:10D860004557C9E22347F539F0EE4B1A37BC020E93
:10D87000403FEFEDD7F7E51219F2E47F0E08091BE0
:10D8800014E2C5F8CFE3F801F01959FF0D0C3ADAAC
:10D89000DCBEDF396033F5FE093DFC2ACAC06C39B5
:10D8A000F51D1440CA70F3B4F2A82119D5A739DFC9
:10D8B000BF272D0B2AE6EE0EBC19E4042603FFD584
:10D8C000D816090C102A09D3232C24B6FAF4C62F33
:10D8D000AD9F0AE8DBBC21B4BA2EC23FDD98EADE78
:10D8E000381149220AE9DFD622EF412FCBDB30C3C2
:10D8F00008BC43E7810AF04A2C494720FD0C092166
:10D90000C637EC2FC33DC6C110D6433B350C01A62C
:10D910000026F3D1BECC1BD714BBABB7F0FC320052
:10D92000374609EE2726F818022EEB102C3BE92685
:10D93000F4051932C42AF3D8AF2D1540EF02EC17C5
:10D9400023E517423CBE17B70AC2A9DBD7D9119706
:10D95000D20AC021D913C5D72B25FD3A0EDDCF43FE
:10D960002535112D3239F2D4FD100A36E3B80BD12A
:10D97000DC2B60E1AB231BEC2938E1FA1C46E4E721
:10D98000F6E0FC2ABDC11814CB02D7B91FF90EFF6F
:10D99000EBDDF2A4F3B7FC3B3FFDF2F1CEF023D870
:10D9A000D11BEB210CCAF517C5BB236CE613E20CA7
:10D9B000E2F8094C2F34F7B6B0D6EBF7C8F5F7010B
:10D9C000250A090FE5DC25441DDE4F3017373136B7
:10D9D000FDF82FD8CAC23494E5EBFBFCFA95E6C9F2
:10D9E000EEF135CD0CAACAF1FEF320194BA90C1F9C
:10D9F000DF0A04CF0DDAD7DCCDD0F5D734BB360E35
:10DA00000D15B1F73936F098F20E0C1C2401F3EA2B
:10DA10000FF4D80017C6E2091CEFBD94F7E42625E1
:10DA2000E6FA23C634D6E9EFED1AFDC3CF4DF5CCA7
:10DA3000F012F9212EDEE8EF34C5E1D7CA14361909
:10DA4000C6E8E70F412A37CFCCD9AE33CFE9F5810D
:10DA5000FA8F03EFE0E5D3F8DE460C3E55D30C30E9
:10DA60000E034616C6E3CD0C33CEC7F54235F2EEB3
:10DA7000F6411AE6E1132010E319DDED2BDCC53188
:10DA8000E6064402DE07364A22F502EDE0E1E6C48E
:10DA9000D73D0237EDD65AFBD71F0213DFD737C861
:10DAA000B51B19C9200D5AFB7F15C4AB4333E416CF
:10DAB000EDD54ACE5A18B2AABFE3CD2EB51602D97B
:10DAC0002FC33ED5D0CC5036511A49472FFD172BC6
:10DAD000E4335DC60E4F1761071216CE0DD1F9E67D
:10DAE000DB430D21CA414FBB0E29DE0435EDA16396
:10DAF00032EEE04309C0F4BECA2014CBE71EDA15AB
:10DB0000AB2121EA0DE52412E1F2D7022E33CBE658
:10DB1000FCD03CE0D7E4D228BB1113E2CCC8472AA2
:10DB2000FEF4E7D6D42D423F45B5D7DE3704EEE903
:10DB3000CA380DE7CD0941EC9418B8B9C84BEEDAF4
:10DB4000E0D4D2DD131F0FC4031DF142E7DAD7F88A
:10DB5000E71D54251C3A2826261920174643261E61
:10DB60003D5149C9D6F034DA36EE45E0F1E3DA1139
:10DB70004506FF2703EC32E407533AEB20D36C4011
:10DB8000F93BD7E7324DD418EC1F3F1E2C14C02CA4
:10DB9000D647141FF1BE072725FED62F353E17F5B1
:10DBA000EFB12CE21A312DF201D9CB24430DF02232
:10DBB000C16129DC3CD6B99BDB21F33DBA61234826
:10DBC000FBC8EAEFF6332BED2E23E835C5FCB5C1D3
:10DBD00044D9BDBF35F6FDBCE1542B2436DA14FE22
:10DBE000C8BD3E20B31621FEE0E1DC06C5203E5351
:10DBF0002119E0F434F4E1C5303E40F5414ED53012
:10DC00002942174F3B3FC4471507CAD7B52202E444
:10DC1000271B0B2F16D8FFC82F2BEFF43AC2DFF3C8
:10DC200012EF2DFA2C50D60A321345B931F80DF601
:10DC3000B6BFF016C6FBBAE0BFD3D7F1F00F49CD9F
:10DC40002F3032CC2957260639F52EC1D0D8E52AF7
:10DC5000F41C192328205714F1D0DD000EB613341C
:10DC6000EC4BD7136F061F273E1FE61F1BCEE4F7B2
:10DC7000BEFE03F2C9CF3826D80931D7D335233CAD
:10DC800039D8D640BB0AF8E2CB4D1EEC2A512BA660
:10DC90007FCF0C072326F9F8240F1B04103AC21B70
:10DCA000F60EDEA7DDFEF3FBC7E2E8B9FC2A062F7D
:10DCB000D43A15FB28FC0AE4E8250B2ED0E8E0DE78
:10DCC000F70A4614C5D9FDD6F60FCC382E3216F217
:10DCD000F942F4E2EEFEF7160F2BE4F829FA0800F9
:10DCE00025CC054A36D7EA120E2F03F018CDE9E607
:10DCF000F2FF34CA381FD70D060F20031F17FD0A85
:10DD000099DC3DEBDCF126C0AF52BA2D37F50E0B96
:10DD1000C207D61D07C311D60A30F41FF009E30D60
:10DD2000F8D03330A9F9E638DDB1B904E5F9191FA7
:10DD30002D0BC1E4305C14275EDFFFCED7FB1BFC4C
:10DD4000D5DA121416ECD80D04F9F43301C3240902
:10DD50001CD4EEED81DED1E935FB1113D91E07CBC2
:10DD6000CE08E7D21E1F152A100D2AE8EC26191638
:10DD70003D14D8DA2200FC1401BE48A147182EF742
:10DD8000F1CCF1DE2C321B100017D31B07CF252658
:10DD9000E9061B09B4E9C91D1209B5D90A031D001A
:10DDA00007D932FCF9FC1214E0EEF0D1ED28100591
:10DDB0000C3DE0C219E226AF223BD2F1D429EE2D70
:10DDC000FC04DF18F8ECD9CDBECCFB2F36FCFA0CE6
:10DDD0000E113BEEE82E2F240235D8FAFC1F452BFE
:10DDE000273ACD350C2CF112FAFFDF0329F5EFF0BD
:10DDF0001211223605D639C3073123E6FDD2E5D606
:10DE0000EC101AE5E6FA19221CFB06DA0A111C2EA0
:10DE10000D2BF71F1AD601C832E8F227C8EDC7C686
:10DE2000161DD50AFEE6071A380B1B2601C4DEDFD5
:10DE30004131ED15E50404353208CCF8132A2CEBFA
:10DE4000072E13C42B381E013B16EC0BFEC81A1B01
:10DE50002B14D0F2FEFAEACA0DF41CE0BD04D32163
:10DE600012B4DCCA1503FDD1F7E41F03C71328F66B
:10DE700049D5AAFB02E010D3FEFB1881232B34EA1C
:10DE800015E9EDEDEB3816030FDFDEE9041BE5269F
:10DE90000BC7D7D50BBAD725D8300AD10F002338F6
:10DEA000EC3323C1FD061923E63E21FB2F2F0BFF88
:10DEB000B1D340D0E2FA2E19DEF7D3072CE61634A0
:10DEC000E21DF26FFAC917D910F4F15BF0D8E5E260
:10DED000DD2C4FD81003E211F4F619DEE532F5EC33
:10DEE00024DFE73000FF2710091FBED1E1E2CACFCF
:10DEF000DD1DE00E0FEE180BE7CB1C1417F5220604
:10DF0000D5F300AEE6EE1518DC232EDA0D43CE2352
:10DF1000E0E03920DAD4042FD929E9201BD3EB150E
:10DF200002032BF91C22D23CFEB307F907B514E912
:10DF3000B934E422E34808252EFD08C9EB1444CF88
:10DF40003F472BF0DC041A294AD60B320426F8E8A6
:10DF5000250809D5BAF2E33616BEED1C07400C0AB7
:10DF6000D4E81E01D62AE0E60A0A3902BEE21BDF27
:10DF7000DB0981152D3A2438D59C4815292DF40547
:10DF800005C8F7013102CB35EE2B8DDD0CE2E5BB88
:10DF9000370003C4D801E211CAEC101DF32D09EAC1
:10DFA000FD114BF9FA5FF2050DB0C025FAD8A204B5
:10DFB00044444E141DE3CBE8B8F3EC2DB9B93AC88C
:10DFC000ECBA101B9EC60839BFB94D052E3DFA04A8
:10DFD000C937F92CD3EDE91906B416C20D173AED7D
:10DFE000D0C7311C231D2F1CF2D531B6F99702EB97
:10DFF0004EF82EF2954AF718BC0126D8FAFC0BC64B
:10E00000012FB0EBF946A54848E53F3D4C1121C62C
:10E01000C8CABD40BBB64BD3B8B335EA3EFE050611
:10E0200063C911BFD7E62D0FE012343A094C400105
:10E03000F02337AF20B0B92C81F1E8C9E7FC19F122
:10E040009BE7F609FFBA43B31C47E23E1648DCDA09
:10E05000AD47F9CE1713CED52B08D910052D3C5757
:10E06000DEEFB9CF0A4FF0623699DAC0D0B4F5329C
:10E07000B4251F35F2B03234B414C74333F42B083F
:10E08000D2321BBCDBC814D559CC52100102FDC1E1
:10E09000C54522E6343ED5F7DCFC426202C0BFD55E
:10E0A000E62D42E233C31AD808DE18D8E7FD09C7C7
:10E0B00034BE01BA26F0282C0128FA2733CD031BE1
:10E0C000F02D51DB0635C803F402AFB4E81FE7B604
:10E0D000E8012D0CDCE4C7D0C8D9F70509F51E0707
:10E0E000C9F1C80DFD150DFF3611ACCF34090FCDA8
:10E0F000EF1A02F5E51CCBF32300B5DAD3ED0313D9
:10E10000F81A36D7DEA552423809D2FCEC101F07A8
:10E11000D33A11070EE2FB26D6163CEEEC0ED1EEFA
:10E12000281BD02798E2E461DF3FEBD904FC0514FB
:10E130001C43D212FBD00BF20608E121F0C734DAFF
:10E140001DA53705DEA92DB804F0EAD0F30B162A79
:10E1500000541FCDF1DC8113D4F118520336E1AE27
:10E160005086D435F9BEE107E7DCE00D0E21250528
:10E170002B84E8E1102ECA0CFCC6DB182E1FE20A25
:10E180002DEEFF0BD81DD2D407B0F2C533A2093C47
:10E19000DDC9D7CAF3D0B5EF2740F6162B19A00F6B
:10E1A00000F03D5AD3FF3C0FFD201E24A6E2A62519
:10E1B000BC0A2730E49E2B4DE0CBD2D3D6F34CC61D
:10E1C0000522EEF7DBD9D4361AF20A48CCDDEB0E85
:10E1D000CFEFAB3F0EFAD6322B3FF9FA77A9B64014
:10E1E000DE39D5C01415E3BE46FAEE08F3ED0BF6A2
:10E1F0003DFAE9E39CDDD00FECCBF207F3C40CE46D
:10E2000011DA39AF45C297CE40B32A114AE1E4D1C1
:10E21000EBF6BD26E8EBDD2113F7F0BBA92AC02EF3
:10E22000B2EDBD0436F3F1120B1319141F3F06D5DE
:10E23000C8D4153618FCDCFC00C2C3B409FA205659
:10E24000BB122426BB42D3DA39092C3AA7D5FFAA40
:10E25000A5B20C2C25F700120247C4151E07293859
:10E26000BB7114BFDED0352A03C717205E1BE5291A
:10E27000320E1E30250EFCF1EC3BD35D0A29A1FEC7
:10E28000F26A2881CE0E172CA82332D73C33D990BE
:10E290008E3BA2FCFDF0FDF0D9004BC7F2B42B057C
:10E2A0002AE8E7C805F2E7EC12EAFAF90314EE20CF
:10E2B000E205E79909D820FEF7EE0F08FE33F7EEE6
:10E2C000CDF60D1D05D32F150205E6E7252FE1B18B
:10E2D000FA1DFDFD2D10E20CE1F7C41724641E05A4
:10E2E000FC041724C5E7E7C71A29C609E8112C2D35
:10E2F0001CDBDACC3E1C46C11334F9F0B704EC0A3F
:10E30000E32C02F52A8E391C034106EDDB26E8E7F3
:10E31000EEE2282022FCCCD029EE15FB24EC0BFBEE
:10E32000CB15FAFB1038F12235E52FEAE0B5D0C560
:10E330000EF7A2F21B3CF2315929DCE22BE2D7C5E1
:10E340001C1B09BEDEFA3149283409EE0B21D12D00
:10E3500007F93BE081DE0DEFD2EF1BED010EF7DB9D
:10E3600049D00F2C11CAE11A0DDCCC17FF3908F087
:10E370000203C60A213B2F5916DCE1C004C80C2455
:10E380002FEFBBE4192BF529DAC79337D7211F32BA
:10E39000F31AF9E8FD16CCC029C3FDCEFAF7E71948
:10E3A0001A354B7832FDF9F9D61A03F7EEDADCE7C5
:10E3B00026F81DE8F5F6F91500EC37B6BBD2F8C71C
:10E3C000EBC79B46CB12FF100737E315C915193B66
:10E3D000EF87B5BBFE03C5D34027B8C19BC10D4035
:10E3E000DDC9F4D2CDF6BC3218FCF81B2B15140E87
:10E3F000D8EEDF04B5438E2D19CC18B802F334C41F
:10E40000A030F2D1511AC6CF161D3A190D830C1047
:10E41000EAD0CEE4F1DF250045D9A4FFFEAC29D037
:10E42000F445DEFF24BB43C50C6861B5BBBB0F09D7
:10E43000C741EC06F60F33F02248B80A24312A57B8
:10E440009FDFC73006C5F839D9FB14B22BB9702C41
:10E45000009EFF23DFC722114642F028F0A9EBFC03
:10E46000A4582B1E28BFBFD305F1D9C80249EC2AF6
:10E4700033C5E0F2DE21F5AE2C4681D2EAB2D82ACD
:10E48000352DC2F79BDD063A39BCB613DB571A9817
:10E49000953F18C1E98BE811FB04D0FFCF1C60BE8B
:10E4A000F10F10AC25FB17EA010EF3B8470F2BF75D
:10E4B0000FC6EFC414E6F2E6DD26EF0730E82211BE
:10E4C00025E61B08DD27FC3B0EC2E2221DFFD51608
:10E4D000E04F05FD0B09293CF30731E722E8F6DFA1
:10E4E00003D5E9DC032D3604C702C9F7EB08FAFFB0
:10E4F0001F29281908D7C72E14D1E1E7170CDE0C05
:10E5000026255013CFEF00D3BB7FF4DCECEAF3D524
:10E5100013E819EDD7380E0D24E6F2F7140D0FDCD1
:10E5200019FC18263E26D54B28F3EE32DBEE11E619
:10E530002513F827E7D519FAF0CE25C11A00DCEE2D
:10E54000423523032AF3FDD6F7E501D836F0E9EA90
:10E55000241B3D0ED5F0321402E20FE7CF00E13B61
:10E5600026ED1D0039F1EACCEC04E5C617DED7DE56
:10E57000E814D00AFE0E0FEB02011BFD0CF50C0E89
:10E5800032321F00DD091A08F1D3F2EDD108E5F8A7
:10E590003C0B11EED7E41C110D2A03D90F082316EA
:10E5A0003F05F2381E18C6D3E626CA06CFE7ABDE13
:10E5B0000C263AFAEFCC0CFFE21BC2C016E3CDF1F9
:10E5C0002731A3173CDF231401F640B2F21A2410BE
:10E5D000380C31E1EC04FEC501BAE82509EB400333
:10E5E000170003C219A22CD8D7F122000CE335FB87
:10E5F0002019123E3F1BD3F7D910152D09E2DD0774
:10E600001C04E0030448A4E548A71CDDF2FC14EC5C
:10E610002DD9E427ECEE3BF4F4EA5EE0E2162C158B
:10E6200020DCE9F10BCEC8FED8C28EEB081402F74D
:10E63000EBC204E5FF36ED1AA5DCF5EF3BEF253024
:10E64000E5B8E14A28BBDDF4D87F210FA9FF00A57A
:10E650000A131805E9FDEDF02C3FEE421B08FAC243
:10E66000AC0E1CD7C9F02900E1A425201DE9DBD59B
:10E670001A3D16D11521C24EC8390B58F319D314BF
:10E680001DE3F3EAE3CD08E4DFECED0E3030E418EF
:10E69000F7F1B2FCD014070829D213F7E9D61825F0
:10E6A0002A01EDD4D9D1E1E72EF7D0BFBA0C0E9AEA
:10E6B000BCC7E51D09A8C7E61BF5BDEE1CBFE11FE1
:10E6C000EE300FEC26F8F3C9D92C0950DBD8E0075F
:10E6D000D348C4CA036C262549DAC0CB3516F404E6
:10E6E000FA2CEADFD10C24FA50BE3A28F65D02F883
:10E6F0005121F840A81CFDC8CBC3D6EB13C605F2C8
:10E70000BC15280DFBC0F73CBEEF2EEF080FEF4005
:10E71000EDC63FEFE9BD26EEDD5E2851D32FF5C2F1
:10E72000B3163AF3D400C5FDF121D3FCD4BDEB966A
:10E730000F60DBFFE843DCCA0CE1CDD50CD1D73D3F
:10E74000FD3438ED02A6C414DEEB200817D1F32700
:10E7500046ED05D80133EFEC2A16BFDECD7F14CB92
:10E760008B03B1EC2725C90B20B51F09EFEB002C5B
:10E770005FFF2231D90ED750292F472941E5BD230C
:10E7800002E2E921DD15CFEFDCD7B3F7FC0C2FFB5C
:10E79000CE0DFCDD0E0BFD0F405F11E611FDDC6AB6
:10E7A000C2CAD51DE82828CBD5E12DDCBC33A30097
:10E7B000F81FED382F1431AAF8C1CAC4FCE4C5D93A
:10E7C000273ADDF72D1C8F43DEE8AF8118FEF519DF
:10E7D0002C0CF0DEB1EBF7D9E4E9ECE63201F0ED18
:10E7E000F832E063F595304B4D2713EB14AD2ACD8D
:10E7F00039D5D8DE1922ECFBFBE036DDF7DDF40479
:10E80000CC0DFDCDF9E2C83E1EE4FA24181210E347
:10E81000C3E5E40B0C14D1DB10AC5BE3C8E934DFD7
:10E820000ADFFA0BCDF10CF7EBCD17392B0D0C05E8
:10E8300059D8B73A140F0E12DCD7D2DFEDF71D17F7
:10E84000052330CA0601EAFE1FC5EC34A9E72C0FE8
:10E85000132F01C937F390E3F94198383D1D51C892
:10E8600001BAFA0F08F8D7E936B7C7C1061130F870
:10E87000E91EFEE8210FBA152825C70938EBC2C6E4
:10E880000FFBC8FE28032CE7D8120BF7D4E3FE1ABF
:10E890002BD8E5A5C445C6D428F6BBC9FBDD1202BA
:10E8A0004CC7131CF84B4E0CFD2433083C32FA08BD
:10E8B0003516C467110008EAF7D1CC0CBA0D470928
:10E8C0002834FACEF14657F60F04EB401830D65BE9
:10E8D00027D9323A21E223FFFF1D41B3C51EA3020F
:10E8E00015EF29F0382507D7F4BEF9C544474A1675
:10E8F00006CB52BE0CC6EFED0002FAC831D118C3E8
:10E90000CD3EDE11373F0401224AD435FF4923AC06
:10E91000C40C42C9F3145C2F3B082B36E861E6F5C2
:10E9200033EF450B2A625619C5320C2FFC5ECD27FA
:10E93000152B6410E63EEA2CCE064AD7DED5476D8D
:10E94000B800B462BDE5FE41FDCFABD6237FFDBA72
:10E950004612BAEA1F47012B051E16F3FFC9BD3E3A
:10E96000F477C3FCC9D3D80BC6EDFB3323D2EBC776
:10E9700030D8F00D013343DAD5325C6FF2D528057B
:10E98000CB1A052E902B4EFF4732434BF6B6BA10EA
:10E990003225B9D3E3D8E2011A1D382B1718E2FE4D
:10E9A00000352F04E0B41222EB17261DFB1DCE21EB
:10E9B000F54216B30AD228EFFD1F04FBDAD8F23E67
:10E9C000F7DE0D2BBDF2DEFE28E5C8E420EA18F2E2
:10E9D000FC0A110F08DADE4400FED924EBE7FBBE87
:10E9E000083622E31EEA352D17DA23C63B40E80538
:10E9F00008381E3A363701083412E2F0E9C9DBF074
:10EA0000E712F5B71D150D19F9FDC81C452A29D4C3
:10EA1000B823ECE64FF119D4EED5093E27F6F5EE12
:10EA200022D529F0EDFB344FDF2516013004BAA8BA
:10EA3000634CB7CEC51D20104DFB2E52E124F007CC
:10EA4000EE35F4F7F001CE5F0BAE44EF15D2EA0CD1
:10EA5000C853E82B81F630D4020A2FDCD244CCE331
:10EA600002CA0DD9BAD00E1BF43805E1F0F50DD766
:10EA7000DEB4961CFA53EBEFECF9DEEAC3D6E622DD
:10EA8000D005259845CD2FD8C42EFD2EC6D2CC60FA
:10EA9000A235FCF5E616CB2CD5B22BE7EEE826DB4B
:10EAA000E3290DAB21B9F31C313DC23943BA39BC5E
:10EAB000F7F03E00FC0004E65CD53035F9FAE5EBF2
:10EAC00006C227382CC1B4DBDA22C3CA1A38C6BC46
:10EAD000113047D9E614AAE99D191A24CEFBB9F2E0
:10EAE00016E42C09C943ECFD2008D0362EFCB62FC5
:10EAF000521215C12B28F306D234B4ECA7033B3ACB
:10EB0000D6093BB9CDA9442707402637D631D7EAE5
:10EB100014E9F6D5D1DE5620DE382CF142DC17455B
:10EB2000FDBDDCE9B9FBF83BD82626CEDB8BCA2B32
:10EB30001A54302CBBDC2EF02F11E0D9172AE0CE6E
:10EB4000DAE214A83DAE0A1403FA371047E90E487A
:10EB50003D1EF0D11707233C3393C708372FEC38FD
:10EB600038AF2CF507C9C48D28F43FE8E8FBFFC295
:10EB70000D01C21DC120E1EEF5EE1A81120EDE1864
:10EB8000F3FC1AF12909ACAF5E2D0FE4EFAD253A85
:10EB9000F1F943270AC8B1D5D335E3E9E2E00E2401
:10EBA000CF39F20A26F4FE4C08C01107B0C9C1A63D
:10EBB000052F29EE38F2B04E05C118C7BC1C234FF3
:10EBC000023AF2C1B816E6001281E4EDB5AF46375D
:10EBD000666F55DC23232DD1CBCAF5504638D4407F
:10EBE00053F7D4360BB302EEE6F1F508D3FA945B93
:10EBF000B41809C143F03BEF13F1DAB1E7BF0A35AE
:10EC0000D6342FEFCBF55945A06BD926C045D32F6D
:10EC1000C9F2D993B346C715175F3910091FEC1114
:10EC2000171C31CC4F2C290ACC36ECF6C4C3F73470
:10EC3000C0683EA41FAFA5C131B6502AACBBE601E7
:10EC400017D61709F835C1043DC902F263F14840EF
:10EC5000F61122F00B092D52E4213DC39FEABE2B91
:10EC600022BBCA5AD558C0A134AE5AB550AAFB4AE5
:10EC7000C1E62EE3225DC9073525EC3F67E55C1F41
:10EC80000A305220002B48304B199CF1020F526B76
:10EC9000871E37C34102CFC33D8B14E94011E81DE5
:10ECA00002F5DF1AD639BADCD7A8C8221A4AAE3321
:10ECB00034E0D7293605E9DDD20FBDD2F8F813FCD0
:10ECC000D7DBFCF3CF44A3CA372C1AE1F2FC304067
:10ECD000C30BC94EEFB0AB43D60E3BFBECBBB7D872
:10ECE000C5BAD1C9C330D9E6D1B915CD5A8A1ED219
:10ECF00026BC0FFF22F6B92845E5F0F7EEE7E03F26
:10ED0000ACC301253C3037ADFD0FD93D2099D8CC9F
:10ED1000CE2EEF1D143C12EBF038D91F900BF6E706
:10ED20001C0C01EFF9B2FEDF166313B73C0EEA10BC
:10ED3000C8041E3C31E03D0AB7C911DFB9C6D20B89
:10ED4000C2FEF3D2DAE022DA40D1E62CE1CDE7B21E
:10ED5000F8FE34EAF8427F07E8622AB9AF01D1D25F
:10ED60002408E4FE213D001A3719D12123C5ECC542
:10ED70000AE916D830CC0FB2C272F8E8CE2B9EC882
:10ED8000C65136C03EC73807B3FC18F209F1BA06BF
:10ED9000D50DC556C2D900DE03F6D4E6098C1D4058
:10EDA0005F012B0FE4C019B3948BE92C2D0EBFED3E
:10EDB00031F6307F0AB12397FD33DB504637C65218
:10EDC00005BCB90021C2F305430325F2E9195159E5
:10EDD000F1E4C40A09ADDAA64EC90F11CF3DF832ED
:10EDE000F348AEE63ABE02E545081C20C9A33C281C
:10EDF0003AE840EBBC3C0E1EEF023CF130091648ED
:10EE0000B40124C70ECB9E025B2100E425A7F1C705
:10EE100046C7E6EF27E334ED2D2E08A9E20F32C3F3
:10EE2000344FC42D3246E2F7211D06C63A0EDB30C0
:10EE3000A7CC0E203CE024DDDED7F9F8C6BDC20C1D
:10EE4000F83C2E6042FD1E0FF7C93E0DE30DBEBE1D
:10EE5000DCCBBC43B3CE0FB03E16C2BAF3BF0F43F8
:10EE6000A8D1230EC7591013F122BB134411B44487
:10EE7000C5DD6C375FD1B01AB52BDA2DCA0EBCFCDC
:10EE8000FFBEF545CDB3E71CD5E9EB3E2507EC0BFE
:10EE9000E52DCC1DA4A21416C2F440E748AFF7F943
:10EEA00006D6EF3AF9D81DB3FE16532035BDE03D26
:10EEB0001BE1D6ED070BE53005F3C438F2401CC862
:10EEC0002E0F03D5D018276DD7F6053EED09413F2B
:10EED000C72AD3B6F021F1CCB137CA0EACFA21EB78
:10EEE0003DDD11AA31FA132D10CE43CC00A365AB42
:10EEF0003D3C37E41A0E9C22EF0EEFD0C8C0B8ECB0
:10EF0000CE26ACBF4D45A0A3D4B558C0CBFCD1D3C1
:10EF1000D2EE12D2CC0AF8A71120D9AEB4B4B538CB
:10EF200045C3323EFBCEFBDFBA1139BE1D50F5346E
:10EF3000991601B14B41EF39FC3A3B4C3DC55E653A
:10EF40008114C046D5ABC4EDF91526C2CA0B44D80E
:10EF50009BDE2C424F10E41823FF9551FDBE1E246A
:10EF60007AED0040BB1B1959D6DBBC0E3F1C25F0C7
:10EF70004F1B18FD56ED322EAB4981E004DABDCBB4
:10EF8000F916D75943000803B0CD03FC3C09CB92D6
:10EF9000D3F7032EBDCC1BE3F82B11E4A2C7C9297C
:10EFA000EF34D2EAC511FC05ECE8CFC1A4D209D1F7
:10EFB0002F0330B1543D011ABAF6110EC3E4E9D55E
:10EFC000052A390728F8680BF340180B00F0ECCF3E
:10EFD0002448060441BD4C44482CB633B815D5C46A
:10EFE0002E34FD3C1BFC3117810ABE0E170AE0FDD2
:10EFF000FE3BFFFDEDCAEFEF29D34841BDEEE84EE1
:10F00000823B03C128B47A38346EF90EEDB7D0F9DB
:10F01000C2D7080CD1C6B3F137CA9C0D1C1C26FE02
:10F02000211FDCFDFD1BD64CCA25F3B7F1DEFBC466
:10F030002237C63CDB0A41B8C9F6DC2E0AFF079529
:10F04000FDDFBFE7F81AD2CC0FBD37164C2C084DA8
:10F050002D9FDBDBCFBEFBC50E0945CF2AABE3D02E
:10F06000EF9FE3C8D721212DE3E1B21C05E8DDFBCA
:10F07000CDDD3340023FE72F00EADF30F0D0B7129A
:10F0800099F509ADFD44B7EA5C2510F201FF145F64
:10F09000B7D73CB7FCF02F2BF1FF04F12941FC0E50
:10F0A0002911E313DBF5E9BD3915DAF51FF3D04477
:10F0B000F90A1CE907D73EE9D021F6E6E61E0ED490
:10F0C000E0022E0A4E201D16DAAC0D11FDD41C1ADA
:10F0D000C7D2BD22E8D7F9384E1DC10A17BE013F7D
:10F0E0000B020F301C3102F6E4CCB00226312BFCAF
:10F0F00016FD0F24F434BD072DE0FCC534E9282BA0
:10F1000042CA3B0E0DE6C9F44803D400EB30F02CA4
:10F11000112E18BDE1F848FEC2F225D3D5CBD23A64
:10F12000E1F10B3DE10303BBE8051A31EB3A44245E
:10F13000E6FB3DE327C706F8CCB82DC6DC4FD60C5E
:10F140000504E706F820CE24E7F5B0F5302E29E5D2
:10F150003F12E3E16DC268580F33D2BDF61AC826DC
:10F160002C01AF31E8052007F71F3FEF1ED5D61B56
:10F17000F2352AC814F4D617D524D93CF63F1D170A
:10F18000CC13F83F14E03ED02D0A343D09FF163071
:10F19000FFFC093A35397F2CF31BEBD22116F2A480
:10F1A000FF1EF11BEF333CE917B24FE1470EC3E4FA
:10F1B000ECC6DE0FF5AE35B7F003C21515D735082E
:10F1C000433409382E0CF804E42DF222DB3F2202EE
:10F1D00025EC3FF12E3902AE28251DD829D2B6DD07
:10F1E000282631E43217094432E1403B3AFACCE5B3
:10F1F000E3F6DE3A0B022B1CE9D7052B3A26F5ED98
:10F200001310EB25FE3FD43E1C8109DDDAA0DC089B
:10F21000F11DF03626040DE0F22FC8BF091C06527E
:10F22000C43316DF5AC1B1AFC6360119F72813240B
:10F23000E428D7F0EC25BACBC8F5BEDF04E73343AA
:10F2400032E3F25B1EEA16D40A47F107E429DD1423
:10F250000DEBFA20FD2601CFE2EBC1F6381DE702E7
:10F26000C103B422F61CE1DB19AAC93344FCEDC189
:10F27000CE520DD52CB319CDD3D79C42D5EBE4217A
:10F2800027E2D765F001D8E101321030CD20F2DC61
:10F29000F9FC3F52EF23F3D54DD7C1D6FCFE07BA98
:10F2A00006C803E6E235DDB8204907F50BC2D8EC05
:10F2B0000303D2ECFD02E20923FDF0F204F0282B57
:10F2C0001B03111FB2EEF7F2EC10AD2538F1C0961A
:10F2D0003E3A6B1BD6E5E4D6F7E5DAE1E2EAF00B5D
:10F2E000CC18D7F93E25EE41C9EA17272010103C6B
:10F2F0000C33F41FC323080C2A100B1404FB25F64F
:10F300009135230DCD04260CFC461F2A231B13FA2E
:10F31000C92A1413E036CD1DD61EA92642B902EC27
:10F32000F42831D6052A584717F41D34E0A8F7F21F
:10F3300012021EC307EDF9EA33D3D41FFB042BF7E7
:10F3400014FA08CB2BB709EA58E4080C20DD49036E
:10F35000FEFD44EF83D7CF39C5C6FCD7B366C6EBF5
:10F360001CFADA0AB3ECD9B932D1C02CA5D2D43107
:10F37000C2B2153FD9EE5DFADAE40123280624284B
:10F380002A36F7F3FDD00F3023FFD2EFCCAC437F0A
:10F39000E0FB25EAC1628EBCE548C62C0E0FD747BC
:10F3A0004C19F493FEB9D1C7E619F9C7F02A11CC6C
:10F3B000DC2026DE16184A2ADFBF3AFEE8C61D3DCD
:10F3C000F2D71A6C0EFAB9141EAD9C2823B543EC83
:10F3D000274730384AB8AD6AA8C3B6B301D80DFC88
:10F3E000B2F3FA1E42D1DA0CD4F4CB1DCA3525048F
:10F3F00010DE5021160D2FB821CFFC04DDFFE2DD19
:10F40000C3F630C5FB01E7EC225AB645FBF1EBA38E
:10F410008F08064209B60E072A3CA0FE4F0DB62FF4
:10F42000EB16591FADEAFF02ED10C115D118FEBD54
:10F43000020EE1EFC334C81064FCACAB40C6E3B2CB
:10F4400029F6C1B9D6020ADB24BBF60DDC08373039
:10F45000C6DC34B7A1CAB2B515C054A5040429E965
:10F460002611C3B9BFDF19FCBF0817E838CDB4DADD
:10F4700012BE040B18F64121BF163CDCFAEB34D265
:10F48000491FBEFDD5E21535B20FCA811B82CECD14
:10F49000B8BA1EF5E1C5A3B70C061522D731EB1F8C
:10F4A00004C5F33AC40B3109B5E7FFF610F8FE4086
:10F4B000FED235CB3AD1F0EAF4264134DD2F03D227
:10F4C000161094E13DFE175C0003D1D14EC2261404
:10F4D0005281C1250BC8F2F80A0BD200F9350CDABB
:10F4E000C50750F614D6FD341828C1EBC6F7E42939
:10F4F000F6C9F5CEF2FBED1DF00B03C83D1F4C0322
:10F500005523DA3D44E8E1FE35C35348B6A63DC174
:10F51000E4ECDEFEC400393BFBB7090B29D7DA4D1A
:10F52000F84016E839039DC2DA0BD9D62302D9B2C6
:10F53000F03615D428203FF11FBC12EEE6E411DFAF
:10F5400010F4CAB0EDF6E535E2D6DF40920E3CB8D5
:10F55000CB084817FF09D6F4DAD21435D598621FC4
:10F56000DEE105F6292EECF4D70B10E52735143330
:10F570001432D8D7D5D31103300611ED1CD9F1457B
:10F5800005F6F6ABB0B53705190830B5385B29D0AC
:10F590000215C80232D8DF04C122D2C8E9AB38C490
:10F5A000FFD310A1DA342A901DFAF143F63BE8F6B6
:10F5B0000F211B93B7F40ECC4607FC22F71C36BF75
:10F5C0003FDA0F610DC90A04E53FCF1D64DF10E289
:10F5D000F7B91FD311F3D43AB8245714312A2C08A1
:10F5E000FAF3F5CD5C19A76349E4AADE043DDE3FDA
:10F5F000D2FB3E3CA2BB55F8B145F9E5C2092D1D31
:10F6000027CACBDC21A60365610DA33B4E01B424C0
:10F61000B7CEC5C6ABB214B0BFCD6CF44CD4136535
:10F620001E34E33481D3CC56D613DB134C15ACD542
:10F63000B73908F338BFC500314AAE37F7DDAE0B36
:10F640002736FFA1CF34C752F6BC03B1CC5DDE63D1
:10F65000FC00153E10AE8DCD3E03F4E2B2E06CE747
:10F6600021BE04B40D24D158BDFDE576CC41E32F75
:10F6700034E42FC8436103AD291B23F0B106130DF9
:10F68000D844EBF11306E5A827B41CA6FE97154154
:10F690000B0E43208757B70B0AB9DE39C007E3F4D6
:10F6A000E3E4FEB5E0AFDF2657B514F1362DCD10FB
:10F6B00038B44AC4220AFB2F02B60001BB25F92246
:10F6C000BECA4FF7200FF9D793E9A2E4B433DEF3B3
:10F6D0001F530CC0BE1D2DE2CDDE281BE52D2EBE16
:10F6E0003C24273F42622F2806EEC9C9B6ED06FA30
:10F6F0003E2FEE3DEF30E0B4CF490237CEEEE54786
:10F70000BC20E7D6CAAD2A40D7F210FE4146140706
:10F71000C4C7F9F9E305CBED4951FB58200441A4D6
:10F72000C2330FD309E29656E5D12318101F95AEC8
:10F730003533A2C5FF61FD312FFDFF20D3134212E7
:10F74000FA164A9C4BDAD8D2DB081F2026A3A5560E
:10F7500011E939E4A3C865EDAEA8E4D7152DF54944
:10F7600010C2C3BCDA404116C30CE3D281FB0A1CB1
:10F77000E1DF99C0C61709F6289D3B0DD92B5632FB
:10F780001EDAB69523D7D6011A2C054AB4F3ED7DBF
:10F79000E348DDC7D2498D231CC1B2141E4D2D0391
:10F7A0003432308E293026F0C7F3E4020303AA3C3A
:10F7B000D21209E9C852E01BFB23F70018DFEBC89F
:10F7C000F1D4EA44E202F6EE381501F7C4D6E1C4FA
:10F7D0002FC84307EC1650F02C28F30721F8BECDB4
:10F7E000C3E21551FBD4FE0921CB19FD090550B127
:10F7F00022C4FDE2400421CBEB09C82A112926F6D8
:10F80000E224D0F942E0AC140DEDDB2EF5B2C61BBC
:10F81000C21346FEC802E40216F208C5150E23EE16
:10F82000D8D8F80A58F9BCFFEB1E1303E1E7E3BD93
:10F83000E303032ADEEFECE8262CD02B3F2307015D
:10F84000B94C1C0DC2F62BE30F2C2226C50704C3AE
:10F85000A9231BE1C60501CBE30DFEE1E6CE1CC7E3
:10F860000EF72A233EFB17D4340CC03E17D8E432DF
:10F87000221ECECEC71401270BC9999066260A22F4
:10F880001B01DF0442F3ECA8D027E1E50EDADC81AE
:10F890001EEC0D32F1E20D2816FDF1BCF6FC13D77B
:10F8A00016FEF29DCDFDD70C36F1170EB9EA3DE2FA
:10F8B000DBFA1ED9BF0840DD74FDDA51B6E4C4FDA1
:10F8C00025B7E25FD8331AC8B7EBCEB83CF611DEE5
:10F8D000200F3FBFBE1ED93CEB19E4CA683A08C6E8
:10F8E000E50CE8E14130C8D07FE771ECE2BEA63F0D
:10F8F000CF4E1CEF0347FFEDF046D414C8243D065D
:10F900001DFEE1B05FB6F145081A40B20B23D836B0
:10F91000A3F04438E3EFC5FCD7A4FA3BE8C1CCDF41
:10F920007A28353BC9C9F2F4ECABC1CA33B505112D
:10F9300023431F3F1DCF022F503B0F37BAC830DB88
:10F9400041FDFD0822F64BE10E27FE57E3F4EB06DE
:10F9500001BA20F6F4D6F9D625F2FCC41365E521E8
:10F96000A6000E07D5BA2FE2DCF32FEB29E1CB1C62
:10F97000522697E9B44AD2E6D0CB4BB01ED7F60D4B
:10F98000A6E5E1C7CFB4FBDEABDBACE12FECC126D3
:10F9900086104DE0C9CCA74DD4BDEF3BFC01290238
:10F9A000ECDDFAD8F3D9FE1AED34E6E9192AD3E3EF
:10F9B000E22F11EAD8ED2949FDEDE5F409200AF21C
:10F9C000E7382D2C35EFC8F9F8E50B17FBD304E524
:10F9D000CE0BE0D0EBE8FBF6B91D05E41FDF0CE32E
:10F9E0001BFA1815DB260E28FC22E4101B19F5EF74
:10F9F000DE061B29D0000002FAE631E90FCDE1FE58
:10FA00003CE32F191DCB380A112118132714F3C317
:10FA10000816EC0BFCEFBDDDDB10442FF10CF02CD5
:10FA20003125101613201C011D2BEA1F2A1AE2FC97
:10FA3000033F0B26D4E613110D0AFBEEFBDFDA249D
:10FA400004F625DD15B9D5D4D8201E1AE6E41E210A
:10FA5000E4DE11052EDA81F31FD2E1FAC7F2E41CCD
:10FA60002DEADB1B0803D1E720EB4526121DEC2510
:10FA7000240BF208393ECCCFF2DD2FA4F6DEEBF5F5
:10FA800008E6FCB20B43EE122EFD34DAFCE624103D
:10FA90000E2E2208CD1E13C4E82BEE06E5F7D4F691
:10FAA000E5FFF8C9CAF5F8D7437C45D953363BBCC6
:10FAB000C3162C10D9022BE67F2EC31E1CBA294672
:10FAC000EDF7FE4C2638B2E9DB0601DA204FBD3FE8
:10FAD0002F15143500CFB848D60CFD1CF7D96CC5CE
:10FAE0000942FB022ECAB9E50EAA2AC3A80DA8181E
:10FAF0000931D6125C08CF1011F3B528DBC12AE614
:10FB000051A76818F1BBF3023F08EA43C54BECD19B
:10FB100001F3181CC5E71F4F00210DEF467034E8B4
:10FB200024111FEC0AD3FB36E80924C9D1A417EE2F
:10FB300000FBE6DAC607084267FCC7F02BC2CCB967
:10FB40004C361D2E1ECC0331341F28C93131DD3215
:10FB5000DE4704C9233E3B4206F75B18FE0EBD0C90
:10FB60000F1F502216D6C6EBF93B37CB9F0AFFEA90
:10FB70002CE0F1BE10061665199E3BFF2FFDD4B296
:10FB8000250E2F9D27603DADF7032834C482C9247C
:10FB900014F6DBF8AE192823D2E2F208E4B43EDA18
:10FBA00060072626E42E40CE0FF33D559D04EEDD82
:10FBB000C9CBD412BCD21EEEFFF654271EDAF01EBB
:10FBC000D81AC800BC4AE9024A252512D8113AFBC6
:10FBD00027C72C23F2150B94A7D922DEE7EAF506F6
:10FBE000C5CB5007EEAFC7EFD62D2E30FBEE10364B
:10FBF00001E1C530004FE2041B2019F6FBD012468C
:10FC0000D50BDC8B010C07E5F4A8C93B31980A2F12
:10FC1000F02AA81633101E1C1BC12FBFD5C1C6C2A7
:10FC200053E2C53AE8E4E7F82C0DCFBA261BEEE024
:10FC3000FCC116E1D11F15229832FDD3D1D7D55F73
:10FC40000AB5C7F1C5D9202520D9D8E1131AECEDA2
:10FC5000ABD4022B0C067FF1F67D91FD9CDD0249B1
:10FC60005F6DE4F2A353EE5116B513F91C0039BFD2
:10FC7000123BEC42F3E00F9E0112EA2ABA331FE96D
:10FC80002D08381C13E404F737C65ABE24031FACF2
:10FC9000CD0ED3C8F8E8E8F9F22858D318AF2509F3
:10FCA000040B35E3DBEB0AFFE21C1C23CA05D2E19F
:10FCB00009D4F6340C002ECFE310D427E6C5DA17AA
:10FCC00041FBF40BEC2FD69EF0D940C918F512F881
:10FCD0001EF4D20D06CC01A8D00CE41115F10711C9
:10FCE0002CDCB6C71DE5D4E93A0C26F43CED13D95B
:10FCF000EDF0EFD4DA2B30E224E3BFFC21D7FE365F
:10FD0000F62AF0E62B17DA4C3D16F8C4EED2DEE008
:10FD100029111CD5250D0AD6CB001E18EA2DD104B9
:10FD200020120C3ACCFD0305F3E6EFE627DC1602C1
:10FD3000F4EC0FD11027EC16F735DF36302CC82540
:10FD4000C6CB1915DD052DBCC32E40FDD8190EA953
:10FD5000F8DD5A05E42510271D15CB3235F8DB23D5
:10FD6000EE3F18BB0F2E1516040C2BC31A23F2E816
:10FD70001EDF2311F4C5C4C82726DED1FD1417E306
:10FD8000B1F4CFF7D29DD7CE2C17EBE92C1E16CAB3
:10FD9000FBFDB8E305E8E418FBB516142981074D0F
:10FDA000C8AFFF9FD1A518262430EF483D2ECD3790
:10FDB000BAFA551CCAC5AD1AE7F2D00B0B30C61201
:10FDC00030EC19F449EA631D1114C34CC4ED190C4D
:10FDD0003481C122E24DB8540F1EACDA3345F1F83C
:10FDE0000CF2E0EC47D0C841B3154418E7F63DD516
:10FDF00026FA4AD2462AD9B2102EAD0D35FCBB1DCB
:10FE0000FC226D163B4297DA2A694338ED3A11D548
:10FE100014C814D4D2F901200A0209F7E49C5C0B3F
:10FE2000C31DD9D33F0B98DC0D06FF28D5163A2801
:10FE3000EC493FE13AE1C5450CCC500A39402FC1AD
:10FE400054525C3BFB225439399A4B1439BD14038C
:10FE50002008D0C4EDC0131A0E42AD0C7DD62CEC98
:10FE6000B908E1560BF93D5ED436EDB4115ADA30DB
:10FE7000C9C0F227E94379FDBF38083F3234FE5B41
:10FE8000C14B3EA54449B72DA6DBB64358CF1AADAA
:10FE90005F2CF10B26F4631951BB0C13E0D1D7E5AD
:10FEA000DD07CCC600D710CBBEDE413DEA0605C457
:10FEB00015A033E8352AEBFFEE3208D03E25143387
:10FEC000DA1B1960EF470F26F3EA01971B2ACFF0E0
:10FED000532FD10140E0C55714FE34FFFD234628BF
:10FEE0000605E428211BE22ACF35DBC4DA12FAAB7F
:10FEF000CAD8F6FD43E153091C362BEB4DEFD52351
:10FF0000E253E1DA3FD81246DDEB04E409F6D3AE62
:10FF100014220ED906FCEA2AC1B108C6291CE30F37
:10FF2000293BD6E9CCA6FCCE17DCEEC8040AF800C3
:10FF30002DF90C1F1EE003D433D71CFFE1D91B069B
:10FF4000FDF506F50525EBCECEFBF6FAD134FF0123
:10FF5000E6E3C636C0CE8104FDE31B0FEE0F08D3E7
:10FF6000E48B25D8DA42FFE2285EEFEBE5DF13D41D
:10FF7000DE140FECDB00D524D6BCEBE32F10B7204A
:10FF8000E1EF32CF18D9D1A82B24B60BE2A909038F
:10FF9000DD26C4FD040EF80BE41BD52BE10C131277
:10FFA00056B6EB5BEA3D1DEDABC6FCBC0D04BC7860
:10FFB000B50319380EECCD05B84425F351E2BDE97F
:10FFC000375833BEEAC196CF66B7E4F033D3BBF1FE
:10FFD000DBDCCF4517C9D6AF54E8BF4DF35314ADA2
:10FFE000E1E321ED104BF0BED322E5EB1CA01CFE9B
:10FFF00054114BF8A7F9C02B0EB6E71905EF180DF1
:020000040804EE
:100000002BDCF7CEF8012EFB41E0FEF4BBB0BB23A6
:100010001AFFB1FC46C80DA1CEE9861812B25635BA
:100020001709A543203B42241BF4D2FE250E74FF82
:10003000F9EC62092749F11CB01C3C0CB30BED191B
:10004000D726184F1CEBBB39F13F06E4F818110610
:10005000CEBCE9E3E0E7155235F3B9BAF3B9D2EB18
:100060002AFDA513F6E3E729B9B4C154F4D1D8E9C0
:1000700050D84AB708201999E613437F1D2BFC3945
:1000800005E4B1E52C12DB221B2B4191AD2204E9E2
:10009000A8D4EEE72132C3CECA3311F00DC14D28EA
:1000A00001FDD019310319D8008EF115AB34FFD101
:1000B000E90D1B38F6D6D0F50E081FF31B0CB2D293
:1000C000F8E80FAFA516D62E03FBD6070B1E374B4D
:1000D0004DE6C60BDB33C3F5C5B5B932FEAAAC1A83
:1000E0000BE90EBC4420E74A1906D91FFC1CB6FBDD
:1000F000E204E8F40833FC15E5D90A03E4EA0C0548
:1001000003D8B6DD0426ECBAECC60A12EFF6DBD54E
:10011000F02AC1ED24E3C61A36F2CCDE320811BD56
:100120002DF6D20840CC20BAF744B81A1AFCCD00FC
:10013000274744ECEC0FE80999E0B7E2002F3010B4
:10014000B9FFEFF7F522E93CF9BFD7CC27F6EDCAA6
:10015000F3A12C21F1DF2DE1CD6BD614BB41321D73
:1001600053692AD5B9F1D8ECEEBAB4E4490A180EAD
:10017000FEB444EDB9EEF9F3D9FAB27FC625F84BD7
:10018000B82ACDB611FA20E5B8E51E352033FDB703
:10019000C036EEE106D024282A36E0FA10E2D22951
:1001A000E10814D038072828101925CE2BD844B9D7
:1001B00029FC1AC1110CBD111601E8BFFFEDF3F4C3
:1001C0003B38F428BAF72C27C008104105C1E109D3
:1001D000CB35EA1B4405F90B0ADC01ED291A0A2B81
:1001E000F43FE818BCD0FC162E0328EA1535D66972
:1001F000F2C9D918161ECBEB1ED5BA36E133F11A67
:100200000E3771E615DC6E23FD244004253ED2C274
:10021000BCFED122E0EBF803BA6B2FEFC3A3D1B839
:10022000503A0C16F7E2F44BCAD7C801D12CE41EA1
:10023000D345EABCFEAFE63F563FD60AB808EADB34
:100240002C400B2DE8D0294610B829433FDFD9C7F1
:10025000151ACDD81EB5EF5013AFE13BBAFAB6AFC1
:10026000F7EC1CFC0CDB20F1D8F4559EEB2619BBF7
:10027000F029C21CEC09E1F8EAF711EE172214DEAE
:100280002DF02CFDCB16307FD61914CFFF24E3FAC6
:10029000E80F350FD0921C4615D520E0C457112029
:1002A00062C241F9C2DD1AC2EA87B417A5EEB4CE24
:1002B000FACE5E084FF2F2EB0016F6C43F50E1FCB6
:1002C000C02BA2BBA7295142FAC716830E35F82CC2
:1002D000CCD7DEF2302BCD07A83F2B130DC5B52BA5
:1002E0004640EBFEBE02EC20C742DC19E3A655985F
:1002F000411BEE1CFDEE132DDEDFE751422AD6F541
:1003000095BB00FF4BCFE78E218135DF4288C2DFEE
:10031000EFCFE72641BE9C0EB215AED08C84DCC078
:1003200044302B4CD4B1C4A5CA5E1FC90A26F2FFC3
:10033000D0CB2D3DB21B3BEE871DCF370BDBC1323F
:10034000EB342CF83EC80D2DD334D4EABDCA22EDCF
:10035000938FF72AEC1AFF32E45692F0BFF2D712CD
:10036000FD704BFBE2F13608DB2D9FF4E1F9D0A6DE
:100370001CC2B7C329A6EFBAEC5D174E29D9A8D67F
:1003800046113D3016021AF0EB04CAAD1B0D2408CD
:10039000A3D43C02E1A8F42E0AE5DEE81B8B02DBC5
:1003A000D413FAEAF228C3F2F8B6B73EF433BDC06C
:1003B000C516C203C1EAF518822431D3F43129DD10
:1003C000EECF0910812A17E3F133F3350BDD09373E
:1003D000AC0D0E405005F12205EDCC2206B1D8112E
:1003E0000FC234D93907C40A1B0217FEE6A12EE258
:1003F000191DE514BAED8F3422F326D06925D71CD8
:1004000012CAF90F0F0D04CF03A531C8E3D046D2AD
:1004100054F4D30416D2FCCAD20CE9AF31B6225C34
:1004200047C8BCBD4AC6EAC347FBFBE7F2096BC439
:10043000A1BF3B32C9E0211CEB03FDEC0C0C4B6669
:10044000F03C2FE0381C25CD1BF896ED1AD737C2AB
:1004500017D1FB14E9E84AD92563C2EB25C1062C64
:10046000384309BC970C39F157C52D291819FA34AE
:100470001D1FDEDA21F2E5CC3E2D280AB0D52DF87D
:10048000F31845F99CF6FF1805EF31D43FBC0B0E6D
:10049000B00BD7BCC515FC2910F73CC9D1FDF4C47D
:1004A0000BDD4126BC4BF2DAE5DB3720FCE20753DB
:1004B000EF2F2C2FDA2FEAC25A1CC5332C2AF71F34
:1004C000CC4EF0DDF6250602CFE3D028D5623A42C5
:1004D000F8BB16BF2EA5BE0BE91636E71DF9F9F3DA
:1004E000C82DF1E5C5DD251CBADACB0545952A9A5C
:1004F000E917300E2B0237D32C06E930D230992180
:10050000ECD6F232FBE3CC27DD83FADA0BD71D04FD
:100510000E26AFF505E01EEEDEF7E8D9AFF7F419C9
:100520004012C713E38848223EBE3DEC493DDC192A
:10053000EAFA3444DBF3D01DEDEF0805CFDEFF44CB
:1005400013CBB7E2C3D3410A1E199711191F28957F
:1005500081BA283AFFE136EF2B64179CDEDFDB021D
:10056000C14212D1A209D5F63164BF1437F8FFF1A8
:10057000DAAB0FE008D7CDEF1EFBC04B3D0298264B
:10058000D218F5E7E100BBE7C1DC2626FB2DCD1430
:10059000082FA6FCB9B7E4CE075ADA0217D8C5343B
:1005A0001521F113F2C3B4CC071AF3DD9F0F13F139
:1005B0002B4A14440433AA143DB657C3A52F2A4F1F
:1005C00018BBEAF84BE6DFCC21E6DCB94E4CCE3660
:1005D0001B39D9B5FBCFF8BBC7EC03F9A63959577E
:1005E0003AE616F2C53CEE33D2C838CCDCF2B62E71
:1005F00092582FD7B950FE48B623D7FC5B191CC3BD
:10060000AC52F1443529314B4ED8B8BF08CD293B07
:10061000CAE2F35128D9F9DAB6612AA225CFB2E1AC
:10062000614BE1C3C234E63B357FF4C00874B9FACC
:10063000E054C910CF9EBC1463102116384DC2FE81
:100640001554B3214326A8F21A093B44A3E4D62348
:10065000A9BBFAA63AFFF3BE50669B3A241541EEB9
:10066000983A15341FFC5EE02207DFF5441DC428CC
:10067000026B4EBCE3EC34539E42B55433B0C2140B
:10068000995F58D4D4B6CC0D28504AD1C1CB22FEA4
:10069000DAF5DBF9AB083000F59C2105540AF816B1
:1006A0001A0CED1C07D2DFECA7AED323FE13FA38E9
:1006B000FB4831D8EAD13CE425C04934A54BBAEE19
:1006C000022C894715472431DC0EBCDEDBBCC23E60
:1006D00013FBC8DECCBBBB10EF09F120BB39B8CF90
:1006E00025FCF9461D2DCD1268A8A2C6BF9714DBC4
:1006F0000821C636A8E336D23C170243D0CF503C7F
:100700005549003DEFCD8112F5B32D1808292BD89E
:10071000D3D2C002DEE85549BE912E9420F34A732D
:100720002227F13D5432B4A032BCFAE249DB6E37E5
:1007300033B63C304D3DE6CEC7B2412639104102BA
:10074000A19428B63E1FE3CBCFBDF60AE23344C9DD
:10075000CCFC04BDFBC831C7E2468CB4E5381C0BA9
:100760003918C61559BC2352F0F6A3BD28D13E470F
:100770000BE62EBAC7D3B71FC01DF9D760260418E1
:100780000BD699500715063041F40A3ABBC3B29311
:10079000D30DEEFBE52110DA3F4CFBCDFCFF3F0E05
:1007A000DFEED73A28D6C0083A2E3217BC1BF02706
:1007B000BF0DF8EB06C40A38C420C33C279BC03EDB
:1007C000462F6C19FBD923D0DC2ED2FEF1E6FCEBD0
:1007D0000F2CD000D3CA19250808E52424F3D3BE72
:1007E0000A0DCEDECDED2D00B10FD13C3821DCF964
:1007F000F4CBC3FC19EC22FEEB3F191C320FE213C1
:10080000F5360CE3131A17D84519EA07EFE8C3E3E6
:1008100021F03A392026E939042D246B20A4FACEA0
:100820001C1DECF5354F397F12090C20C3ADC0BD3E
:10083000BE141BE5FB73F9DDECF7C8D6FBCDE9C0B0
:100840001A2CF70821C7FCB3BFF80012EC2AFA00F3
:100850000EC92D1218E6DBB8F2D6CA07DDCCB417E4
:1008600031C7E42FE71EF2291A1FC7DB15F911D78C
:10087000FF2B023DEE3C3843F9FE3CDA1D0D0EE93C
:10088000FBC5C8B7BD2FC1BA04BADDDAE2FC392313
:10089000AF3CEFCAFC03F7ACCB2AF4C7EA53A23A49
:1008A0000CF32431EC032CE9D9D9D2F91D08DD0968
:1008B0001ECA21ED00EE07F5FAC52C0BFF11F73427
:1008C000060330163400C60BE4DF01172DD73510B0
:1008D000050D280502F21A19F6CCF62BCDECF634EC
:1008E0000A14FACC0314F53223D43BEC10FECA3BB5
:1008F000EA20D1EAD92AE6DE1532FB35CCFEFE0B22
:10090000430D4D02EAD3240F0315280E1704CBE83C
:1009100028E4F0FB1320E5E9D31E232419D4F615AF
:1009200051282902140A333705D92E0CCDFCCBF4FB
:100930003DE02021DF22F116EAF8FAA730140C047A
:10094000361BDFCB21CA17F3FF15D1F73DF4E82A98
:1009500000CA2CF70EF3B6EE0EDF1B25192603DDB9
:10096000CEDDCCF1ECE5FAFC2BE70B120F07FEF61F
:10097000DE072704EDC9E1EDD540FDCF2806CE31D5
:10098000D210C9E52CF51E7F212BE1210722EA5F59
:10099000C4FAE630B1CB07FCE9171CF3D7F5145EB7
:1009A000F4DD3E04C519CE01A2C8400D9FD0A12F91
:1009B000C366EFF740E30D18B1CFA7E33FDF4EFC6E
:1009C000153CF111E4D7B6340914E802264EDEE5F1
:1009D000E2403A2B5EA72DFCC418F303D3EB100CB6
:1009E0001D05CEA328F8E3FAEFF3472734E9F2DF39
:1009F0003C38FFDA1F2BB3323E0DC9DD39BAFC2774
:100A0000FA521D350C4422FD2CFA18031E294317F7
:100A1000D0CB4DF0D4F1D62E40149F1C38C922EE15
:100A20005002E90A22CB59F7F2F51B21EC1B07F023
:100A3000A4FD0A37F5E6F00DD90AE8A9C0E1EDF109
:100A400081DA29D7F606F9ECFDD3EFE302E552E1AE
:100A5000F5CFD71EDEE5351FDEE80A4AB4C2F70E31
:100A60002201F22E15260AE7260FACFFDFAFD9F1DF
:100A7000DC26F528120AEB1D246D0661D043EF2712
:100A8000F747C9B9D0D3C537EBE931A8D4DC1AB8D8
:100A9000B12B1920DCB72704EFDF5449DBC307472C
:100AA00003D915963ECDDC1BECC02417CEE7E7CD6D
:100AB000F11DEB05CCFECAEDF50011D000D339EAEB
:100AC0000A0A32472733D20007FEA326FA34C5B9F3
:100AD000EA1C291FF31EEAEAF4E3E409FA01CAC298
:100AE0002DD1E325E725DFEFE5031DF6C115291E0E
:100AF0000AFDD2C452360CD7DCEA1BE6AA0210ED7E
:100B0000F50FE5BC0C8D59E3D4101BD50C502A17FA
:100B100006ED5E1AF402E8DCEA19C4E32E1F0C06A7
:100B2000EF144320151D3EE7130DCE26D9BCEAEC89
:100B3000D10215E527DDEB2700F2D70C14FDE51AED
:100B4000FBE9F7EDF1D6050E2CC6320A1B24DCFBBF
:100B5000271B131CB2CE2DE8320D4AE91E33F9D003
:100B6000CC1BDF320E150636320FEBE91B1A2FB8FD
:100B70000CF5C7BEF42AD052EE152AA6F5022D0EAA
:100B800001B8050BE6D8E225FB0FC41828F5F6F0EE
:100B900081C1ED0705C5E94D2B131B0500FDDF43A2
:100BA000390A27E8E9F7E71607C938FAE52BFD23E4
:100BB0001B02BF05F522F3EAE02E1B20E24BDA25EB
:100BC000D01C19C4E336F431DBD5F4E7FD161F0B56
:100BD0000AC2F6E83F0E5CDDFA372916F414D51F79
:100BE0000CD4FE0A3419FF1C3FD306130324FFCC98
:100BF00009DA0713F0101A1BDB03E933F5F12A02B7
:100C00004DEC0E542303F918E78110E6DAC701EA28
:100C10001CFA34E235FAE1C8E3F02F1CE4EA2C08B0
:100C2000E4E0C83332C6EAF5F3351A09EAD81314FA
:100C3000D823E9EBE6B21C2AE0E8052121F3E5CF51
:100C4000D505E63D101A081C0BFA0A0CE2472616D9
:100C500003E8E7F709FEE2F00141BD0B181317F9AD
:100C6000E60403E11EDE08D9E80ED852E0F7FDD90C
:100C7000F9F7F80CD2C5C1D92635C1FBE7F2EB066E
:100C8000D4DAE218F119CDEB03FA2D211DE3CEE5FC
:100C900050DDECFBDFCFFE26131FE61EDBC4CCE2EB
:100CA000D8EC1D190E0CBFDCCD15B7331AC70ADB03
:100CB000FB440ED506F11CF0C1DED113F8F7CBCF03
:100CC000C608AEFC3ADB073DCD3013E41DDA230144
:100CD000ACEE02E6DEA186F3FB1135DAFC19190B46
:100CE00025F23F3AFA20EF28B706081629BBE1D0D3
:100CF000370734E80AF7FE18EB12DFF1F6291AD6A7
:100D0000FE4DECF8BECC353C111DD8F2B9D8ECA3A1
:100D1000CDD41CF33BFDB431F130D7FFD2C1F61B6B
:100D2000FA0ED0FDE3F5E432CB13E5C117E751F23B
:100D300034FA18C3D4FFCD1656C5B11BE0FF03EB40
:100D4000CDCAC6D41BFA2D20DAB8D2D6C5D5012D0E
:100D5000DA09363914138CEE22E7BAD6EA2531E9DE
:100D6000F0C20CFDF1F0364E2AFD18F032FA0B0DF0
:100D7000331D20F3E4D8DE07222BD381CDECBC2732
:100D80003125F703A92512E6D526CD92EAB53642DC
:100D9000F629DDE2F95DE810F3F13C0200F4A90365
:100DA000B5E6FFD91426CFEC2A203CE32E001C43E5
:100DB000D0FFC5D531CFECFCB3DC1B48160D0100CC
:100DC0003BF7D2161E1AE5D2D8438FEDFDC9C2D02B
:100DD000EC1E3FFAC2F30FC638042007FF44F8C6E2
:100DE00026E4E4DD1C143EF7EC1B1007FF2FDBD4D8
:100DF000D8E2E9CCFB2AFDAC35C8BF1BD1C4D9FA77
:100E0000FBF45ACD0AF5FD19BB47FD15EC08342D4E
:100E1000F2F5063D04EB15BDF138262E0FC7D8DAE2
:100E2000E430D63EDC0BDD511ED1A324E291190340
:100E300018F881482BDBB5F64ABC27DFDB20D4E667
:100E40002AF508DF36E3EE0AE9E43C3231040063B8
:100E5000CBDBD5DAA2CC17DCC5FB00F92B1CB741E4
:100E600010C30541C8EFFF1C0322C8B4F7F70FD326
:100E7000E8959DE9253603DE21A734E32B0D1E04FA
:100E8000D8C44B1C10D6B404EBE208D4244006228C
:100E90002C1CDF1DEE24970AC620F72638DA00CB7B
:100EA000B7ED09DCF5CCCCE84601290DF03FC92EA1
:100EB000BA250BBCDD3B22180E23E309D92420DB25
:100EC00025FF4629E43BC6C295F4DFE715DD018125
:100ED000BB5F23FAD3EEF2D538472E2A0E10F0CCA2
:100EE0003519C2ECC0320FE1B7C3E6130A24084437
:100EF000BFE9EC153521C4BBD333FEF6CB1B25F778
:100F0000FF01E4B8E1DBF4012635FD3716E1F1EC31
:100F1000C50F07ED05CC202CDE29BB1FF0BDEFE788
:100F2000D62D4911C71EB307D9ECCFD313F9B01E84
:100F30002F0BC9F42DC6091075E8FFB2E6D1EDAC50
:100F400038F3C0FA3525CECA24CA251348311EED20
:100F500038E9270395D5FD30F986DB13C8D21FB2D7
:100F6000FBE13028F42FC5C0C2423803D401F40796
:100F70001FC9B31015433B3CF1D910FBF1F223E735
:100F80004B33E9F8E7063AD905E70CF617EEC0311E
:100F9000CF03E0B71A10A8F813E2C9D8EB13F50F86
:100FA00022110857FE37C14C2AACE437BB32CE5F62
:100FB000BA22F8F40FF63A25E7A9DC0A2ADC1F3832
:100FC000CE0ED5EBC1F9C90A5AE232351DC81E173B
:100FD000BCFABFF9ECCC05C3D9E5DC00EEB93FC9DA
:100FE00021C4F51517CC0F2B63E415E5E4B44006D6
:100FF000E62D1F2CE1BEFE31CFEFBEC033F4CF0F84
:10100000100625CC354ED0F2C4A702F829E92CF100
:101010000E2E470C34C1E447081BEECAECC8F2356B
:101020004CF9E00D4CFEDABF1BEB1ACCB7512C018A
:10103000EF4A1ECFDA3508EB05000DE7D5CF25DFE7
:10104000FDE9CF211606E1BFC3F1ADFAC1DBEBD557
:10105000BCCFF945D32336360C15142034C9CEE065
:101060001B5AD935D0DADAF00BB30D0D0321202B42
:10107000D43200BD24C1D81937441E46C9F3062016
:101080002BE810DBC6E417052C2881CFCA35E4A273
:101090002A1C33401B07E5F6E0C22FDF43EC1ED9C4
:1010A00020EA0247DD2509EDB7891E5EC2E5A0549E
:1010B000C2242BFE3AE74D531B0C0105CDE030FB5B
:1010C0001FE1D422A03514E746EEF9C10530CB0963
:1010D000AB01F3EB0A22D5C1C30D25E2EF16DE14F6
:1010E00008DE250CC3EB3827CCB12724C1DA441A1B
:1010F000E5EADAFFFD2237C5B8FAEB1BEF422DEF28
:10110000E5CCCBC62D21F24531D1DC28D2E2E2D0AC
:10111000EEC707B10AD3DDE1D9BFB708F9DFBDC714
:1011200060F3DFE7C8B327E72FF2FBC12EEB3528CA
:10113000CFE53227041E30D1E5BBB3F318AE24054A
:10114000F4140BE9C5C2C9CBFBF4C6E1142E3FA8C9
:10115000950A0F1A012615A8480DE45111DA1AE371
:10116000320ACD33ADDDC420F281F0FEF0D0DF0BCA
:10117000FBFE5ADCB838E5E335F9C245E3DAE76748
:10118000AF0FCDED34CC0314A6CD28C124BCB52EB1
:10119000AE123910DDBE2EEF2F1926F4FE09340BE6
:1011A0001CEA1BB406D2E4DCFF1AD6EC031C0ACFFF
:1011B00007E301FA2EFCEE36E408F8FFE2ED24F531
:1011C00012090E57FDEDC3CFF5D0F7120E0001CB7B
:1011D000462CEED7E814E003C4D5E7DFB2C938F9EE
:1011E0000A21DC2FD50DF3F4C2E417FFF90E2A1FF4
:1011F0001103F814D9F322EFFED4E80515EDDDE173
:10120000E407233CCDDC1AFFEE21E419F11ECF21C7
:10121000090CDFF0F81401F9DEF6110216D6E533F9
:10122000E5DAF80206E22C060913230FD50CD53DAA
:10123000131CD417200415EB7F182002DF15E4EAF5
:1012400000301DC90DDAEAE62ECCDADDE810D92D22
:101250003215D61AF1FA1E1E03DC0D27F7EAF6EE58
:101260003F2300EB28F5F70816103C15D9D706F9EF
:1012700019BD0EE8283FFCEAECB3E0B0161E103FA3
:10128000E3E1DF33C70FDDF6ECDD18D62ED5ED290F
:1012900023E00CF6C610B8F3D80AB30AF02AE22805
:1012A0001648022FF43AEED5BABEDE28161DAE233C
:1012B0003F5EE646BDCEE6F7F00DE3FD4AD704F209
:1012C000060DD6F7950FD93341284DD73A16FFEFC3
:1012D0004926DE0B27BE2E2DBD2FD81E0C189A0DC9
:1012E000FF1E2481DFA6AE105C1833DCE4FC23CFA4
:1012F000EFB812F426330F3AE504FB27F84C3C060E
:101300001723E7ECF7D9D5BC1CC9D1F323F8E6E4E1
:101310001900DEBE45E6342522F72FC43A37DDC476
:101320000012EAD02630E8D3DF32FECCE62922F9DB
:10133000F915EDE93C0E1F31C8E6B446F0E7535607
:10134000AF31FF2DD53A38FBF3E52BC7EEFA0BA3EF
:10135000F8E2F936B4E471B72A0C3B23BE39FDE05C
:101360004B01D217ECD348081CBD1AF54EE22B07EF
:10137000DD423DDCDEE1CABD3DFDBD17121EE00DC4
:1013800001C7F4DED7EDF7E22C18DCFE3A1CDBE4F3
:1013900005E4AEDFBE03EFECE343CD1915DD0FCB63
:1013A000CBCBDEF527EEED0B4FE6140AE1DF23FB96
:1013B000C00F071E1F1F05CDF8CAE4240B3D1FD127
:1013C00022D7DAB6D7EB2B36ECFC160738E7E72A3C
:1013D000EC4913F0D52137E759050AD41A03ECEA92
:1013E00013002CC0F0E447CD3101E0D33001DC1A0A
:1013F000D10FDD112229F5F8DFD6F8E1EC30FEE05F
:10140000EE274DFB1A17ED0324C1DB242F31E4E452
:101410002F3919E1EFE9F73D27DA2111C1E823ED72
:10142000E80DFF16FE07C8EAC6FBF2E52E2AF526F0
:10143000BC1B1521FC112EFB81DBF5221A15E0C423
:10144000EE2E224B011A3C10CB13DBCBF6DB27131D
:10145000EB28F5E829DD0C14273135DC0111F416F1
:101460000530E3012008FF1AE501D6F8EAE0EBF0C9
:1014700010D2EBC8D9EEF127CCEB32F1C32E28FB0A
:10148000C63E280A1AFB0E2FD6120A4EDDDA1C378A
:10149000B91FF3FB310648F6D703FC1816D8D8FA63
:1014A000F5EA2828ECE7B3B433F40ACBC9A3EB2060
:1014B00059292B9A18FED1F5040FF4346EFB271D21
:1014C0004DDB02CEB9F59ABFA0DBAC813A32C8C081
:1014D0000DEAAFD915424EFCE40FBB32A32A51A648
:1014E00038F00D50D6B9FFFD163627250CDEBF0C9F
:1014F000FBBC47D0C520BA189AC81001E624D5FC19
:101500009EC8C80E1E25EA730A0DE3C30C01F3C37F
:10151000ED4C1BC31903C3D5CF0B30E73935C03AA7
:10152000E6C1BA0EB808ABB73BB7F93E5C0E2FB1B7
:10153000F50F324934F1434A4238D8254CF4F50AC4
:10154000EA503A08ED1A4A0EF15B4DCF3323A7203B
:10155000B542252FC6F6ABBBDBD52ADEF42F65CC12
:10156000B7E2CEE2D1CE1CC30747C14626E5A901AA
:10157000FC41B20D5635BD64D444C086F3D233E786
:10158000421AEDDCD0ED3CD2F750DE06C0A3D016F7
:1015900092D529A8B8C1899F4BECEBDB5DB0100553
:1015A0000EB32430580944D050FF150C27D64DA84F
:1015B0002BEDF84D38E6C4F2D2ED191CB7D5EA2070
:1015C0002EF8BA38AF403A6256EB4849DE56E2E8A8
:1015D00023DDE52AC85044140BE71FBEC0E8245998
:1015E0000BBBE38ABEDAE8B0A901233606B4F1E109
:1015F000FB3A23C18DC0D864C69B565918700DCDD7
:10160000473D120F3BF6083417D4A2139FE9D0DEF2
:101610004227FF5ECD56310EE2F4457FAD0419EC52
:1016200013ABA7E12572BF642FFEC2CFEE40D643B5
:10163000D235DCBE44E66300C432E0DFD0395E4C14
:101640009A5CDA26CA63DFCBF3A8BEE313B3CE5DA0
:10165000FEE25BFF3F0E0E3244E5ED54CFA31ADFEE
:101660005931AEF5D5CA1E420CC0012810F864D518
:101670000B96001F78FCD1CB5D1DF454B2270819DE
:10168000DF59B0DAB34FE1FCCE9BFB5A43A7BB3620
:10169000E14CCE435ED96620F1BB24FDF452FB023F
:1016A000D9D5157521C05ECCCFF4F2144FFE1AB710
:1016B0000F0D3264C045BBCABDC26141FF5A3CB286
:1016C000D933BDE5E5E1CA1B7F5E820ED2E6A1DE1D
:1016D0003A47CC10EBFC5145D9E9B3C9465A06F557
:1016E0001EDDC7590B244B19F30B5017066221F767
:1016F000E4A4080A0A25E308C1CE5AF114F2B8F8A6
:10170000C6470F42E424F84ED8E0451441B5AFB9BE
:10171000E8DA39E9EF20AF004B90EA03BB65C82D4A
:10172000DB51520DC6AB85C4CCC5B4D1D51D08ADB7
:101730001A46729B0EB0BD61C918EAB8F303B069CE
:10174000E93EBA390231E7F9DE643CD3E82A2121C7
:101750003CE92CFCDAC9EEF0D45EFCCD455431DF17
:101760007266053B3CD5507646A617A8F43607E2CC
:10177000EEF5D95DBF02A20A515F3F17BF2B5EDEB7
:10178000DFD903F4194BEEB503D0853551AFF0C75F
:10179000E71035A4FE07C724C8C80BD8BB64454D65
:1017A000CCF4CF9EBFB9F01124DFBAB3D2C9FBF796
:1017B00081BEDD9AF0E5CE6E5C41EE0FF904EC1FC0
:1017C000DF0BE74C09CDFDF9DE28E71DF0CB1BF759
:1017D00004CFC615B41138DC2541E04DD5033022C5
:1017E000E4E91E0003FB26E9C742C804E4EB051345
:1017F000DFDDC61A1A114002CDC005E918491032C2
:1018000099D33103FA8DC82F3819F05121441EF8AD
:10181000B91851D92ECCA81BE1F1E12B120A1C3AC0
:10182000F0F2254949420443B9FB933D0682FFE5A6
:101830000118C740035CC3D9243EC21ACCE0B4EF00
:1018400050012FC61A1EF728E204F0DE2EDF0D2D00
:10185000FE00E01DCAD519C0F9E84625E42CD32FB7
:1018600038CB3EEC28C0CDFA3FF9D3E9BDDBEDC45F
:101870004FB6DA04D0CD25D22D0EEAC722D320F2FE
:10188000CDEA2E3047F43C043DB9BF58E7FC0AD3FB
:1018900013E2EEA81D12C2F03B19AED4C0C8E9C1D4
:1018A00046F1D4B9B7132FE799042D3751CCCC5258
:1018B000AF2B3579FAC8E64B94043816483A0F3DF9
:1018C00021EA101CC89BD92F431BE33BB7D84DED31
:1018D00016CCB7FD30B8E5DDCAAD3CFE44D415CA20
:1018E0000BF33AB1C83ABD4C4A1CD24FD6C80BE5EF
:1018F0003223C0B3CA2B18FF33F040F3C20725EEE2
:1019000029C71D38C2E797C0152CE80CB299F2E13F
:10191000D408F72AC1D3E2E522331FC7C548D63819
:101920003BAA3D37E5C7F1ECD3152720CCF5CD35E3
:1019300013460347341ED7D3DEE5EEAD31EBD1D7E6
:10194000E7DB0DFFF8B42B05CC9DD2D6BB33FAD51F
:10195000E2E3B911FC38F52115F50A311081C84DC3
:10196000E62EB516F7E32218E9511F2BEF09BDED5E
:10197000B0472FBE1DB32919F4E0D531E3E0A12C07
:10198000FD16E53CAD1229D2EE1545CC39F1C2D198
:101990007444DDE3915BF9151E24B01CF0D80DD41E
:1019A000F827420D160EFA351511381518DCFF12FE
:1019B0002FDEB547072CD8B3EF2117F9030A1AF524
:1019C000F930C4E9921DD41DDB97DDF124D93257DB
:1019D00029D410C84100F6FCB9D70C1AB381A9E785
:1019E0000B431DE00007F3DDFA3345CD43D4FA265F
:1019F000F5BD28C5CB26AFC1122237131F063043D1
:101A0000A6E3FEE024FB2F21F2C011ECCFBCF6E5EB
:101A10004424C2C11E2420FBE6CB250F22F120C79F
:101A2000F2C20ACA15D551C7D830A6EF09FF460F32
:101A3000CD271C4030DFBCF4E0CF2A5CC505BB10CD
:101A40001BAC0C59F9ADC6FE03F1B6B60CEA120494
:101A5000A29109F30E134ED2ED48F63345FA09343C
:101A6000093618C41CE5BEE4E7F925F9F803D903E3
:101A7000CF3A6039C0352201161AA13BB81F9CF33A
:101A8000F8112BDCE7B4144934F836050A06D8E817
:101A9000A50B25FFC829E4F0C734E8DD3AAAF5D53F
:101AA00023310721F9DB344C2FE0CC27E2DA7FBA6F
:101AB00006CE2FD0D229C22FBF1BD5DAAD19DFE752
:101AC000C9C5F92A37C113470A610F49E40F17C383
:101AD000C11C03B9D4373A1B4309C3CBC9B428D8B6
:101AE000B5E728B40835E900ED26FDF0091A2948C4
:101AF000D1C50DEE19BB342231F149E2B335D8110D
:101B0000A9EA311933D2DEDED0F7EAF5DD4CE21D69
:101B1000F2C5E82B210FD0DD2ECB38CAC32925040E
:101B200005FEDA34E53C08B4F6F3F321DA2A3B1378
:101B3000BE120FF84B60E4E2A219DEFB052E372639
:101B400018E716FF39451732DF2013BEE5BEEDD981
:101B5000E8FE074214D12F12BB0A33D803AA66034A
:101B6000F328CD2D0D02BAD950F8460C17CECFEE82
:101B7000BEDB102B260706C2B2E3F9430C500B0D57
:101B800029E7E1EEC4DFE92E6C27E76ADB12CA0918
:101B900037DC6013052E3451E9F9BFCBD5152FEC96
:101BA000EA2FFF3306FD1AEBF405E2C5F70DE3114A
:101BB000FCBA3601102ABF1FCDF84739C20AD10F2F
:101BC000E620C54BF3076133F0271B6023F5DA2AC3
:101BD000CBB91EFD19374CDE2709DDF802FDEFAD4C
:101BE000E91BEDF8F520D239F60FEC0DC134CE1A11
:101BF00010E80E35EAF1C60935F434DCD8E0C8EA5D
:101C000018CC00F3F03AAEB827D8E20DEE051B046D
:101C100030DE26FBDB05EEECEDDB02EDD2AB38FB74
:101C20000E02F7FE1A2D1D94217F0ADD233A2F059F
:101C300020C4001B2129C23ECDE2E2FC2CC5F525C3
:101C4000C403F2E214E31CF004440E1D0A1CDD1967
:101C500032C6E3C5ED1AEC1DD3FD13313AB2284A62
:101C6000EA433311DB06E9D5161EDBBBFF0600BDD8
:101C70002C14D7F8FDBD3AF6D443F4F3403DFD41B2
:101C8000FDD13D1FCB241FE34B1BC0302E29D0912B
:101C900027D6EF0F09301BF81301E7CED72DCB3431
:101CA000D6DBF6BAEBFF4E031AF02407F824E5D092
:101CB0003827B290D9DD050424EF4DC7F8D73C2171
:101CC000D12F1B11DFDF8D1D15E40BD0A72B158441
:101CD000A6FE70FF129FFAF331AED4153835E3CE6D
:101CE00026D74BDBEF19C258E21F09D4221F15D0AB
:101CF000BAFB1BF92428D7DD170C25E601D9D942F8
:101D000046450B13C9B434F2F6FE36B8EC27AFD013
:101D1000F051F7C7BFF6E24027406615CE0C4CE302
:101D2000E94D271FFC10BF2FD71BD1C005270E4739
:101D30003AF081553AC1E2F34A330BD6154A1EA94F
:101D40004612C5A72036E33345923D21201D1605D6
:101D50003716C73ADEFBB8D1EA89A2DCE6421C2E70
:101D60007DF0293F1E17E12FF3ECE719C2F6E2B828
:101D7000EC0FB0DBC9D9F125F4C708E3432D4BFACA
:101D800013FC31B86ADFC0B3F0280838D4FFE92F5C
:101D900063DED7C3AEB3EDD83029E7F016FCBCEE56
:101DA000B5A61DFFB5204CF10CDA0A26AD3111396C
:101DB00022073EC9CD0DD3CBD706FC301DF1B2EAC8
:101DC00040B1CD5B1AB89BD42FF2A2E05B3FDE128C
:101DD0001CF60B2EE508E337C7B8C5C9F6BD32BF00
:101DE000C8CAD5E3FE0A0BDD262FBA2C1504AF991D
:101DF00014201AFECAAC26FFC94BD3E7CFD5F32C6B
:101E00000C32CC3A0718B365CA19C60220E2F9971A
:101E100025F2414BD8370347B72D5BBFC4BFF04213
:101E2000320AF331A6F31A9FBA49CD2B1D4FF39E08
:101E30005A54BDD74D421922E0C0AD1CA5C3DFFFE7
:101E4000DBBCB7A7E202F4FFCC8DC6C489FA3EEA38
:101E500028B309C844359EBA320C812B02BA2FBF71
:101E6000ACC809D031EBB811F9B80DF5C6190A386C
:101E7000BA332ECFD7A9FBBB52C2A119A004F0449C
:101E8000E60B221103BBE31BE14BBBBC05F93E9EF5
:101E900036B5FFDBE535DAF0F7D2CF09B5B09BF206
:101EA000B501E912D693C9333A1ECEEB4710323C46
:101EB000E6B2FE8D3B143225FEF4E937B2F5CBBD18
:101EC0001202423DCECFC407B9A2CDE417393EB1CC
:101ED0000D134AE31A3AFED6DFB9D3BF0A1CF51731
:101EE0000AE6AD64CBD71E1515DE140BBF38AD471F
:101EF0003E2B4D2D16362DE9C206192026F8333912
:101F0000D20804FF1701F40C03F319201FE9E8DDE0
:101F1000F8CDCD31FF00D7373719CE49F32129DE6F
:101F2000FCE9362F49381CCE1019B20516B3263AF3
:101F30002AF2DED2FEFCE43849ECF215DD45E50379
:101F400043E522A7191032D2ECCA1EC4F60EA8032C
:101F500052BBF8D6F231D748C3DCEEDAE6FAD81D28
:101F600015093018E5ECF50CB413EC17F20B14B8A6
:101F700029E89B13DE76FEEED084F80AFD2203F7F3
:101F8000EDC122FED97FECFADAFB832AF5FFC067A8
:101F900029C024EAC52E0B30E910BEC11EE3B924C6
:101FA000500D3A610C361599C0E9DB6AA435C2635D
:101FB0001563E4DDC4AAD115B415DFF2FBD162E9E3
:101FC000C93EB34FE0E1192B3BE315E7D75006E6D6
:101FD0000105A42929B5FBD3CA333CDF05B1C6C628
:101FE00041F634AC7F0016E01DF217C2FAB82D207E
:101FF000D3ECF5D1DA15C2DE56D25FB547BD21BBB1
:102000009A01261015D5D7BF14B829E5EDC931D3EB
:102010003ABDC124EC3ADD0BDC8CA3EDF8BAEF1B22
:102020002AF9D0D9BB0828F6F6382BC5CE2404A04F
:102030009EDA33E2300CE633F10540050629F4B1AF
:102040009C0DE702FE2D06C5B2EEB1D116E0C3929B
:1020500022B3180ED81E2F142D28FDCA28E0E2FB4B
:10206000863407FCCC05E513C7FAA9DB4DC3050A86
:10207000185038FAB8CDFFFEF6F1C924B8C1D5FB27
:10208000C648E067DFCF3149BC10452437D2C3AE24
:10209000FCCE9EE51A0BDCBEC6FDEB34EA161CA591
:1020A000DCC80BF70A3F28003E19DE2D25BCCB45C6
:1020B000DF465CC04EF23EFEC13BE5C625E2F8EECF
:1020C000FAB00240DA09E3DBFED5C03C32CAE69F33
:1020D00035130137D53568C9B3FEF2FBF824C14B7F
:1020E00012FDFBAE3567D1E7DEB754D731582ADD94
:1020F000C946315947C2C70CB7E4D9F4CFE8041F29
:10210000284B0CCE3BFB47D31814E01308DD3713E4
:10211000D72450EDEE5AEDBB36A31338046013D527
:1021200049B337E913FF2E0448CF4403C5F6DEC98F
:102130009BF3BDFE48E2CCB5F8D4C6DC334114387D
:10214000FDD0C240DC1421CCBE2A484D202C67EDC6
:10215000106112010EABD71AE7C551303E245FBBA8
:10216000BBAB25F6E48F1DD5DDEE12F0B6BF231D07
:10217000B2232625E1304F41EB4B59CC525F284624
:10218000DD123E3FCDE3E0BDD4FA262DD54CEF9ACB
:10219000DC1F65A8F181C5ECECE44AC92E4F012390
:1021A00005C019F2DC2026D0FC44FC171E3DFDF2D0
:1021B000E61AC0DA32C328E079CFE8D2332F28F408
:1021C000D02206EA2AFEFCE60D2403F1D4193A30A7
:1021D00037EBD9F1C3FC2DEE2B3CCF2ED823322B7D
:1021E00049EE1E48E3FF01D6E4172ADFF442CCF1A2
:1021F000EC0B14203FE347B821F0DDC5E7E04222B5
:10220000CEB2DEC31EA81623E2C133C7CD2123D52B
:102210009AC71625F9B902CCC0E036C83BF9BD24EF
:10222000E40A37F50F21B951038CCF32D505CB35F0
:10223000FD17E4520D0B16DA7F0FBE2FBAEF0DF823
:10224000EFD92EFCC6D018DAE7B63C34D1EF15032F
:10225000FA3C2EBFF3E1DF480719F3EAE750C7075E
:10226000DA183D3433201E9DCA0D3AC129E93209DE
:10227000D9C0A1D42A20CDE019F0FB1EF4B518CFA7
:10228000E8FBE8D02D0E5497E421143C2C03FED833
:1022900021EDDCF01037BF02F9B9FB1605B7FCFAE7
:1022A000590036070EC2CFA2D6BDC77CA52BFCB401
:1022B000791B4147D508F318509F0A1B0FFE0F14D6
:1022C000003BCB230810D105DECA1AC2DCD2C23CC7
:1022D000CCB5EA30C4DAD0C6F8EE0CE73916E5CD55
:1022E000D4DBEE1EDAA1F8211FC1202716CA0AB4DA
:1022F000D314E5CF09D61C01B2551816000C1F3CAB
:1023000001BECD1DAC2D8E4DF0991400BBFB3F9945
:10231000EEF4D5D9040B2B18E6992AB441EA0FEA5A
:10232000273AE3F4140E38E9EE272AE42B2101566C
:1023300024B12CC5C6FF3B069B20EA00F7E2FF5103
:1023400023D938ED3EE025B4B2CFCC3BF7DC2FF6F5
:10235000FBA759F2411E2FD1C63538E9FB2FACD966
:102360009E1A152CC7A6D9CD25B4BDCEC7FA3DC837
:10237000D512FC295329F2CFF3D515F930FF0435D6
:1023800012E0F6B23AB3CFF118CE0ABD321AF61205
:102390000916FDDD2CDCC8D6F136E0D03681093FC8
:1023A000F1BBF43B18B5F7E6BBC637E7A521FBDA6E
:1023B000D0BCBA15FCE9C9FBDE03060314210BDA15
:1023C000B7FCF31DD8FEF4E032D3E6C916D127F0EE
:1023D000DB0C2BDDF315AEBB2AD6F2D0F304062AB4
:1023E00036E6EDEBD3E810C7C41E18DD3010E63535
:1023F000FF30BB1A25D9E2F7F1E015251CA8E83417
:10240000CAA8B896FF22DDB205AC164004F542F624
:10241000510FCD16EBCCB406ED062216CFF3CEDB72
:10242000DACE12C615B548FBCA36E22F1949F54B6C
:102430008D323402BF25FEFCF6C946D51748FB781D
:1024400002D61C04CC180021002FEB102030F1C064
:1024500029B7FE15AE247F09CD05322120CE34D315
:10246000F4384F2FBF28EC2634F6D4213F27170528
:102470001AEC4723E40741D62C58D3564504DDAD6A
:1024800038FC0FB33CF947FACE05F2CECB25FCB6AB
:10249000C722DFD30EE006D6BE11E13AE7FD09DB25
:1024A000E2C8188320D9F70EFDFCF4A8E02D300314
:1024B000E700B8BA38FFB7BD4ADC36DCD6E40DB069
:1024C000D32A7147C90304093B7FFDCC2A0CDBAB3F
:1024D000E8242FFED9E030EEC0F704F2004944E2D0
:1024E00033D82D2DDEB238ED26114C37F1D118FE40
:1024F0001AF5C8DE4CD71CADC608ED2BC735F8243D
:102500000F1239D82EA31557BA3317CF0C21EDCEA1
:1025100092D5EBD50EEF10312226E43109D1CABC99
:102520004501DCD80618C937161FE2E2D4E73C3271
:10253000584EE010B90D12C455ED31BE2A54D831B1
:1025400018F635B218DC340EC3536CCF2625BE0DF9
:1025500006363C01B91AE845C8140ED609741F2383
:1025600033F64CC8212F33CF2ED9E9B6D9CF1CCAA8
:102570003C0EC82C35F7CB3DFAD302FB3C0E248B26
:102580003D0EF6D50EF224ED04E48A0F12BE1ADDDC
:10259000F147E1CB34FDB62DF30A20F0D509110641
:1025A00029DCD70031ECE741B2FD0237C8D4DB4368
:1025B0001D3431333ECCCA0DC62E0B4303CFE7503A
:1025C000B9F21D07E11E2D4B2C022CF826D4C75062
:1025D00010BEE0F818F9B9CE1D472E0AFD03951B71
:1025E0000E1D45A8F5D11C3A0008081448F7F2F270
:1025F000EFEDF6C7C218BBA5CD3247E600DD4B2391
:10260000CF1DD6AA070DA132EABC28C1480BDAFEBD
:10261000D949AB22F62800E415C81FF5EFAF1BF12E
:10262000ECC9EFC9E7EC0EBDF75E1D00FBDB2E0821
:1026300006E155FA2DBB3C1BCEC92E1A38E1200706
:10264000BEC800570715CB4EB6D1CEFC180318F7FD
:10265000F1FA261FDA2D3D26CC481A3BDD997FE69C
:102660001AD557ECD0D6E21D05C9F03923003AFC43
:1026700042C438E2F3A3EFDEDB562D3C1719130DED
:1026800035F72F98FAE4305512EB1C00CFF1CEE16C
:10269000E819AFB6338CE2360AFD1EBC32CF3AEAF7
:1026A000B70217FFE83632EBB8EAFADBB230AFE434
:1026B000E3E828CBD31E06D7EDF9C93332EE4EC17D
:1026C00010FABFE4FE29F9462CBF0CC4BD13C6C9DD
:1026D000DEC0221AF9E24F81A90AD52CFAD5C5B578
:1026E00028B8FC65170F1F3F31B6242059324B0A1A
:1026F000AD0EC5F2D6CD3DFA11282204ED23FACF56
:10270000CB34C76AF0CCBB58EEB40BCD2DACCC5655
:10271000113DCD6F32F038FB14A458B80CAF3B0814
:102720000AF5B9EA41B00DD14CFFFDB116D736DB41
:102730005727A43D22002AB810B0D0F3C9C733CB25
:10274000E81DC3030C2043D3FBDEAA2194D070E61E
:1027500030CC58D9303EB5FE37CADD0C39C422D54D
:102760004DCC5DCE29E706E7EB13D0172047C231E9
:1027700010209340979EC3ABE5D99215834DA6DBFD
:102780002CD6D5FA8DAF53FAF515FA3F131D0CAFC1
:10279000011E0AFC3BE3E5F8C54A153D1117110877
:1027A000D5DB0ECED8CDCD1301FCC24CE0E823EF33
:1027B000E1E7F3FC223DE83C3AF0F4FC12F513D8D3
:1027C000CDE70D4300D79215B503E42DDAEB1005E4
:1027D0001CF813DFD4D030E7F1E2D4DC06CCF5D31B
:1027E000D4E03A23C329F4E41F2E1414F52BBFDDE3
:1027F00029E5FD32DCCBED33F3110D371FD9182459
:10280000CD261926309320BBBF0EBD2E3023F0BC41
:10281000A72E27DEDBEE201CF73E415BEE36E51EE1
:10282000D81DDB27E50F4C49D381A8C4F9B3A914FF
:102830000A32950F14EE0F011027330CDB2FF9D558
:1028400006FD2DD3FEEB0619DBCE251710CD29642E
:10285000FE0A6302A817A41A1DE13216C230AAC4E8
:10286000E2CCD21CB4ED09180436101A96FECB1F28
:1028700034C8BBCF351A0854E7EB22A90B11F5CAAF
:1028800022B605B3F0FC2200CDDCB62404E4C0601F
:10289000BF07C88FE5CEADE5F2CDDE3ED6D6CD453D
:1028A000DEDD0055C32706D9DEC5E3E4B2032638D2
:1028B000152D0530110A0CF0E12220E2C93ADFEEB5
:1028C000F4D92EC30B52C818FF44E11DF6CAE150DB
:1028D000F4B81020E3DBE83CFF07D306F2F1E4FA9A
:1028E00029D019042932F1110BF7BCF7D315F909D6
:1028F0000629BEFEACF3CFE2E50412C44120EE0788
:10290000D3BFD4D12545CEE1D2C5D7F9E4F914F02F
:102910002802FD2FC3F1D1FB30FDFAA6C1C32BE87D
:10292000DA17FF43DC9F141523EDD9F70A182FE3BC
:1029300003C5EEC2F505BCD3FB25B5121FD122FDA0
:10294000F8A3F5CA271E311DF120FE1E10C4350262
:10295000BEED20FB063AEB252B3624C0D68110C2F3
:1029600010D5050F04392C25F80A25F8CFE624FEEA
:1029700018C940D1F71A03AA03E5301FAF0423E4B6
:1029800023E5DAEE0CEB160204FC1FDC0207E92556
:1029900051E9B330C8AFD6FE3AE2E4E3D8DF13DF43
:1029A0004100AE4AF556EAD10CDE0252CFC0CA1140
:1029B000DDBF1E02315B53DD18D8AED0F9144F08CD
:1029C0003A4AB23835329EFF6DCA599B4EC825EF40
:1029D00032B0ED141FFE332C2D06C7E2FAFBACD447
:1029E000CBBAD6B1C1ADA30235CDCAACDBA2DE2ACB
:1029F000C93EF3FCBE332A57B7CBF742100CCFD2F7
:102A000010B3BF475B65AE9815D1F7F9AEF9D5B2F3
:102A1000F3CD26495109EAC949A20814F72FC2B7D4
:102A20001514F21C3B11CF12E808D6652954B1E009
:102A300090F1DB0BEAF934D0BDE343B029122EE864
:102A400021E2EE1234121321C7D7E52FCCD827BAD2
:102A5000F986DBBB15EA7D20C547BAE0C221DC2F31
:102A60002A24BBB8C5E51F2624F7B8B42224F805EC
:102A70001937F9293DC4513026EFEA42B6098125BC
:102A8000F3143E1908153AAA28F6CDB7ECCEBE08C5
:102A9000BC209CD7F1B1A12D4D51385BDF8EE4DC19
:102AA0000FD317EAE741D140A3C5EA52450BB9E07D
:102AB000CF5E3C5153CEA83E1ED1A2F4F59E583BAA
:102AC00021FBD0CBE0B1FB25D2CA049F3BCF1B1F1B
:102AD0001B0C2DDC36B014E1C122D2C1EEE340C3A1
:102AE000D002B887F8D8053FF73AAB2B56EC22A8AE
:102AF000C9E91EEFCBB1A511E12933192911584AB3
:102B0000FC06B5EB170CF9FF05EF2646DBFC3CB5E0
:102B1000AAE6ACCF055EE916B1B802110C52FE115F
:102B2000D9BD0E3A3BB5C0C353B237FC4E239D11FD
:102B30002B25E115C91ACE09AE14A8101E06E5F41E
:102B4000A83CEFF15BF0D5B2FFD0A5F4D02032CF96
:102B5000860F493D0BB209142C3FE9E717F9E63C13
:102B6000F5E4E3EDB1244E2F0DBCF4BC6B03AFBD17
:102B7000F3D46B3CEB22D8D10666C92AA31F2F2AB7
:102B8000B449570217B8DD25CC34A5E03D9A47D9A2
:102B90003FCA00E3380933B3D917DBD44C81173B64
:102BA000D9DF011722BDF6A0D6E6E8EA1FD428B483
:102BB000E0D64DD63825FE1F3AC2414C12AF1AF06E
:102BC000E0C96D33D5030CF9CBD9AB1814B6C40FDB
:102BD000BD0838E0E59DB6E8814AC4D3D0F0214075
:102BE000063D080E20460F171ECE00F2B61B160833
:102BF0001EEA170BECCF15411801DCD5261E43AF9A
:102C0000D90861D91F347B04BB2DC126520A071293
:102C1000F1C9EAE0E11232F9CFFFCDEF363FC4E16E
:102C20002240E52FCEC51304D5EBBB2012209A43DA
:102C3000F809A0FB1D11BACA24C523E6BB1EBAE8D9
:102C4000D6CFF92CD702C9045C3ECD136AE302FF4C
:102C500020B92737CB19E2EAC0AAE444D6092127D4
:102C60001F98FA2A0A374DD9276E1C05E708F7D4B2
:102C7000E7C7A4DF426B25C30E203BBD042C4A26C8
:102C800055413ABB3C12F1D409F3BBAADED7C55378
:102C900026BD1E24F4E6FBC91993F8C62CE4160ED3
:102CA0004D2ECE75D629E228E5FCF2098ECD2DEA0F
:102CB000E500120B0BF11EE458C5EBEC1EF1E3E04E
:102CC000C8E6CC00E406E527480BDFE3F7D2E51BB6
:102CD00012BB16F62C01D5E5D91AD6CBD1B3B2CB9F
:102CE0001D3201F1D937041DD1D00AD0D40548AE28
:102CF0004CF83A2FC1F40F362FC52D111829FC1AA4
:102D0000BB13DCFBF9F6C12DF8CE1AE6D1201A2050
:102D10003D26EE1BD1EAF038DF0DBE06FDF7060CAE
:102D20004442C723B6F9ECC9D0D8E6A704002AFD6F
:102D3000EFDC69D7CA0A2122DED7161810291F3501
:102D4000E9F9D620140E02FF2102A0ECC8D2360108
:102D5000C6DAE8E927D749D7F128F534E2E51914AE
:102D6000103CC92DBBF13503C91EB5072DC2DBF9D7
:102D700026E0DBCF3EB004CFE005E93EE4F2071ADF
:102D8000051D3AF5DAFE0D7F2AF222C22D1B25DF42
:102D9000E621F2BEE9FCCB02010EEF2F3DFCC3148D
:102DA000BABEFE27F7E6E7CE70E6F3EFCF182C1198
:102DB000AA81033AAFF3DAEB53A042394C3845EE1F
:102DC000E12A021F3025E7EF21DEB204F5C4FCAF93
:102DD00026D2D3ABFD4F09F1E4DCDB24D53B19E06F
:102DE0003535CBD319436BBF0A31EAE8DD012C44FA
:102DF000BAC8FEE71AB519BDB9DD2C01BC3F512791
:102E00002CF43706FC1DD4299C290E3A2719EA0315
:102E1000E9D1FDD209C5B24FFE9DDFEBBBF5D35919
:102E2000B5B1F9BB213115F033560E06CCD56B097F
:102E3000FA2BCAD71A5B2EDEC2CD4BB105C942535D
:102E40002A663845F6284400CBEE48001338C5EF13
:102E5000EC523FB702C66FF4D657ED5E09A747BDE7
:102E6000303FFF3962E6ACA6D7A81632DEF7BF3E88
:102E70005EF1C526DA3057C95229A4E7C6F023D43B
:102E80000AEDE716CBF7E8F30927B8AEEFB4F2F195
:102E9000EA4627D508F4C1D8FD0B07DE3259081DD4
:102EA000BE295B97EAF5FCEBF137B5AEED4FD4DA0E
:102EB000221107BC15F52E043A4BB9F620F8A1ED06
:102EC000DF27257DCA088129ABD6D911CC3F2F0D2C
:102ED000CE1D04F9D79E2B0AF52942C0FCBB5FAC7E
:102EE00022330522AD0F12FA02CFA62E1ED4DEC069
:102EF000BB2C303AF0FFD2C7D4292AC51BD11A17F0
:102F000035640A5ECD9FF14DE5152DB4BE3FFB2B18
:102F1000CB112850CADF931FD14EF76FD9FC46DD85
:102F20001AC936111C533BE7BBAEBD54C704410A56
:102F30009B7926CAB2F22108272BF928E843589931
:102F400062CB16C3D6E62EEA2004DE073C43AA6E07
:102F50004F1ACDEDE1AAA31C189C0BAD3F0CF4EF6A
:102F6000E0C6D24874D42A9FCC23DDFA03412CF565
:102F7000443DA7C61C4C88285CCC3AFBDC2C200CBA
:102F80002FD61BE49B72D9AECAF6F2A8BEFF15205D
:102F900057C830DCC0B5C022BCEC35C70E9ADD2D59
:102FA0009AFFF0D0F621DCF406302AF1E1F1D6DA0E
:102FB0001FE5DEFE1ACEE2C8FCFAFF21EFC0FBC817
:102FC00016DF1E51410338E3CC04C92312250E98A5
:102FD0004539D5D5D9282F0F0120DDD7DCDF06F400
:102FE000FC19094A05D1F9E82AF7EEF125F31DEDA0
:102FF000DF3D1E1CF5D81DD6CDD801D0D81BEF273C
:10300000C31F15240B9EFA46F9F718BAD620D61C12
:10301000050FF83223139C2FFBD4ED1819AA37F4AF
:103020002FCED6D1FA073B6918EF34341ED11AEEF1
:10303000E71CA308DC29130C4914DF060FEE15D298
:103040000726F9DBF11D21F42C81FCE9F447DB2F85
:103050003A1512E8C0E53BFD349B0AD6DC050AE4CC
:1030600009B7400AF4532305D7423E15E30DFD1876
:103070002FBEB916EB391F1707F541B61BF22CDC32
:10308000D50ADCF90129FE11F305FFE7CEC90E626E
:10309000D2F223482314BDE30C1EF8181BE1072CC1
:1030A00012D9E6EFB83B28D6E5E9C51C97EE16DA4B
:1030B0009A42B6BE633B160FF4C100C0D4C61DD3FE
:1030C0009CDDEAD3B059B4B336F513272F2A1AF989
:1030D000E2532FE1CE3FBA33D643C8B504BD8F02C9
:1030E000082E4B19BA46CA410AE1ECB6ECD8CCDF3F
:1030F000004FA145FF3C8B35B0392551765702F082
:1031000007652234E04E3010BF3B054055B446F60B
:103110002BA8B6CDF4C919DF0EFB9A0D3DF51E4E56
:1031200013DAAAF7E713D0DE5C264CFEF210C3AF29
:10313000930015DE29DBB941E6F2E53955BB0718E6
:10314000D9D73358C030D3D4F914E2ED1BF5119E12
:1031500095D14418C3EB1F0D5EE8A017AEA36547D9
:10316000534AC8021C0332AF3BB902CBDE2CB9D59F
:10317000104F3F0737FC08A2B87F144CA625C6495C
:1031800058581F43D9A9E34D07DC01E9B3B2324ACD
:10319000B327BEBFD7DFB4EBD6B7AC075BAE2EEB21
:1031A000DCA8D05C2944D0F6DBD01E189312F0CEF8
:1031B000EDE1BD6543F252981607B0ACB0EE4F5545
:1031C000BCB5FE24C24B020039D259DEE94E490C8F
:1031D000E90853B63E84E2C81F24B5359CF841DDAA
:1031E00014D03BBBB2FBBB0DF3343712F1D015F753
:1031F000F5FDE7BB5324D9BFF11E3D45C53025F988
:10320000E4D825AA0D1E5BCBE2F2E44D4EA743DBCA
:103210000403FCB6E8A23934DF37B92F66423458CC
:10322000D3E0CDEFD1C3FD9BC84AF739EC14C3C935
:10323000BF16243ED9E3420BB9EDD0193F0DE64845
:10324000E70958C6F83F3EE026B6C002E4D4EB8E4C
:10325000B92ABDF625AB06D6F81CF6CF25D33DE638
:10326000ACBADBBEEDA3D9EAEBA3F840143AE722EF
:10327000BF47FC0E19E04F39C52BF0A8C0AFE5B130
:10328000CCD0CC309CD8ED6781F8F5531E4AF42A97
:1032900083C8FE440EB78A2425D403FCDAC719126A
:1032A000CFE2C5C2DF1FC03241CCE32E40FDFE2B72
:1032B0001BECF49D0CB7FC01BBD2B3E72103E21079
:1032C000E83BF84ECA2645D032ADD15E10D3C8498E
:1032D0000426FFDFD7084344500A0D1DF6540CCADC
:1032E000E2143FE5061D37FD3A26283B4F5E3B2B97
:1032F000ABBF64DAF6DA51BBB2D142D648DD0D0479
:10330000E6A049ECDA20F83FD8EC4BF32FF638E48E
:10331000DC05E2FEC5F029F40A34AF1FF4022BEC01
:1033200056373A4B25054337E532C1CDCDAD192A85
:10333000B84C1143C2C8FFCBEDCDD5141144F001F8
:103340000EF80A41C1FEB65141B1453549AAC3CB79
:1033500055EFAD2335BA24F4122049B8FDB72EA895
:10336000D2EDFB39BAB4C1DED948DFF3EC3D47B545
:103370003FF754E490B6C3CE28484B6EB7292F30A0
:10338000A72D6C42FEF11B1A5FDD2854D5E44F9E39
:10339000BDD9D81D0A81BFCDF63CC22F41CDD3D9AE
:1033A000100BF4EDDE0DE206C800E10120E7DAB112
:1033B000BE3F13C727DF1A0B05C222F91CF9FA39E1
:1033C00008291356CADD95071CD0B71306CC0CECA0
:1033D000EE2ADED9CD068121110DDE02F9DC22EBC9
:1033E000CA2DD0C8F3EF0B26FBEFDF32F7FB161B1D
:1033F000E3000FC014E91EF625DA1A05C31CD0EF4E
:10340000C02EC90CE1C71CAC2FFCD1F6113122D162
:103410000702163D1808ED35215D061C2605D31060
:10342000203617DCCBEF3549E91CE533F9C5970B9E
:103430002A140B2CD4053CCA3C08DEBB1C3624F1F4
:103440002DF907DD120B2A1CE12AEB02FDE5D20C57
:10345000E2BF25E7933116371DD408BCD622D1D35D
:10346000FAE744F2F32DD7041E3CEEF2E3FF2CF012
:10347000E9D3C70E1726B7EEF9101FF8EEF1B732F1
:103480001CC3E3C1D436F6B8E5D9EFD7FCCF21127F
:10349000FBB7D0BDB6090B2C17381A05E1C3B80E1F
:1034A0000807D97FC83B504AF4C8C301E2EFF53B97
:1034B000D40CAC24E303BFE8FAC4B0031840452B96
:1034C000C4E13FFC013F023DFFEF44BCF0EA1719A5
:1034D000C835E9F549E038D6D048D60D2632C4FAC9
:1034E00048FCB1B4EBF9EEE771DF0E0414DEF6AD83
:1034F000B6EE4F4F103A4CE6D517FFE2C818CCE8AD
:10350000CBE0B6053DEF27F2B3EB09412D292D465F
:103510000750CD37B601F6BE2CE650AED5DA4039AD
:1035200033FDB33FEAA747264A2A4235285811DC23
:10353000CE1C22C1BB2EC1C38DD60C1CF22B2CD5A8
:10354000AFE04CEA2FB93A37B6ADFAF9F90ED032FE
:10355000D61E8450D9027134026BF5CD3A5440EC3A
:10356000EF2131D7DA0FFE412AF83E4373B645DB2F
:10357000CB15351D2C8CE53F1163DE51BD08DFCA2C
:10358000F7FB1D261D000121FBCC1EB2225040E49A
:1035900010292FD0D78914AA33512D1897249911A7
:1035A000FAF418D5E1F0E423E82518A9F6D7F316C4
:1035B0000D27F4E0180DECBAD6E407F5F8CAC2E21C
:1035C000F800F043F9291805F62EB912111ED1FAA8
:1035D0002D220002D7141B08363AFE2725021CC2F2
:1035E00025FBFE02DF2D2ED3BFD0F216C6D7D80E94
:1035F00006F61FE835E62DC336FDD5D82324CF299E
:10360000C5D60E04ECA42FCF112016E3F1231438F5
:1036100002D7E7D5F3C4E109F1E6D437440FD2EE7F
:10362000DAD3F52A0B06EBEBD9F41F0522C7D1CC70
:10363000E525D8E0D6F714063C3A180DE9CAEDB6F0
:10364000162AE0B4E8E130E2432C3AFE0EE4EBF750
:1036500038DB2F34AD33351A24E72409C01E2F1A66
:10366000F4DA1B11D208F9F0FC16F8E3E2D6D01612
:10367000382BE80DFA0605EE08F41DBA1EE429FC05
:1036800045E91CB6033F12F2C7E981D4212E1E265C
:10369000BAF104F9F9E9CFFA17FBC3FEE816F21103
:1036A000FC35FE0CF9AAB6101A05421522FC42C3DD
:1036B000CA2F1DB4F8CAFB51DDD8DBE3E33129A8DA
:1036C000A91DE5A3A7EB172005050D27FD45B3F9B7
:1036D000A97847CFF13339C242BECFD2F71F1C249D
:1036E000E2AFB3B24D12D309651AC0B2263E1EC670
:1036F00007E7190248C4EFC7AC6725BEB4EDC6ABF7
:10370000DB1310E0573F3EF6380EF14D37E84D63BE
:10371000133A141CC29E1739E7F904C6C12CE91FDD
:103720005A08020A70350EFFE498A02B48EDAEB996
:10373000362956DCE7F62C44122FBA2F1994BDFE19
:1037400039DC4848BCADAEC0E0B80915141BC1A5B2
:103750006BC7D850B22D7536F244139AD0A9D5C391
:10376000DAA4924096C720D4EAC0D311361B0D3F8D
:103770000CD14231BECFDC81C7E94F40124ED59FFC
:10378000EBDAFE07D065A5543351CFFA4EFA03B7F2
:103790009F2C163EDB38C234AD10D4CFAA17301898
:1037A0002AC9B7DC4A22BDF91B1B300E261AF63C8B
:1037B0004187E5DDD537D0D936DBCBB5FAB6F2DCBB
:1037C000B81C3B22C0FA5F4C3A18A60EA3C40EFCEC
:1037D0000221CC2539FF433F104508C502F2C3FE44
:1037E000D30B50B9F616CB2F24D211BDC1411433DF
:1037F00004CB0C3303EF25DB16252C083D34C033F6
:10380000154120DD09053B2924661156211AD0B83F
:10381000F31ED3DA29BD413AD215DC00E33AE8C5FC
:1038200022B428DDF2E9FB532181C3632AEE0E079F
:10383000C8E206304F6566D2CAEB34A61A17353394
:103840004446EBBBFCC53D074B96D4F96A1A4CAA1B
:103850001FB241C619311F010CCB41F10A34DE30D1
:103860001144B11DEE15273F0E530BDCE52FD43D5F
:10387000C01FED4DB2150F09F8F6FDFA65B133C55D
:103880003033D1BA66D7354C0EE48CFB15DD44F9E4
:10389000FEEC47DC16D1E8FFDAEAE2DD3AFF26F576
:1038A000D0D7CBB6CFD2200AE8E31E020ECFE71B5B
:1038B00006EA37CB143DEFE1F2D321CD382A0BC90C
:1038C0001A073D23C9F533E3BDC48119081F1CBD88
:1038D000DB1A03D2113BDDFB33061D39D302ECCAE0
:1038E00039D8FD04F0EE370C02CA32BF264B0A1D50
:1038F0002605C6C72DFAB8DED6F4C6FA1918050390
:10390000E6363C4D03B803E9E8F33AE6284DF625E0
:10391000C81047E8150F1E310548AFCC41C947C74D
:10392000DF1EED2BE5EACE0BF307192D20A9263576
:103930002DCFEADE30C1F22F3CFB42D7E7BFDEFAE3
:103940001A1307B42D2AEB1C0ED8273236F2F82DA5
:1039500031F7E627DC10001CFCC748D8E4F9350233
:10396000F00F184842FE21E9F33042DFDFC7C909F2
:10397000E919BFC2F43E0F1F2DC40EDE11EBEDDEC0
:1039800030E12709594F2FF831D3DCE9D7E0DDD9F1
:103990000DC63D2EF80C110C01C7BE3A2B552B3F1E
:1039A000C80812EA3AF3ABD5C1DB4452BBF5FC06BA
:1039B000C5D5F2E8BB65DF59EDFEA2F427473AF61C
:1039C000F79EC12B8EF6F21CDAD92F97C3F7DF7F53
:1039D000EC06AE4BADBAA7CF15C7F2C6AED1DBF041
:1039E0005EC43D182C51AAF425ED25C029C222251C
:1039F000C83AF74CF8DBD5CA56F3D943ADDC2923D6
:103A00003C97094E2D61F4C044B13347FFDF2DFAD6
:103A10005260F800D1C9CE2E4AE42207EAACDAAFF0
:103A200009F63E44CBAB3FACF15A34E6B77A44C713
:103A30008DBCF9D70C55FD0F88FFE2B64E09620028
:103A4000ACDDDDF7DEC111C7C63EF008FF13312A39
:103A5000EB9A05E625252EC1CB6742E565A62EE04B
:103A6000FD52A3D1414CF13F24CE9BC8FAE9FBC6DD
:103A7000C12725F9FA2AEBD5B222CEFCDB041CE0E3
:103A8000F108DB4E91C69B2927BA4AB41D31CC2FD1
:103A9000BFD2142BD4D6C2081163B90911CAD355A9
:103AA000CBE6EA44BC4DEC3F20C1084BCF3AE0F8EE
:103AB0000347C0EFC31BEF7FC1B019EFC2B923DCCE
:103AC00039D7BB3CE6310312F314B6DF4650C927A1
:103AD000D8DA27DDB2A5AFC5E3EC0009B6B311060D
:103AE000E4BE27DD4ECE49D0AED2FF38F03CD0CF79
:103AF0003A20F6DF19B36BE2C83ABD0DDED026DA04
:103B0000103BECDDBAD805074B0E24310E1CAC0976
:103B1000C3C3BC33BCC01ADFE4CA2802D1E51C36DB
:103B200006C61E08B50B2B08FFF72C201ADBD4B9EC
:103B30000CF323FD1ECABFEDD7AFD941C3B5461D57
:103B4000E42815EC471F1C47E442C505C421D7FCF7
:103B5000ABD2F7CEEAC81CB73001B923D3E3C09487
:103B60005041241EE9FE44E32ECAB544F512203329
:103B7000CE2C3805FBCF26070BD8D7F2D9E39CDB38
:103B80000ED7F3AA08C517E4C70F1F052B1002B8FC
:103B900097F8D0FD040E0DD51555BCC63FE8B8E02A
:103BA000D7DFEF91D1F3F6CDEBE8E1E948183ADC45
:103BB000C9DD52BD0A23EC0512350627BA06E2FF1D
:103BC000F22A2D23F028CF18B7F1E2FFDDDBEAE47B
:103BD000E74851E0EE21F43FD3DFF0E2EE28231E68
:103BE00013CE17F11D2339EA4019DDC9DBECE532AC
:103BF000F1F9FB2F0A1F41E81216B4C30E3CD7B6E9
:103C0000DED6DCBD24E9FAFCCF23DA172822FFF642
:103C1000E31F45F52532E93CCFBBD3FA4BFC08E85E
:103C2000203643204E06D547DA18F30CEF0BFA1175
:103C30001A27DDD3D31A0913F105F4F0F0DC179B32
:103C400026D531F31BE0020B4E2410CFF2DE443DAB
:103C5000D4E3EB1C85E4DCF21DAD1C36CF3A2CD24C
:103C6000D6E6BB2C1807D61DE532012BE8F5321B32
:103C70000BDD9ED914ED126A1F0135E90A2913F5EF
:103C80002928C7021B4FECAFBBEA81FCD1F5D71145
:103C9000F3D20BDBCA18821736E519041CF4CF1FC8
:103CA00015C4300817F702F929FBDFE82F0C2BD4D5
:103CB000C4D8EABFF21F062003D5CCC5E30CCAE97D
:103CC000EBD1231AFC03A7D4F9CCF410FD01DFF9E2
:103CD000FD22EEC80FF3CEDCD2DB2EED0543020A47
:103CE0001A2FB7FED337B0DCFA21F5172ADBDA003A
:103CF000C9D4F3315325F5DFE5182A2AEDE5F9DAC1
:103D00002CD40DF031E6F46E19EEE0D2D503DEF5D9
:103D1000133D14ED0217FCE8F4F904132D32254E7F
:103D2000D731E1D5D10BF208FDC028B52ED8BA1590
:103D30005BEFE4FE14D43449720515010A1AE1BCA4
:103D4000FB42F70812C2FF1022C1DAF2143DCDD4B3
:103D500004FB3724FD25C032220B16FC2049D1DD9F
:103D6000DFC24FBB352A21EFE103E1D69804FC0DF9
:103D7000E8CC060EF5F3E91FDCE93F8130FC0602D2
:103D8000CB0AC2E7F7F9E4C72FFA19DCF90E1C14C5
:103D900012E9E708CB10C105DFE50533E40DBF21CB
:103DA000D32F1AE85411553743CF3C134A3E18D04D
:103DB0007FFA092BCBFA1EAAF40123474C31F700F6
:103DC000DD314E0E24DF28A0140A31D6DABCF4D53A
:103DD000022F2013FDB924C63AEFBF0CC4BF74E014
:103DE000F12E27A74541372900460A0C38D1D13298
:103DF000403F27D9BECFA312E9E6E0173CDC48419B
:103E0000590E4B24BEC22DEEF4E904F4062032FB19
:103E10004012D6041710CBE2C13FE606C693B9CCD8
:103E2000D11AECD0775E1E381120E1DAFA1D3F3648
:103E3000BA1B0745C3B6A80DB2E2F93FD0CFB44DC7
:103E4000AE3BEE20FD4C45DC41323EF9172B4236AD
:103E5000691FFD19F92F06D210451F093BA5BBFAB2
:103E60005E36E69C421EB4EF4B22E2FFCB1FE9DD3B
:103E7000EB5806CCDA03FBFAED1F1B3FC8FF511BC2
:103E80004E0B3C703FB9FF3EC60053FFB654F609D7
:103E90004425BCE547EB31470AF2F7CD052D3BD46D
:103EA00041CDE97FE839D40DED9025EDBC0DA21090
:103EB0000CD1E101C5EF11BD0A26020DF900D7BCF6
:103EC00008EBC3FCB731F51BFD190C2B4207EFF5CE
:103ED000FBC0051CE536ECF5F5FC041810B9E2D082
:103EE000070929F5D7FC1CFC140E09FE021C02CFA1
:103EF0000DCA1436D2E6EF1D3A1B00FE07332BBD68
:103F000005CCEC20104013AEBBA4191B0AE118B974
:103F1000031BC53C28EC03CAD0D6F6C013F14D13E1
:103F200031E4E3F8E72226D4CF240FE4FE2430D096
:103F3000C00A3DF92727F0EAC92E0EBBC337C422B9
:103F40000DE2010C172304E12445BEE2B5162DF95C
:103F5000B19024E3AADA1EE2E72FEE0D1D172AE640
:103F600019200024DF29D81BD409F6CE38CAFE1147
:103F70003CF0260E0D1AE720D92EEC5FE7FB9D0BD7
:103F80000A41C1DC8DC84EF311E9E3DDF03232E3C2
:103F9000CD0DF41344ED5013023BCB3BBC02D911C1
:103FA000002500F716FC30EAF8474464E6CCD6104A
:103FB0005A2EE4E73BD6F6E5CD30370D0F41E11A36
:103FC000F415C2960E0DBD4CE5560DD2B5121ABFB2
:103FD0003ED41D1EDD980917C1D12EFA23EAE80F41
:103FE000F017F24B2AE5C1F5D3C1F9E429114DB818
:103FF000D5EF26D3DEFAE40F2FD8E814D14F04CD45
:104000002FD6D1D62E2DFF3E411EC03AF2D71ABC74
:104010001501FECF2AD0DE2AF79F6BD91B0215F8B7
:10402000CDEE21CA8CEFEBE3CCD524EB0D22E8F9E1
:10403000651EF3C6D9E9CD1BFDF82969BCD3E9F9A2
:10404000CCF52B01CADED630D82DF0360DDF343654
:10405000EECE5500E937AFF60FC3E7E8284016D992
:104060001CFDFEEA3FFAD339479FD6D8BB19EE4A6A
:10407000DABEAAE1E4252E0ACFEF06B4F32DBCE6A2
:10408000EFB0D6BFDAEF31210B3039A40181E9F26C
:1040900009F7D0F7D305FEF9C002270CCFD91602D5
:1040A0000DFAD3953D0ACE3BDDF01ED815C907CADF
:1040B0001CC9DAB0083FC1B95A391CD3D90020163F
:1040C00035D6DC18E131142DF7D012092CD52CEDA2
:1040D0000406021E4135E3372EF9200954631CB251
:1040E000DAE3C23BF2D0330AF9F82E33CD1531C3EF
:1040F000D1FFDD2829382F1DF7BE2F34F4CCC0C3E3
:10410000F422411E44DA3AF5FDE30E322FBA082EAE
:104110000F0AD203C3D3CCBE1ECC1D08D5F9E4A32D
:1041200019333BC0DAC00532D0E2CDBABF99BDE841
:10413000D9FDB8B535FD3233692CDDD8BB3A27FC43
:104140001B33ECDFFCEE0D09F23157364CF3FCDC8F
:104150001616340EA82CA8CADED8C20D935C4D3DAD
:104160001FABE1CC9FC732FCEE46E701BFE415C3AD
:10417000EDE8FFC913281FFEC90B14DCEE2F19232D
:10418000FDCF090E28242146012881FCBD181624E4
:10419000B4C81E9E01DAA951E30BD32FD908CCD5A0
:1041A0005330FCFBE2411AFEABA6E132012B143C7A
:1041B000CE54AB69D2F2C7F4E30BF93627E93209E2
:1041C000ADEF98CAC8DEBBC30400D51D52D2194D4D
:1041D000D620BB203898ED4C1A13E5D232DB81F2A1
:1041E00034BE0DA6E80115F2372D4EE4F9C32CC4F8
:1041F0003B5117D1C231D1DEFDDF09D9403EE0FB92
:10420000DCD9A933391801271B2741330232D9CB16
:1042100021F4D4321E234F410B201BBD2CC8D322C6
:10422000FE17BE1CA5FC3DE0C7D11A1AB4DA1DAAC0
:10423000E8F30626D707E913D9C9DB1DBAD0F51371
:10424000E3F82AFFBE30B69FC2233D0C0959E68D24
:1042500093C1C1D8EC0E610FF00ADF2E329AE9DD6E
:10426000C93C37CDB7113C14D29E95C1DC24C6633E
:10427000B8FCF81EF0E52346EE03B019F4F1B304E0
:104280000132D632D320BE0945EF2A05E5183C1D80
:1042900015DEE062CA02E1F75DF72FF0F9D8F242CD
:1042A000E0D5CB3416F0E809DCAE3B2BDB3FDE205B
:1042B000CBD4CB4E190BDF320BD4D327F4DDF4C0B3
:1042C000CFD893AE9ECEB7EE1A2539A53E2AC82385
:1042D0001BFCB3FC48C59DCFEEB3C64B1EFC810B47
:1042E000241414921BB904C29EE70B443D3BB6163E
:1042F0002BE3251011CE2B1838F5C5262DE6302FCF
:104300002F48E2ECC821D0E0BB27224FF8BA0419AD
:10431000CFFCD7042C20E5C22C2E29FE22DF02057B
:104320003439C4C137A5FB8DE9EB07C9FE39E3A8D1
:10433000E5353E37B50FE8EB22BED001DFCD4700B3
:104340001BE123264510F8C9180120FE26E64E176A
:1043500000C4D4D5FDBE3CFEECD5B1B7D4E129B044
:104360001F1A0E0500B42AC15038BBDB36D5E31244
:10437000FE25541500EC184F1963D64231D1B038E0
:10438000BE0B11D137C6C9F6CEBE2D112D1B34B6CA
:104390000AD7CA0ACF113632D957F312EE02E22AEF
:1043A0002B00F30D310D080CB7DEED53AD32C723F2
:1043B000FE43D31B3A292DEB9CCADE0A1419C6D53D
:1043C000D2E4CAD4EE06E6352EC4E2B1B1D2251746
:1043D000D6FCEC1C3ADFF1AA2B2A2A25E881E1223F
:1043E000E9D44F3406BC1335D608F2F922C22CF5B5
:1043F000C804CC399E2CEEB243C4E1D1F3F8E8CB2B
:10440000DF13A2B40828139826C9F8E817F033C5BB
:10441000154CAD1809182FCC01C9AE8AF8D1EFC5DB
:10442000253C0A1F10EA46AD0F27D727FBE5FE19EA
:104430000CFF2422C824D91AB3D30000270CEE1F86
:10444000D6D3D3301BBEBC35FC04120D0C07B2D141
:10445000F0F19E1E02F81429D92FF5F8E9F3DDECEE
:10446000E4D008D8071D04281DEA06F536D4110348
:10447000BBFAD9E9350C3C1011F2261A24CCEF2EE8
:10448000DD131FCCA9C4CF6BDFF20FA12FC9F0C879
:10449000B6CBE42120041EBC346626300BE8051997
:1044A0000932C5EFC213EFD2F617C2BE292A180B84
:1044B000EC0E20C0C625DA2E1BDFDE1DD51FEC1C3E
:1044C000D7FD4460E5DCC215FC29FFE2D24FC4AE43
:1044D000E9F4BEF52BD0FCFCBCCC0BFF2A0027F482
:1044E000E0E823100900ED65C13ACE3045202817D9
:1044F000D5FA370C1EEC0E1202E8C414F9DFC831ED
:10450000B9261A06E181623B45E909EC2C202BD43F
:10451000D4C2E025001CC5F2BF1A293C02DBF0F131
:10452000BCF3C030C522BA371A3DE6EEF4ED2F0BCE
:10453000D231210FCEAC22B763D6A92202F3D3D356
:104540004CFD1299D10723C5FBB5F20B5D3DE74742
:1045500016F928220F1CD7CECAF7362B562EFBFE93
:1045600007C4141F39E33E1140FA4D27C4101AEC5A
:10457000CBBCA2E614FEE6D9FCD83DBEBD2E4AEF68
:10458000D1CAFC2824F7E4020DFA24BD18D0136C1C
:104590005915D44BEB19C91C1C27F124DB0CD3D1C2
:1045A000E34607AAEA1DCE6A00252F9B1FEB39F1CF
:1045B000B6B4EFE12CE9E1DA6CE13CF13CC826C687
:1045C00012C021D00FF8CA4FBAED0800BBD9CF9363
:1045D000AEC81BCB1966643E2CF2BD300C33F9D744
:1045E00035DA19EFDED121B7C620F53412EEFB3CE7
:1045F00011C5D4052F32EDF6160505D3C0FEC2CD88
:10460000BDC747464BFA12DFFB10E7D7EA030AD6CD
:10461000F833FEF543442C081C18C7250B90EBB269
:10462000F6CAE4BDE241F5CD1CED10691AF8D523B8
:104630003535F039D3F5D81544E24C18020745A3B7
:10464000DF47DCBB0A20EF2C28A6E3F11D01D62AA8
:104650001F5D29D98E1EDFFB28DEDEF130E841E147
:104660007F04ABE7BAE734EBC269F13BFFEED80455
:104670004614F2F151B9EBC50291B6AAB9F40D1482
:10468000080F2504254C52DA2ACFD0FDB3552FDD73
:10469000DCE44493F84137D7C6B4F50453E8FE127E
:1046A000EBE8C4EC4CB3B15CE0D7E2A212EA24AD73
:1046B00020EE9B67D1D1E00B7B4D19E84156FB4AB8
:1046C0003132A72BD8254A090BC3B264D8C9E043BD
:1046D000A809D944137FE1F81A681DE1C023CEB0C0
:1046E00010FA142ED8F2CBC162B13ED30B6CB34793
:1046F000234F36C9431BE3E70F28D1C18666C2C7E3
:10470000252A657C29FB143E0505EA3CE2FDBE5ADC
:10471000E2C46B474EC42FEFBE3001CE28F5573AA6
:10472000F1B00603794C0D9DC07A072450021BE9B5
:10473000EA25C8DE2EBECD291C36F7A3B20B15F92B
:10474000E11149BECFD1D341540C19F8ADF04EDB85
:104750001F6B9CEA11D2F520F94AF711AB332DF605
:10476000F22ED5C9E7FDE19BCFA5115553F3F3AF69
:104770002FD72C290614351909F1F1923CB84AECCF
:10478000BE24F66C42D61E1A4A2BC7EFB766B5D1C7
:104790001236552634FF142BE917BAD4A51055E06C
:1047A000D0CECE43F62205D4F0100C3FD9DFC32380
:1047B000F9FF2B53E3F2063FDF3BFE3045D8103DB7
:1047C000E620273FBAE8A61F3CB1C5AE02D2F60AE2
:1047D000C2EBD10CE5EAA90F02383B27D4C8190D6A
:1047E000AAE32FAB1DD715F4E412D2D620D340B3E1
:1047F0002C51E6081E1AB5FDBA2132C6120AC9BEEE
:104800001C330512EDFB11E0C8F0CE3D0BA64C3970
:10481000FCF9CEE72908041EF1273095F702E61CC3
:1048200031C80AF61586C706471FE8CE24E2BEB097
:10483000AD1BFE03FCD6D1027F322AFB02E63CEC24
:10484000BFA6040C2CAB0CD32EE6D31B181937D4FF
:10485000AEFDE72DB2F3F4D3DA20BDE3F10225F982
:10486000F4EC2825AB3A4BF0C62046DFF4B8210E15
:10487000D89BE2FEF212C3BCD93AD969E74A9BF051
:10488000ED491A07D2FDEF5AEA2BA8ADCCCFF222A0
:104890000EF81ECA3CCBD30AF8D7CF07FBD3ED19CD
:1048A000B2EBBCE924DFC2EFCB39C6F50C11D1CD98
:1048B0000DED19B8214AE01B12E1F6F818BDCCF550
:1048C0001F2C010D2A13162B090CAAE5FCE4D9872D
:1048D000D90B13D71BF5152C3030FE1A7A1D720236
:1048E0002132BC219ECA05F50F09E0CD0B2211D360
:1048F000F30A02EB7F113C9A3B02D92005ECCF383A
:10490000284B0AE3D9A1186DD9B6A0F6DCAB0D2867
:10491000F4D0EA0D3544CE3FDF05192A2AED0533E0
:104920000B0CDB361DE5D5F3EE17D25310158E397F
:10493000D66C21C7C608DBF3110AFA1EE13AB78D1F
:10494000F3D33EB0FA49F4FEF1B5FB02DBF6F34BCC
:1049500017F83DFE09D51A2A1F02FF0A5760051BEA
:10496000001505E1EE4F2BE04B05340EC43228F163
:1049700026259203C7F3ECDE1AF629EB04E0D41ADD
:10498000F5A517B0E9CDC6F6FEE1A34DC50E05C6E7
:10499000C2F2EDE2F630B10CC914FEBEF48A2AC8A8
:1049A000EC2E23F44E54EDA9FD382B731CD21B566C
:1049B000A54CFA3C38F451D1A6B2312A41BFB6A970
:1049C000B339BDF301D10BFE4EDD23C9EBEA23D28F
:1049D000414EB60ED126D91611DCCEFEDBC0A51B8A
:1049E00032105F1D3B3C1BCB990322370A5600C88F
:1049F000F148A2B1AC51E1BF25D3FE0BABC35DDCE6
:104A000037E19EEB103D332B6BEF0A0CFB4DAB2ACD
:104A10003B728BD1D2281847B7C4EFF4DFACDFA2CA
:104A2000F2BF1509DBFFE804E16A11BDCED22B0508
:104A300088FA60041504CB0F19E691E20EB1071E47
:104A400021A5DA3BFE203BE3E078C6229202D04368
:104A50005844C7187CF8EB1C9B3FB84D44BCCE585B
:104A6000C55DFBBF54E8F113DC9D26C2FFD3C8BC73
:104A70002D3749B8109E3AEAE3DD487AE3F545F66A
:104A800007D9C73D8105242637C814D2B94A459EA7
:104A9000100A4BEE49E279E4B846FC1AA7F8FB0E7F
:104AA000F5EE2610D4060146CCDC29F6DFABAB369A
:104AB000DEBEE15003D72B362F25D106CEF7231BC0
:104AC00036BC0AE4D6DE15FBF13055F35A01CD129F
:104AD00019ABFFF51DBE25B3B71140EBDACEDFE110
:104AE000DD4411ACD1FE371D3BD5DE05CFB25A26D1
:104AF00008EDA53BAE150234F7BD31D108173C399E
:104B0000D35309C52C1B19F5B89341F251CF34E7A3
:104B10002EE3334D27231534CD00F0E616841CB95F
:104B20006631FE3FAE8AE381BB43EE00395127CDAB
:104B3000EDA804D7D526CEB7A41237251BE5D56935
:104B400028F90E201EFB2A29E0FFDECAF7DB31D64A
:104B5000140F313B37353FCAFD411837F5BAEF2600
:104B60004C0BDFDBF7AC49F837EADCB4E8CCD8B45F
:104B7000161246D5DFA612ECF3F5CDE9BF0DD02312
:104B80001506CC520123B25738FEC933D6DEF0DC0D
:104B9000F127B101B1E9CA11B743F9DD069F32D05F
:104BA000E6C929E4E2E1FDF4CC26EBFA132F02E694
:104BB00006DCBB12D1F2CB0D0A1C2CD7E8DCE1E2FB
:104BC00011F2C2E9B43301F615025AB9CAE9FF2C51
:104BD0002015C618CB3CF6E42B1CCCCAC3E122FC42
:104BE000180C19FC1AD9C402FFCCE9DDEFF4E9BBBB
:104BF0001CFAE91A1926F1DDCEBB243219EADBD002
:104C0000DFB2E805083E979FAEF12B293BD5C008DF
:104C1000EED9B3FD0225DB1AD0AABE81B5CCE5F2F0
:104C20003DF4F5F211B1B2A0F5312FFA35E8334376
:104C300019CD320BF142261CF1E211E523F63B209F
:104C4000CAC5CE5103EBC343D6ED1ECB20D41915F4
:104C500027F131E2251968090A27BAD82EAC222497
:104C6000FFFBE5E4CA0DBA0DE71ABC1311070EC924
:104C7000CBDB0FD22C16F41B1A31E4E8051EB0FB77
:104C800012DE1F1B08BDE35F2A1D510041CFF9E072
:104C9000BDF5CF2621F8DD072CD9DBC8BEAECAF2A0
:104CA000C315380CCD45E10EEFD1D5FFDFE0FEB3E3
:104CB000FD1122EFEAC1ECCB3408C6CCBCD3DB2615
:104CC000D412A00EDED0EAE8BD33E2B306EEC23362
:104CD00024CD3A01F1CAD3FE0E0114EAEDC2E53249
:104CE000F321D265F2C3F3FFF531C02D02E20802D1
:104CF0001E01F637C433184607FDF006E8F70D38F5
:104D000056D0CB57F0370611029C4814C42DD22E32
:104D100001F0C6EE09B629C3EFC70DDA272EDA0D6A
:104D2000D8EAC9D1383CEFD3C4280A433ED855D875
:104D3000DAD8BAF132FE220DACB3E14E0901D4DB70
:104D400010300BC4DBDB21C2FE2DD0F9DAE7DDE841
:104D5000D4D0E5DE66EADDC7C0E7C5FA17CEC24F9C
:104D600000F4FA2152432AB7DD26BF0DC31FF83ADB
:104D7000200844FFE5EDC8A6F215F8F8D03F24134B
:104D80003A240BAEB926D1DBF203BF0923FF3DCB9A
:104D90007FE3032330011E19311314D632231A2B5B
:104DA00003E7E09CB112AFFDDD0E4018DBDEE1341D
:104DB0001E23EE1B19E4DCC758DA0CAEFACDB81886
:104DC000FDE9E51D58AE0321A223B07FC5D72BD541
:104DD000B712690CA2FE38EA3BFD10C52B3A6E30C3
:104DE0004026CE29FC14525543B9E615DCF8D254BE
:104DF00034E424BA11B4E918F8E9EA08A31B374DE2
:104E0000E1011C1B1A2C44E6E15422C9C52136D607
:104E1000BDD7144A47399E0505465747C996014CE8
:104E200030D4184D4326031C07EF9B42AE2D22CFF2
:104E3000D3D8C4C71704E5C9493A48C20D014EF694
:104E40007ECA34E805B4E4F02EF047FEEBE3E2FC62
:104E50002113174704F3C6C7C7D7BC0DA4F20D0A28
:104E6000CD2DF41A3339F132C04FBC0BCC52139E06
:104E70002AC60DE9C0417159170D02B7402D26B25F
:104E800041F2CBC1F6781FEECD1F1F0F45DBE7F4D3
:104E90002AFAC92C16F1151CC159B8BBD5F12ECA76
:104EA000DADA1EB422B4EE51C2FD293433EC022703
:104EB0002BF5188AEA10C0CA39DECE26EAC72A2E98
:104EC00032C83A121A42D31B01140B492FFC25C3D6
:104ED000011928F134EA18F3DB01041CA7032AAEF8
:104EE0000C2EB24F0F12D83DDC0EF02B2C0AC7F25D
:104EF0001417334313DDCC11FC14F6C71D111739F9
:104F0000A12C38DBFBB117DEEB3AE121BA5141C9E4
:104F1000AA09C60CD6EEC3280B330501C9D8BEBFFB
:104F200051D52CFCDF341C32F8F881F530F5FAC38A
:104F3000EE23A527D92C23D74ECB0B9AF11918862F
:104F400009EBF3E1E1EBB93D2CF90DC75EED29E387
:104F5000C5DDF1DFFCDA4817270E40EE8554CED3CD
:104F6000E4C2014E060E06031E242AD3243CDB1C99
:104F700043E1C6CB1A2DEB263C8423D2DE2D040957
:104F8000D8E80504F322BB15FE3A052BD6EB150D28
:104F90000CB647C62EDB813739D6B5E7B2F5BC2350
:104FA000E82F2E012B04DF16380D0132D230EAD95A
:104FB000D4FBFED83002E4E7020CF209E321F2EC64
:104FC00007F11FEC2404BFEFD713C4F2F8E5F4D8BF
:104FD000E4FC3BE409E1F81DE229F4041E0E12EFA3
:104FE000EED313C32802D411C4E3E7DDD51CCCF4FF
:104FF000E6E20A000E1321E4071133DA0919DA1583
:10500000AE0ED6E1E2F110BBDE300DE201FD27135A
:10501000A70EF4E904CF18E7F3FFBA36F510F2272C
:105020003634EF25E0E2023FE115CEDE01D8C0F8CC
:10503000101DD1120AD3012D371B170FDAD120EF23
:10504000F3E5F10922CB1B2BD9E3EECD0A2926DEAD
:10505000FFDA11F0B626CB0B23EC0FE4F7432CFA62
:10506000D20FE32FC11BDCE9342E090BF00129E636
:10507000F5D2F8D60F17C7FD15042401F7C71D0C8C
:10508000E6D10EE7CA4421F41919A4C8F3EF30435E
:105090008109F502E7C30006DC1D091EF1030F1D9F
:1050A000550FD42FDD032EE82DCECB291ACA982B0D
:1050B000D205B22B1CF2C1D643FF26E9CE0204FF73
:1050C000E428ACD9ABF1253A002C00CC42E8D2C39D
:1050D000FD23282E12B8DC01E4BAC93DAAEAB420A7
:1050E000FDEB202ADEF4E9C807F2131C28EECB23DF
:1050F000EA4F1C1E91E9E22DFCD20DB3FCCF10F556
:10510000C939AABAE72D2A0BBFA3F2EA1EC6D6B246
:10511000FB3DD4462C41C2E72839D4CD0AA841250D
:10512000E625ADD3EF01EA963056BF08DFE8FD0D66
:10513000BECF48EFD3A932210305B504FF262E5474
:10514000F12B1D0119B53BD22CD0C225E2EA2DD995
:105150009AD7FDE205DFCADCD9153C46160DC62BF1
:10516000D5213706ADE43B023E112E11E4C3E30224
:10517000EB4329EB0BE52527CE5714D0371C8116BE
:105180000420EF2FF1153AEEC9B5D90C19EE12F73C
:10519000D8C5E40315F73A291FF43F212AD5F8387A
:1051A0001D291CB3D2F53E2BF8F00EDFA40707CA69
:1051B0003605EBE3D741D7DF2034C7EBCE0B1BC559
:1051C00023FBDD470F4DE8CC0BF8E9D5A80945C412
:1051D000B28C092811BEC3C2C0BCCFC88EFAD3C4DA
:1051E0002CC8245CD417B71529E6E3DB1843D7CDC8
:1051F000DFC9FAFCD8F7E1E83F0508155019C3E00C
:10520000E3E9F423FE3F97E41BAA00060413C93721
:1052100021DF06FFDE22440908E4EEADE9C327DD05
:10522000BFC3EA2528C6B0CA141204D1C7C44D5260
:1052300013131202E73223F22529F7DAE10705BE3C
:10524000AAF41A1FC1E11125C2260018F61A13B3D9
:10525000E0DBF2156B1B082D33E8C1EDCDED410409
:105260004B15183B4CF33EC415C5CC7F2AD33ADC12
:1052700026C936D2DA132807140603F5E547E5DA1E
:105280001C68E3FEEFF71BE87F1D1DC0E5BAC5C033
:105290001B0FA72D3200E5FB393F2204D1C6CDF10B
:1052A0000A2AF7372EB8C2C4A0B9E4E2CAC8C8D1E6
:1052B000EFD81EC71B1533DA3211001B2D0B08095E
:1052C000E0B3E2F2260BA31BD50ED1EF0EC225D31D
:1052D0000ED21CC2B3A8D1F39FFC14D40A02FF2C37
:1052E000301E0A21F3F83904F3C041F905B0EB1779
:1052F0002DFBC3E1A8C7CD08F10BC3F9C7DF061C1E
:105300003CC9D2D3162415F51A11C4DC2228E5D8DD
:10531000D4E025B42105EE1EFEED162EEDF63ED5A9
:10532000FEE4D21BE212E7122B2A34DDE8D102E5BB
:1053300027E401CF100A34E6C9D331D02806D7FEBE
:105340000DCE28F73FF62B080A01D319C711F7F93C
:1053500008F8E60BCC16D12C24D8E5EBD5222D0D80
:10536000CDE103C50DCB33EA1C1CC73535F0E60390
:10537000FB2CFEC315E3CEE9F427DBB2FCC3B41467
:1053800004C630350ABDFDE7E6FFEE81C4B428FF50
:10539000AF13D307F806DAB4200A1B340A9FF5F0DE
:1053A000174F2217333CBBEBBCB724E8C7DBFD2FFC
:1053B000E55D15F9F4F7F81D03BB3F253E103BDB17
:1053C0001DF3E8FB2FCF3F1F17101120F61CAE581E
:1053D0003AAAE90B4F0D328F0DAAC3152702121CF2
:1053E0002EE2EED9CE1EE2C7C13BE7B6F02CF4CBDD
:1053F0000B35DC2817ED2BE7FE331ECF55C5C2C495
:10540000F5DF244F21F6C0C2012149D9D2B110D411
:105410004AEF293DCA0F2EF807A408E93847083695
:105420002C0217DD2AA81E182C38D9B7024700AE67
:10543000221916A2E3BA11D2ADF92B2DDC543B622E
:10544000A3252F54EE3A4D1EE3E4B427C21A0BC431
:10545000FBCFD11DCBB450244314E4F41D2CB4B5C0
:10546000450F02F1BED7B9FFEEA9E1E71CFF26EB1D
:10547000CAF178F9EDFCD8C7E27FA3FBD62907B4BF
:10548000F3DDE3FC2A08FAE9BBE9DA3FEDABE540DE
:10549000FAEABAADE9F40336550128FC270839B316
:1054A000B957AA0821A0FBF14220FB14B65C663D67
:1054B000A0D3C3500A3DF1D03946DC010FF106C834
:1054C00039D03A3DE60D4FCCD50AAB21DB3DCE5667
:1054D00003E84801AF253424CB67DF0AB903229FD4
:1054E0003E00209C05C25049B8262741332CB1EF1D
:1054F00000DCCDF501FE0409F63EDEFBB7221CBC44
:1055000043EF28C5DBBC42E5480214C3B1E75F1B8B
:10551000C2D0CAA0412341C5EF50D4C3EED3CAF3D1
:105520001824DC28D80C0FE9B897323205B4BFBF75
:10553000A933061EE40207D7F2FF1C3820C8404CEE
:105540006F09FA222D41E8064AB7C0111ADD26304C
:10555000CE5B38B81DF15D3224CC052CBD165FEC56
:10556000ECA11D154157D61AC5D95115BEA407C6C1
:105570003F03FCF3ECA1EFF1B7423A0237DF5728C3
:10558000F0EA2EF42D71D56611319F7040361BB5AF
:10559000FB3B340531C3BEE54A62101CE07FF8F0E6
:1055A0009D4226F6C7C912D8BAFBD4DA49F1FE1CCF
:1055B000D42BB2B0403C4E06504208E30BC4FA462E
:1055C000CC00380B08022D2AB0FEC80823F929DACE
:1055D000F15F0E1104DB3E12BCD7F207CC0102CB07
:1055E00001B40DEB47D522171FDA26C71B34B212C0
:1055F000C04FCD3B0E2D23D711D6FA434541D33CA6
:10560000A444ECAE2DEBF9E8176F3629394C08B1FC
:10561000C72633CA46E5FAF1E733C70BE3F2FABB14
:10562000F3EE1F4403F4E53FC3D4BA4C3032E3F742
:10563000D21D9C3EDBD0C5234CA7E4D0BFE203B013
:105640005E43DBA0E005ADD62DFF080D2EF22BC783
:10565000EA4E38B61AC5CBDCD42F189E2BD4314075
:10566000F5080CED130B4ADFED24241BEB32B4C616
:1056700045E4F6B8673AE7CCC62D37270AD1E8608B
:10568000F0DAD0EE4924B829C9C3D92D1B330C7FD9
:10569000F7FEF7B1F139A2BB3A382C28EF141CF70A
:1056A0000C44EA1C462C12BDE7250544CCDFF84427
:1056B000C10F3C0110D9E2FC43E3B119B21D2ED257
:1056C0001AEAC827E623230845C20AB0F41F0524B6
:1056D0000617FD402BD32DDF0FB73010C00D9A20D9
:1056E000CF3514A1F7E90126E7095919D9FC4BB8C0
:1056F000D13F1D27F2DB00EF2B3B182D5E20C20EA1
:10570000F0EDB5130AEFC1F213D8EF0C0AF214F35F
:10571000F1E12FFDE0E832CE049CEAF2E68DD548B7
:10572000EBDAB813D4BFE8AB03D8BCF3C8D20B4153
:10573000B02D32D12E080BD62B0802DD18EB3D5CC4
:10574000F9C2EAE3C1C0F506FCDCEBF31FCDF5813D
:10575000AAB45B223B270FEF3A5F9A2BCEFE2D3285
:105760000E40EFF3E7E80928FACFFEF7E820CD2E48
:105770001C0B14F7C8A90B2EF768E31446D0DE26DD
:1057800032B94BF1EACC23EA0019DF9DDA30C504C7
:10579000D8D00A32DFBEE3F200DD19DA2EC6C40328
:1057A0004408C04E1C46E5032BD1372D06A5B41D79
:1057B000DA12152447E20C99D9BEC42F16420ACE3C
:1057C0002029AD31C9F739ECE221ED8830452D7F34
:1057D0003496E8F8F50CD1D83ABBBA0AD5E809E313
:1057E000180D30D31A1CBA4E2A4FC14BFDFFA6DB51
:1057F0004428E8EE38F10A1F14F9C421ED4FDC30DB
:10580000FC07D8362A2EC5A63600EB2342F303D672
:105810001BBBA3E11DD93217BAB40CD515B70A22A8
:10582000EC3FFF2BCAC55C914D193F0CEC4346CDB4
:10583000003824FEFFE4C2BD10E921F7D7BDDCEC3F
:10584000C99D160DBEAB37132FD02EEDF9D0DBFD61
:10585000EDE70E27DD53562AB514091237C7E9C5FF
:10586000EC4435F4A2ECD926BD31F6D209E9082B77
:1058700004F305B9331452E53911B2202D30D64066
:105880001E1DE414175D2454FAAD53DB0FA64EB869
:1058900026DEBACE30DB231C12EE08110194BF00C5
:1058A00024C7480F50DDC75EA9BB0F26DEB4016BCD
:1058B000DA34C8522AD8FCBF2A19BE33D51009BA27
:1058C000BF09AD8DE215CD37E9CBE720B93DBC2C42
:1058D00017B9CDF9AE940029C4CAE6C1D22B9DBF39
:1058E0001C5AC80A1E81B5E58DF4D93B3C93083794
:1058F000B0ACE251D3D217164359F9E1FE46DDE6CA
:105900009A50BC4FFF06F9B146A9D21D3C8E0A2D14
:1059100040A7CA1BB5483AE8F4E8D60F52C8E7FFDB
:105920002AE09CDE27A7FD3FB8C1D86015EE5208DB
:105930002CF51EB6C2F3E10E9AE23DE7A444FA0547
:10594000A418AE63E73817DF47A854BA09512ACC28
:105950009EBBCD42C8ED3147EEEEC9E1EC8FFFDCD6
:10596000BF14BF47DC35F3262D04EC61D22D01C9ED
:10597000175A7ABD30E04CD70F40BC46542CDFA7F5
:10598000E860FCF0F5A85ADAD613E5D5B8101B0C80
:10599000322C162FAEC35305400415EF2881194D44
:1059A000C3D006A9D815331A27F41DE235FD16AF6A
:1059B000E43320EF25FF01D4EF06112F1F230EEE55
:1059C00032F1FADC1AE0F910D210F2FA131C24D0EA
:1059D00007FC3F043B522A0E0D15DB2C1406BC11AC
:1059E000D4E2BE35E31BEDF89E1BCB07242005F85F
:1059F000ECDDFE34091206EC2103F7EE43B7FE0C92
:105A0000EFE907031F2DF6F8FCDF37E2FAAE0C18BA
:105A1000D4E733E218051AF11C28E4E0B9200E4758
:105A2000DF00F6177F13CBE41DFAE8DB280FF5D86B
:105A3000D53907FB35181D0D13FEE8D0FE2F0CDA03
:105A4000F0F421CCDE3732EC1BF6F028F63EEC0009
:105A50002FF8F2E90A272F2307E8D201422031F577
:105A6000FCD936D3FDDF17F927B8B22BD9CB33F5E4
:105A70003AD3F50ADEC22ED1E8F9151A0138E0DC76
:105A80002EED1606102BD619D9DDE25A0157129BBE
:105A90001DE7DD1EEBEC5715C6E6F022C54AF529D9
:105AA000FBC7323CA7BBFCB2B23CEF363DE8D7F3B4
:105AB000A844B6B25031D6EC650D3FF7CAAF5223B9
:105AC00010F00128D1F91D96B81F3CA0F74EEAE965
:105AD000C9E621EADC9A2E04A6F7F9F0C21C1724C5
:105AE000F01A0115DEA3CFF20F1EB9D2C9BAEC2FFE
:105AF000AF2006D12CB64906141503E9C5C1C2ABC7
:105B00009F229EBCC811E31CDBC0A4D416D8FAD9CE
:105B1000FFC5FBFAA72E010EE4A1D6E02D05CB258B
:105B2000ACA7F6E7ACA1CA68D7E6DF3ECFB2BA2091
:105B30000C6FDF49C8303FC6B2041B1733E9C5AC50
:105B400020922335BC1ABDEED11ED42FEA4FD807C0
:105B500095363A570E3695F0194F2625FB5672F3B7
:105B6000AFA4DC3724EBFAAC4EBFFA7F3155F043DB
:105B7000AAFCB9FEEEBD35CDE50119DCFAF0D03F47
:105B80000E0D3F06C0F3CFF9BA3FB9B8021AED5770
:105B9000BC0EBC89BADFE4365915E2B0E3B244F07A
:105BA000CAF61B81DBFB25E2E02F1CD4DF14F0D307
:105BB00026D61CF5CD03FC0112D92E0A43BC42C8DF
:105BC00047D84B5FD712CCEECAD9DD0AD2F6E5949E
:105BD000E8FF452F1915ED0FD6440DD623F23E16DA
:105BE000D73160F91AE728FDBFC9A628D8ED2909E1
:105BF0003F250CD4231A01F7DEE1D0FFF3FFF0C5F7
:105C0000221023DA9C9410D231EFD4BE0B0BF8D8BB
:105C1000B34B0000020819112040EFEFE34CE216ED
:105C2000D81025EDD8F5D21A44C6BF3FDDE8C72B02
:105C3000F852C3F8F9E9D927013CDAC919B80DBA05
:105C4000F5D42CB70EF1D0FD22D520EB3A02E8793D
:105C5000C8EA381CF5CBDCC9CACAFC0FC652AF581B
:105C6000F1B9EA12C1DBF9BFD3B9373B8D05103367
:105C70002EB3C008F94343E3169744B52621546C6C
:105C800035FE16C55627D6C313DC9BCC1510D1E2C2
:105C9000F5D0F318EF089228371FD114114107F7F8
:105CA000ECEBC5171AD2FEA01520D0F0C5E60B0408
:105CB000DADF083AFBC22EC8DF0139D71D1EA9F46E
:105CC0001AB1FAA497F6D1F2421A3B0EEAD6F85767
:105CD000DBAB09CDF8DC4227BD1AB82A15F209CE94
:105CE000A8C50EEC4CFBFE1301E86E04DD1FE605B3
:105CF000422EB8E6FDD53B2D3B303432371AFFF645
:105D00003043C51635329ED9C1EBE0B520073F0BB5
:105D10000C340ED7AF3D29D72BA7B7AC39A7302508
:105D200003D0E943280EFB1CF907273524F4452549
:105D300037F01C2FFB093EFBF5037442D943CCFE20
:105D4000F7AECC2009B503E0B24A0FC7E207CF9FF8
:105D5000E59A4EFFC3121DB74DF5B221FAE4E41CDB
:105D6000FF441618BB1C111B5222EEB7222B14EC59
:105D70001DF851302B87F828FC7AB2533524E2D62F
:105D8000EF45C5FDD1153E1C05FE4FCD1BFBE9CCF3
:105D900081D5AEE3E7CEF00B1EE815F20021132407
:105DA0004E18DC7FFF201A273DCD2414DE44B708AF
:105DB000F4E9F869C20426B6FF0FB93A1DC338DF0B
:105DC000EB15EFDBF23CBD040323E4DDBEECE5C9DB
:105DD000EFE0C9CF28D500B64BE70F4C04CFBBA5E9
:105DE0000E44DB11BBF0002514E947C73C12E9382B
:105DF000D92E32C62323F836401BC118261B0C2A85
:105E0000F337C3FF3558CBCA1AFB09C725D2D7E6EB
:105E100019EC4DB4EAB1EE46ED2E88E2F201CE1750
:105E2000C32BCBC3DBC9DC9AC91A58A3C1311E4DA1
:105E3000055946DCE9E0FDBF3EFDF8DF053814E317
:105E4000B79A2511402AEF02B81B0BBEAFE505E358
:105E5000D8D20AC0E9E051E0CF11F0EA20E1DF43F7
:105E600024FCC7DBB71504C92C2DACED21EBD4DD28
:105E700028E6F43417FB4ECAD13ED77D4035DB1BF4
:105E800098304C361002C34FDB3154F8EA9AFE8149
:105E9000FF000827D2C80CFE06F13FE3DEB7BAAF19
:105EA0002CEE315C1AF2FB12211C300D20EC10D7C5
:105EB000ED26270ED2E104DDE4E13F12F33D04D6E6
:105EC000C412FEABFAF3D92F1606211238F3F62DC1
:105ED0001CDBD6275403BC09FFF8D3D0FFD1FA103E
:105EE00029C7D8F0C7AD0F0220F1D8DD44A421D4D2
:105EF000D3FC31252612B4F42CC7FFE0D2CD100913
:105F0000C517EFBFFF3FE281D7A60935CDD5C7F250
:105F1000F2030DCEC91DD3F4CB14D3DC2F2A010616
:105F20006F37DA380F2704AD2478E9DD2A5F2404BF
:105F30000FD1111A24FDEBBF03BEC91AF5421CF2A2
:105F4000E0AEDC320436DAD73709B8132026F6F58E
:105F5000BFA7E31D093B133625F2E22EDC9A052A82
:105F6000D90EA51BEDF2CFAD13F5ABCE3D18C6365D
:105F7000B2044E1127B9DF35D44ABEDB2100C8CEAA
:105F8000F9FEBEFB272E31FC1921E0E822E93BE3B4
:105F9000B71D1ADD4120E538F7240B1523BE02D5C5
:105FA000FD01E12EC7D515EAD9C1D6BECD01D9BEB6
:105FB000CFCF23E52BF7159A0D2311CB383018CD11
:105FC000EE19BBC434DC0F1642D10CE01A0133E0E9
:105FD000FD1DFED41CB602B4BBDB27C43BF2E8E7D0
:105FE00012CFE3EAD9B8D3C9530AC4D22EC9D9F320
:105FF000BFE6DC120E1D06C4EA211A3420130ADAA9
:10600000F3090729CE1C3A0918FCE1B705F2FFECA9
:10601000FB2D1ED6B4E5AC17DDD5EEF4D8EE3BCFA4
:10602000F1DA1F0502EB1947CAF4C5CDF442E5B415
:10603000FB5214DE1B25391FAFE1EDE21602D0D46E
:10604000ADE00103CEE3322C177F13DFD325E20945
:10605000E7C9354A21033D34E0F7DA15FF0BEFF0CD
:10606000BA064D06BE26E5E226B8F1E5EB25CB14CF
:106070000002FBD7CACC9DFEF81BC302D82EFC3809
:10608000051720E7360FC63111032AA229C10603DE
:106090002A0CB292F3B6DFDA12D912002EAD1A45ED
:1060A000C206EBADEDD3D404E6DEBDDFF64FC1078B
:1060B0000209CB8E3E4DE62DDC090CEB0DB224D04F
:1060C000E9FBEA54271EC81BBF07AC320311CCDA28
:1060D0000D61F3D71F13EBF8C3E5DBFEB0CE360539
:1060E0001D09DD182DFCDCFFD21335F3F2D5F202C9
:1060F000D8E22629B9E6E22412C1B81BC929F23632
:10610000DFDE17B8B6D52FF8D840EEDF32E93AED2A
:10611000A5E7012E2726ABECF8D5C5404CF3EADB0A
:1061200006EFEA3CBDFE2C54CFAE9E451BCEB4ED2F
:10613000F31B19DAE9C6BE017320B305080AEBD5D3
:106140003F3126F60BBA28DE2EABA91833E7EEDC7A
:1061500011DD7F150356E0E2D90826DAB9CAFDC47D
:106160001CD9A1EBCFE9BCBB1C041DCC8B3952233D
:10617000C6E89DDBDDED2629E58E0DA2E6E5DED045
:10618000F3BDE7F7C51F1A95F549AEF3289BF756FF
:106190002314A3B7C8ED010EE710C204F902CA2503
:1061A0002B14CA10F2D2EC3390D3EF45DB01DA287E
:1061B000003A4AD7E5FBD920E1C21605E60B250BCC
:1061C000E3C39F05D0EBB1F72DD81C9641CAF076FA
:1061D000D9CDB9CD31BBAF1ADC0E0B42F3C3DAC156
:1061E000DE0FF712EF34F51C302AD5382FEFCF2011
:1061F000E4FE1712F810029B22BB5315E1E21721AF
:1062000004172B39BB4393BCB1B426BBF89E45A7FA
:106210004ABED2C91538CEBAB0E19025BBA2F0E291
:10622000E80E35342AB8959D272445C42641C1CFB0
:10623000BDBF1629DF6A3AE9B1F211BEE6CC4E3293
:1062400009462A2611CD3D47430623172A22254811
:10625000B7D42C0CC7FE441D2C6EBF1B08B1E34500
:10626000DB5AB9D6B0461EFEB31AA8DFF90401D333
:106270000F2A1ED3330AD7E0190E811E17E01F51D3
:10628000B8C2B81D23B20C260AFA53E6C6D3B28BA5
:10629000B2F3F9110D06FEEF0F4ED3CF58C6116CB5
:1062A000DEEE2CB520E7FB0CB40648FDA9F5F7F1AE
:1062B000CF45039F353A15FE4ED6D73B103AFA48E4
:1062C00013DAEB18E6CE0E13BFC6D10CCEC0C9CE82
:1062D0003CEEEE0FF4EB17D51513EBDED14247334E
:1062E000DFCCC56BECF0C1F6233DD2E4C6AAFA526E
:1062F00035E8E63C7033DCE42118B6EFC80BC4DBAC
:10630000BA070A070FFD46F20C3B0CBC3803DC0948
:10631000D4B5D8222AFFD1C518BEFB2119BD47012B
:1063200026E502CF3C2AFD23B5C1DD081ABEE22ACC
:1063300030F0A1CC2E43E3EA3F04480FCEB5230C46
:106340003100160616FF310327F736F72BD8B24D6A
:10635000260721B6CF24023F07A70D2987FC0C3959
:10636000BA18FA06AE39D62301DB3311DA0BBAF0CC
:1063700023F9EADC1A410D281E9229EE2AF030D0CA
:1063800040C6CCED7625D9CFE30AA013FEC2100497
:10639000A3F91681A514BE1B3FE8DDEA47D5EE3B05
:1063A000EF1BDD15AE4CFFD8C6E4295DBFC62CFA45
:1063B000CECAC44457BD21227153430990B3FC1F78
:1063C000194092FCBD1045394DF21185EEF8FD2CB7
:1063D000228F053209B1D8F62E9DFBAFCBCE3246C7
:1063E00042C3F503FDB4DFDC3AABC7A0E2FE4DD2F9
:1063F000F43CD0CA4C2BAD0945E9390C24D3E0D18B
:10640000F45915334257EECCF2E8D4DA25EEB8CB86
:1064100049FAA1B860E5331724C330A91195D61EF7
:106420002FB0D4F40DCC38F4E42AFBDDF63E29B1CC
:10643000F7A1DA20CCDD3E669AD2FA4CC13FF239A0
:106440002C925227A745221ABDDEC1D9BCCB178199
:106450001CEFF59FF257FFFA063CB451C3C4A336B4
:10646000CF3EBE1FFEC514100FF2F1B224A335D2E9
:1064700052F85A0798F0160D5027C0162701F40E4F
:10648000BC49F22DF6EE2C31EF08A892BAD6EECA2E
:10649000D523F6D738B805D2AFEC1506E0B5D31042
:1064A00021CECD27CDE8CEA2E21AB97DFC90A9DF9E
:1064B0005E20E475CC1A1F12F6D22920E30AD2D34B
:1064C0003ECAE0E7DD1CC4092412D195DF3D4BDE56
:1064D0002E2AC12641E2BFE3DA03CDDFBC32241904
:1064E000C7EECBACF133ED42CCEEBD02D9FE3CBBE6
:1064F000B9F823D72000EE2633B9DADEB2A6E1D907
:10650000AEDF29CA26191BAB1CB9B2E3CE11383154
:106510002AC2F1F1FAE730C9CEBAEBEFF23A1D0820
:106520007F41FE011934FCC0BEAFC0DB1F03FA2758
:10653000B6B80B0CF0BAB40E56DC01CF3CBB3277C8
:10654000B6BCB50DB83D44E4BBE210CFD640BF8722
:106550001196D52EDDDB62BD2731310000CD281824
:106560004C58B8F6DE41D81ABDE5E14B3AC2010BF2
:10657000D4DD58DDB13126A90DEFCE3C2C4C8ECEAA
:106580003C16102D06E7DE27A72127D5B7F04E15BC
:106590000420AEEFD5A59B35FC211129C9E849C3DC
:1065A000EE48E8C02B0027EC31F90FD7FCE8D0C942
:1065B000E9B81B1DEB1B2D001D47CEE00AF022D0D1
:1065C000C62A323602DC1FA5BB40271405E132FF84
:1065D00001E5183A2B17D530022FC71DF84F43E2BB
:1065E0003DE3C1F43437373AE13A0CF3C4DA013B06
:1065F00020FF03EE431F39EE3B17EB293AF4D51881
:106600001AE4310110DD44ED2C3BE6E5DD1CE938F0
:10661000CAFB2414DBE60215F1F6DF0803F80E0DC1
:106620000A24291CD7EFFC5B3CEDBADAC602EA0E5D
:106630003030EB1FFA10DF22FB153DCAFC0E3D0681
:106640001D082816E1FCCBCA0E2CD8EBEFF80AC6C1
:106650002E10F30581373FE804AE3BCFE322FBCF9A
:10666000B8DC15D4E8E9FCAB46DE39ECD1DAF80742
:10667000DBD4BFD2E60BCE15FE22EEE7E608FADA4F
:1066800032FF08EB2FF0CDAE24FB97D7D0FEDA39DE
:106690001E30F3E70E3594EB3B2E1004EDC41E467E
:1066A0002DFDEAE2CE31073CC524FA51CEEED130C1
:1066B0002819F01BC6E0E010BF09290D26FEDB26D5
:1066C000C0259BB59DD7D91E3A4C0CE503F0FC358F
:1066D00004BAE3E823E0EDD1F8170F144C0EEAFDFD
:1066E0000CE727C3DCF31B190AC0CB182D1421C5F6
:1066F00022C2EEC417D1DF4916CE24C321F7FA080F
:1067000019DEC9B1EA5804FDCAED01D8D18C0EFDDD
:106710002E36B413E3C8D818FED60CD62B1EFCCDEB
:1067200007D5C3D3F4D82610304307AE3A3CB2D5D0
:10673000D4DDF0CE20EDD2E4F4280F053D0CCB5C87
:10674000B3CA3D2AF64FC738C8CAEC1B15F823BD9B
:10675000F69D300211C73222D656E3E2E50247D554
:106760003AE419DD042F2019C5C0F9E00BD5D5EFA7
:10677000C207E9300E183FF6DF34B0200DE0C5C186
:106780001FBCDCBB27D85A06BFD2F3FBDFD7CF81B3
:106790000516CA3950D9CD0DE10DCBC5DCD009B8ED
:1067A0009CFAF981192CBBD62902F6062D1FDE2092
:1067B000C6DB45EDE9DD08BDC439CD17E8F0350786
:1067C00002DF380FDEFF35F3FE35F221E8D8371649
:1067D0002814393AFA4C3CC3422B030EBB0C03CBB2
:1067E000152A02E802FD40B9D5D4EA1CF348CCFED4
:1067F00039FFEFF0293AC0100D233833BD1C2D04AA
:1068000030BE18F518FC13E120FBFB3AFDD51D4EF8
:10681000B2DC2BC12BB8F10927FE8CEE0AD724CBB2
:106820001AEB58011E2F4756CE1B0320EDB0BEC4F5
:106830000615A8BB1F45E01C2702DAC5E82303DDC7
:10684000E70F2FBBF736110D4645EE384BBCEA1B60
:1068500047F527E5AECE20DDF0DF1EDDAE08CEE445
:10686000F90E112A2BDBEBC7AD37342FEC0B173F9A
:106870002DD3FF3F55281A3DE4B12BE3D7C14BF68A
:106880000A0036BBDE34C73DBFFD083925D7C4F644
:1068900035B4FB8745FDCDDFDA0CCCFC40E40F3688
:1068A0004BFFD9D0173AE4D3EEF6EF2CA4C91AF86F
:1068B00020E32066D7E71FFE21F70134A9D8EFEEC9
:1068C0000A08E8010E2ED21C0ADFF1B3C71EC55D0F
:1068D0004DD88131CE13302A4FF700174E0624D6FB
:1068E0002D0DECA5EF1E1647210814CD2E17F4DB55
:1068F000F42509D9AE32D11CFB1BDAD736EFD0FC18
:10690000F4B7FA05151CB305309D3213FAE1D3AC88
:1069100004D5200324D0F4C90822B79A2B2C2FE4E5
:1069200002CB17C451CB22C8E7D9F2C8D5184523EA
:10693000A7AC2D113CFE2815AADF1822AB3A377BF5
:10694000DEB5C224D531C74013011C32851BF78F39
:10695000CE1A251C56EB5A153C19AE53EA9BB40BC4
:10696000E82324D3FCDAEF372ED9D54D02F332DEFB
:10697000ED283FCB0DFF0500040D00161AF1C8F9F4
:1069800014DEE9B1C53355DAB2F9C1C1C3F92A0A37
:106990001DFB16CBDDD0CAEAD826F40931FB1EBC9C
:1069A000F1E0F7FB1A2B1C15C01BEF13FD01F83AA1
:1069B0001DEC19EE2C100E1E032825EE0DD70D062A
:1069C000F7350CD81C35AEDD26103BB7DE18310F7D
:1069D00015F00C07C9A417E606C4F2C92C19E0F695
:1069E000E1051CF1E1190F31F7D33836F9A114B1E3
:1069F000F2D8E7FFDCF22318FAF90B3B4F3BF7071D
:106A0000F2FCDB11D7F0A8F7D0E91212F78105BC30
:106A1000FFE7D9E7F4F3F9F3D4FB0FDB2FCBF20652
:106A2000D636EC030FC70CD9E753DBCDD90835C2F6
:106A3000D5C933D321164A0600E9352FF8FDEDDF1D
:106A40009FF9F0FFDFE8D6DE2116EFD4C7390A0B35
:106A5000EDFF53E0E63F2F1D0603CF0D194C0AFC56
:106A6000100534DC29DB1FDE0AEF9D0BC4102A025F
:106A7000D7AC10F9E4EFD523F027142A28DAACF6C6
:106A80000AF8FA1816D0DD49CEEA17DB2ACCD5E58C
:106A900022228DF3D72228DB3A281B0407A6040AFA
:106AA00024F6FF15C33747DFA0A146D030D6B9BAC8
:106AB00011FBC53AC006D49736CC25EA04264A1203
:106AC000BD669A2F4FF1FEDC4C3728D8D2B7323052
:106AD000FC41204F06BFB8AD0CB343BA12F5BEB0AF
:106AE000364A44EBEE8C2A2B65C6F51E4FF637C7A7
:106AF0001D529CD635CEEDC616FFD858D301E00402
:106B0000DCCAEE46052DCAA69DC659D2AA11B942C5
:106B1000F134E520D7D19B4509E002232089E834F0
:106B20005151C009E8C714BDC8F82B3CFC4C5F05A7
:106B300066FF21E1D835CD23A0E0B0D9163616483E
:106B4000DE8F3036B93F3164AACF43C9E8FD4BD65A
:106B500029B8392344EF7C43B6B73590EE7FC64D54
:106B6000E96FCDD834D81F96ABA99ADFF74341AA75
:106B7000D46E4223FA4A17D4C10CCCD62E2EA9A12A
:106B8000D007FA2823D829FBCDFD34CCBDFCA33295
:106B900042EEA89C0B9F338BE9EA45459FF599FC93
:106BA00038D23372FC2418D7EFC6315AB3E8C61373
:106BB000EB28FC2C32D61DF5C7C7E614FFDCEDFB35
:106BC0002AF6EFFACFC8E2351AC33CB71325EFD443
:106BD000E3DD0DEA3E241805DA0B1E1615DFFB93E4
:106BE00040FCD2A90526D1C7D5EBF1D0EC2636BEA4
:106BF000E10D44FC1D1FC12A031FFB0A272CECBF1B
:106C00000CCEAAEDDC0BAEB3301D07F1E71239CC88
:106C1000C509941D2F02F42EE50ED6E030E421FEC6
:106C20000405BCE822E511B7C11E03140C343FC3B0
:106C3000F1EA59EF0E12283BCCC7D7F7EFF6F0F385
:106C4000B2BB23041E041ACE14FE8543EFD8F30A08
:106C5000EEE51EE10D314F3A21FFD645EEE9372A28
:106C6000F3F2E2C481DCE2D1ECFBB418CE0BF0E825
:106C7000FD14F8094DA2EDD9DA27AF4DF5B29A0906
:106C8000C852013D0523D2651EF82AFAFB2AFE2AC6
:106C9000AF34DDEE31D6CDD4DF3C01342611CFC880
:106CA0006207B1483020DE5A12A42EB718CC1CEE71
:106CB000B1E7D053CBCD15E2D9CB253E25FF01E876
:106CC0002EF11429083C19EFD62F074AC925BE0F0B
:106CD00010210F3020487F9E00353A321ED497FF96
:106CE0001C28D91DA228456050CAE63D2ADB4AD49B
:106CF000ED14D5C4D9D03218BECFF7F6F2F6B01CD9
:106D0000FD16E6224C61D10532CF0D032ABC0D3DA4
:106D10000600E9F0B2C41DDF00C6D8CA219FDCB569
:106D20002B0D160510D6DAE4447E165D3159F603B4
:106D3000CB5C2EE8C2F7E495A10EC1E534F8D7DCB0
:106D4000D500DC0EC41B0CC1C7C13DE01DF737A048
:106D5000F8EFC2D1AECC5C4B3EEDD428D65F062016
:106D6000C04E5338EBC41BD703BEF3AA5B49ECAC4F
:106D70002B0E5EED8FA8312F100DD07F02CE021C9E
:106D8000B10044C5AC1ED4ACFBE79EFD017534E6F2
:106D900025491A3231B5F0442430F6FF00F8F0AC42
:106DA00034EAD519BDCBE7F9C184C401F6C2A1D636
:106DB000E62B035BD64B42D5EA3EEFFD0F1713BD22
:106DC000D233AA2E37F7DA2AE928F7F611CCD44CB9
:106DD00097DB1E431ADDE7D6FB1BF1CFF226D5E980
:106DE0000936C5C5BB0005BFF8BFD2C6F8A5CF069A
:106DF0002E00F2E1CF3CDC10E3D2CA01E101EA0D42
:106E0000031FC5FE263326CE37B0012CB2DC150792
:106E1000C01652490738ADFA28369C0235DBCBC084
:106E20002119FAFF1BCAFDC3D4D8183124392CE923
:106E300025D5D145E6E3CA0AA2D82ABD17E2BBC0D0
:106E4000C3152402F91EBFF9C6E11CECFEEBECDA17
:106E5000F081CFE5FD132ACD01FC121442080D028A
:106E6000241C0927FD06F2E21B24C7FD4E11E4098C
:106E70003DF74A2CF1C83F383A341ED328BD0A3CAE
:106E8000F836FBF2C6FE1922F5D7DCC60EECCAA80E
:106E9000CF2DB4B101C80FF1CEE0EBD8E5BCD93F9E
:106EA000071EFC0FBFE73830F5F52406C716231A76
:106EB000E93DDA1ED411C30BF3D927151B2840E88E
:106EC0001DD0DE3104C796F5F5231BCFEEDBC6B32C
:106ED00049F938BEF9B4D32714F5F9400827B5F4B9
:106EE000EEDD377FFE13F4B5EE19DFC5170E48252A
:106EF000CDC618D1BFDDD345FF1354E72232E4CD10
:106F0000FC241A29E30107E55EF8FDCCF8352ACA0E
:106F1000A9EAF72129D80403D3DE2DEBDF44F2ECF4
:106F2000DAC2133E832148ADBFFB43C302FFCC242A
:106F30002247182A032914EF160EC701E6BAE3AC5C
:106F4000FCA90CD62BD6BA1DDEA1EECAB8F3372E9B
:106F5000F8173AF69A0DF417CF21C7DFD612F90EBB
:106F60003D0EEDC9BD38C563CE24DF652A43CDE9AA
:106F700005FDEAEBD4C8FF2B03B837BBEA23A90809
:106F80001B08E5033CC5F0FECB3411BD10C4E3E3A0
:106F9000B4C1E61FB9318F06FA0316090802D41EE0
:106FA000E531BD2F430033FEF9B83C07810BB61C19
:106FB000B3D0D9E412F43D1EB856D0D94FCEEAE092
:106FC00012F8B04003E007EC1454EF1D2800FED186
:106FD00057E8FB0FF39B35C8FDC2CEF9BD14E3099A
:106FE000ED2C4DADF5F42052B9030233BFB9CE00FC
:106FF00021FCE021C2A212D731F30016A7640EFED5
:10700000D8E6BD7B1858B6A3EB1719BA3F9EF226F7
:10701000B6BE4622B64BE0FF2619BAC1C292123E56
:1070200013011DC0C7E2EF8F4AE50741F139E4348F
:10703000D21009E6D8B7AE1FB8BEAF37EAFDDD50B3
:107040000926E31A0E0F37CF2BE055D8D50A0FC605
:10705000E3A3131B05D422D80DDB30C3AF3F24EBD1
:10706000283DECC4A440B9351B223CFE08272C580F
:10707000D03D2F11D80416EA0430FD6824D7B92674
:10708000C4BE1CCF9F020A85B7FFFB0113C829416C
:10709000AC260B0D24210CE3D2EFFAFC57B53A10C5
:1070A000C9CB0CD3C6B4E22AE440133DDA054A9BAF
:1070B000371F08E4F82B110AE43DCD350D13CFB589
:1070C000CDC110F824D2A7E509F5220CD82CC0FDBB
:1070D000302F49C4EFDBB668BEBD10D2F0C6EFB7A3
:1070E0002DFF1E271429D8BA4439E3DB1422EACC39
:1070F000EA2224D5DEF7DEFFC3E930E0E5142914E7
:107100003AEA3DEDB612FC1BB549FBAE292CD1CABB
:10711000BA022D150003083C24EF4542E7FF142076
:107120001C06E4E9CDF195121945F72D1CE0411C30
:10713000F816F910C2373432F622EE0D16F8F8C2FE
:10714000CF1622CDE7BBDC0B213314E7BD2D1B1777
:107150000FD73AEDFFD08100CCE6083BAD04F2EC4E
:10716000C6E321BFF4D717F5EFC73C22F10521177D
:10717000E5BABBE5FE1DD9F636B5569BE511E5FA35
:10718000DACDD4320DEF0A1E1A3E220DFF1AC62E9A
:10719000F40EF006C1E5BE08BAB40EC8FF30B5C49F
:1071A000E93B3CA237122D17FC3307CE112B0EE022
:1071B0002C0529DB1BC9321323221806071DD10415
:1071C00039C40C1DCAE7E71915EBB145102DE5C709
:1071D00019F9D6F82CC9CDD79D3B1C161DCF33C548
:1071E000252D37F11033E2E9D8FAE9DAE7CD14FCBE
:1071F00014283E1D1BEBCA2503154F35E3CAF41DA9
:1072000014344C08E0AE163FD86537CDE829CA0FD4
:107210000219F027D90DF3D93912CA2D07DED9EE9C
:107220001E0630F0F6093B42ECDCC60D0DA9FACB88
:1072300040E709CC1BE4E6C75D330AF4DAA4F9EAB7
:10724000EDE904130117F3C8E8BFD8EFF0EEEC3511
:10725000E4ED33110B113E0CD8C428E2DC0AD71D33
:10726000210B0AC61C3712D038EE4EE49D1E070FC4
:107270002506A70AE75C3F2ADA123A81DF28FBEDF0
:1072800005D616F5E0D3F905B7DDF4252AE810FB9D
:10729000EFE7E9F3E9FCBC16ECBC093B350A1E4AF2
:1072A0000CCF1855E1FD17240F2527F31D15C01C21
:1072B000C8C71A573ADCC33BE739CCEBB327DCD35A
:1072C00010EAA3C10D38031B1BCC3EFCFBF3BDD75A
:1072D000DDF5BBFA1434C71C0C1E362E0DEAEF1672
:1072E00003CB17182E02D5D2E340BE14F0FAE3E523
:1072F000FF2CCC2908D3092405C0F2C8CCF241C424
:10730000EEF7262A23F2E1191AD8F4FAF3A723217B
:107310005A341DCEF91F11F2C6AF35F4CF3D4E17CA
:10732000F81D04BFC1B61F12E3E01EF44840E60694
:10733000D6FEEC070F3028EAC50D4D0D0D00B01735
:107340000D354A20D3D4C9061BF0F5E4BDEB4FA59B
:10735000F8A81F330F0522ECDC18A9E4E9EF13E7C6
:107360000D1F19B9DAB8DD2EF30F2055431BD7389E
:10737000DEC94E07F6F040DC0D17A8DAE133F92F2D
:10738000C0FC10E6F9B7F74024194A3B0FD1BE8183
:10739000D41DE52AC904FA2CE8DA1315C7DAE6F792
:1073A00053B7CA6CECB4003FF24D334AA4DEC2DFDF
:1073B0002BC9F61BB5CF45D33DF6D63CE8E9BE2533
:1073C00047F1CCEE05D5FFBFF0174AE4DDBAC85A45
:1073D000F6151D37B958E237F3B3E1203241F1FD1C
:1073E00017B835E44EB5384613557F1867F2572E57
:1073F00028D5C9CA53C769D50DC0B017C64B15AB40
:10740000AA0C04A5DFE0B12D14F7561B3847B5537D
:10741000CE39F0E22BE230B646C222A1C7252618AB
:107420003BC63E301638BA224CC506F0C5FD18C41E
:1074300045D633FCDE2FCED08F1204DFDFC4EB66DF
:10744000FEC7E5F5200FB2114A5E32BF1DEB0D12EB
:10745000BFDB3129EF0D54A4EA00C357F4C8AFDEF7
:107460000871CBA88FC707D5121DD11EEF00DE1201
:1074700026450140D3FAD6E1F43AAD41CFBD540DD3
:10748000EE9C243D5407FD1B16C1EB4B1334E599CC
:10749000ACEF23EF3AA5C8C0F4E154B61E3CF1D8D6
:1074A000F138FBE6D0D9FEEEFF29EE113DE3DC21F9
:1074B000AF0800BFE0F9FFFE0B3CD9E8D93DE71F5C
:1074C00025F64638C3C5F508E91CE73020C80AF59B
:1074D000FD1D111E22F5E4E8231ACA16E71505E280
:1074E000D73CE6E130FEE7CBE440FF37EAFE083761
:1074F000F32DDFC203FB188FD104DBD1EF162BE095
:10750000DC48FF0C03CF31011BE41211E537E91A07
:10751000DEC618C1CDF2AB07F2D181FF19B7400921
:1075200012BCD82E3B20162C2917CF2FDDBEDABE79
:107530005111C7E4CE51C93309CE4AC4CA2C341400
:107540000930F2F7DD39E7EA4CD61119E8F4F1DC3D
:1075500032E72E02E80F3604FEE92CC6E941FCCDE5
:1075600053ECBC10ECF4388E2453FE0A13111FEBBD
:107570002DB8B8D8E0FEBAEE3A821AF1E6F926182C
:10758000F421C5FCE52CD4E1CDF4B610D5E1C82139
:10759000E7353E2BCAC9DBCF102DBD0CF9242B5982
:1075A0000E04192A01CE2DF801CFDCF5F933F828A5
:1075B0001D0E2316E8E6DDAAE7D2312E170820DAE1
:1075C000F6F4BBFACAEBF4FE39D920E744E40C3EEA
:1075D0004BD825E1E6D9E096DEF539DAE71EBAE5C3
:1075E0000B1A33A2F4DB0BDC0B01BB38E9E914C93D
:1075F00028E1410638DD2B2BD7ECD9C8FCC6DB10BF
:107600000ADCE2DA1E2EB4F3E8E1CFEF242BE42308
:10761000053E0916DA18FA330CE40EEDD0F639D926
:1076200022F3C2F4F6C412C3D2F80EE9175341F59F
:10763000C6D5173AE83A3909F61ED8CC1CDEB51281
:107640000521F5E3E0DAEEFFECE6CB2FE0B938C137
:10765000C80F5D17D0E04ECC1022ED23CC162E05BE
:107660007446BCF8811D2F070AEBF4D1140130FCDD
:10767000EDD03C0B10D927242A382C5F9ECC1C2A35
:10768000280DE62FF5C73B40F50CBCFEDAC1DDC086
:10769000FD17E931E7F31D3F30ECD4C620C0FE40B2
:1076A00024CAF17FD32ADDBFB8C1CF21ECD61BC7D6
:1076B0009A232BDFC8181EF9BE0A0C28F8D4D1076C
:1076C000F90EF2FDD340060A3C04C60B0305F22D69
:1076D0002BE631F6EDAF2506D40A22FC17B010DCFC
:1076E00016D7D0F6CFC514CAFC2DFAF71CCBEAAAE0
:1076F000F500E5E4E1F6C01FF10DFAEFFCF0210E14
:107700008B3C0C10EF2601B52FF9CD1FD3FD12EDE8
:10771000CA10CEDDF8BE3C4236D30FF10DC83AE9AF
:1077200065CDF0C4BAF041F62C1F032E401E56BFA3
:10773000E839121F09FE283029D8322D2A39204F66
:10774000EEFB3D151C091D290E202219BFBBCEA53D
:107750000CED18EEE5C61DF4C50DFF2A020738D55D
:10776000B8EAD6DD0208FEE64117FDC33E0F2C1B2A
:10777000E3DF08B9CFB10A030D4FCD4341FDB4019A
:107780001452EB02CDF0BCE11EFC1D1AE3140E13E3
:10779000C2D12BC1B5B8CDED3C021A0E0706D8EE0A
:1077A000AEFAF5BD2EECD0DEDA0D04AB56BF010FFC
:1077B00003155681FB2229092BF80A33F918E5E550
:1077C000D310D4430623B2B8113DE117D42627CDF8
:1077D000D6494ED50FFC2C2EFDD4CACF03562F15FB
:1077E000D12F291CEED812E71637DECB12330ECE7E
:1077F00035FE2B0312D3EAAAD415090F201BCDEABC
:10780000BDBE1F0030A61D03FF38F1A6180AF9B24D
:107810009427F3C4D7E8FA081CE6F2FFEABBD7F7CF
:1078200026DC25F812D202362B03F24519FB08EDAF
:10783000E75689E33014CFE8383719B1C4EC112C7E
:10784000192B1AF6EE00E2BF0D5BDFF3591D3B1D4D
:107850000AFC2A27EC28B80E0FD60808F43BFF01D3
:10786000ED1724E21819E70E422241AEF5E3F2BD0E
:10787000E8C6D1ECFB0909DD3D8A58DB4312392803
:10788000FEF7BB331130EC06E6D5EB0522D80F4DE1
:10789000FCEE24E6151EFF0A2B3CEC1C23F3FC6BCC
:1078A000EED442B9F51731EFE9C3E1A44907D3E2B9
:1078B000B6A8080C33D2E0C051EB0139264DEF5386
:1078C000E1CCFF2D02042D44C5A9A70E23E5E8BF96
:1078D00035413CC01FE001EAC8F9FFDF3C2963D015
:1078E00002E7CB34EF01BE04B41C390910F3E20AFD
:1078F000D51CAAC954FFD1AF4CC430C9411BD5CE49
:107900000624E23F3FD3176199F64BB356C0F6CB3E
:10791000EE2D22F3FDF42E43F1E60543C3D5EFFB34
:1079200050DE0E27B141F9D334A43DE6ACD13EFB85
:10793000FA0808DBDD24DB176BBA2CCCB3DE151894
:1079400014E530D1B52C3F7330E173113DB61E07FD
:1079500051D02C37ABD42B5A1E8149C1C0FC5AFBE5
:1079600032DFD005CD17401DCE083AC9C822AD1967
:1079700036C78A16EE5FD67913B6E8DCFADC44D057
:10798000AEF014A94DE02A955304B013D1EDB34DD8
:1079900039C0F6C7D5A30311153B230A3FD6033BD5
:1079A000CD44C068E612D919FABF0A510E05F1F7A5
:1079B0003426CA5C04C9EFEFE4BBFC23C5DE06EA4B
:1079C00012CA0FD1EAF8FF1400350D0B461C1B51EB
:1079D00008A5FD39C128AF0C3BCF0FE7C5E99AC216
:1079E000052A5012C90CFC212624ADBADF07CEF1BE
:1079F00004DFCB06DBC9F579F435F5341A3F2C2BBF
:107A0000B6EBDE13F825A8833700196200F8CDC560
:107A1000C14AD71D13E2E130F31B11FDC6F5243A2C
:107A2000F5C61E1F1AACECAEE7F1FE05D21DF3053C
:107A300021E050DFF2F9C2C70B40E93136A3F6511D
:107A400027D1281211CC040E34021D1BEC05FD8E2B
:107A5000EF9B3FEBC9B9471D30DA0F483AE0F650CB
:107A60001804193F0B37C340D8E3E7270F313532ED
:107A7000BFE24B2D539D22B8FF7FBCEAC03513D621
:107A8000C52123D6ADCA430C18E00E0BF8E924F447
:107A9000EDC9D51C2AD9CFF11A4CD2E23AB228BA94
:107AA000493AF049450809E4BF18B509E7521DE213
:107AB00007E109D6B0153138E822FCAC111636B80A
:107AC000CFFA810598D9A8BF04D7CD1EC431F413CD
:107AD000F91629FE1EE328A2AC16FB0EBAE6DA3E22
:107AE000B338F6C321E511E140FA26E62119D3FCAB
:107AF0003FCCFE05B1EE43FBF013D22D000633BBA5
:107B0000E3B2BC0CD2E0BF0ED02228005EA7BEC9F3
:107B10004CF8BA2DCA43D0DC13142A9CEB04EAE5D6
:107B2000FEEA051DF51238E42D3CCDEC41F4C9D632
:107B3000163543E72EFD0408C214FB3CFCF7D0E5E4
:107B4000A8D4E14224B6EA1BD9381E37A2F7EFE7E2
:107B5000B096491C55F0E92CD648AFE5CBE023EAB6
:107B6000191543DDA1D4D3313AEA15E8001CDEC86B
:107B700033BEBD222D1331B7313E0C23C734A23F93
:107B8000DB3CEBBDCD340A0D13061001DDC8E71850
:107B9000B1EAEAD3E7BF4B90F23B05F7421B24174B
:107BA000BED11B132FE0DE151A08BDFFD7AB57D48B
:107BB000FAE52BE3D7FDE1F544E5BE130F32D8F02B
:107BC000FE0F2CE02AF2285E18EC2920302DCBE3A2
:107BD0000A0D17580CFB2ECA492A01F5351AFCD29A
:107BE000C007FE921DE838D5EBC6072B05422CCC0A
:107BF000E8343A0FEE2E172AD905FC47CF45F54158
:107C000017480114BD231E2D02F601D82E0C23683F
:107C1000E8D2312A442FF5C70A13F425EB24EA0CE5
:107C20004FDE1739734F293AE7220EDBF8451C1C4B
:107C300030E25214F4F9053181DA0DFB1040174996
:107C400050E8E850DAD5D7ECB5F0E93B23141048FA
:107C50003424F3DF524A03C8D6FCC0D14A33C12EC4
:107C60000C11B1F71ABDBBB8F28D0B5435C0E1DC75
:107C7000EEDF2ABD3C1D21E4DD18F245FCBFE1F733
:107C8000EFB4174ADBD70751A9121E5CDA38E32B91
:107C9000CBE3CEFDFA23695427BB33C83FE710FC82
:107CA000CA32E713E3F534F22523E69E22E336B821
:107CB000CC0B2AFF194A15263507D7E2E7F2C61A78
:107CC000E0323BF6F944BCA4A21CD931B2D8EAC4D4
:107CD00014DB02EB13D9FF3ABF1C162E0ABD2AF79C
:107CE000D0C80637EF49C4C24AF12E13CA04E2B223
:107CF00026ECD713F0C03535E2CDEB13EB28CBDA09
:107D0000981C46370CD7EB19DB253BEFBA3AF70D39
:107D1000E0DF2ACC16C0C2CD01D7D5FBEBDAC6F71F
:107D200014F523399FBBE354F2C3382532EBE2BB91
:107D300006FF081B09CC34245112C481290B36ECF0
:107D4000FDD122A2F9EEF907E931091E5A08F6FA27
:107D500033DA160ECE251E42C6FD06EDA41FDBFD4E
:107D6000FA0802EAE3151E04144A2806C035FF2863
:107D7000EDB2E6CD5136D2FEF0CD03DD23F31FF791
:107D800025D21BDB2C4311CE3141F32D01F2134CD4
:107D900087FD20DEF6CECF211DC51105160ADA1F9C
:107DA0002143DC185672CA083A18ABA53BF737E1F5
:107DB000CEE81A2133EF0AFE32F54B24B5FE372701
:107DC00036C6BBD7EF3EE2C21A18CF2C043FDCD533
:107DD000C3D5C815FD7207D9BF9940E61C478EC6AA
:107DE00062F93291E2FF28BD19C5BBC31E23C53A13
:107DF0002F48DA1E09CDAF4B234538239C25106947
:107E0000E2A4DD014500D3C62B23EDCF403F1C5B30
:107E1000EBCCE64110CDD361B8D8C572EFACE0E24F
:107E2000641A16333306044CBAD1973FB8BF17C64D
:107E30000BE33DDCD0DEEA0318B5D3EFBAF40F1440
:107E4000EBCEE7F2B20EEDCA50ED0B47AAFE3B06B1
:107E5000424BBB004F3E25E0F6F8C4C50F2EA7DD10
:107E6000DE28CE65C7CB2E58BF14E70113B5FFC17E
:107E700013FCA8F8B33E376113EE007FE4F6DA3066
:107E80003B020EC13724F3CADCA8F0AB3CE54B4FF4
:107E900008B3650C25BE6D5125DAFB4CE2C42069A0
:107EA000AA1134A90F0E3FB4E44B2BCDE8C24418FD
:107EB000A4E7F3EC1A462FDBEC6634DADAE515F2C8
:107EC0005B63552E38BC6127149422FFCD1ACFA0D6
:107ED00038DC7805F653CEF83F12A817B5CB0E1C48
:107EE000C2B32915D9E30208F33E3D474121A90752
:107EF0003A0DD4D9202525030E44322B0EA6EE17B9
:107F0000C0FA5CB61CE458D8FE54F5273C17E65C72
:107F1000910102ED2433DC3BF50B8EEB07E8D8AE84
:107F20002FDDF0FF3337F51ACB46B5B2FA0411B4A2
:107F3000E9DAB6E6DB432B254A183ABD45BFC088CF
:107F4000C6F255B916FCF314DA0A1219E8152EE632
:107F5000521C0BFAA0D6700C439331F1B839DDD521
:107F600046C411E22DF634E01B3CB9FB8D1F1E3FC9
:107F700022818DC9B4F55417E2D926EE58494E4AEC
:107F8000E0B2FAF73CCFFCFDF422A8360EF1EA305D
:107F90003E56F3AEE7E9ED5DFF3240090F4ACA589D
:107FA00011F1EECF24D8EABFF313F29D2C23F1E6B2
:107FB000ED212AF1ED3F1BD026F903F4D421F0DDA9
:107FC00030D44C2EE2EB0C07EEDA061803F0D4A204
:107FD000E60F1EF51C0AC02FB80C2909DAD20AB226
:107FE00006CAE83AD5E42ACFEAF20C05DA00FFF136
:107FF000FDEE2AE9CE12D0D207E7BD2E30D224E022
:1080000023E327E224B9271BFC02212D3114250C80
:10801000EC2504F811D1ECDDF9E60C34261BE8E17F
:108020000B15FFF2DB2218F725E8140000C7ABF8A8
:1080300002E29CDDFC03031B2545DDFCE1FD0DBADE
:108040002BD7E1AF102DD5060AC5D6E32213FF3496
:10805000EB02F6F9D3D124E229C81718F611300C37
:108060003DE5E32807FAEEB9100D2B2303F61E0BAE
:1080700026E79AFC2C22E5F1F6811DD61828D2E5D8
:10808000180FCAEB4533D2C6DF1FDBF92415F13CCC
:10809000F3DE21E8F2EAA5E50FE60FF61A170F4620
:1080A000ADDB11A12CD4000AEE07D4021DCCED26C5
:1080B000110FF4ADFF19F308EBD9EB09071CDDC86C
:1080C000EDC5281815142125F1FFF9123CFC18966E
:1080D000FA3033220DF11E21EAE1F209DDEB1CD169
:1080E000F7D6D9D5C315E9D503D4FAEE1DE2B5E12B
:1080F000EDF7E6E2D2DA0CE4D7108D08B91C35357D
:10810000A2F84FDDEFD509CC2235DA373625252CFC
:10811000A2C748002628E0CF1629CF34E4F80B2F59
:10812000CF254C2C10F50A0BEFBD9D1A18AB18CCBF
:10813000F718C01DFE1ADB0A7F0E1600CE103AEBB0
:10814000512D20B7E3F636F234BEEF272ABC11F9E1
:1081500035FEE607CDF5ECC412ABEA21B953F100C8
:108160000905D91B12FB0BF92F35442AF8D70CDD72
:10817000F79DBD2116544EFC12DA1AD61F2C30E999
:10818000CFF9DCFF0E1DFFD70B25AF3530CDFC112D
:108190001DDBFCEBFB0CF81B1A27E406D446F4D6D7
:1081A0002BF8C6DF2A21D33237AFD5E2DE373EC8FF
:1081B000E032C7E3D70AC6A3B443C54F1F4910B581
:1081C0003D3806AC212CE3E8FCCC15D8142BCAEDC5
:1081D000C9132026476A0F30360032C0B6E7FCD1FB
:1081E0000CF0BBDEC2F21C092DEA0407CB04EE281A
:1081F000DF22F12DCAD6D30D49D32C2410DF04BFC2
:1082000033C1EAC7325F23CB3B1CFBB5E619391EED
:1082100053F91FD4FF0B0BF3F416BEBA4081B4021E
:1082200026CA0B21353F47F64371CA0038E9F0B141
:10823000D5C34FB6C5EE2314AA0B47D7B22C0EFDFB
:108240000DFD490CB8C306DDB0A3B3E897C4045EC6
:108250001D22263800D2D8441F23C1CEE2D0FE030F
:10826000E60C1633E4F41EE7058CB7E21BFDEFDCE9
:10827000014B3DD52E1A11E4CC5FF21ABF0DF2BEB0
:108280000E3E5C5F1E32389CDB1422160CE012CFCF
:1082900012EE08374FBACFFCD5F93803D016BB32EF
:1082A00020120F0E11F9030EB0BEE037F5D1DB003E
:1082B000F8FD180CF60414F11819D6F6D13005ECB7
:1082C00025FEBCCCE72D0043141D04F313D5122961
:1082D000D7D531F4E0D5D8C6F126DB00291D13FE31
:1082E000D11DDCC91A25FBDBCDED25EBD218F72C0F
:1082F0002225F4DC2C30F404D30B34CBE2D405D6A5
:10830000B020EF21F8191FCA08ACCFCFF5BB40FA57
:108310001F3F15E5DDFF21332F0BE6D6DEDA1315FF
:10832000352E261B3526E8F0034BD80E2A4BFDC709
:1083300020EA1CFBF0330EFA81031733D13A424D89
:10834000D714CEF41F3223FA14EFFC12CB1822CE2E
:108350000FEE0006F5F33FF2E144BA0A0BCA19E941
:108360001F4010FAF6FFF3312F14C8154103D7163A
:10837000000E042ECDD7DA26F53BBD0F34D3EFE443
:1083800012E4FEFC0D1B04D1011E1BDE152029F595
:10839000D7DEC11120A5FEDFF632FF11FFB2FB14BC
:1083A00022D3DA54BEC9331EC8233D13DD059F26F0
:1083B00011ABA34008A03BB9EE4D3B231E0F0A03AF
:1083C000CC3FEA51BECD1A62399C53141CDED94110
:1083D000E0292B171309A6B6D1E04B3EB40295D382
:1083E000032EF2DDFFABB4E4FC3E4033D72D54B096
:1083F0005EC2DA3F1FB89F200C2F1EC54D2B4D05C6
:10840000BC09AD2BE9559C26591A00DCFFA5F0F0FC
:10841000364BF104B7E6EA47C32B9BCF382B0E2728
:108420005001B83CC6A606B94405151ED0DA47D798
:10843000CDFACB041F40EE33D0B9F434FEBACE4EA1
:108440000EFBF17FFCACE0B7F92FF535ACF1CA9427
:108450000837EE1DB13E63FC3D2DC4E16B8D071D59
:108460000AFDA516971354362FDAC0B01426E7F389
:10847000E1513C27D6E53B43C2ECB822AB39022799
:10848000E941F3D08B1E2057C821FAE0BEE9FFF97D
:10849000D5D81DB5D1A1DC2C0ADC23FC20FE0DCFE4
:1084A000D909EE7F02EEE9C3E8A6C3642123203593
:1084B00017402BF9FEA3CCED0010BAC43AFF2AB541
:1084C0003CC3ECD7E0FAD7FF4AC746CBF9C008F562
:1084D000E4B92DDA17BBECE1DF22AE0FE9C9A5D371
:1084E000411BFB192B02C0D243E03ED70DB1DAD0BD
:1084F000B232E0B5A23B9852F807BF332624D4E746
:108500008229AE9123230B061001D5C6E9E84EB2AD
:10851000DAFDD117CF2815CF4944F6A8C9D1E838DC
:108520004848BBC544346AF8295909CA081952CACF
:108530000607EE50FF3FD4F92CF7F53D9ED8C2FD5B
:10854000AA35F613DEB111C2A85FE5FEB529FE8398
:10855000EDA0E21EE11053D74DF1A02E34C46DDC26
:10856000A3E023FFF9FEBC28DA1EAFACD905D4C1C5
:10857000DD44672FC5A7DB10EE67C820F7338F34C3
:10858000D8EDF90C8DD0E72024DEF71D51990B3C76
:10859000D5141DFADAE0D5D0A75ADBA7DB910C027F
:1085A00028142FDDC7F93F062B27DA9C252F0A0B4D
:1085B000B5E2C6C507CC15C64BD40F1D1B1EE9314D
:1085C000D8E1D608E42D330B1CC3FC7FCFD409C2FD
:1085D000080FF43DC04DEFEBC6F5DE06334FB5088E
:1085E000D1EBF8F5C7F93DC805D105C82E2924D42B
:1085F000472B20F6E8BD5102E9CF0043A9CD09255C
:10860000B20B4E1BDB2D23E2BFEFDC071CDBCE29B8
:10861000EC12E42AE80714D30741E7192501340BCB
:1086200013FFFBCBC9493201C8FD1B3F20132CEFC0
:1086300018FD031D24D50ACF36E92DB8DFC9DA1C91
:108640001C1AEABB1E00C91D3ECFECC01D10A8AA13
:108650003E131AF9153C2AEDD1102D06E513EBDD7A
:1086600042B21923203642EEFB510DA92414E7EB48
:10867000E138C7CC0C05EA4DD3B804EA1517EEF182
:108680000315EAE0E03C2CCCF208EBCDE3D03D1141
:10869000C50B1CFA384DA3FA0702CF072739002172
:1086A000BCDC3C4A36DD0C23ABFD427FCD410A20C9
:1086B0002963B14B2125ED30210720DAC90516D4F5
:1086C00046EEAEF2E8C8B51330FE1CF324F1DB37FA
:1086D000D7B7CF522DDEC704CCE54904C6A4B018E5
:1086E0001B073D31D7F201D01306F9FC33A7FBB4C9
:1086F000251D34FE950DB6CDCCBBFBFE215C0432AE
:10870000D3432BDB1AF5F8F7B8DEDFE3C82D47DAE1
:10871000ED16EF0B15DDE414C5F825A7D0C3B24D57
:108720003F1CEB29D8B6070F4E3EDA0DFF2325CDAF
:10873000E91444221BBCAA3DFAFA2E3ED628224F49
:10874000C0234A170B16F9CAF3D521242B41E3CDD8
:10875000C501162100B91FE21BFE10AADCC4CC2300
:10876000A3F6E22AB3C2ECF0C223A6F521CA2A304E
:108770003BFB61F64DE7354A006D4B2700A8BDE392
:108780002621373ACC3EF8173E0410E506DFEBD140
:10879000C5CFFA0AC623A0FC3CBBCE1B0A38CAD1FF
:1087A000481725EBB8CBBFF6F5250910ACC4040774
:1087B000320250CDBC121326D2DFE4FCE05203E1BA
:1087C000D0DFC5E85020CCB0BBE1F49DEFEDB2CBDB
:1087D000DFE10CD1E6AAE9C9004203C9F60B51EF6B
:1087E0003DCED94BE3DF1F10F628AB4BD11733BA80
:1087F00044D7ADE02325CB27DD48F00B3F31F7C050
:10880000551522F0E0C416F2C4D7BA1A27C0E0C248
:1088100034CC0A4F1223503048B50A31FDC2D10B77
:10882000AAB0CAC8B7AAAADEFA3835FF43F575015F
:10883000CFC3211223F7D628B82D30185122E1CC0E
:10884000F0B613B701BBCC0B17132B0C46F30B1C64
:10885000D930F33C51E2A235432F2E2A0581180F5F
:1088600063D5C9BC19C7FD0CBDDC353DD0C6490078
:10887000CDFE2AB05C41E82F2EF7E6A7C233DCE03C
:10888000A325F018D143BCE8BD03D5CBB9A2CBC713
:1088900009D7140BB918D5B6195F2FB13005EAB94D
:1088A000F6CED5F6F3BEFF17E8EA28E5DFFE2CFD8D
:1088B000EAE80FB9E335E4E6382AFEDF20062C3378
:1088C0001EEDFB57F6D8F941D3F1B5D92DE4D2E826
:1088D0001D28001AE1D32E34E6FC2AE60A3225DBF5
:1088E00031CE2145122C20F9281301F229E9E63274
:1088F0001E0BFF19FADC20BB09D722C106CFE915F0
:10890000F8552F111781472FD542DA1D373529F732
:10891000B911F92020FA31DDE8E5E6C62CE41DF0B6
:10892000F1272501EBE7266CFE0BC92019EAB6DE1C
:1089300054FBCB1EE217DC2016E624E5CEE1C2A6EE
:1089400034D217E0CD06F72B0B0C0C2D35E5F42CAB
:1089500002283C23B5F6F3FE01EFCF201E64F0FAA7
:10896000BDCD19DCC7F834A403CBF6AEE71E44FE38
:108970001D1704E9060CF558E1E644DC5FBBE43B57
:108980001BE1C6C036DFD8FCCC15022613CD3CEF68
:108990000E32E8B3ED17A7BE12EAE31810FB1B3C3A
:1089A000B3E4F7C91B114781A225F42F1FEBCEE0DA
:1089B000C252130D43FFF733BB0FD1F61CDCD1F5C8
:1089C000D6A90EBF343CA03B212B33B727FA39B4CC
:1089D000EE2EE7C3F207A60D0F034731462E0B3AE2
:1089E0000836FBDE44A6FEED2642EC1BA215FD93E5
:1089F000BBCD07B5C5FBA93448B50652FFC6E50592
:108A00002CD5251B2D116BEEFD193C6DCB48538EDB
:108A10004BD52B0CEAEAC0BDB2CA1ED9B51816CE8A
:108A200039CD21E9FAC2E4CB0ED35529291FAC1860
:108A3000C435E905C0C23100CF39DD0F3CCD374226
:108A4000E202F74DF186DBEF283012BE5424A8D99C
:108A5000F11DE946A302A3D7FCE4F242CB9FC74B2A
:108A60003A56B403FAA3E5FCCF03CE45B3E1014582
:108A700008CC650A6A48DB731679BB44DFDC2EC17B
:108A8000A6B2D230C71003E8F55703CEE510385030
:108A90002FB0DDD10FED30FB48D14543ECD942F288
:108AA00034EA1561D3F1E600C6303FCADCAD96BEAC
:108AB000131A30E8FA57F0DE39F5E1E9DC422523F4
:108AC000B0DD27EAAD25053019280BE82406086239
:108AD0000BB2F5E0A4EED6D93EDA13E5DA06BBCC4C
:108AE000E8C60AC23BE9D3D51036D02740113CED89
:108AF000011B32273B3BD023F1B72AD6B9531ABD0D
:108B00000BFB06F2FB41E9D0F687F9B10F9D11EAA4
:108B1000B3291AAD1CE3F5E901C4F4DDFCDF37D756
:108B200026E2FCE313181DB6C6D415CD10D3329B34
:108B3000C9D61317E127DFD7E7D5432ED508C211D1
:108B4000D2D6D6FF1365D107E53436DFDF13202CEC
:108B5000CDB0E4E5EFD947CECF0B0309CF26D33014
:108B6000194EDABAE4CB271EFFFACB956C0A0EE554
:108B70002DDC1E252FD6DACA231B136FE816F81535
:108B8000D61AB6D0EC4A076039000CEE0A421AC574
:108B90008102BBC2159FCE0C33C40603D3063CCD65
:108BA00023ED28F5BD010CC4A8CC3413ACD6FCECE5
:108BB000B3BED765DA1709C9B00823E2F32525BB90
:108BC000060BAAD4A9E8F7036CEC0CAAF0C818515C
:108BD000D2D7EA0AD0F04112D5DD0605BD9C0413B8
:108BE0002EEC53CFC9FFF015CC3918DBC1D002B041
:108BF00017EF0F010FDEC7E216C6BF23DD513BF3AF
:108C0000CE2613BAF753E49DEBC335031604E8E709
:108C1000C51D0812CA3515D5D0E4F6EA290C103066
:108C2000CFFF3B0F1B1B0FF6300A1FEF05240FF978
:108C300081CC48ECD20926D10DD334BD122D0B7650
:108C4000CDFE360C092CC72A1CD333E3DAE3D1BAA4
:108C5000CEBD04F0F827FCE6F662C7E2050702087D
:108C6000DCE4093006152B39E2E8F1AAD5DED6FAA4
:108C70000F3544CDCE0E222E3B42FD1BE10312C226
:108C80000CEA3FE4E9070000182DBFD618FE17BA1A
:108C9000FFDEBAE6E9FA0BC4FD514C2E23AEFFC34A
:108CA000D9DA2AB82E3629D122D8E318004123EB8D
:108CB000D0B8E3B1FE41F4E73103FD013FE5C1BEA9
:108CC00038FBE6F2F9F307B9C0088E24B2320EA2DF
:108CD000FE2FE5F02AD5FF492ED6EFD52A3F01DC3D
:108CE00018FED853E0FB1B231D3DD8E31D2DFB07C9
:108CF000F8D3F9F203331003C43FFA4018CD0F2123
:108D00000C1033D91B9B4141DA2EF7E8D5F614CA73
:108D1000BB1438E92B3E1CFF0A1FC8ED3F19242B5A
:108D2000E5DD21FC1B46D14C0C0FB013F29AB7D5F0
:108D3000570881CAD72FF0F400C0031C3520F6F67F
:108D4000DCF8170CE3183CF523F15811062800DA7B
:108D5000F9D0F81F9DEF3DFBCAE4FE250E6E2EC72D
:108D60002AE124DA3D1C24D007F817DFA0FA0FEC23
:108D700009DBE405C9E1421732E506FD3A38EE09A0
:108D8000D2F728860DD8DCC409CB8436CED6044E63
:108D900038ED31B441EDAACFF0BFE83914001EDE42
:108DA0002BE2F7ACDAD8FDD326F4E0D41CEE0A3E71
:108DB000C8442EF7CFD03B10143DE6F9E01E38BE74
:108DC00008DE8169D3D54AB0CCBE1F021BDD1BE390
:108DD0000A00F6143229F5AB220ACEDEF9C0D0FC27
:108DE00027F3BA0E0AD5280ACCBECA12E7DDD30390
:108DF000FCC7E141D8EC2544BFC9FFE4E80AF2C052
:108E000020E32454133BC5FA33100E43D2DBFC306D
:108E100044F62AEEC5D613F6E8EA15F6F702EA3F5D
:108E2000B41127F3F4E8DF931A0701FAE0DC0B072B
:108E3000CB1EC11A21CEDAC9CCC6ED34CC3503B570
:108E400017252A003446DD0C011BA123C509D9A131
:108E5000052621D2E9E535012916CFFDFCCA3B1FC5
:108E60006ED361C032B22F02E342F1ED13EFE4089A
:108E7000B8071DD82DB3323AFBCBAE1A0ED22E282E
:108E800008B2272FEFE81E1DFA2018D0404CD9DF7A
:108E90002BDDC6C5F903DED31D08D4211FE62EEB5A
:108EA000C4ADAF15228A0303F3DFEB02C21C179C8B
:108EB0004FD8181ADA2FF9A8C64FCEF1E4280EAE13
:108EC000CCF50D423A299F1338AD2401FECF322B49
:108ED000DED1C83206BE2CE53AF5E3490718C4DBFB
:108EE00039C4A96432FFD7DC5E0DE1C922B129C5BE
:108EF00012FBD9D2CCDDDE81BB2FD9DC3303D129E3
:108F00001E2EE12B18387D068F403562F101BAF232
:108F1000DBCA08ED3531F2E835C5EE5B1DDBDF025B
:108F2000FE30C221F1CFF9073BBBA118EBE6F2D628
:108F300041B429173E0CD7310C1641B9E7CBB5ED3A
:108F4000EFCAA8592A02EB993015B3B46BB9304077
:108F5000D6013017BB272BDA1429EFB3DF48DA44E8
:108F6000A1E2A4E0DCBDD2E20EAD16F0E814D1D14E
:108F70001137EA09482D302EE8D3D4316109D8FAE7
:108F8000A5FCD35CEA28BF24493615BD02332B2348
:108F9000FB019FD5CBBAEE2FFF0917E4C3F43306CC
:108FA0002FA2000028AD00005B9400004563000084
:108FB0000C72FFFF91190000AF3F000020E6000097
:108FC000861B000049E9FFFFE9890000DD4EFFFF35
:108FD0001EC1FFFFDC6D0000AEB100004278000052
:108FE000ED95FFFFBD1E000021770000B9240000B1
:108FF000E29A000080500000E8830000EC35000099
:10900000946600009C080000245C0000854000007D
:10901000583E0000D4B90000913F0000B60D00009A
:109020006CA70000D2A00000F2740000A1070000AD
:10903000E3D8FFFF227A0000C4BEFFFF183E000005
:109040008DB6FFFF59660000B97E0000FB6400008A
:10905000CB19000098E2FEFFCCA30000E2800000E4
:109060005D1F00003347FFFF84540000070E00001F
:109070000EB10000222B0000AFE80000AC1D000084
:10908000E4320000EB0B00008055000027380000A0
:10909000EE97FFFF158700005F370000EDCE000060
:1090A000FB960000672D00007BD60000DFD0FFFF9D
:1090B000D25C0000DD580000E126000005690000D8
:1090C000D9ABFFFF83520000CDAA00009C67FFFFD1
:1090D000EF98FFFFF8430000CC2400005835000053
:1090E00001380000AB980000147A0000472E000001
:1090F000819E00005ACBFFFF775F000039D5FFFF4C
:1091000019E300002A0DFFFFFF2B0000BD1900002E
:10911000165EFFFFBD490000AD480000F85B00008F
:109120002EF7FFFFAA29FFFFB45B0000274B0000CA
:109130004A5A0000C1AF0000791A0000354B000008
:10914000829B0000B2860000E2E2FFFFE27FFFFFA9
:109150000D7D0000019C00001166FFFFAA86000043
:109160002D380000F3DB0000A76EFFFFF32A01009B
:10917000846D00005E7A00003A9AFFFF905E000066
:10918000B6CBFFFFCBCEFFFF267500002A430000C1
:109190006E590000902100001C6B00001F7F000032
:1091A000B44600000C360000DEFBFFFF93460000D3
:1091B00077CCFFFF21AB00007F9EFFFFBFA1FFFF29
:1091C000F7480000C34D00004E5300003CAAFFFFCB
:1091D000E30100004073000007E200003A200000B5
:1091E000ACBC000099D4FFFF22F7FFFF567F0000C0
:1091F0003D490000533A0000905D00004DF500002D
:10920000199A00002E41000026C1000008A70000A6
:109210001F0A0000DC81000028DAFFFF3154000043
:1092200082120000F873000033740000B75CFFFF87
:109230004A6B0000CBCEFFFF7561000089E5FFFFA0
:10924000199EFFFF451D0000203500006E780000CC
:10925000B7870000BB2200000044FFFF48A40000C5
:10926000E8B10000DA53000050880000AC51000063
:10927000999B000061C5FFFFE76E00003F92FFFF72
:109280000C7F00008F860000CC49FFFF07A4000080
:1092900058680000514F0000B09CFFFFDE3800000E
:1092A0002E8700004A8000005A890000E002010079
:1092B000B8070000B186FFFF21B0FFFF1BA8000028
:1092C000661900001C900000320400008AC30000F0
:1092D00033C20000408A00002E5A000048A400005B
:1092E00079EC000066DD000033A70000F3440000C5
:1092F000F958000085150000B7190000F27500004C
:10930000374400001A900000FFA40000C03D000098
:10931000906900001019000026910000336F0000D2
:109320007B9E0000DC5C0000533400003B2C0000FE
:1093300068D0FFFF2D4300004069000089580000FD
:10934000462700003D410000615400004F7E0000B0
:109350003031FFFF88220000CBD7FFFF7E380000AE
:1093600081670000A3670000BBFDFFFF5A500000AB
:1093700062720000186A000082E3FFFF6D45000082
:10938000604C00009033000086EAFFFF99970000D0
:10939000C6910000227D0000BB470000BE410000D6
:1093A0001C341837B4F64921D1CDF8BF1BE6FBFDBC
:1093B000DAF10CB437E6300822FB2E67F3294A298C
:1093C00033441EF6F50EE2F2EBDCFABD51C12C047B
:1093D00003D246DC50F315FC162DC611224E34156F
:1093E0002B2CF9D0AEB9052CFA1C7FD837BBE2C3C1
:1093F00015C32C103EFA57E81DB2D3FFEEFBFE203A
:10940000B0E13399EFECE8E962CFBDD2D33202F498
:109410001821E97A01EB1D2FF8DE6AF83BDAA6C4C1
:10942000250DE810E2EDD80BD30505061FDD15ADBF
:109430004923E21A24EADDE2D1063929C2F43006D2
:109440000E231EF4A51CD019FCC11C11BC02F66D24
:10945000FDEB2A43EDA03F1716FFFC0355DE0BBEC4
:10946000BF041B0401D4CC73151AF619FC2C155437
:109470000B884EA928D9D2CFD33B4601102C0E1011
:109480004834D92F40B2443F11E5204201A613BA17
:10949000169D0E4D6007F0E3F3A90A2874992BFE80
:1094A000EA50C67EAE372E2984EE41C70C4B35BB41
:1094B000F8CCE4084319C4E9D03AFA335ADD3164F0
:1094C000C9512EFD0BC1EAA417231EF537CEDFD3F9
:1094D000FAE612C020FFD74EE66E1128480F084169
:1094E000C4FA970DD6F5555C14C1FEFD65411AD737
:1094F00004E9FD72112732E15CB3475123D1D6C391
:10950000CDDE1CF53AF4203064F6F5F3811C02FF41
:10951000E7AE2039C1AD193039F0464C3FE7E324BE
:10952000EBE934E03335E4F62E2BB72E0A473AFC4C
:109530001138F406EC24A2F027EA0209FDCB2C3402
:1095400050E800E4E8CB1B101A04C9EAFD1A2121F7
:1095500015430CFBB0F06B190514ECC3260A2FFB66
:109560003CB52D06B90BF638B8D8EF2C4212B6F040
:10957000D4EC2C01D0BBFF93122059B48919C64FEB
:10958000FB594E06FEEAF011652AE8213EB332226D
:1095900062D32A1EF4A715BD06BA05EB4CC81FF608
:1095A00094D0A12F0F14D4D709BE2502DC202805A2
:1095B000FAE9F2EFA5FBF39FC318CFBE318BAEFDE6
:1095C0000BD61EEAB48406F6280EFEE5C3248DB839
:1095D000F5F3B7F6CED5BC24E04AC5F30C81C2DE64
:1095E000AF0700EBD3E60E2E0D1B0B1B470800D276
:1095F000E5D5E728E1EBA8D2E6D6121210EAAC18BE
:10960000010BBDF7FBA1EF0CF3C5C3F19EBC01C07C
:10961000E6B710E29FB613C71EAF3A14CED9CD17E6
:109620009EDD16E107D6DEFEE2C0FED2DE04C6C530
:10963000F30ED6D8CDCDAFA8D6F7018FE6AD06177D
:1096400031C8F4E6F9DF13AF24EAA3B6F3E302F579
:10965000AB10D58FBFF73CE9C9D10A81B89C1B0874
:10966000EDAAC9CA9012F902EEE1D3172CBA86E12D
:10967000A5F3E1F2D401F4BF00CDA5ABF390D92658
:109680000605F102E5D9B10D20FDF8CD18CC11CFBA
:109690001FD9FEEEED1C0A01BEB6028EF9C9DCF43C
:1096A0002B000000A222000078C9FFFF000000008C
:1096B0003010000001100000021000000A0100003C
:1096C0000102000001050000101000001010000051
:1096D0000100000000000000010000000000000088
:1096E0000100000001000000400404000000000030
:1096F0000000000000000000000000000104000065
:1097000000000000DECAFAA1000000000000000016
:109710000000000000000000000000000000F03F1A
:10972000000000000000F83F000000000000000002
:109730000000004003B8E23F00000000000000000D
:1097400006D0CF43EBFD4C3E033333333333E33F9B
:10975000FFAB6FDBB66DDB3F4D268F515555D53FC7
:1097600001411DA96074D13F65DBC9934A86CD3F95
:10977000EF4E454A287ECA3F3E5555555555C53F83
:1097800093BDBE166CC166BF2CDE25AF6A56113F75
:10979000F16BD2C541BDBBBED0A4BE726937663E77
:1097A0000000000000000000C8970408000000242A
:1097B000EC1A0100E0090008E4AC0408EC1A0124EA
:1097C0007C0B00003873000801FF01FF01FF01FF5F
:1097D00001FF01FF01FF01FF01FF01FF01FF01FF89
:1097E00001FF01FF01FF01FF01FF01FF01FF01FF79
:1097F00001FF01FF01FF01FF01FF01FF01FF01FF69
:1098000001FF01FF01FF01FF01FF01FF01FF01FF58
:1098100001FF01FF01FF01FF01FF01FF01FF01FF48
:1098200001FF01FF01FF01FF01FF01FF01FF01FF38
:1098300001FF01FF01FF01FF01FF01FF01FF01FF28
:1098400001FF01FF01FF01FF01FF01FF01FF01FF18
:1098500001FF01FF01FF01FF01FF01FF01FF01FF08
:1098600001FF01FF01FF01FF01FF01FF01FF01FFF8
:1098700001FF01FF01FF01FF01FF01FF01FF01FFE8
:1098800001FF01FF01FF01FF01FF01FF01FF01FFD8
:1098900001FF01FF01FF01FF01FF01FF01FF01FFC8
:1098A00001FF01FF01FF01FF01FF01FF01FF01FFB8
:1098B00001FF01FF01FF01FF01FF01FF01FF01FFA8
:1098C00001FF01FF01FF01FF01FF01FF01FF01FF98
:1098D00001FF01FF01FF01FF01FF01FF01FF01FF88
:1098E00001FF01FF01FF01FF01FF01FF01FF01FF78
:1098F00001FF01FF01FF01FF01FF01FF01FF01FF68
:1099000001FF01FF01FF01FF01FF01FF01FF01FF57
:1099100001FF01FF01FF01FF01FF01FF01FF01FF47
:1099200001FF01FF01FF01FF01FF01FF01FF01FF37
:1099300001FF01FF01FF01FF01FF01FF01FF01FF27
:1099400001FF01FF01FF01FF01FF01FF01FF01FF17
:1099500001FF01FF01FF01FF01FF01FF01FF01FF07
:1099600001FF01FF01FF01FF01FF01FF01FF01FFF7
:1099700001FF01FF01FF01FF01FF01FF01FF01FFE7
:1099800001FF01AD320182102C90D0030429145A3A
:10999000081C29045A04045A20046920293829047F
:1099A000692829145A800C1A240569186904291495
:1099B00069185A0304A968290C5A180C0A11408026
:1099C0006911692069186928291469201A805DE9DC
:1099D0008029142904A95C690C393C59D1092680D5
:1099E0005A0204A94C9A800C5A0604B92059400B1B
:1099F000104109A029142904292819A73904A93CD0
:109A000029046AC0CC0912A059916920E9A029143F
:109A100069C02999E98069B1A9FCA9D0114A20043B
:109A2000094280290C6938B92059400B108112A0D5
:109A30002914290429285A0304A93C3904996009E6
:109A40003AA0110A10078029142904A95C690C396D
:109A50003C4A4004094280290C6938B92059400B1E
:109A6000108112A02914290429285A0304A93C3979
:109A7000049960093AA0110A10078029142904A941
:109A80005C690C393C4A4004094280290C6938B9A8
:109A90002059400B108112A02914290429285A03A7
:109AA00004A93C39049960093AA0110A10078029D9
:109AB000142904A95C690C393C4A400409428029F4
:109AC0000C6938B92059400B108112A029142904BF
:109AD00029285A0304A93C390459600A1108A05ADC
:109AE000200469205A10046928291469D8290C19FE
:109AF0006B3904A9205A900C5A2968A90429142901
:109B0000042928E9A0291429049A18B0E9A029FCFD
:109B100029046920590FB9E42909290C110A1007F1
:109B20008029142904A95C690C393C4A4004094283
:109B300080290C6938B92059400B108112A02914D2
:109B4000290429285A0304A93C39049960093AA038
:109B5000110A10078029142904A95C690C393C4AB0
:109B60004004092680E96069C4690C6938B9A059C4
:109B7000400B108112402914290429285A0304E9B2
:109B80005C6A80E05908B9A05909E92069046909AB
:109B9000390C0A110C2019142904A9DC693039BCCC
:109BA00059850943801905E9E43905191139100A65
:109BB0001025403914190409173C9940093FA00A9F
:109BC000110E2019143904993CA9D0691629069A56
:109BD000103869805A4004692069046928290C6991
:109BE00050EAC0FC59142904DA0834290829145A07
:109BF00080040926802934E94CA9405A1204A9207E
:109C00005A20A00B105102A02914290429285A0314
:109C100004A93C29045A30100A1120A0A9C0292007
:109C2000E9A029142909290C5A8008A90429142912
:109C300004A9FC6968291411199C29040942802986
:109C40000C5A0A04A9205A40201AA151E9A029144B
:109C5000290429285A0304A93C2904DA60B80936E2
:109C6000A05AC008A90429142904A95C690C393C2C
:109C700059690926806918A94CA9205A0A04A92003
:109C80005A40985AA168A9042914290429285A037A
:109C900004A93C29045A60100A1140A069116920E6
:109CA000E9A029146920295DE9806975A9FC696822
:109CB0002914114A0804094280290C5A0604A920D3
:109CC0005A80200B104109A029142904292859ABD6
:109CD000B93C29045AC010A91C69885A0C04E9200F
:109CE0006904A9545A0F8829045A02041A1E052926
:109CF000042915E940A9410922600A11F8A01AE0D7
:109D00001D29046950E940690969105A2004A924F1
:109D100029104009DC0F0124301001241A4C0839A5
:109D20006412ED3910290C5A080C419A0C185A107B
:109D30000C1A683429441A14081AC0081AF804299D
:109D4000209A442C5A480C2A026499185A540C2D13
:109D50007C0B01244881291C9A88289A8C849A902B
:109D60000C5A940C2DF00A0124441AB4041A60040D
:109D7000411A9808293C9AC8485ACC0C32039AD008
:109D8000185ADC0C1A0C34294C1A44081AD408410D
:109D90005A28488B10EE305A140C29489A18185A31
:109DA000240C1A803C294CA9D09A58285A5C0C41A2
:109DB0009A600C9A6424A9042DF4090124541AB859
:109DC000045A64981A9C08291C9AA8349AAC989A48
:109DD000B0185ABC0C1A1034294C1A48081AD80862
:109DE000415A2C489AF0309AF4489AF8184B04EFEC
:109DF0000C1A843C294CA9E05A381C290C5A3C0CFA
:109E0000419A400C9A440C415A02042DF80801244E
:109E1000541ABC045A68981AA008294C9A88585AAF
:109E20008C0C29989A90185A9C0C1A1434294C1AA4
:109E30004C081ADC08415A30489AD0309AD4489AD3
:109E4000D8185AE40C1A883C294CA9E08B18F02841
:109E50005A1C0C419A200C9A2424A9042D70070145
:109E600024541AC0045A6C981AA408291C9A6834FD
:109E70005A6C0C29989A70185A7C0C1A8C48294CE8
:109E80001AC4041A5404411AA80829249AB0309A12
:109E9000B4489AB8186AC4AC1934294CA9E09AF8A5
:109EA000289AFCD4118AF10C5A040CE9E01B7406C0
:109EB0004C19501A38042AE40C315A1C989A483428
:109EC0005A4C0C29989A50185A5C0C1A903C294C00
:109ED0001AC8045A58481AAC0829249A90309A94FF
:109EE000489A98185AA40C1A0434294CA9E09AD814
:109EF000289ADCD49AE00C0A15E4E02D78050124B8
:109F0000541A3C041AE80C415A20988B28F2345A0F
:109F10002C0C29989A30185A3C0C1A943C294C1A4B
:109F2000CC045A5C481AB00829249A70309A7448B4
:109F30009A78185A840C1A0834294CA9E09AB8283F
:109F40005ABC0C419AC00C9AC424A9042D7C04016B
:109F500024541A40041AEC0C415A24988B08F33408
:109F60005A0C0C29989A10185A1C0C1A983C294C17
:109F70001AD0045A60481AB40829249A50309A54C6
:109F8000489A58185A640C1A0C34294CA9E09A982B
:109F9000285A9C0C419AA00C9AA424A9042D800351
:109FA0000124541A44041AF00C415A28989AE834AF
:109FB0009AEC989AF0185AFC0C1A9C3C294C1AD42A
:109FC000045A64481AB80829248B30F4305A340CE7
:109FD00029489A38185A440C1A1034294CA9E09A86
:109FE00078285A7C0C419A800C9A840C415A0204BD
:109FF0002D500F0124541A48044BF402585A2C983F
:10A000009AC8589ACC989AD0185ADC0C1A6C4829DD
:10A010004C1AA4041A3404411A880829248B10F518
:10A02000305A140C29489A18185A240C2DE00E01A5
:10A03000244CA9E09A58285A5C0C419A600C9A6406
:10A0400024A9041A545029541A18541AC408411A3D
:10A05000FC08291C9AA8349AAC989AB0185ABC0CDF
:10A060001A7034294C1AA8045A38485A8C489AF065
:10A07000309AF4489AF8184B04F60C2DE40D01249C
:10A080004CA9E05A381C290C5A3C0C419A400C9AB5
:10A09000440C415A02041A585029541A1C541AC824
:10A0A000085159989A88585A8C0C29989A90185A9D
:10A0B0009C0C1A743C294C1AAC045A3C481A90085F
:10A0C00029249AD0309AD4489AD8185AE40C2DE80A
:10A0D0000C01244CA9E08B18F7285A1C0C419A203B
:10A0E0000C9A2424A9041A5C5029541A20541ACC1E
:10A0F00008415A04989A68345A6C0C29989A701836
:10A100005A7C0C1A783C294C1AB0045A40481A94CC
:10A110000829249AB0309AB4489AB8185AC40C2D19
:10A12000EC0B01244CA9E09AF8289AFCD4118AF887
:10A130000C9A040C415A02042DFC070124541A24E1
:10A14000541AD008415A08985A4834290C5A4C0CD1
:10A1500029989A50185A5C0C2D180801244C1A5052
:10A16000081AE008411A340C29249A90309A94482D
:10A170009A98185AA40C2DA00201244CA9E09AD850
:10A18000289ADCC89AE00C9AE424A9042D841001D2
:10A1900024541AD8041A8404411ABC08291C8B2898
:10A1A000F9345A2C0C29989A30185A3C0C815A02CE
:10A1B0000439347B580368D4400404391C19131A39
:10A1C000804029208B042F94E92C391C19131AACD8
:10A1D0002C29B0811E281E01240C041ADC189A3088
:10A1E000181A54141A38045AF45C1AD8085AE40C91
:10A1F0001AF0089AFCB41540048408996F191021CC
:10A20000CA08100B1C200A2011CA1010DB401420B1
:10A21000091D600B1D800C60091E300A1D02700AAA
:10A220001D0920091E300A1D0170E9B0E92009DD71
:10A2300030B2803920DA01100A1D0920091D10CA28
:10A240000360DA081011AA4810AB10849F0923207C
:10A25000B9C01920DA10200A1D902011CA0220DA94
:10A260002020AA20D0091120110A3D044099D129AB
:10A2700020DA4020DA40A0E920A9D10933409991A1
:10A280002920DA8020DA80E0E920A95109FD40097F
:10A2900034409911292011DA01200A1D0920991151
:10A2A000091320CA0340990F3920DA2430DA291023
:10A2B000DAC030DB5102E0D930AAA1F02940091DF3
:10A2C00020B9A01910AA41F02960091D2011CA0661
:10A2D00010DB8112200A9D0720CA0C10DB0125200B
:10A2E0009A0E101308849B0F0110131084C2F800FB
:10A2F000081401C0A1941D2EE11DDECAFAA121118E
:10A300001390F92A24081ABC0832021308FA1D24F3
:10A310003C1A01140115240101041BE4DC2C19086A
:10A320001AF40813F8FC1F244C390108011B291CDE
:10A330004B04DD1C1A14081A384C411958391C5AA0
:10A34000241C1A340812681C012454385A03385A41
:10A35000441C1A54081AE85441190F391C5A641C39
:10A360002A745412FE1B245C385A05385A841C1A6D
:10A3700094084B28FB385A06385AA41C1AB4081EF5
:10A380000801012464385A07385AC41C2AD43819E1
:10A3900054416A08E0591C1AF4081A581C1A6C38FF
:10A3A0006A09E05ADEE019081A48701A741C5A0A41
:10A3B0001C5A241C1A34085A388C5A0B545A441C00
:10A3C0001A54081A188C1A7C385A0C385A641C2AE9
:10A3D0007454598C5A0D385A841C1A94081A781CD3
:10A3E0001A84385A0E385AA41C1AB4085A58705A8B
:10A3F0000F385AC41C1AD4081A28701A8C385A10EC
:10A40000385AE41C1AF4085A68705A11385B04DF91
:10A41000E019081A981C1A94386A12E0591C1A3468
:10A42000081A78701A9C1C5A131C5A441C1A540897
:10A430005A688C5A14545A641C1A74081A388C1AA4
:10A44000A4385A15385A841C1A94085A888C5A16FB
:10A45000385AA41C1AB4081AB81C1AAC385A17383F
:10A460005AC41C2AD43859705A18385AE41C1AF4A1
:10A47000081A48701AB4385A19385B04E0E0190811
:10A480005AA8705A1A385A241C1A34081AD81C1A96
:10A49000BC386A1BE0591C2A543819701AC41C5A5B
:10A4A0001C1C5A641C1A74085A988C5A1D545A84DD
:10A4B0001C1A94081A588C1ACC385A1E385AA41CE4
:10A4C0001AB4085AC88C5A1F385AC41C1AD4081A0D
:10A4D000F81C1AD4385A20385AE41C1AF4085AB80E
:10A4E000705A21385B04E1E019081A68701ADC38E8
:10A4F0005A22385A241C1A34085AE8705A23385AF7
:10A50000441C1A54081318FF1B24E4386A24E05929
:10A510001C1A74081AD8701AEC1C5A251C5A841C70
:10A520001A94085AC88C5A26545AA41C1AB4081AE9
:10A53000788C1AF4385A27385AC41C1AD4081A08C6
:10A5400070415A28385AE41C1AF4081A381C1AFCAC
:10A55000385A29385B04E2E019085AE8705A2A3858
:10A560005A241C1A34081A88705E043A01082B38E1
:10A570005A441C1A54085A28705A2C385A641C1A07
:10A5800074081A581C1A0C386A2DE0591C1A9408C1
:10A590001308FC1B24141C5A2E1C5AA41C1AB408A1
:10A5A0005AF88C5A2F545AC41C1AD4081A988C1A68
:10A5B0001C385A30385AE41C1AF4085A488C5A315C
:10A5C000385B04E3E019081318FD1B2424385A32C1
:10A5D000385A241C1A34081358FA1B242C1C6A33CA
:10A5E000E0591C1A54081A481C416A34E0591C1AD4
:10A5F000740812781C012434386A35E0591C1A9406
:10A60000081A0870415A36385AA41C2AB43819A8B6
:10A610001A3C385A37385AC41C2AD4A84AFC385A2B
:10A6200038385AE41C1AF4081AA8FC1A44385A3963
:10A63000385B04E4E019085A68FC5A3A385A241C7A
:10A640001A34081A981C1A4C386A3BE0591C1A54E0
:10A65000081A38701A541C5A3C1C5A641C1A740884
:10A660005A288C5A3D545A841C1A94081AB88C1AC9
:10A670005C385A3E385AA41C1AB4085A888C5A3F7F
:10A68000385AC41C2AD438191C1A64385A40385A0B
:10A69000E41C1AF4085A48705A41385B04E5E01982
:10A6A000081AC8701A6C385A42385A241C1A3408CE
:10A6B0005AA8705A43385A441C1A54081AD81C1AFB
:10A6C00074386A44E0591C1A74081A68701A7C1CA1
:10A6D0005A451C5A841C1A94085A588C5A46545A83
:10A6E000A41C2AB454198C1A84385A47385AC41CEA
:10A6F0002AD4A8598C5A48385AE41C1AF4081AF873
:10A700001C1A8C385A49385B04E6E019085A7870EC
:10A710005A4A385A241C1A34081AE8701A94385ABB
:10A720004B385A441C2A541C59705A4C385A641CD1
:10A730001A740812181C01249C386A4DE0591C1A1E
:10A7400094081A98701AA41C5A4E1C5AA41C1AB4C5
:10A75000085A888C5A4F545AC41C1AD4081AF88CB8
:10A760001AAC385A50385AE41C1AF4081A087041C6
:10A770005A51385B04E7E019081A381C1AB4385AE1
:10A7800052385A241C1A34085AA8705A53385A445A
:10A790001C1A54081E08020124BC385A54385A6442
:10A7A0001C1A74085A28705A55385A841C2A9470F6
:10A7B00012FD1B24C4386A56E0591C1AB4084B68B1
:10A7C000FA706A57E0591C1AD4081A88541ACC38FF
:10A7D0006A58E0591C2AF4701954416A59E05AE841
:10A7E000E019081A581C1AD4386A5AE0591C1A344D
:10A7F000081A88701ADC1C5A5B1C5A441C1A54082C
:10A800005A788C5A5C545A641C1A74081A988C1A18
:10A81000E4385A5D385A841C1A94085A488C5A5E97
:10A82000385AA41C2AB454191C1AEC385A5F385AE6
:10A83000C41C2AD45459705A60385AE41C1AF408BB
:10A840001AA8701AF4385A61385B04E9E019085AFA
:10A8500068705A62385A241C1A34081A981C1AFC58
:10A86000386A63E0591C1A54081AB8705E043B0138
:10A8700008641C5A641C1A74085AA88C5A65545AE5
:10A88000841C2A9438198C1A0C385A66385AA41C1D
:10A890001AB4085A888C5A67385AC41C2AD43819F2
:10A8A0001C1A14385A68385AE41C1AF4085AC8702A
:10A8B0005A69385B04EAE019081AC8701A1C385A39
:10A8C0006A385A241C1A34085AA8705A6B385A44E9
:10A8D0001C1A54081AD81C1A24386A6CE0591C1A1D
:10A8E00074081AE8701A2C1C5A6D1C5A841C2A947D
:10A8F00038598C5A6E545AA41C2AB41C198C1A3418
:10A90000385A6F385AC41C2AD4A8598C5A70385AED
:10A91000E41C1AF4081AF81C1A3C385A71385B0403
:10A92000EBE019085AF8705A72385A241C1A340885
:10A930001AE8701A44385A73385A441C2A541C595D
:10A94000705A74385A641C1A74081318FE1B244C6D
:10A95000386A75E0591C2A941C12FB1B24541C5A9B
:10A96000761C5AA41C1AB4081A081C415A77545A67
:10A97000C41C2AD4A8198C1A5C385A78385AE41C9A
:10A980002AF4381970415A79385B04ECE019081A36
:10A9900058381A64385A7A385A241C1A34084BC862
:10A9A000FC385A7B385A441C1A54081E18020124D9
:10A9B0006C385A7C385A641C1A74081A48541A7431
:10A9C0001C6A7DE0591C1A94085AD8545A7E545A6D
:10A9D000A41C1AB4081A28541A7C385A7F385AC44E
:10A9E0001C1AD4081AB8381A841C6A80E0591C2A28
:10A9F000F43812FAD5240C011D17A01001247DBCD7
:10AA00001B08A8341A98043201FC04011C2413B753
:10AA10009F1B08B020D40B011B1AC41C13A19C5B04
:10AA200008B83CB90419783C5C1C01C8D403011A6D
:10AA30001AE0381361BA5B08C038810912447A6C95
:10AA400044D219171811012425A11B08C844392D17
:10AA50000919445A7C44DA16441A5C441367B72B2C
:10AA600008E444592C1398EE1B24D410D403011885
:10AA70001AA02C29B40A21ECB47A8CB4D2175ACC7F
:10AA8000B41AF444B2805A0204A9447A9CB4C9446A
:10AA90004B1012B48B103CB41378EF12241910D45D
:10AAA0000301161A542C29B41A181C091EB47AACC6
:10AAB000B4D2151A804429B41A2044A9B409124406
:10AAC0007ABCB4C9445AC4B49A3CB41358F03B2479
:10AAD0002CB4D2144B0813B40A2144B47ACCB4D2A7
:10AAE000131A344429B40A214CB47ADCB4C9441A88
:10AAF000784429B49A68B41338F13B2458B4D2127C
:10AB00005ABCB40A2170B47AECB4D2115AE8B40A2F
:10AB10002178B47AFCB4C9444B2C14B49A94B4137D
:10AB200018F23B2484B4D2101A702C29B40A219C48
:10AB3000B46B0C1DB4D20F1A9C4429B40A21A4B4DE
:10AB40005A1C44DA16445AE0B49AC0B41AF8B43A1B
:10AB5000B0B4D20E4B2415B40A21C8B47A2CB4D2A6
:10AB60000D1A504429B40A21D0B47A3CB4C9441A0D
:10AB7000944429B49AECB413D8F33B24DCB4D20C3B
:10AB80005AD8B40A21F4B47A4CB4D20B4B0416B49C
:10AB90001AFC44B2405A0204A9447A5CB4C9441A6B
:10ABA000484429B48B183DB413B8F41B240810D4BE
:10ABB00003010A1A8C2C29B41A201C091EB47A6CC1
:10ABC000B4D2095AB8B41A2844A9B40912447A7CF8
:10ABD000B4C9445AFCB49A44B41398F53B2434B431
:10ABE0003913914B4017B40A214CB47A8CB4D20774
:10ABF0001A6C4429B41A5444B2205A0204A9447A63
:10AC00009CB4C9441AB04429B49A70B41378F63B82
:10AC10002460B4D2065AF4B40A2178B47AACB4D21F
:10AC2000054B2018B4DA80B40912447ABCB4C94484
:10AC30001A644429B49A9CB41358F73B248CB41971
:10AC40000DB11AA82C29B40A21A4B47ACCB4D20329
:10AC50005AD4B41AAC44B2105A0204A9447ADCB4EF
:10AC6000C9444B1819B49AC8B41338F83B24B8B483
:10AC70002946A11A5C2C29B40A21D0B47AECB4A9D3
:10AC80002A211A884429B41AD84439710919447AF6
:10AC9000FCB4C9445ACCB49AF4B41318F93B24E474
:10ACA000B4E117101A0124519DDB08FCB429DA29FC
:10ACB00004A9701A70446910CB042F907C2C58039F
:10ACC0000C1B40042DB1392C19131A806C291C4B14
:10ACD000803E98413938191C1A901C2DDECAFAA101
:04ACE0001C290881A2
:04000005080002CD20
:00000001FF
